date,recession,fold,best_naive,tda_only,tda_plus_all
1975-01-02,True,1,0.6028474946410727,0.5864967332839579,0.5776952369505931
1975-01-03,True,1,0.596636693319191,0.585320062190209,0.5705372530042881
1975-01-06,True,1,0.5968258006366497,0.5792933975907754,0.5765141278656847
1975-01-07,True,1,0.6048937796967013,0.6188330880610101,0.6016421805566411
1975-01-08,True,1,0.6189580925015986,0.5771467837793182,0.6034722636509384
1975-01-09,True,1,0.6208106161012817,0.5730202250687867,0.6068697709384264
1975-01-10,True,1,0.5896151675194499,0.5801328047417448,0.574571834134231
1975-01-13,True,1,0.5728438949180471,0.5302935631946876,0.5420762290670225
1975-01-14,True,1,0.585207935837243,0.5239551942273176,0.5524700276863518
1975-01-15,True,1,0.5848835354351782,0.536532165717592,0.5565028153018757
1975-01-16,True,1,0.5914315842049619,0.49335538986139504,0.5492074641125573
1975-01-17,True,1,0.603047876938156,0.475442285168359,0.5541593344222139
1975-01-20,True,1,0.5748614115404022,0.4684132781355584,0.5252752964703897
1975-01-21,True,1,0.5649356886178547,0.47900417510254134,0.5200229846778954
1975-01-22,True,1,0.5594181210001189,0.46041019090029567,0.5081825045774118
1975-01-23,True,1,0.5517394556742398,0.4724520667162131,0.5033595048815004
1975-01-24,True,1,0.5527739149900797,0.5525805781020521,0.5335270826996797
1975-01-27,True,1,0.5544961634236569,0.5742932896265706,0.536018120146043
1975-01-28,True,1,0.5478476129955716,0.5234696114346226,0.5117344546975178
1975-01-29,True,1,0.5356895737587853,0.5700997009505454,0.5150748243303133
1975-01-30,True,1,0.5363217341388095,0.5705103452080765,0.5162979826824716
1975-01-31,True,1,0.5399862892670497,0.5741105668227574,0.5230758224463902
1975-02-03,True,1,0.5324842260016615,0.5695088192859475,0.5118045458468461
1975-02-04,True,1,0.5445143373826326,0.5725994264562443,0.5257464183793742
1975-02-05,True,1,0.5331424837979587,0.5757683173106855,0.5126402610802471
1975-02-06,True,1,0.5338440864816455,0.5701039243430502,0.5114311922842039
1975-02-07,True,1,0.50858636065853,0.5278700010666193,0.47385423651341846
1975-02-10,True,1,0.5085302334302577,0.5247567604328093,0.47244894288367356
1975-02-11,True,1,0.5065485464383751,0.48452046735128246,0.45674683707602537
1975-02-12,True,1,0.47957419658757877,0.525183564816544,0.4433232311681531
1975-02-13,True,1,0.40181832730899897,0.5549371614890727,0.38721647017720595
1975-02-14,True,1,0.3769049415488753,0.4929994931237754,0.34525636528705156
1975-02-18,True,1,0.37911957993593115,0.5019220910341874,0.3498077477472894
1975-02-19,True,1,0.3803101108373176,0.5351562607124708,0.3594669206727709
1975-02-20,True,1,0.3808048693736337,0.5510485159930977,0.36518606528376
1975-02-21,True,1,0.37584457036867924,0.5027660143269105,0.34560392152330177
1975-02-24,True,1,0.39744828864519954,0.4934213862207106,0.3623796540460941
1975-02-25,True,1,0.4393695337937209,0.5002623715830301,0.4000685369870208
1975-02-26,True,1,0.429411251077153,0.49872775193825364,0.389656685358899
1975-02-27,True,1,0.3810299562007746,0.5429651015861346,0.3628597934917587
1975-02-28,True,1,0.3534361959596695,0.5293722614710603,0.33392532886173854
1975-03-03,False,1,0.3433348301763494,0.5461620048971152,0.3271934255146803
1975-03-04,False,1,0.30858053507755706,0.45538839016066146,0.27215546095577575
1975-03-05,False,1,0.28896296595562554,0.4484164968655176,0.2551702814207465
1975-03-06,False,1,0.28064663736446954,0.4673596692547696,0.25104710529699875
1975-03-07,False,1,0.2840230187451059,0.5017112560453497,0.2649966953160273
1975-03-10,False,1,0.2805745414876081,0.5352462179759754,0.27032697384026594
1975-03-11,False,1,0.27807770422504907,0.5189266072085955,0.26409590173974035
1975-03-12,False,1,0.27855440918603164,0.519716231285218,0.2641946156779469
1975-03-13,False,1,0.2675155970958977,0.5146535573265028,0.25336898570694
1975-03-14,False,1,0.26416454916406795,0.5055091003230645,0.24648745614819137
1975-03-17,False,1,0.2584158030427127,0.505522405031366,0.24006684589533744
1975-03-18,False,1,0.26623324927956143,0.5150620568360367,0.2490857478079656
1975-03-19,False,1,0.26193400617519036,0.5582179057778515,0.25654364402076946
1975-03-20,False,1,0.25109887828152366,0.49500065943391564,0.23215666405965862
1975-03-21,False,1,0.26100709235523745,0.5422341356138519,0.2535508931498782
1975-03-24,False,1,0.30031838290552304,0.5087904482725671,0.2767160667622696
1975-03-25,False,1,0.2920142711384278,0.5082329729227694,0.2691824320228128
1975-03-26,False,1,0.2784992862074347,0.506940627203963,0.2539146331840959
1975-03-27,False,1,0.284806255324512,0.5536916436216629,0.27519246631858024
1975-03-31,False,1,0.2992008491197915,0.5520320776083378,0.29159892706710794
1975-04-01,False,1,0.31679688962817276,0.5566366249345204,0.30814891832921903
1975-04-02,False,1,0.3278319090019115,0.4835901063533539,0.2969590463495941
1975-04-03,False,1,0.34029378437122243,0.47463510961681626,0.3050634757997512
1975-04-04,False,1,0.3409270535518274,0.5645049464572647,0.3315760189285856
1975-04-07,False,1,0.3590502467115763,0.5259401202875625,0.3359609440310337
1975-04-08,False,1,0.3656197755866544,0.4327061470113858,0.31824327835134203
1975-04-09,False,1,0.35779115225108543,0.4722598547470826,0.319504474409418
1975-04-10,False,1,0.34210364992626846,0.5105272356364849,0.31545227672845744
1975-04-11,False,1,0.34363216463389973,0.5206344517655587,0.31932564476034186
1975-04-14,False,1,0.33757044481314524,0.5672761352470856,0.32634370403103996
1975-04-15,False,1,0.31619181329208834,0.5604654573747466,0.30502456673638895
1975-04-16,False,1,0.31174160908826176,0.5092959866233785,0.2865847395279708
1975-04-17,False,1,0.30076805401728013,0.4848944490487537,0.2696439499602354
1975-04-18,False,1,0.314254245857009,0.46501589676267613,0.27543709291596974
1975-04-21,False,1,0.3118692975433524,0.48692009374434125,0.27831845279457157
1975-04-22,False,1,0.3258370206509439,0.48918225611796035,0.29246015844926815
1975-04-23,False,1,0.3479421809820478,0.5557517887681301,0.3400812690222566
1975-04-24,False,1,0.35452644239132247,0.5588306431203919,0.34734667102002403
1975-04-25,False,1,0.35663419805015095,0.5710964753401888,0.3524780515313092
1975-04-28,False,1,0.3472797171075033,0.5724654915281753,0.3442580897103958
1975-04-29,False,1,0.36604095365250644,0.577071950352172,0.3634724449461551
1975-04-30,False,1,0.3658858234716243,0.5218070920732439,0.3459804436713574
1975-05-01,False,1,0.3540547999901912,0.5116951881857361,0.33063223114268026
1975-05-02,False,1,0.3559140785637676,0.49978113600062607,0.33056929388102496
1975-05-05,False,1,0.3534796429068885,0.5030342331188272,0.32880738278075733
1975-05-06,False,1,0.3687544676576889,0.544352758826911,0.3546534834330319
1975-05-07,False,1,0.36181377693107103,0.543857649147593,0.3478104030464574
1975-05-08,False,1,0.355344373895051,0.5469788853532692,0.3419378770625979
1975-05-09,False,1,0.35627039574030717,0.543033190405534,0.34177743004272215
1975-05-12,False,1,0.36428017125366985,0.5439350919891894,0.35089128370428574
1975-05-13,False,1,0.3636894336285412,0.5584828981774942,0.3547807505780461
1975-05-14,False,1,0.35264209855251166,0.5657836881386414,0.34575334027321103
1975-05-15,False,1,0.36279911365785666,0.5062049934968812,0.3372416017314911
1975-05-16,False,1,0.378415792729481,0.5097199804281187,0.35281446366397373
1975-05-19,False,1,0.3779914122549353,0.45711414984750837,0.335465937916204
1975-05-20,False,1,0.36506413705678586,0.4493494695307232,0.3223048456868219
1975-05-21,False,1,0.34216652637489353,0.4370641727152353,0.301557807195098
1975-05-22,False,1,0.3447577424978519,0.403991423073422,0.2945063943489443
1975-05-23,False,1,0.34343426448224257,0.41113644920722264,0.29394446973526117
1975-05-27,False,1,0.3501041844486771,0.3831768369928783,0.2919576872549376
1975-05-28,False,1,0.3652325083305343,0.40337483932066936,0.3147265710498095
1975-05-29,False,1,0.37390747680518255,0.4690647153630533,0.342790756441949
1975-05-30,False,1,0.3611778539268886,0.40758461372107274,0.30990161760063656
1975-06-02,False,1,0.36068328210597933,0.4103208212690337,0.3088584224827939
1975-06-03,False,1,0.36533004181129025,0.42194912980815596,0.31738830503000376
1975-06-04,False,1,0.3745492856163033,0.45211505051582523,0.3356885094034818
1975-06-05,False,1,0.3717603441350088,0.4397193793305443,0.3283319456625027
1975-06-06,False,1,0.36339017279053304,0.4378478170753728,0.32084775849314684
1975-06-09,False,1,0.3817911470306001,0.4055391501218095,0.32545281227029293
1975-06-10,False,1,0.4020622002278498,0.4020229613411298,0.34403652752581554
1975-06-11,False,1,0.41015021238398663,0.36371906640989915,0.3409251659618855
1975-06-12,False,1,0.40456287171512306,0.3647772881521548,0.3367066244683
1975-06-13,False,1,0.3916477348353741,0.37565713467336315,0.3290703701302001
1975-06-16,False,1,0.3799660240244161,0.41823552507581524,0.33066779678123787
1975-06-17,False,1,0.38758900767711896,0.4037257822524159,0.3321669090887098
1975-06-18,False,1,0.3502396612034929,0.4323469820722,0.3143331481057012
1975-06-19,False,1,0.3464562289513893,0.4296321579956224,0.30696114264823704
1975-06-20,False,1,0.3477617052430055,0.39999417569297074,0.30408512559912043
1975-06-23,False,1,0.3453391075191406,0.4231419608761168,0.30721499278141823
1975-06-24,False,1,0.33628383236991094,0.39448953183419755,0.290066421080288
1975-06-25,False,1,0.32123655345822005,0.4607995902841343,0.2966464828757636
1975-06-26,False,1,0.31688167370684106,0.4424627087092804,0.2880478966553489
1975-06-27,False,1,0.3052564802946989,0.38950419016963295,0.26349108704858765
1975-06-30,False,1,0.2940885597236634,0.4177712597137403,0.2602587293924765
1975-07-01,False,1,0.2899329525439231,0.3780277647249152,0.2465717559020226
1975-07-02,False,1,0.303694814715802,0.4047379469606481,0.26473677186820077
1975-07-03,False,1,0.30764900155363256,0.3897380564249751,0.267465338788004
1975-07-07,False,1,0.3220563160954426,0.4783750259341437,0.30616642746382344
1975-07-08,False,1,0.32897108320248897,0.4939834849843848,0.31753468219593245
1975-07-09,False,1,0.32879514356571243,0.49251646221598805,0.31508786130245914
1975-07-10,False,1,0.3291088128750858,0.4523818085649305,0.30399975369187787
1975-07-11,False,1,0.331541809758899,0.43756098984254677,0.302140648551878
1975-07-14,False,1,0.3324590027285037,0.47230584417206295,0.3122173161466597
1975-07-15,False,1,0.3220815274985074,0.4770865060548363,0.3043695130670616
1975-07-16,False,1,0.34161886483254045,0.4960270479511558,0.3305820790772263
1975-07-17,False,1,0.3472122577496008,0.5055305459038532,0.3382590641242589
1975-07-18,False,1,0.33369955177795535,0.5067707628479343,0.32771516721563304
1975-07-21,False,1,0.3433309268064482,0.5434088002161737,0.34582242693370646
1975-07-22,False,1,0.36577632920407116,0.48786559908016924,0.3481395300678289
1975-07-23,False,1,0.3849545712509504,0.5049638646314432,0.3686840474524125
1975-07-24,False,1,0.38298057022144627,0.39486149679639115,0.3330913925302469
1975-07-25,False,1,0.3999749899132246,0.4358329810614696,0.36273575329313484
1975-07-28,False,1,0.41393236526258953,0.46787005500251627,0.38573433871133983
1975-07-29,False,1,0.4289763257345584,0.49005231678681677,0.40862655295887707
1975-07-30,False,1,0.4290985861810607,0.4830601641119191,0.40565791072455515
1975-07-31,False,1,0.4114853030209259,0.37614761905777605,0.3547288758325068
1975-08-01,False,1,0.4317032518956694,0.3681136693084847,0.3684022476404466
1975-08-04,False,1,0.4509133270927893,0.4606406303025197,0.4168878952309
1975-08-05,False,1,0.4737928789786142,0.40345966056123217,0.42146547088863445
1975-08-06,False,1,0.4757462827041759,0.4577412209220446,0.44207974799320987
1975-08-07,False,1,0.48180541492236817,0.4998226040746328,0.4623630446978571
1975-08-08,False,1,0.4924942835747798,0.4597119414373888,0.46078940798190515
1975-08-11,False,1,0.48518706177964616,0.43387470038090775,0.44401640338483
1975-08-12,False,1,0.47192535461235097,0.47708611185043326,0.4443786102373448
1975-08-13,False,1,0.4925198412577043,0.4670850225280083,0.45911505441536243
1975-08-14,False,1,0.5009374226703402,0.5627232157086345,0.499198544426059
1975-08-15,False,1,0.48241559060095435,0.4184804771265494,0.43268075734939015
1975-08-18,False,1,0.48891341692889223,0.4273199293903106,0.44259942939658226
1975-08-19,False,1,0.5204364775390706,0.4943243816276653,0.4952878235896493
1975-08-20,False,1,0.5482512254915537,0.5032756310625998,0.5218678902730303
1975-08-21,False,1,0.5436317418057489,0.49482425692337145,0.5145441732153716
1975-08-22,False,1,0.5359827110424296,0.45328401481739705,0.4880875751987429
1975-08-25,False,1,0.5366280587743055,0.4463338663451512,0.48851904754451936
1975-08-26,False,1,0.5557638111645987,0.44798030729094646,0.5105315766049755
1975-08-27,False,1,0.5547662130603095,0.4742263618426529,0.5169526806884427
1975-08-28,False,1,0.5498274934360641,0.4487767053665441,0.493743891230663
1975-08-29,False,1,0.5455905940573696,0.4865159281306387,0.502093512647995
1975-09-02,False,1,0.56819559337351,0.4992304918384964,0.5260674899767124
1975-09-03,False,1,0.5495129917350869,0.5252377032774789,0.5161194799407819
1975-09-04,False,1,0.5365441879454137,0.48112642918548393,0.488765312726165
1975-09-05,False,1,0.5429449888351399,0.5139606499334751,0.5061313996443882
1975-09-08,False,1,0.5389340960179759,0.49933265808328403,0.4976783757972842
1975-09-09,False,1,0.5582299775165349,0.48593837227936937,0.5115598531009485
1975-09-10,False,1,0.582503429691286,0.4983489799589772,0.5399073486580884
1975-09-11,False,1,0.5764350836970592,0.41351436377070616,0.504858024648208
1975-09-12,False,1,0.5757925788343955,0.44674726877702475,0.5154061316094563
1975-09-15,False,1,0.58883181517583,0.5123771113422185,0.554069349052688
1975-09-16,False,1,0.6035660184462137,0.4708535874665291,0.5564227061643481
1975-09-17,False,1,0.6086727006237813,0.430443317150063,0.550683108285095
1975-09-18,False,1,0.6080389291422488,0.4890690909441619,0.5665857107964443
1975-09-19,False,1,0.6084425675591015,0.49708916743735315,0.5611437325504416
1975-09-22,False,1,0.6176844132755096,0.4989839994689295,0.5713905094240034
1975-09-23,False,1,0.6208479351483478,0.4849228255255391,0.5707097791451683
1975-09-24,False,1,0.6198972050225965,0.49506902703900135,0.5717300274843563
1975-09-25,False,1,0.6174546231881107,0.4505825339663666,0.5548317583434189
1975-09-26,False,1,0.6057717200065321,0.42578969837340913,0.5344316481695632
1975-09-29,False,1,0.6196455453776702,0.4721384544690527,0.5648116717387329
1975-09-30,False,1,0.634442747695373,0.5449060020317551,0.6018838158893217
1975-10-01,False,1,0.6454099769797432,0.4992334715834564,0.5981428063552755
1975-10-02,False,1,0.6462935362019765,0.49875683689820793,0.6020487967325963
1975-10-03,False,1,0.6455868086371135,0.510173119024758,0.5993739176547875
1975-10-06,False,1,0.6415389408087875,0.4688899564827424,0.5785310725761098
1975-10-07,False,1,0.6477015050817406,0.4725025850054157,0.5873640629352805
1975-10-08,False,1,0.6448099728660573,0.5180081738838036,0.5981678998176299
1975-10-09,False,1,0.6336920841128156,0.46484690582664123,0.5689211693651312
1975-10-10,False,1,0.6271349442079276,0.467372174298156,0.5645570956870863
1975-10-13,False,1,0.6197280506184335,0.47684375951843094,0.5583063774287376
1975-10-14,False,1,0.6121736877927271,0.5200091687865632,0.5662232476725594
1975-10-15,False,1,0.6003824742272976,0.5201704662090588,0.5554422607412192
1975-10-16,False,1,0.5789325788437057,0.5797685143712482,0.5545306356438615
1975-10-17,False,1,0.577271079455423,0.5710509908531434,0.5503350787139374
1975-10-20,False,1,0.5638013768607563,0.5668265294807515,0.5348329151551431
1975-10-21,False,1,0.5505845190451011,0.5307807889897753,0.5079920102964892
1975-10-22,False,1,0.5421309037128862,0.5698656631821621,0.5128244976711737
1975-10-23,False,1,0.5424699696253279,0.5423636357432385,0.503643350167395
1975-10-24,False,1,0.5547171331344697,0.5058018199090227,0.5037992799777237
1975-10-27,False,1,0.540492163881484,0.5399515781709434,0.5024419432757915
1975-10-28,False,1,0.5230735872465835,0.5361542419743959,0.484043702062618
1975-10-29,False,1,0.5251599258354058,0.5392649425621436,0.4864805549134118
1975-10-30,False,1,0.5263259066451798,0.5274269104669452,0.4831518129212432
1975-10-31,False,1,0.5268846147819498,0.5300511274121318,0.48451371376642144
1975-11-03,False,1,0.5326751126899812,0.5153289052866986,0.484492165490635
1975-11-04,False,1,0.5303573813566437,0.5208222340362337,0.4833681606443584
1975-11-05,False,1,0.5292633819547795,0.47436489457555703,0.4669118538882101
1975-11-06,False,1,0.5084088941120403,0.5191251213506415,0.46331514635407794
1975-11-07,False,1,0.5006551579242662,0.5063083745778035,0.4522802882833557
1975-11-10,False,1,0.5089932498394215,0.4886438549947241,0.4553968199575103
1975-11-11,False,1,0.5016812171845884,0.48242605701359653,0.44559424455821256
1975-11-12,False,1,0.46809430333046104,0.5089700535941638,0.42313285827076763
1975-11-13,False,1,0.43789243612479145,0.5136126505709678,0.39898692509474787
1975-11-14,False,1,0.4384301072263909,0.45753458677738995,0.38062139922562943
1975-11-17,False,1,0.44396136206271464,0.47103105230992043,0.39284962736387885
1975-11-18,False,1,0.4575390713869718,0.45592037212611297,0.4018249144277491
1975-11-19,False,1,0.4561013222553431,0.4533060429982412,0.40000227203619987
1975-11-20,False,1,0.4619941378914128,0.43823036571711954,0.4013382543771307
1975-11-21,False,1,0.4681404063664653,0.4578979211779577,0.42041615278463196
1975-11-24,False,1,0.47083965581705284,0.4670123860120942,0.4259582912972677
1975-11-25,False,1,0.43973389040772864,0.4632563588287695,0.3970338546752101
1975-11-26,False,1,0.44056160039347314,0.4679458234605391,0.3991128129850677
1975-11-28,False,1,0.4405523364367031,0.47411132994073124,0.40085195129471674
1975-12-01,False,1,0.4405839632674726,0.46979429171166426,0.39939645369520815
1975-12-02,False,1,0.4654459748665625,0.4648554603526029,0.41727073780284696
1975-12-03,False,1,0.48126903034591695,0.4717208419308902,0.43095426820134664
1975-12-04,False,1,0.4583075994741068,0.5346924668314175,0.4321452721627033
1975-12-05,False,1,0.4679771789488706,0.5333688875052721,0.44012225660045734
1975-12-08,False,1,0.4683258039996437,0.5364720631323064,0.4419184388254411
1975-12-09,False,1,0.46015967183695894,0.5379853593967604,0.43486232892368426
1975-12-10,False,1,0.4419467062432534,0.5348521138860364,0.4158648053326892
1975-12-11,False,1,0.44318266440560516,0.4784473893354057,0.3986188419499093
1975-12-12,False,1,0.45189937060884866,0.4705228926300874,0.4078253527354462
1975-12-15,False,1,0.4556615966832818,0.5086390649459166,0.4330103935097382
1975-12-16,False,1,0.4410770000818871,0.48223564216005443,0.40823520081592735
1975-12-17,False,1,0.4354385911193461,0.4796183032220242,0.40088104421705545
1975-12-18,False,1,0.43874060113925295,0.44270184862152495,0.39326193778603913
1975-12-19,False,1,0.4422642997872867,0.4867310192483828,0.40985423726518544
1975-12-22,False,1,0.45614952864550007,0.4037349862983431,0.3946407369012435
1975-12-23,False,1,0.4386127736949803,0.4404063554654774,0.39021095043502463
1975-12-24,False,1,0.4067340825062448,0.4442444486351495,0.3638755180393377
1975-12-26,False,1,0.38489263137452995,0.40121753614142835,0.3296051766793253
1975-12-29,False,1,0.39487325828311287,0.45457890301244214,0.3560542156283408
1975-12-30,False,1,0.4039198277276375,0.35116052015911015,0.3385543737180295
1975-12-31,False,1,0.40402675785857695,0.3009863719071909,0.3224531898164511
1976-01-02,False,1,0.3951445488128103,0.3195245897353731,0.319928628814447
1976-01-05,False,1,0.39511754788351905,0.3572720306760562,0.32895071232363754
1976-01-06,False,1,0.39027741214647865,0.4582203702210443,0.3535351895855004
1976-01-07,False,1,0.38414231950032507,0.42377472575501923,0.33601600593148395
1976-01-08,False,1,0.3859851239881419,0.44597537091542283,0.3454975233702153
1976-01-09,False,1,0.3804014627388462,0.4303938458850912,0.3337080265827036
1976-01-12,False,1,0.37158834871002017,0.4408206823015766,0.32438623048770243
1976-01-13,False,1,0.38145940915141213,0.442269658113422,0.33359592670277655
1976-01-14,False,1,0.36705460239798465,0.46095911666105843,0.32185514846828567
1976-01-15,False,1,0.3746269888439875,0.3942839516826971,0.30904699416495607
1976-01-16,False,1,0.37603099172053905,0.4283085543996464,0.3207957719916644
1976-01-19,False,1,0.36944349809855304,0.3963298867232347,0.30442793733278045
1976-01-20,False,1,0.3701197804510911,0.34297576682841235,0.28947456991249754
1976-01-21,False,1,0.36056885590413423,0.3321814902829901,0.27850194246195414
1976-01-22,False,1,0.3585383796371904,0.36330783393691696,0.28690181611108556
1976-01-23,False,1,0.3557990888594894,0.4401019287028027,0.30572253305454256
1976-01-26,False,1,0.33217671552676237,0.42900664852315634,0.28497776377429784
1976-01-27,False,1,0.33385653152601097,0.3548669274940564,0.2657283771232782
1976-01-28,False,1,0.3384934548504454,0.3665063170374768,0.2726943934263441
1976-01-29,False,1,0.3184937536453359,0.3637667316633507,0.25318857679427004
1976-01-30,False,1,0.3161896910586806,0.36063137264737327,0.25092519877588176
1976-02-02,False,1,0.32106980816127256,0.36849633966070894,0.25682934621692255
1976-02-03,False,1,0.31966390785826315,0.5429504059284292,0.3029708350428632
1976-02-04,False,1,0.31151102536896963,0.5608542130788786,0.29911090997135126
1976-02-05,False,1,0.32698636088805766,0.4804314037979601,0.28817740324320373
1976-02-06,False,1,0.3384231850249838,0.5325357806672063,0.31337011688604227
1976-02-09,False,1,0.3413012604925679,0.5268937235241238,0.3157543043269666
1976-02-10,False,1,0.33622605855123255,0.4748073259967964,0.29495316899719654
1976-02-11,False,1,0.3296328129659335,0.5130532918321735,0.29947023643315535
1976-02-12,False,1,0.3330058806426517,0.48071259325693494,0.29355577396775695
1976-02-13,False,1,0.32827329707905545,0.535882934792603,0.30507808073867465
1976-02-17,False,1,0.31800387168079713,0.5638310688722135,0.3054789862455825
1976-02-18,False,1,0.3101090637668905,0.5429322996887719,0.29147763614925803
1976-02-19,False,1,0.302371768245986,0.5610067872152924,0.28664453204266443
1976-02-20,False,1,0.29781414706166714,0.5542269228190293,0.2800978334534244
1976-02-23,False,1,0.3042678472486244,0.5458596573101591,0.2845064731179163
1976-02-24,False,1,0.3035591856339761,0.5472734619322799,0.2847777206973309
1976-02-25,False,1,0.3069376454708566,0.450720269278629,0.26235587961090623
1976-02-26,False,1,0.3222625225935644,0.44048702996383765,0.2709714686765506
1976-02-27,False,1,0.30706609813208086,0.4818776785088844,0.27174546354180246
1976-03-01,False,1,0.2718472048767541,0.4699979139164849,0.24439582127001855
1976-03-02,False,1,0.26727353687059935,0.5302830467435555,0.25465665725776315
1976-03-03,False,1,0.2611877371330652,0.5453168344306686,0.25354838589162815
1976-03-04,False,1,0.27092628459370005,0.4943931672181598,0.24715014725810044
1976-03-05,False,1,0.26946080409296486,0.47829450747451924,0.24176831672153476
1976-03-08,False,1,0.26889587303645046,0.4783451395781767,0.24079304213975264
1976-03-09,False,1,0.2654717191687231,0.43119653348854114,0.22643319139927812
1976-03-10,False,1,0.26334340018875674,0.4247950379623595,0.22348794027895758
1976-03-11,False,1,0.258655071421576,0.44258830235351704,0.22358243873050243
1976-03-12,False,1,0.27575682165066984,0.4664726809283547,0.24374150510961654
1976-03-15,False,1,0.295311645365728,0.5186194402839,0.27293181676636374
1976-03-16,False,1,0.2920357399400532,0.4845647807869896,0.2604893831181158
1976-03-17,False,1,0.28556810729124243,0.4855072960775721,0.25610146113512305
1976-03-18,False,1,0.2814901421320224,0.48941436656918924,0.254389606260072
1976-03-19,False,1,0.28714821913105937,0.4192159918850908,0.24139523127602816
1976-03-22,False,1,0.2932070009136254,0.4076161223444147,0.24407508651590148
1976-03-23,False,1,0.2952063374412101,0.38456273129264973,0.24141241067732355
1976-03-24,False,1,0.2852181978740221,0.3490192600895092,0.22385827583955809
1976-03-25,False,1,0.28644932361029396,0.421500436334168,0.2434318755248836
1976-03-26,False,1,0.2916809073778682,0.46248442438842075,0.2591470741856315
1976-03-29,False,1,0.3028956423227722,0.47951688056322855,0.2737712222193392
1976-03-30,False,1,0.3151887227206009,0.45161479514249797,0.27955940085894965
1976-03-31,False,1,0.3174856282454664,0.5054034857679113,0.298094387282362
1976-04-01,False,1,0.32586186778584647,0.4970890656565165,0.3029249722300136
1976-04-02,False,1,0.3312760524877586,0.4876221143481069,0.30582279898213177
1976-04-05,False,1,0.33013386234357145,0.47229146478238626,0.2996490692218282
1976-04-06,False,1,0.3363385454562613,0.44576924599809775,0.3011242473905479
1976-04-07,False,1,0.3450901906702004,0.4580680407036654,0.3103846704259223
1976-04-08,False,1,0.3673595503525237,0.4344867722891939,0.3269227213905518
1976-04-09,False,1,0.3797355902708788,0.4108336950648558,0.3291086585090952
1976-04-12,False,1,0.38688468597520403,0.39544611878727226,0.3312832673083832
1976-04-13,False,1,0.39005596776307255,0.3942727559860864,0.33485780672554577
1976-04-14,False,1,0.3996453205787676,0.33275537962719254,0.32330954086156977
1976-04-15,False,1,0.39453357134018013,0.3292871346049093,0.3174724500504667
1976-04-19,False,1,0.3890238311374922,0.3611965503539071,0.32099814048120384
1976-04-20,False,1,0.389154835683438,0.409102206272908,0.33467472240625173
1976-04-21,False,1,0.39067456324099825,0.4359647359461845,0.3440031240542508
1976-04-22,False,1,0.38647187168184893,0.5022318064482614,0.3598105292173906
1976-04-23,False,1,0.3879727868357186,0.507547854704358,0.36235204835574064
1976-04-26,False,1,0.3944010852127868,0.5063591329606034,0.37302835228550174
1976-04-27,False,1,0.4062375496400704,0.5139983490064508,0.3858030767836233
1976-04-28,False,1,0.4065340258450645,0.5226495582376175,0.38857582361979515
1976-04-29,False,1,0.4102332639106341,0.5120801974985955,0.38891929942958336
1976-04-30,False,1,0.41905031313704616,0.5227510906854393,0.40226300275805255
1976-05-03,False,1,0.41073637897905024,0.4598091139329018,0.375161348596811
1976-05-04,False,1,0.3994483033778994,0.4413750521418737,0.35810996128808037
1976-05-05,False,1,0.40832430045873147,0.4591264041823349,0.3727564112014317
1976-05-06,False,1,0.410894051159156,0.43000765219011455,0.36745932862106406
1976-05-07,False,1,0.41112778318985593,0.3871507640914216,0.35354269176990144
1976-05-10,False,1,0.4048766774272453,0.39228767727276664,0.34594441557061567
1976-05-11,False,1,0.40181716724191824,0.4183387978272646,0.351194617417932
1976-05-12,False,1,0.40089020689436045,0.43286563642765546,0.3543404991347506
1976-05-13,False,1,0.4101380123316187,0.4118674547316463,0.357001737851157
1976-05-14,False,1,0.42356905535830114,0.4412647189404511,0.38313471849620473
1976-05-17,False,1,0.43259062995624226,0.44106801350871905,0.3932345606007317
1976-05-18,False,1,0.4313783012895828,0.4023973515829248,0.37859231889966005
1976-05-19,False,1,0.43538704276653883,0.4355327829497323,0.3924480206799934
1976-05-20,False,1,0.431655565737202,0.43120101527189314,0.38615617901224375
1976-05-21,False,1,0.41307398674523477,0.4356105144707969,0.37329681897103434
1976-05-24,False,1,0.43208236371347863,0.5681828441361437,0.4297028978359229
1976-05-25,False,1,0.4377781633567791,0.5816765600962476,0.440319418115848
1976-05-26,False,1,0.4423567096086319,0.5656572242920547,0.4419158345021239
1976-05-27,False,1,0.4403936145823712,0.5757241781418619,0.4443933007300782
1976-05-28,False,1,0.4239773901022798,0.5689394920179776,0.4268852743464134
1976-06-01,False,1,0.4272773769732759,0.534715022107323,0.4185114367851089
1976-06-02,False,1,0.43086722057431387,0.5639078654542289,0.4348987019775646
1976-06-03,False,1,0.43429385699535666,0.5543655917952405,0.43462998918683765
1976-06-04,False,1,0.4485664193709684,0.5190222493580693,0.43454202266038544
1976-06-07,False,1,0.45963850427571856,0.3832947803417381,0.4001507789639888
1976-06-08,False,1,0.4470093917306682,0.4185910166220103,0.40061968148508104
1976-06-09,False,1,0.4298491140208791,0.4562708775452342,0.3993201555572536
1976-06-10,False,1,0.43022983614464205,0.5284299690545329,0.4246798987112377
1976-06-11,False,1,0.4269811269604319,0.5321391250763989,0.4187922064341207
1976-06-14,False,1,0.41652084466002987,0.5431692402370042,0.4077416090044156
1976-06-15,False,1,0.4178856389448876,0.4958578843789731,0.3944644175178611
1976-06-16,False,1,0.41405192078597214,0.47214448997543446,0.3825477734416168
1976-06-17,False,1,0.4131361641402692,0.5239219474387123,0.39321602582953874
1976-06-18,False,1,0.41593690948238693,0.4824199497438436,0.38335597530470283
1976-06-21,False,1,0.40950967499784635,0.515174480138466,0.388551890120363
1976-06-22,False,1,0.41741086944832145,0.514688137919127,0.39573493435557056
1976-06-23,False,1,0.41496364515420436,0.5615846901037053,0.409036579315933
1976-06-24,False,1,0.4057929146070437,0.5735902624761865,0.40282898880174356
1976-06-25,False,1,0.4097443803177331,0.5768966644783243,0.40865976836503676
1976-06-28,False,1,0.4081917327235841,0.5760156728620907,0.407614966692589
1976-06-29,False,1,0.40526114983250233,0.5714169324282897,0.4026271058942171
1976-06-30,False,1,0.4066778505074055,0.5778190041934453,0.40920728841007886
1976-07-01,False,1,0.4142265116087752,0.5390164465649825,0.4048649504224772
1976-07-02,False,1,0.3943403981130144,0.5711919785199732,0.3989390194472958
1976-07-06,False,1,0.3827927492940714,0.5577958376847119,0.38580308115210116
1976-07-07,False,1,0.36538905186163906,0.535241906929263,0.3647351243911094
1976-07-08,False,1,0.36019637868267645,0.5379493345827252,0.3605956043469834
1976-07-09,False,1,0.35865065946959684,0.5357285904839335,0.3569323211582689
1976-07-12,False,1,0.3480345791072223,0.5401542811862003,0.3465826819668631
1976-07-13,False,1,0.3514425887693016,0.5364559785217083,0.34877105839327394
1976-07-14,False,1,0.35404506324867696,0.4969866811079832,0.3407658297504712
1976-07-15,False,1,0.3642958407346522,0.46963759087490636,0.348464256636035
1976-07-16,False,1,0.37268073474959124,0.4627381304722855,0.3537304937979355
1976-07-19,False,1,0.37801676119255323,0.4499970386195238,0.35482645402443946
1976-07-20,False,1,0.3790831447471556,0.4538928213639386,0.35715566643627633
1976-07-21,False,1,0.3784821106063088,0.44549367968221726,0.3534709476928217
1976-07-22,False,1,0.3725937354473155,0.38418225922698446,0.33006665707462457
1976-07-23,False,1,0.37305876679673977,0.42169864306667487,0.3421540905331081
1976-07-26,False,1,0.3747121769687133,0.4059823840204876,0.3385021194134514
1976-07-27,False,1,0.37712567101631334,0.40433168555824467,0.33991946904435233
1976-07-28,False,1,0.3704308118364444,0.4438342426120972,0.3472850174682001
1976-07-29,False,1,0.3751664257256153,0.4497516029484606,0.35404228781993546
1976-07-30,False,1,0.3685384456696405,0.550455349658282,0.37902694460771574
1976-08-02,False,1,0.3731393302230205,0.5534351763617159,0.38472788197953517
1976-08-03,False,1,0.3727986595192085,0.5227125577359596,0.37486008543389876
1976-08-04,False,1,0.3759129521912813,0.5652885176033525,0.39595134734696236
1976-08-05,False,1,0.3808010939953132,0.5636503244820787,0.39907821680942035
1976-08-06,False,1,0.38099035577435925,0.560102224125015,0.3979906361306239
1976-08-09,False,1,0.3813610402230905,0.5601057858413968,0.39823182534621526
1976-08-10,False,1,0.368624985375139,0.5692729992043947,0.3880036915945425
1976-08-11,False,1,0.36648274141317244,0.5310949534098539,0.37383819061184076
1976-08-12,False,1,0.3666061389952154,0.5696964165326559,0.38633324952700326
1976-08-13,False,1,0.36568977158317373,0.5518685032686091,0.37948070765112624
1976-08-16,False,1,0.3674919221105526,0.5313170430389003,0.3744550070382692
1976-08-17,False,1,0.360774183005973,0.5130719834867689,0.362339386217392
1976-08-18,False,1,0.3328711794850278,0.4062452366348735,0.31348855359724925
1976-08-19,False,1,0.3485522020248946,0.48681308307880444,0.34577970435453026
1976-08-20,False,1,0.3624270960980345,0.51268128250998,0.36457623101794456
1976-08-23,False,1,0.3662593563119394,0.47539288956592074,0.3553503715866109
1976-08-24,False,1,0.379195849101465,0.45634316358865845,0.3622326463261561
1976-08-25,False,1,0.37341080406094007,0.5306243360499179,0.378588278764523
1976-08-26,False,1,0.3792260441316358,0.5002476866428299,0.3739582969076258
1976-08-27,False,1,0.3776468125653819,0.4183909153214759,0.34667546486650713
1976-08-30,False,1,0.36087757083134925,0.4982431151167394,0.35747718464487943
1976-08-31,False,1,0.349429683168778,0.42797010541963987,0.3246398186917295
1976-09-01,False,1,0.3465241720771475,0.5622398233421739,0.3599796673860734
1976-09-02,False,1,0.3475422378528378,0.5464115485694192,0.3556918665908744
1976-09-03,False,1,0.3486035166510366,0.48900985406735087,0.33954153698139306
1976-09-07,False,1,0.3490953027861577,0.4749289591631636,0.3373934615186766
1976-09-08,False,1,0.35443618924030373,0.446809816709989,0.3386240960370921
1976-09-09,False,1,0.35781876712168464,0.508997293979206,0.3593115766374681
1976-09-10,False,1,0.35946873388156014,0.44165892022027076,0.3408202426680668
1976-09-13,False,1,0.36489432683853107,0.506404887605935,0.3738872960613251
1976-09-14,False,1,0.3703858282498582,0.5015107556823035,0.37746824283411007
1976-09-15,False,1,0.36917099096023376,0.4967768257535958,0.37375310685686425
1976-09-16,False,1,0.35934220707309394,0.4566706862470481,0.3496849649763878
1976-09-17,False,1,0.35327969369589446,0.5041619691450043,0.3541244040491065
1976-09-20,False,1,0.3556556636007093,0.46857251260902716,0.3478073905933534
1976-09-21,False,1,0.35250006024949826,0.44956934252111214,0.3334597594372386
1976-09-22,False,1,0.3508787943487023,0.4415207783640073,0.33029326138983495
1976-09-23,False,1,0.3587423378904782,0.4145937082035091,0.32889640127196695
1976-09-24,False,1,0.3629833349708382,0.3584598321169176,0.3155778878306766
1976-09-27,False,1,0.35412687217297284,0.40783527783647705,0.32194929626973345
1976-09-28,False,1,0.3704947046372729,0.47609907277153485,0.3561969078118634
1976-09-29,False,1,0.37248968707998165,0.4714770232918019,0.3561523903319809
1976-09-30,False,1,0.3777258812599782,0.528042710065228,0.37969823712783757
1976-10-01,False,1,0.3927670880643903,0.550078914211013,0.39910207915125
1976-10-04,False,1,0.3976673821158791,0.450154944127572,0.3745356407664337
1976-10-05,False,1,0.41056895962946294,0.49475121337442746,0.4030473245594479
1976-10-06,False,1,0.41599157125058256,0.5413757453889291,0.4231921992017855
1976-10-07,False,1,0.4148820044892258,0.457356453963039,0.3929438230634508
1976-10-08,False,1,0.4176531705242424,0.47777207145880535,0.4013603451076731
1976-10-11,False,1,0.4268231300326487,0.5089887320006372,0.41799041536971393
1976-10-12,False,1,0.42996846209046385,0.5103565355022096,0.42077404400923946
1976-10-13,False,1,0.41689148447886953,0.5341696484527408,0.41232470011366407
1976-10-14,False,1,0.43130657836946457,0.49568903931936037,0.4119046141780387
1976-10-15,False,1,0.42899837810310093,0.5343704573352166,0.42179110237587847
1976-10-18,False,1,0.4262949632894152,0.5077417991152152,0.40906301676954476
1976-10-19,False,1,0.4256592414566574,0.49420558066031967,0.40453229413049574
1976-10-20,False,1,0.4190070893687334,0.5006039396632849,0.40069614258884434
1976-10-21,False,1,0.42234432950647954,0.49125537465091235,0.4014108570901243
1976-10-22,False,1,0.429923004691784,0.4812518389789242,0.40451365732309713
1976-10-25,False,1,0.43076243569098116,0.4920562721158434,0.4090256715215749
1976-10-26,False,1,0.4247799049604561,0.5309980531849533,0.4133438047245359
1976-10-27,False,1,0.42551191492992885,0.4917993176743483,0.40066479880442446
1976-10-28,False,1,0.42807780452690886,0.4914202864789864,0.4027376451173703
1976-10-29,False,1,0.4197941577718481,0.4353693941902543,0.3737878574317551
1976-11-01,False,1,0.41688361617032915,0.43225432086291243,0.3698662375044851
1976-11-03,False,1,0.4234717951612131,0.4778268416817804,0.3904025364974008
1976-11-04,False,1,0.42292906867130703,0.49329643890146424,0.3950690228275138
1976-11-05,False,1,0.432340456546527,0.483592817513915,0.4016663981887945
1976-11-08,False,1,0.4441443995056673,0.4351472855335031,0.3958475238026977
1976-11-09,False,1,0.4480679336386829,0.3853444684242289,0.3829449555824062
1976-11-10,False,1,0.45365757414117097,0.3969785033921194,0.3919315834495611
1976-11-11,False,1,0.45200708910204823,0.40035087223907084,0.39122442771357907
1976-11-12,False,1,0.45046428943051325,0.4091005839411431,0.39269655041585494
1976-11-15,False,1,0.43010421568390184,0.4076064600741716,0.3757373580814724
1976-11-16,False,1,0.41427335885840094,0.37619276600482693,0.3517495021149441
1976-11-17,False,1,0.40358449785119027,0.4941058719655055,0.3795600867852891
1976-11-18,False,1,0.3898389682962584,0.4919610565348134,0.3625030104028386
1976-11-19,False,1,0.392343327240517,0.44521101635689386,0.3519762136578967
1976-11-22,False,1,0.3836716589118578,0.455544114378483,0.34616861166469254
1976-11-23,False,1,0.38833574405765237,0.45315611559052177,0.34935891578237627
1976-11-24,False,1,0.38784153371768665,0.4411004444477982,0.34548869251175235
1976-11-26,False,1,0.38852281481576056,0.49340975249068497,0.3630073578557856
1976-11-29,False,1,0.39838621431898263,0.4818954688360374,0.3706809542886038
1976-11-30,False,1,0.40093401878418156,0.45422557673463043,0.3642269403714959
1976-12-01,False,1,0.40117597967547564,0.4173702025765265,0.35333782613050535
1976-12-02,False,1,0.4060664729354066,0.4592331825160692,0.3730412818611045
1976-12-03,False,1,0.401359351972084,0.47403715882262987,0.37303254631104027
1976-12-06,False,1,0.39099745985400214,0.4436885824574474,0.35200203508200806
1976-12-07,False,1,0.3924109603020461,0.37628550444212605,0.33317222176142725
1976-12-08,False,1,0.38505389091646053,0.43980738009718323,0.34561847584861644
1976-12-09,False,1,0.37719614511711447,0.39214090295546566,0.32316620215941594
1976-12-10,False,1,0.37705548602905614,0.4029204019685931,0.32648089362571814
1976-12-13,False,1,0.381243905386985,0.4642310516531862,0.3500238474617734
1976-12-14,False,1,0.3833885600777553,0.4945860697670244,0.36372350921078644
1976-12-15,False,1,0.38283441891281506,0.3823789103732151,0.32795176388086467
1976-12-16,False,1,0.3898279307081929,0.36386902148680855,0.33176127681227735
1976-12-17,False,1,0.39314702179401856,0.3973697473815162,0.344662499107648
1976-12-20,False,1,0.3951902956382418,0.3750882306988243,0.3390610585699287
1976-12-21,False,1,0.3913569492251101,0.34305536269354875,0.3252404929496668
1976-12-22,False,1,0.3899679469423419,0.3611366177613461,0.3291716721663947
1976-12-23,False,1,0.3772541191002583,0.31637792909091045,0.30512120786358093
1976-12-27,False,1,0.36604200107769963,0.2647048990285075,0.27671104208138886
1976-12-28,False,1,0.3587219793334532,0.28825788268848335,0.2775116077842071
1976-12-29,False,1,0.34795567746136064,0.3113593932115998,0.2775549687290173
1976-12-30,False,1,0.3424800777071671,0.3173203758057473,0.27357322295571734
1976-12-31,False,1,0.328917135281199,0.31732345820350577,0.2624484962319046
1977-01-03,False,1,0.32341922289813824,0.3212952184045763,0.26017077860002324
1977-01-04,False,1,0.3378086397697533,0.38204622074542316,0.28947030925716727
1977-01-05,False,1,0.33640937032978047,0.3464326805709667,0.278094027928407
1977-01-06,False,1,0.3189688310858839,0.3176915537508046,0.2571486365341914
1977-01-07,False,1,0.308824746040549,0.3407548093055779,0.2561252324950493
1977-01-10,False,1,0.3132717274328159,0.29093389131735514,0.24786128460906914
1977-01-11,False,1,0.31110512930151296,0.3047079938728522,0.2506739229710478
1977-01-12,False,1,0.32269730313338674,0.3087067070329125,0.2600236322871141
1977-01-13,False,1,0.32213781317545653,0.4003169426459699,0.2850140331174027
1977-01-14,False,1,0.32134567474978526,0.3924573353224258,0.28178192330080387
1977-01-17,False,1,0.3248405365562786,0.45978680054406135,0.30474369526322803
1977-01-18,False,1,0.31953651135331695,0.4132463834276382,0.2870783661103393
1977-01-19,False,1,0.30705872678489404,0.3501417294519908,0.2590890066293883
1977-01-20,False,1,0.3168441858753371,0.3213482992223518,0.2579313368345135
1977-01-21,False,1,0.3184492789701486,0.380654134984661,0.2770985409206731
1977-01-24,False,1,0.321106922383335,0.38650671224747124,0.2812497928260665
1977-01-25,False,1,0.3190774775850038,0.3591466351071599,0.2720005028991974
1977-01-26,False,1,0.33206977080109196,0.4104734534615005,0.300209476275681
1977-01-27,False,1,0.340257791615563,0.49494552706798717,0.33204134246344336
1977-01-28,False,1,0.32954423195570354,0.4466906153807635,0.3108744752381802
1977-01-31,False,1,0.33687196884544146,0.4793181492162408,0.32959319168726936
1977-02-01,False,1,0.32211515527690726,0.4816729443840986,0.3183815871044131
1977-02-02,False,1,0.31070119374733185,0.4446207186667405,0.3012377866047583
1977-02-03,False,1,0.3109392737623824,0.5075555027602953,0.319791812624617
1977-02-04,False,1,0.3042666450256136,0.49906307405409345,0.31177694591575544
1977-02-07,False,1,0.3063500870303541,0.47811581832967565,0.30796947144099013
1977-02-08,False,1,0.3053384564009957,0.4825076146329517,0.3083064179439364
1977-02-09,False,1,0.31642920448646683,0.4493282025583457,0.3071989795165703
1977-02-10,False,1,0.317526454999153,0.3989334160979982,0.2932547514652253
1977-02-11,False,1,0.3241162252906733,0.37781869350173464,0.29307779752568675
1977-02-14,False,1,0.3259558474458036,0.3486475198543178,0.29275154704490997
1977-02-15,False,1,0.3251448908075735,0.39821332985294017,0.30631740679858116
1977-02-16,False,1,0.32646063399661035,0.3731421621593631,0.3011822438705811
1977-02-17,False,1,0.32954762795454123,0.3856715094346481,0.3072749097370491
1977-02-18,False,1,0.3338374143493229,0.4265003899293202,0.3242895416704562
1977-02-22,False,1,0.33748298274026595,0.3225020693977037,0.29707231917736693
1977-02-23,False,1,0.3347804905069215,0.32627453288801456,0.29637965515498055
1977-02-24,False,1,0.3404964786218738,0.33648900968571344,0.30310958314503667
1977-02-25,False,1,0.3449420581946629,0.35072795623367653,0.31246884509743184
1977-02-28,False,1,0.34284455912552414,0.30375166446287194,0.2947180412135259
1977-03-01,False,1,0.34231419263862406,0.38542923866744633,0.31778127637996784
1977-03-02,False,1,0.3465877558218954,0.3948924961858342,0.32791936821425177
1977-03-03,False,1,0.3445239326003853,0.46569985084595517,0.34651441566644486
1977-03-04,False,1,0.3453541434511808,0.45913210403040444,0.34684793290714916
1977-03-07,False,1,0.34785592354134104,0.4282074978866578,0.3414835462298317
1977-03-08,False,1,0.35145790871777427,0.4553767398826665,0.35364612060064976
1977-03-09,False,1,0.36235466018321066,0.4603808618447631,0.3634553283311267
1977-03-10,False,1,0.3617854551650776,0.462395723981256,0.3623177005300236
1977-03-11,False,1,0.3619040456100196,0.4709457700385005,0.3650391557035759
1977-03-14,False,1,0.35664185589235214,0.4081555240211153,0.33857544271031054
1977-03-15,False,1,0.34983799311263236,0.4548835388976822,0.3453070747156264
1977-03-16,False,1,0.34086573582568996,0.4925683056332814,0.34966476338183744
1977-03-17,False,1,0.34293468880156996,0.5549699612907523,0.3723831717613078
1977-03-18,False,1,0.3475552619126692,0.5233778435218269,0.36904618859328353
1977-03-21,False,1,0.3505030572703263,0.5516886774135352,0.37994847355315275
1977-03-22,False,1,0.3555404562738331,0.49598884264232224,0.3721783757272198
1977-03-23,False,1,0.36569134214494825,0.5157353775111015,0.38931706224791024
1977-03-24,False,1,0.36828113142285424,0.5584487004821396,0.40562291950202733
1977-03-25,False,1,0.3764258127310718,0.5017429403074747,0.3977393559100321
1977-03-28,False,1,0.38200329574553654,0.4545951868046237,0.39115651238367033
1977-03-29,False,1,0.3789734175846987,0.5116331305725075,0.40400284573296785
1977-03-30,False,1,0.3806548135943384,0.520164793933277,0.4085922085505549
1977-03-31,False,1,0.3743215113278236,0.4467930758715909,0.37953976153899766
1977-04-01,False,1,0.37360338109740404,0.4849224308391201,0.38801810388313385
1977-04-04,False,1,0.38633210895377623,0.46611054114440015,0.39273905192397773
1977-04-05,False,1,0.39061885048123357,0.40102169648289265,0.375678123290697
1977-04-06,False,1,0.3791703578372302,0.43849864183298476,0.3792788403016657
1977-04-07,False,1,0.3676583994178788,0.39058392411731735,0.35419408607911207
1977-04-11,False,1,0.3676571404317088,0.40389425701233955,0.3618325959337062
1977-04-12,False,1,0.36623645261017124,0.5027096302597179,0.38330432089419253
1977-04-13,False,1,0.36275742899187446,0.5470163152061734,0.3928646840965341
1977-04-14,False,1,0.3565164888564126,0.5080861188437383,0.3695053852926405
1977-04-15,False,1,0.3588681661996271,0.5217295037842932,0.3771824049255193
1977-04-18,False,1,0.35200362128535495,0.5077914222134964,0.36810789542212213
1977-04-19,False,1,0.3560531407458007,0.5803591055537299,0.3974525345416734
1977-04-20,False,1,0.3542839057951661,0.5666576225856916,0.3897747640501101
1977-04-21,False,1,0.3635703749471613,0.5124020492024822,0.37991101838222924
1977-04-22,False,1,0.37355811695591074,0.45891413584459445,0.3676809179620571
1977-04-25,False,1,0.38936654227041606,0.4481624047814628,0.3736508873797029
1977-04-26,False,1,0.39045062360808425,0.4296640475976208,0.36810141064976154
1977-04-27,False,1,0.38418014333869477,0.49732237832129256,0.37951601769714033
1977-04-28,False,1,0.384902029259009,0.45828361968540415,0.36790220559391423
1977-04-29,False,1,0.3815322326362297,0.4591743747669247,0.363546335796241
1977-05-02,False,1,0.3751860679526969,0.4400436656329734,0.3508968737663181
1977-05-03,False,1,0.3737385922295343,0.3922507735604724,0.3328363844831642
1977-05-04,False,1,0.3714486566334595,0.427916058618131,0.3402905574644544
1977-05-05,False,1,0.36864029023833866,0.4446141355056964,0.3422960932797112
1977-05-06,False,1,0.3633699875593987,0.45531185396957785,0.34247214344084037
1977-05-09,False,1,0.36617515980558285,0.4316744263343612,0.3375929271554041
1977-05-10,False,1,0.3602261184524897,0.46937954377959495,0.3428686223650886
1977-05-11,False,1,0.3666349845911078,0.4747563876941124,0.35003046865957604
1977-05-12,False,1,0.36921700755549164,0.491805269606844,0.35790876203323796
1977-05-13,False,1,0.3688452195432039,0.49611509906037765,0.3585281599150026
1977-05-16,False,1,0.35868918507387193,0.5258362525579986,0.3577510211415031
1977-05-17,False,1,0.35596434394948895,0.533915013082598,0.35789209824904944
1977-05-18,False,1,0.3520022198697927,0.5030436121103423,0.3429694730785039
1977-05-19,False,1,0.3522612170778691,0.5059112214340666,0.3441363089644732
1977-05-20,False,1,0.34681786414796395,0.5191290456183185,0.3445231225848707
1977-05-23,False,1,0.3595986864005976,0.5754931055674901,0.37126279992498196
1977-05-24,False,1,0.3689263613462768,0.5632271311476491,0.3755801426805949
1977-05-25,False,1,0.3835207186031305,0.5275939625253983,0.3789994313242766
1977-05-26,False,1,0.38268802689884635,0.5319230301281423,0.3795434298979247
1977-05-27,False,1,0.39033124026655114,0.5565870437652305,0.3951705166995875
1977-05-31,False,1,0.3971542588496045,0.5629884902292523,0.40357250148768076
1977-06-01,False,1,0.3942240887007855,0.5257947037818019,0.38705131924299524
1977-06-02,False,1,0.39252451328330606,0.5043604013338908,0.3783140746957365
1977-06-03,False,1,0.37812320326507987,0.5033705977904889,0.3639210425836268
1977-06-06,False,1,0.38252500386190097,0.5159694459419026,0.3734034276439346
1977-06-07,False,1,0.3818003410077614,0.5015485925077463,0.3683573880954744
1977-06-08,False,1,0.38168648820722517,0.4987292483483336,0.3660648849079869
1977-06-09,False,1,0.38502043514564627,0.4801466115514166,0.364335083333064
1977-06-10,False,1,0.3839811246733397,0.5247554013262836,0.3770565470270015
1977-06-13,False,1,0.3829193654734629,0.4959036839429535,0.36611760843030505
1977-06-14,False,1,0.37738660334498,0.5469315144028654,0.37341957918166885
1977-06-15,False,1,0.3750956393708249,0.512225516770055,0.3604580430087488
1977-06-16,False,1,0.3710627953604107,0.5427065134140457,0.3660476138398349
1977-06-17,False,1,0.3619728903121749,0.5323102844682858,0.3539750515220864
1977-06-20,False,1,0.35489781196628384,0.5164188674836153,0.3420008348131515
1977-06-21,False,1,0.3472828726140644,0.4671549698273768,0.3201199770675722
1977-06-22,False,1,0.3463018475913287,0.4682957056822907,0.31967771192658867
1977-06-23,False,1,0.3468864501891665,0.5019301893110134,0.33115711339286796
1977-06-24,False,1,0.3312991837921684,0.5054342848565714,0.3179360128192987
1977-06-27,False,1,0.3301938726233928,0.5499945406469409,0.33026909990205977
1977-06-28,False,1,0.3418675124013305,0.5565047643174859,0.34428127318413143
1977-06-29,False,1,0.33106209857850827,0.507977891702817,0.32140605754304685
1977-06-30,False,1,0.3245632500485285,0.5087546231108441,0.3155435766131851
1977-07-01,False,1,0.32505115007295976,0.5031401658995445,0.31437982079486027
1977-07-05,False,1,0.32623029168612117,0.4940450073095505,0.31277914041808297
1977-07-06,False,1,0.33476191487050544,0.5221912760459649,0.32925873280877266
1977-07-07,False,1,0.336631377467805,0.5278791464926818,0.336786329200077
1977-07-08,False,1,0.33716585717623115,0.5701903402809148,0.35043259928706816
1977-07-11,False,1,0.34354210814060054,0.5109085576692545,0.3409595119111589
1977-07-12,False,1,0.3459502584768985,0.5069729833527766,0.34217416037250026
1977-07-13,False,1,0.34399561679855134,0.5034829296109427,0.33841585822223297
1977-07-15,False,1,0.33940016594919503,0.3910044003818442,0.3000185748745326
1977-07-18,False,1,0.33858769528757976,0.3872007678374715,0.2966134279433431
1977-07-19,False,1,0.32598968377923154,0.3924741490167954,0.2866822357684175
1977-07-20,False,1,0.30797663682793097,0.3682622111152031,0.2697065269382207
1977-07-21,False,1,0.2863496029345362,0.4069978633571481,0.26904839386024265
1977-07-22,False,1,0.282910194183111,0.42302839581652074,0.26978511700564195
1977-07-25,False,1,0.292120879122884,0.39061827801244464,0.27075501439628996
1977-07-26,False,1,0.2995806450639422,0.44386030933943726,0.29240923868609275
1977-07-27,False,1,0.3268335877782182,0.5131827046659891,0.3293586540994494
1977-07-28,False,1,0.3312213898059086,0.4887117692876,0.3277966056368343
1977-07-29,False,1,0.335363192080173,0.48548759290602034,0.3326800760869429
1977-08-01,False,1,0.33611907514704237,0.4689185323943843,0.3285965681789825
1977-08-02,False,1,0.34607205922337264,0.5101806864423917,0.3491783530083849
1977-08-03,False,1,0.34521197333417075,0.4919584367658894,0.3432874678872418
1977-08-04,False,1,0.3406529188498722,0.4899585936275062,0.33689044628349524
1977-08-05,False,1,0.342037981042813,0.46386237325776664,0.33059102511714494
1977-08-08,False,1,0.3435462646645028,0.45653016740449587,0.3280609802714058
1977-08-09,False,1,0.3428505314550161,0.465539384125221,0.3297483186978258
1977-08-10,False,1,0.34181307979690795,0.48045689176789974,0.3320360297957872
1977-08-11,False,1,0.3482217591910578,0.5435319047479462,0.3589336805365229
1977-08-12,False,1,0.3519741772641921,0.4948700500822469,0.34795212842110806
1977-08-15,False,1,0.3540843962263825,0.5062579346093586,0.3556257939941386
1977-08-16,False,1,0.35458466857152415,0.5082226985792861,0.356641593403117
1977-08-17,False,1,0.3508783278018875,0.4134749131279423,0.3245546206087856
1977-08-18,False,1,0.33536657619811566,0.5589320268527503,0.3601895319080294
1977-08-19,False,1,0.3268015899622644,0.5189235353320178,0.34120387663277785
1977-08-22,False,1,0.31357612094086973,0.4924932055257812,0.32349063253232774
1977-08-23,False,1,0.31424721977381603,0.5139706554346402,0.33097424584667196
1977-08-24,False,1,0.3129839191092072,0.4915742994393486,0.3241234441879844
1977-08-25,False,1,0.32025076376670675,0.37844451156075987,0.29510239436225716
1977-08-26,False,1,0.3239999976563083,0.39339989739417225,0.3049188755033985
1977-08-29,False,1,0.32036430592183945,0.3929101169242135,0.2992229923755269
1977-08-30,False,1,0.32803033526618197,0.44088456022963846,0.3242413870678769
1977-08-31,False,1,0.3260306445191739,0.4715479404346057,0.33146564938034195
1977-09-01,False,1,0.3267261549441358,0.4842996347562792,0.33561029254988795
1977-09-02,False,1,0.32683874774082783,0.46699642833073535,0.3310974682151217
1977-09-06,False,1,0.3261396994836991,0.48400693028674163,0.3354822108891957
1977-09-07,False,1,0.326502164749231,0.4713906542858438,0.3316486628257438
1977-09-08,False,1,0.33284058845945347,0.5437484029326649,0.3597788897840822
1977-09-09,False,1,0.3436228797134373,0.488520117924257,0.3566056935090679
1977-09-12,False,1,0.34606359433785655,0.47848988322769387,0.3554320072336897
1977-09-13,False,1,0.3484952164603662,0.48873934042611283,0.3612659529245062
1977-09-14,False,1,0.34784376006697415,0.4951316381165401,0.3620623811158936
1977-09-15,False,1,0.34823683442533254,0.43230642891840093,0.34331065273050765
1977-09-16,False,1,0.35130627180056156,0.44755100719844937,0.3515834548064452
1977-09-19,False,1,0.35770955305308344,0.4511263306180151,0.3568325667306275
1977-09-20,False,1,0.36011284726881365,0.4488336319350835,0.3584006825350148
1977-09-21,False,1,0.3711587950261844,0.36460421734087467,0.3420242438693709
1977-09-22,False,1,0.3715563966009582,0.3813722514330927,0.34794642060354103
1977-09-23,False,1,0.36343261530348636,0.3901378919981934,0.3441230243975089
1977-09-26,False,1,0.3617375169587613,0.4344477161410327,0.3567914044798481
1977-09-27,False,1,0.36509910697863396,0.4451541253049,0.36416991900320866
1977-09-28,False,1,0.36366519887277654,0.426711146526796,0.3567445873565924
1977-09-29,False,1,0.36180833784814215,0.48725794882435464,0.3718312868476357
1977-09-30,False,1,0.35363552462752623,0.49836850286631174,0.36448650568709
1977-10-03,False,1,0.35414247001091087,0.5528801487967667,0.3829768073552081
1977-10-04,False,1,0.36070113339869486,0.4993430158736742,0.3715628208001664
1977-10-05,False,1,0.3606112366902373,0.5385909552394307,0.38388506501099207
1977-10-06,False,1,0.35734216932978957,0.4884147636175534,0.3644736096264205
1977-10-07,False,1,0.35657595711435397,0.4912394345647812,0.3642031627420273
1977-10-10,False,1,0.36024783653629205,0.5439255162352559,0.3844534861222007
1977-10-11,False,1,0.36981707459032565,0.5465283896354939,0.39650021749530084
1977-10-12,False,1,0.39125311131738694,0.4562625722524973,0.3845648929814666
1977-10-13,False,1,0.4000822867923656,0.48866145645696624,0.4014668808958953
1977-10-14,False,1,0.3977491702892996,0.48540871889852943,0.39802448709688776
1977-10-17,False,1,0.4000726979445028,0.48286383795710874,0.40074754138472546
1977-10-18,False,1,0.3947656912126537,0.4336233275657473,0.3805271319564328
1977-10-19,False,1,0.4037108811768871,0.5074605176136766,0.40982778113197166
1977-10-20,False,1,0.37825232047689317,0.5000876507549541,0.3915067235913675
1977-10-21,False,1,0.37818266199776995,0.4289425207899048,0.3682853452647984
1977-10-24,False,1,0.3859085802294275,0.44494890922882185,0.3784235807155372
1977-10-25,False,1,0.4006506435058715,0.3548365316037916,0.36173290504718447
1977-10-26,False,1,0.3904628594282533,0.4207529642288336,0.3701242496331589
1977-10-27,False,1,0.38585203811682156,0.39421180657222954,0.3562129424403223
1977-10-28,False,1,0.38663366582996966,0.4099640795494684,0.3638085390452352
1977-10-31,False,1,0.38826075632471424,0.3990844406042979,0.3622017939814804
1977-11-01,False,1,0.39498944869691793,0.4204804471220122,0.37308746908329965
1977-11-02,False,1,0.4008547895050452,0.4400550304001885,0.38559028138007195
1977-11-03,False,1,0.4028504065021658,0.43360965219468817,0.38893560523681714
1977-11-04,False,1,0.3969708829085802,0.43886459145831763,0.37848024397511293
1977-11-07,False,1,0.39192770244883857,0.44515624684849064,0.3700729277893158
1977-11-08,False,1,0.39144041264108204,0.42040820080699853,0.3606532772381548
1977-11-09,False,1,0.38536660429786684,0.3840326453734198,0.3416925756719695
1977-11-10,False,1,0.38805713252988117,0.5024258265805361,0.3655098862684761
1977-11-11,False,1,0.3849723387122363,0.5531701826640903,0.37214142344487294
1977-11-14,False,1,0.39018679600763617,0.5590038640750453,0.37805290211122816
1977-11-15,False,1,0.38868951032285726,0.5633005351720415,0.37715911481941033
1977-11-16,False,1,0.3892274451788542,0.5541069998493379,0.37479796879945865
1977-11-17,False,1,0.38630249052439863,0.5156931154580113,0.3610617553199706
1977-11-18,False,1,0.3729201284883796,0.5582740162570978,0.3629314579976723
1977-11-21,False,1,0.3728993549390361,0.5616720801506698,0.36368003297013035
1977-11-22,False,1,0.37252996807216926,0.5216767299724193,0.3502181087720597
1977-11-23,False,1,0.3642682313875138,0.5368009019140897,0.34609247124418296
1977-11-25,False,1,0.3622997251475183,0.5812400372265858,0.35790952791577313
1977-11-28,False,1,0.36967240831081183,0.57964069711147,0.36440812985142174
1977-11-29,False,1,0.390800765042195,0.6229163728771158,0.39692529104540375
1977-11-30,False,1,0.38905375013521215,0.6225969046300323,0.39524783262449
1977-12-01,False,1,0.3893473773386319,0.6226891608742289,0.3954847805894035
1977-12-02,False,1,0.38308308969183674,0.585699632553131,0.3769121897257334
1977-12-05,False,1,0.3777172219947649,0.6220664761351816,0.3845328803062348
1977-12-06,False,1,0.3991232658516825,0.6234768304259747,0.4008196067054044
1977-12-07,False,1,0.40006544172203895,0.585889371473172,0.3890261014734975
1977-12-08,False,1,0.4024453221008986,0.5850005693323702,0.3915592629817121
1977-12-09,False,1,0.40045277762601916,0.5833311700317244,0.387713020729735
1977-12-12,False,1,0.39940783786202017,0.5719746829751161,0.38264940295913547
1977-12-13,False,1,0.3915001913697235,0.5724112542293535,0.3756153863952159
1977-12-14,False,1,0.3879356567540283,0.5740377725215859,0.3720123689339643
1977-12-15,False,1,0.38276577573857756,0.5691550833873134,0.3666837958825804
1977-12-16,False,1,0.3814760795551613,0.5679412990099874,0.364923523060403
1977-12-19,False,1,0.3918258415171968,0.5242277731333482,0.36047285665319556
1977-12-20,False,1,0.3984320447383495,0.5288880057287411,0.36745438958211485
1977-12-21,False,1,0.3933718019939222,0.5640979315935121,0.37326865403199677
1977-12-22,False,1,0.3890683999488419,0.5271000971310702,0.35759609229672124
1977-12-23,False,1,0.3877919917160988,0.5370412590873577,0.3586170256364698
1977-12-27,False,1,0.39267384427365803,0.5828977474400271,0.37898616602222823
1977-12-28,False,1,0.3938750194630439,0.5860813899716708,0.3809681370942378
1977-12-29,False,1,0.38533823019628904,0.5813569966135939,0.37081709842242605
1977-12-30,False,1,0.38071568148668833,0.5834378480234205,0.3670119003995155
1978-01-03,False,1,0.39557741409727937,0.5774079518840344,0.37704181619885413
1978-01-04,False,1,0.40205043299744464,0.5868948861935822,0.38671752931094555
1978-01-05,False,1,0.40708265596737137,0.5484563674799741,0.3786710579322996
1978-01-06,False,1,0.41931520877340783,0.580091788038875,0.40016158126234364
1978-01-09,False,1,0.42185500322099334,0.5815477905323239,0.4033153707179049
1978-01-10,False,1,0.4193079313687777,0.5775328611991232,0.4002175722586167
1978-01-11,False,1,0.42589329651683927,0.5784370954859454,0.4062799395922749
1978-01-12,False,1,0.4238488093801893,0.5846434594528168,0.405856859377192
1978-01-13,False,1,0.4223812308601518,0.5423516148631247,0.3897735582277966
1978-01-16,False,1,0.41358015306765705,0.5323815210742233,0.3783646341837249
1978-01-17,False,1,0.4107681288771778,0.5371923113004864,0.3762881896274778
1978-01-18,False,1,0.403923009281871,0.5319114730683651,0.3659342111378714
1978-01-19,False,1,0.3966001077407639,0.5321857229189823,0.36002954214917254
1978-01-20,False,1,0.3857394152570989,0.5730151783995137,0.3629494733053205
1978-01-23,False,1,0.3961709710869843,0.5858011594673979,0.37861924399080105
1978-01-24,False,1,0.39920022990546156,0.5774517359102048,0.37865234222748273
1978-01-25,False,1,0.39992167502868353,0.5808664088193443,0.3801468268064856
1978-01-26,False,1,0.40728344719387666,0.5782098604489168,0.38601504976765466
1978-01-27,False,1,0.39534455913943245,0.5824044597729618,0.377727134210886
1978-01-30,False,1,0.3856469509525685,0.5846746154843286,0.3683786609537154
1978-01-31,False,1,0.388337695280641,0.5864877386039167,0.3725292119763779
1978-02-01,False,1,0.3890559318978746,0.5828412268820072,0.3730060261185485
1978-02-02,False,1,0.390811994906898,0.5644555237787892,0.3702171939998081
1978-02-03,False,1,0.39339212493385983,0.5650829632290938,0.3733276515805749
1978-02-06,False,1,0.3968516680149058,0.5496169913375368,0.3721339813999554
1978-02-07,False,1,0.394082153761335,0.5120488287404309,0.366904849168415
1978-02-08,False,1,0.39428227647528286,0.5307961151940834,0.3771835211189606
1978-02-09,False,1,0.39145922129298444,0.5770982055741855,0.38920050395286115
1978-02-10,False,1,0.3940776208855737,0.5790061750879173,0.3934723850764203
1978-02-13,False,1,0.39518695736025705,0.5710132086467126,0.3912429225136479
1978-02-14,False,1,0.4031575716373449,0.5309547458725499,0.38413268981580134
1978-02-15,False,1,0.4082489943262534,0.5781745255894463,0.40493691546963695
1978-02-16,False,1,0.41523238193002504,0.5806827738510535,0.41197422280934504
1978-02-17,False,1,0.4196472038897839,0.5659571935331119,0.41376479645858294
1978-02-21,False,1,0.42748268641246495,0.5706498957154859,0.4238922726146466
1978-02-22,False,1,0.4294794722679677,0.5693626952877009,0.425585294024224
1978-02-23,False,1,0.42290469084028637,0.5690633342825477,0.41820630227392214
1978-02-24,False,1,0.401720069856715,0.5742365424579581,0.4002652461842725
1978-02-27,False,1,0.410567326122576,0.5546451003485631,0.4015135230841662
1978-02-28,False,1,0.4204050747546563,0.5808500174907392,0.4193388509331668
1978-03-01,False,1,0.42100223359055405,0.5730875979825274,0.41743963395405537
1978-03-02,False,1,0.4165141129096248,0.5663339030092446,0.4099334757733882
1978-03-03,False,1,0.3892967262530531,0.5522012311046933,0.38574619410246996
1978-03-06,False,1,0.39276724162864024,0.5518853362411621,0.3882953564513857
1978-03-07,False,1,0.3903944252953211,0.5464967024988187,0.3837259710858223
1978-03-08,False,1,0.3904829403032205,0.5517409820622786,0.3869094049655795
1978-03-09,False,1,0.38844708243951304,0.5381296763941643,0.37990665885183184
1978-03-10,False,1,0.3845640975327128,0.5425748490734092,0.37280915489453714
1978-03-13,False,1,0.3859126649845027,0.5377609155000699,0.37355722033976385
1978-03-14,False,1,0.3800929584065342,0.5440107061646128,0.36918329548233075
1978-03-15,False,1,0.38146003770823844,0.49358585474535993,0.3549239454623186
1978-03-16,False,1,0.368303739592616,0.5254992917506728,0.35315991374176753
1978-03-17,False,1,0.35940158033999703,0.4885938364456492,0.3315873447795277
1978-03-20,False,1,0.35865192016803377,0.5114845024553948,0.3365060099581035
1978-03-21,False,1,0.3721385311004558,0.5259033698457657,0.3527890748790738
1978-03-22,False,1,0.3769728513128871,0.5184606522192582,0.3578786020558443
1978-03-23,False,1,0.37577204149965054,0.4691916886243269,0.3413891065748084
1978-03-27,False,1,0.3790745633786839,0.48204169185363993,0.3483782494812075
1978-03-28,False,1,0.37812188665494517,0.48946481184508306,0.34945201402586756
1978-03-29,False,1,0.3773860112424466,0.49755200503539604,0.3505075571383173
1978-03-30,False,1,0.36566272134786787,0.5040133221637032,0.34474905574720194
1978-03-31,False,1,0.36054203242096533,0.5628712827506821,0.3580654267122876
1978-04-03,False,1,0.3643431272711684,0.563606215878243,0.36185229945017566
1978-04-04,False,1,0.34197851040100086,0.5678842262969548,0.3443356331129797
1978-04-05,False,1,0.31680797866655114,0.5772196123885893,0.3248590002730371
1978-04-06,False,1,0.30762163657369657,0.5749507900346338,0.31501590054056705
1978-04-07,False,1,0.29813245028645224,0.5808680060558773,0.3074103923466746
1978-04-10,False,1,0.29647273000977004,0.5773151737715186,0.3045157205652482
1978-04-11,False,1,0.29966876116898544,0.5746964831563549,0.30650903325601603
1978-04-12,False,1,0.29432529816056857,0.5768005315924979,0.3027439786229409
1978-04-13,False,1,0.2937667544272615,0.5747309786698116,0.3006121348833973
1978-04-14,False,1,0.29635490165074563,0.574809382728723,0.29672433340656934
1978-04-17,False,1,0.29061930014253157,0.5749286259112321,0.28836788094485827
1978-04-18,False,1,0.3015068127378846,0.5676545455003436,0.2943521581086298
1978-04-19,False,1,0.2933938543565782,0.5850579412138351,0.2919892702411107
1978-04-20,False,1,0.288928468044177,0.5807822379067096,0.2856172287520358
1978-04-21,False,1,0.2910134983225038,0.5862029417104208,0.28948218683704313
1978-04-24,False,1,0.2775423607462275,0.58043538795318,0.27444854952304376
1978-04-25,False,1,0.27256355796749604,0.5637831824609933,0.26531536322539234
1978-04-26,False,1,0.274625048263644,0.4820519616154443,0.24701458267423393
1978-04-27,False,1,0.27987792898611924,0.4661423370680287,0.24621346213760817
1978-04-28,False,1,0.27957811723478104,0.510842478417892,0.25743365965613396
1978-05-01,False,1,0.27803232994763655,0.47135772043719126,0.24568893614948473
1978-05-02,False,1,0.2783211485518805,0.49808140806312273,0.2528028482716067
1978-05-03,False,1,0.28507063069860555,0.5167905866761403,0.2632553381801048
1978-05-04,False,1,0.2878451595297804,0.512246323697952,0.26588738970965053
1978-05-05,False,1,0.28694724310613084,0.442327004331206,0.24650698859950582
1978-05-08,False,1,0.2866583331648836,0.42608795733505755,0.24221685339656068
1978-05-09,False,1,0.2883694756470647,0.4012066295490647,0.2371050760341822
1978-05-10,False,1,0.28354870231040036,0.3934657348541601,0.23145461289199373
1978-05-11,False,1,0.26935997567030534,0.42159618239595875,0.2255798171424256
1978-05-12,False,1,0.2609184810084694,0.47831168246756256,0.23046067160503625
1978-05-15,False,1,0.2496330353724323,0.5169989719873149,0.23119082691374288
1978-05-16,False,1,0.24407883491685786,0.5383442131868448,0.23104291555130274
1978-05-17,False,1,0.23569641224682777,0.5230555478172235,0.22169917956628055
1978-05-18,False,1,0.24276793106132302,0.5181808149012956,0.22635583113000718
1978-05-19,False,1,0.2487372269346767,0.5271831639940328,0.23393138691554158
1978-05-22,False,1,0.24882843071312397,0.5677753376662262,0.2453326752664466
1978-05-23,False,1,0.25121280831127774,0.5602470470116032,0.24485644237830423
1978-05-24,False,1,0.2569928930897005,0.5264185564864067,0.24052559993140277
1978-05-25,False,1,0.25786805799370816,0.49262930898007684,0.23342082065228603
1978-05-26,False,1,0.26185413213784947,0.49054228628125696,0.23658984308755784
1978-05-30,False,1,0.2612488325503793,0.525129626142593,0.24455965304525523
1978-05-31,False,1,0.2525039159653077,0.5683702845981676,0.2484556178168758
1978-06-01,False,1,0.25540490026580953,0.5721505341886023,0.25203307036201955
1978-06-02,False,1,0.2542091547286335,0.5750137940175328,0.250643828139271
1978-06-05,False,1,0.2504690763008858,0.5783426864880177,0.2438624451463998
1978-06-06,False,1,0.2524358432805198,0.5800474205972285,0.24807451396152083
1978-06-07,False,1,0.2533135071867836,0.5793952590922066,0.24873493705431485
1978-06-08,False,1,0.25333753869223175,0.5782743172720947,0.2484428971514919
1978-06-09,False,1,0.2524499242341168,0.5722426843693412,0.2460867304481418
1978-06-12,False,1,0.26022557779385985,0.5738236843806096,0.25307411019470155
1978-06-13,False,1,0.26567659842319213,0.5717588615550325,0.2590608823411912
1978-06-14,False,1,0.26907491185192994,0.5297387090355336,0.2526111703368254
1978-06-15,False,1,0.27237507679576917,0.5634218569078501,0.26363392447013617
1978-06-16,False,1,0.2806696318732579,0.5642531218834602,0.27024728268794307
1978-06-19,False,1,0.2862155955623445,0.5651016658745851,0.2754870274562722
1978-06-20,False,1,0.29361310119858824,0.5117592426021282,0.26627270361926175
1978-06-21,False,1,0.30928649158580224,0.5564156385205125,0.29200341871115226
1978-06-22,False,1,0.310157811800511,0.5526350035781479,0.29194356135863164
1978-06-23,False,1,0.307732834404164,0.5499721630707377,0.29003313781297624
1978-06-26,False,1,0.3262983996625197,0.565041879143318,0.3086339766016936
1978-06-27,False,1,0.3161104809414484,0.5677193425947927,0.3008077731397326
1978-06-28,False,1,0.3147534385949357,0.5367388482716984,0.2911439526097664
1978-06-29,False,1,0.3174932903506252,0.5723376765728956,0.30529729977545317
1978-06-30,False,1,0.31996928835219907,0.5763882458096911,0.30914345099138973
1978-07-03,False,1,0.32695958986072676,0.5714525966826656,0.31459351801869995
1978-07-05,False,1,0.3403994643893006,0.5825107349187305,0.3290722366666062
1978-07-06,False,1,0.3396299088512032,0.5778565870413684,0.32735715604798565
1978-07-07,False,1,0.33616935920031,0.574736869744351,0.322395358164846
1978-07-10,False,1,0.3389814967747514,0.5655879939313443,0.3232753430201787
1978-07-11,False,1,0.34107067498624494,0.5693596816755946,0.332237720201056
1978-07-12,False,1,0.34340571210685383,0.48779285763182245,0.3126689124773592
1978-07-13,False,1,0.3308111290945337,0.49749948881054384,0.3059474007843061
1978-07-14,False,1,0.32824151089339304,0.4937473546656457,0.2995835118624761
1978-07-17,False,1,0.33035747321392855,0.5492817046713798,0.3188791779260989
1978-07-18,False,1,0.3374342247829111,0.5633123918290813,0.3290085578451408
1978-07-19,False,1,0.3374522074808094,0.5170475943418509,0.31584268655524667
1978-07-20,False,1,0.340568891287341,0.516427104380384,0.31965803120690706
1978-07-21,False,1,0.34533951539613383,0.5763444735555647,0.3416531062053935
1978-07-24,False,1,0.3386627513681302,0.5686975292716007,0.3333297265064874
1978-07-25,False,1,0.3388376493305881,0.5429584150329376,0.3262453368319515
1978-07-26,False,1,0.33958119662202585,0.5677474058174526,0.33506208999229337
1978-07-27,False,1,0.33372628350930117,0.5743753051729271,0.3300858367739928
1978-07-28,False,1,0.3234120729066887,0.5825405904739083,0.32232071853921324
1978-07-31,False,1,0.31945503948245135,0.583409881177219,0.31687200184789943
1978-08-01,False,1,0.32254940707653146,0.5812479955326453,0.3203999175882136
1978-08-02,False,1,0.31694867845955826,0.5545328084466923,0.2996618607494296
1978-08-03,False,1,0.31266322390331946,0.504976904709119,0.2831657066556904
1978-08-04,False,1,0.3123108703487417,0.5002761549395697,0.2815808633482405
1978-08-07,False,1,0.3180675762779868,0.5086313609569537,0.291603328313961
1978-08-08,False,1,0.3203095813051975,0.5102934599003831,0.2958261300263201
1978-08-09,False,1,0.3199435446807114,0.5092075094245543,0.295468728589758
1978-08-10,False,1,0.330319876119961,0.49892485556692606,0.3027448293789615
1978-08-11,False,1,0.3313221160821871,0.5125629530403941,0.30693603330853636
1978-08-14,False,1,0.3235459633285139,0.5057522571515812,0.29772141536793045
1978-08-15,False,1,0.32181902502883564,0.4909037591316871,0.2920439730039035
1978-08-16,False,1,0.32202069171884945,0.5289300724378585,0.3024345370371098
1978-08-17,False,1,0.30819949536313584,0.5356887880063359,0.2925099390706104
1978-08-18,False,1,0.2935858299610677,0.5096392793594764,0.2746875263384744
1978-08-21,False,1,0.30496299405673755,0.501800665729594,0.28123087002665237
1978-08-22,False,1,0.3021431499694429,0.5074692968130822,0.28058764302465933
1978-08-23,False,1,0.29959082072931764,0.5334485996533175,0.2843239249937336
1978-08-24,False,1,0.30011408720409116,0.5312066127261001,0.28444888925218736
1978-08-25,False,1,0.3002001407911359,0.546429453053658,0.2889842451276644
1978-08-28,False,1,0.31311376508318584,0.5447892875602163,0.3009634069093121
1978-08-29,False,1,0.32271267282832683,0.5373979698236673,0.3128041727763789
1978-08-30,False,1,0.3238669120932998,0.49844264344770595,0.3032063514614869
1978-08-31,False,1,0.3267407543018251,0.501325571497821,0.30648892426191743
1978-09-01,False,1,0.32622008196712243,0.5051894988593632,0.3075387002425315
1978-09-05,False,1,0.3229488663702158,0.48015623729681123,0.2972250696827111
1978-09-06,False,1,0.3141333487574516,0.5579098797838578,0.3100773901725051
1978-09-07,False,1,0.3112291140441164,0.5099210629209018,0.29355414241440314
1978-09-08,False,1,0.30705238365736964,0.5153036574668164,0.28749777332902576
1978-09-11,False,1,0.29235911091736305,0.4711853036565495,0.2649625027963637
1978-09-12,False,1,0.2821396227303665,0.5187866749395622,0.2703330993544999
1978-09-13,False,1,0.2811662210679441,0.5263025148661997,0.27124724019770524
1978-09-14,False,1,0.28300025106603244,0.5314481698492426,0.2748027514676446
1978-09-15,False,1,0.2850751684920234,0.5719942490880441,0.28678034731674396
1978-09-18,False,1,0.3068896092756346,0.576663832912222,0.3049584788569287
1978-09-19,False,1,0.3203048810806823,0.5772952242437281,0.31579150927000016
1978-09-20,False,1,0.3172279296543447,0.5794054062471092,0.3146010955840813
1978-09-21,False,1,0.31816695362248076,0.5053467595373555,0.2951695788614862
1978-09-22,False,1,0.32076926673318124,0.4800440616403677,0.2905519468411253
1978-09-25,False,1,0.3245944604168944,0.47244041349721144,0.29197846230194924
1978-09-26,False,1,0.32049040470778134,0.510053357976651,0.2976946272068672
1978-09-27,False,1,0.32984881420729684,0.513684566363845,0.3058771690197351
1978-09-28,False,1,0.3176775097041471,0.5078991025074306,0.29476708201829604
1978-09-29,False,1,0.3123165571990109,0.5208343439706482,0.29273612715538155
1978-10-02,False,1,0.31408493052213676,0.5240028976111445,0.29592934642836055
1978-10-03,False,1,0.31916884750637003,0.5560232849858205,0.30934286772348574
1978-10-04,False,1,0.3200918800439257,0.5263440184945953,0.30179402873923045
1978-10-05,False,1,0.32084734190202835,0.5604952696207482,0.3125707153541635
1978-10-06,False,1,0.31949360826033085,0.5684394312328112,0.31392758923582315
1978-10-09,False,1,0.320233052291621,0.5696812923687082,0.3163936753901146
1978-10-10,False,1,0.3230944331419575,0.5656596149371598,0.31780407500743457
1978-10-11,False,1,0.3110863213161734,0.5655511880182887,0.306738866667791
1978-10-12,False,1,0.3198945108030595,0.558752400092853,0.3145488304255585
1978-10-13,False,1,0.32403355069688916,0.5404185500878216,0.312668290907793
1978-10-16,False,1,0.35159201171232757,0.5094495496470179,0.32181069547817226
1978-10-17,False,1,0.38725628648330224,0.5757022774977486,0.3686138510425616
1978-10-18,False,1,0.4118420022814798,0.579245614894692,0.3920244805450435
1978-10-19,False,1,0.4403063906658244,0.58285799468785,0.4190670771561179
1978-10-20,False,1,0.4817068665741219,0.5899428438474092,0.45716254184906097
1978-10-23,False,1,0.49154255175214673,0.5849095225028329,0.4671661910150121
1978-10-24,False,1,0.5017732703044084,0.5807626706675048,0.4779181748375936
1978-10-25,False,1,0.5050054314975988,0.5810632237466649,0.48149928871235265
1978-10-26,False,1,0.5476778156612054,0.6274970243042525,0.5418863474974563
1978-10-27,False,1,0.591211659079403,0.5907002831173941,0.5655626726863299
1978-10-30,False,1,0.5976626134344416,0.5888334276381061,0.5770163466546228
1978-10-31,False,1,0.6184982581177308,0.5926504852526846,0.5976069249441964
1978-11-01,False,1,0.6403650450573312,0.5964181507181274,0.5977214196513118
1978-11-02,False,1,0.6508869193052181,0.5973864740551421,0.6099379558496844
1978-11-03,False,1,0.6431135073029102,0.6015189547181148,0.6028555180262475
1978-11-06,False,1,0.6511982902094889,0.6018517273505825,0.6120140023785487
1978-11-07,False,1,0.672182417876213,0.5995976741583777,0.6320923056988976
1978-11-08,False,1,0.6674716399921112,0.5991170736011537,0.6269356945635762
1978-11-09,False,1,0.6697409584247163,0.5877453054309131,0.6262731169765376
1978-11-10,False,1,0.6700881059507453,0.5871261770587065,0.6263517168116017
1978-11-13,False,1,0.692219510288962,0.5831304880149786,0.647151933470491
1978-11-14,False,1,0.6980812888150377,0.5968756163180177,0.6578229881907494
1978-11-15,False,1,0.6963741421028283,0.5538574991158701,0.6423150540520013
1978-11-16,False,1,0.6959070894561701,0.5507764096643518,0.640686265559208
1978-11-17,False,1,0.6930982823687692,0.5434863494147978,0.6341654844578366
1978-11-20,False,1,0.688733824111418,0.5475781795472355,0.6298964230406487
1978-11-21,False,1,0.6834861028278961,0.5392883719308537,0.6215809748167849
1978-11-22,False,1,0.675961823199242,0.5446083275374396,0.6142816649173941
1978-11-24,False,1,0.6743206726096491,0.5485434092670353,0.6131184892185053
1978-11-27,False,1,0.670172214146079,0.5917201334178525,0.6223930551431639
1978-11-28,False,1,0.6801262276616938,0.5910989819974192,0.6329549202622142
1978-11-29,False,1,0.6968922468190806,0.5997226984725362,0.6533094533362495
1978-11-30,False,1,0.6965437473368538,0.6029501182253794,0.6537387445794125
1978-12-01,False,1,0.692141753585406,0.5993969410405475,0.6454937529704657
1978-12-04,False,1,0.6969452159343746,0.598696504801238,0.6519387712780644
1978-12-05,False,1,0.6924481453288939,0.5985201751774832,0.6453667237707901
1978-12-06,False,1,0.691005978656991,0.5963416464990651,0.6430504423365321
1978-12-07,False,1,0.6914332479112567,0.5940182764547078,0.6425207397055933
1978-12-08,False,1,0.6859310103054916,0.5992460540774904,0.638237040170091
1978-12-11,False,1,0.6734315605084847,0.5992076150582838,0.6246976531569277
1978-12-12,False,1,0.664459921541179,0.5960323791883971,0.6143393946602311
1978-12-13,False,1,0.659876334899812,0.6027253562666454,0.6115545317182426
1978-12-14,False,1,0.647819562271342,0.5964978243029242,0.5966540281267272
1978-12-15,False,1,0.6536167620333098,0.599815009337705,0.6032789729991719
1978-12-18,False,1,0.688319607183089,0.597141448598391,0.6364481846230554
1978-12-19,False,1,0.6840174359529101,0.595451154598974,0.631162432670507
1978-12-20,False,1,0.684812838353416,0.5958832931834974,0.6322761690942656
1978-12-21,False,1,0.6754313525656722,0.5948307582168259,0.621809095143702
1978-12-22,False,1,0.669646421840082,0.6005172908468959,0.6156395020724691
1978-12-26,False,1,0.6682305114361928,0.5584759926151709,0.600180922929495
1978-12-27,False,1,0.6771219031976329,0.5597700955265618,0.6103499659531377
1978-12-28,False,1,0.6784414021181633,0.5631204216291716,0.6127240986697081
1978-12-29,False,1,0.6790978160734068,0.5545751912023063,0.6109904162818046
1979-01-02,False,1,0.6776716358873844,0.566298455553042,0.613504502405028
1979-01-03,False,1,0.6722016690454982,0.6113617792154046,0.6209057311298248
1979-01-04,False,1,0.6708859819220252,0.6048670218631558,0.6175642615129217
1979-01-05,False,1,0.6652713084896449,0.6044339350651512,0.6111789581327669
1979-01-08,False,1,0.6717905409050193,0.6001650225893091,0.6168085453393152
1979-01-09,False,1,0.6648721273344422,0.5918436724285878,0.6056754694105221
1979-01-10,False,1,0.6662621004380606,0.6005744126711438,0.6105906525390553
1979-01-11,False,1,0.6415371947853981,0.5541737330559964,0.5693932480001922
1979-01-12,False,1,0.6076445328092194,0.5504408533921038,0.5327865563139341
1979-01-15,False,1,0.5869862997592742,0.5327298661319001,0.5055232327409874
1979-01-16,False,1,0.5793996853160197,0.5459456459267221,0.5015151662424913
1979-01-17,False,1,0.5491559908643142,0.5915116650071569,0.4883970512898595
1979-01-18,False,1,0.5388500908415247,0.5907479531321246,0.4770365803267316
1979-01-19,False,1,0.5325559223397218,0.5932369125003795,0.4712301821844987
1979-01-22,False,1,0.5311560838254101,0.5929469370437189,0.46982186924477737
1979-01-23,False,1,0.4882965326528561,0.5516927103382246,0.4152876557884299
1979-01-24,False,1,0.4519141870123627,0.5527030810893453,0.3831475978477889
1979-01-25,False,1,0.4402586638270246,0.5524677547497451,0.3671897684535416
1979-01-26,False,1,0.4116702655016117,0.5966819067608665,0.35543296226591287
1979-01-29,False,1,0.40404568443301764,0.5670806429368391,0.3586166237354466
1979-01-30,False,1,0.4019288839892659,0.5628665262083749,0.3547411161838709
1979-01-31,False,1,0.4212343351344927,0.5744445770649588,0.37529040336951053
1979-02-01,False,1,0.4142388432883397,0.5336984853292677,0.3560485017799241
1979-02-02,False,1,0.3890603668088585,0.5881721625952325,0.35248471690278416
1979-02-05,False,1,0.41090114426307744,0.5823002019838742,0.368256548962259
1979-02-06,False,1,0.41375394947612704,0.5834371893225248,0.3709368531194316
1979-02-07,False,1,0.4334893565399559,0.5297802562106635,0.37186589320402386
1979-02-08,False,1,0.3983621337650362,0.4594377914845616,0.32105170491492757
1979-02-09,False,1,0.37560565643507,0.4989603488546622,0.31343850757581265
1979-02-12,False,1,0.37874468143393347,0.5398188174448724,0.3283994862995989
1979-02-13,False,1,0.3789604055788104,0.5519510066294725,0.33178856487413955
1979-02-14,False,1,0.38756921455028076,0.5519461475058618,0.34112311571036863
1979-02-15,False,1,0.39488069525489017,0.5633831734882421,0.3519860926411923
1979-02-16,False,1,0.3938476931609796,0.5551883498101179,0.34830638543022463
1979-02-20,False,1,0.39507421261796305,0.46779845375813983,0.3235079789332813
1979-02-21,False,1,0.40300555704158436,0.5030596328540808,0.34159557921651845
1979-02-22,False,1,0.4119889973602928,0.5087184767729501,0.35188319645165506
1979-02-23,False,1,0.4100816412584026,0.5500811453710452,0.3625659041579335
1979-02-26,False,1,0.3908933813267488,0.5514081943169145,0.34704393928171456
1979-02-27,False,1,0.4279948073651204,0.5201909958849487,0.3690927843987825
1979-02-28,False,1,0.43331443575330775,0.5786396517735674,0.3973170428857575
1979-03-01,False,1,0.4296582003661436,0.5809558564204906,0.39340406637375386
1979-03-02,False,1,0.4346038615761078,0.5364718331565204,0.3863331750531762
1979-03-05,False,1,0.4312916692965314,0.5340680332827393,0.380005947304599
1979-03-06,False,1,0.4299735910396732,0.5267710569523448,0.3767515685358598
1979-03-07,False,1,0.4199918141476311,0.5160929103245214,0.3631859742177787
1979-03-08,False,1,0.41700422856174346,0.46135943276965496,0.3422493542897327
1979-03-09,False,1,0.4093952948479992,0.5545887986479962,0.3646885801164083
1979-03-12,False,1,0.40181863730163603,0.5543272944944725,0.3577364195466824
1979-03-13,False,1,0.3986924975978056,0.5134132266391422,0.3422880282245556
1979-03-14,False,1,0.3916456584084669,0.5160798608440613,0.33686934722558687
1979-03-15,False,1,0.3423591691262999,0.4644551100831054,0.28840388378237136
1979-03-16,False,1,0.34228298064883084,0.3963320449141577,0.26903624679924937
1979-03-19,False,1,0.34281229337272695,0.46267432675322934,0.2881512109385153
1979-03-20,False,1,0.34819254043391223,0.4601366578666447,0.2916097492071648
1979-03-21,False,1,0.34845151009757397,0.3903953148119111,0.2764003671274232
1979-03-22,False,1,0.3492373442366366,0.4367685674069168,0.29000819639850456
1979-03-23,False,1,0.3382136605513728,0.43997516808169806,0.28255538407367625
1979-03-26,False,1,0.33991558220502505,0.4262495301985619,0.27986894690307346
1979-03-27,False,1,0.3353513894295231,0.40414346064655426,0.2668918867819968
1979-03-28,False,1,0.34163868568665123,0.4596914151196743,0.287460874572601
1979-03-29,False,1,0.34585342371740607,0.49411624802741416,0.30506090708830536
1979-03-30,False,1,0.3534343007591583,0.43091659007415667,0.29688244988503676
1979-04-02,False,1,0.3682145100657609,0.45664692203376095,0.3186127451979404
1979-04-03,False,1,0.36019003370093955,0.5192996584944086,0.32681690788257794
1979-04-04,False,1,0.36188360044719226,0.5300132820552589,0.3326966558413623
1979-04-05,False,1,0.3541726712865488,0.5623061334300106,0.33382998470108405
1979-04-06,False,1,0.3578071167561547,0.5606631926327379,0.33642658975387935
1979-04-09,False,1,0.36533156300550107,0.5142397201353459,0.3322533606792102
1979-04-10,False,1,0.36562488169083585,0.5082899382070596,0.33071276096078367
1979-04-11,False,1,0.3625893191013551,0.41424016222916893,0.30255185677058044
1979-04-12,False,1,0.36205862395957483,0.4121840182544394,0.30120642212289334
1979-04-16,False,1,0.37656815379577213,0.44159409147254397,0.3218210451789808
1979-04-17,False,1,0.3780006496991411,0.4935550592417339,0.3386646031148412
1979-04-18,False,1,0.37309205626626124,0.49622355930360484,0.3337049095084496
1979-04-19,False,1,0.3803359058759912,0.4982462251200218,0.3418687163723448
1979-04-20,False,1,0.37549055383397895,0.5698311235250932,0.35932377216336475
1979-04-23,False,1,0.37827224619676336,0.5636430504195101,0.36210033729682933
1979-04-24,False,1,0.3789616365205028,0.552460132856415,0.35977276059389424
1979-04-25,False,1,0.37379878726898313,0.5027489386685547,0.339566751236743
1979-04-26,False,1,0.37170435482443676,0.5005168655983252,0.3368603844885928
1979-04-27,False,1,0.35874402725941384,0.4980152150685198,0.3255939571141897
1979-04-30,False,1,0.3596265737035755,0.5076098320489671,0.32869486649761476
1979-05-01,False,1,0.3579860532766615,0.5637178451476199,0.34404358685942266
1979-05-02,False,1,0.3381411783755579,0.493182264157056,0.3093211652999566
1979-05-03,False,1,0.3367218839176021,0.44656504018288806,0.2946002474213857
1979-05-04,False,1,0.33131993761350975,0.5094160191306109,0.30885152422347034
1979-05-07,False,1,0.3699768389591903,0.5609690831612113,0.352766992449578
1979-05-08,False,1,0.3732900501962019,0.5773857474553389,0.36198058617666234
1979-05-09,False,1,0.3704688118120904,0.569498571693121,0.3566403520361934
1979-05-10,False,1,0.3858029326314609,0.5281433348078914,0.35930801444503374
1979-05-11,False,1,0.3836857844043806,0.5304796558427398,0.35729604958797034
1979-05-14,False,1,0.38563901661060196,0.5267859245008981,0.3582075558240672
1979-05-15,False,1,0.3848043417386428,0.5613188400005068,0.3681787570899366
1979-05-16,False,1,0.38677487494554064,0.5580579144065746,0.3694849389579207
1979-05-17,False,1,0.3785950326756333,0.5356360133539675,0.35102561299707863
1979-05-18,False,1,0.37114990462569797,0.53366093089168,0.343907083355648
1979-05-21,False,1,0.3603884862102876,0.5245072479360121,0.3315626588951853
1979-05-22,False,1,0.3555933266241688,0.5116675667140225,0.32281705086327855
1979-05-23,False,1,0.325118810100847,0.5212621978552469,0.30653137121876656
1979-05-24,False,1,0.3237166113222047,0.5299056623138796,0.30780870431701174
1979-05-25,False,1,0.32542185406603824,0.5188992671628934,0.3070778878234328
1979-05-29,False,1,0.32895229558866484,0.5549890768810469,0.3208906281345798
1979-05-30,False,1,0.3479277263445649,0.5573795087107611,0.3399981798924635
1979-05-31,False,1,0.3439170222447997,0.5582744525279565,0.33661314662879993
1979-06-01,False,1,0.3477014019081186,0.5641461850779945,0.34386850787131473
1979-06-04,False,1,0.35172212343739456,0.5104253763128369,0.333730612160504
1979-06-05,False,1,0.3477276432042409,0.5221489373139245,0.32923115030854233
1979-06-06,False,1,0.3452526659204086,0.5214519691750964,0.32616983993768445
1979-06-07,False,1,0.34396372355453986,0.5255632328160721,0.3256106954561638
1979-06-08,False,1,0.3425850795381363,0.5589401440032227,0.3344699643539946
1979-06-11,False,1,0.3411344341419145,0.49350741206605137,0.3139062457126315
1979-06-12,False,1,0.3400240969971887,0.49303064322040846,0.31064703029554275
1979-06-13,False,1,0.3449701909761729,0.4203190476695869,0.2956504855339614
1979-06-14,False,1,0.34350060662583387,0.42113296759166635,0.29467596161821497
1979-06-15,False,1,0.34660466871949563,0.4702663530284106,0.31314174055486155
1979-06-18,False,1,0.35529339305058455,0.46627555843928303,0.32051384343581607
1979-06-19,False,1,0.35645797568373166,0.4564096876929727,0.31882803893988465
1979-06-20,False,1,0.3486805763850191,0.5170316741801441,0.33013983540851743
1979-06-21,False,1,0.3495954332786452,0.4788627354193624,0.32269209740289834
1979-06-22,False,1,0.34398193938106947,0.5219300699803091,0.3298053101950508
1979-06-25,False,1,0.3517522865540766,0.535917945862389,0.34037213923232773
1979-06-26,False,1,0.35393114069620735,0.5429577368693462,0.34346300949949365
1979-06-27,False,1,0.3408102611871553,0.5400283324397152,0.33092206771804233
1979-06-28,False,1,0.3421621436195537,0.4975173978921866,0.32401880614638195
1979-06-29,False,1,0.34352220842466874,0.47133749200597236,0.3181245269836613
1979-07-02,False,1,0.35994797627089425,0.465082612897022,0.3298013119414981
1979-07-03,False,1,0.358113274012344,0.45539513372390567,0.32518170086082243
1979-07-05,False,1,0.35334501119103845,0.4540190358457218,0.319595327335869
1979-07-06,False,1,0.35220959982029265,0.4580000291841573,0.31746490518724596
1979-07-09,False,1,0.33568476634861627,0.47618363262811214,0.308375651004101
1979-07-10,False,1,0.33837804283392237,0.4474442558436114,0.3024667763125003
1979-07-11,False,1,0.3302908089312371,0.44567448471944915,0.2964450161351331
1979-07-12,False,1,0.3375999030545903,0.4544387263805813,0.3048254355968103
1979-07-13,False,1,0.34549128153778863,0.4901954939446012,0.3235401465226686
1979-07-16,False,1,0.3398901035069243,0.437026693479348,0.3027758498255859
1979-07-17,False,1,0.3538278080283558,0.4091195852107016,0.3043462981516785
1979-07-18,False,1,0.3589542489272615,0.41655779395206993,0.3117032594104688
1979-07-19,False,1,0.36096085765495217,0.41199833849069056,0.3126232838276551
1979-07-20,False,1,0.36152531954430833,0.4104273959329874,0.31200708116171044
1979-07-23,False,1,0.3587590263965903,0.3894747860292378,0.30329174587141133
1979-07-24,False,1,0.35380425294500367,0.4017801652759361,0.3026181270165832
1979-07-25,False,1,0.34802811769503933,0.38961430090995947,0.29106771971481377
1979-07-26,False,1,0.34594097601641266,0.38279021232771715,0.28777402287444215
1979-07-27,False,1,0.34457402099915196,0.3844474710683315,0.28695860359800673
1979-07-30,False,1,0.3434017641735871,0.38963596044436277,0.28710470016144257
1979-07-31,False,1,0.32882380111745607,0.3452160450357066,0.2631268975872078
1979-08-01,False,1,0.2899170619432871,0.4098123353162703,0.25848321034475247
1979-08-02,False,1,0.28774355669167656,0.3489331312801375,0.23949198026720295
1979-08-03,False,1,0.29133361165918353,0.37788667382729485,0.25024238927854825
1979-08-06,False,1,0.2778343827401856,0.3919803350885894,0.24582239214628088
1979-08-07,False,1,0.27407801394808906,0.40860643201994695,0.24331930566332324
1979-08-08,False,1,0.2678358035252012,0.35145376116313376,0.22391424777867325
1979-08-09,False,1,0.2702940760757955,0.3445576738026449,0.22409130286427625
1979-08-10,False,1,0.26694716798974066,0.32669937280003897,0.21563541254953508
1979-08-13,False,1,0.2668268799422206,0.35293195564217855,0.22441012982737069
1979-08-14,False,1,0.2662699447822176,0.3984006052361499,0.23540090539559624
1979-08-15,False,1,0.2652064991612948,0.4178284604919155,0.23870123657064063
1979-08-16,False,1,0.269381327071254,0.38975403161181954,0.23648066745343857
1979-08-17,False,1,0.26604295571229597,0.46392371235367497,0.2526719978189661
1979-08-20,False,1,0.2653241915984788,0.47967783604989744,0.255498071975795
1979-08-21,False,1,0.26748422462457566,0.4543859876571015,0.2508630739077338
1979-08-22,False,1,0.26343302251248135,0.44895693158491523,0.24621289056826154
1979-08-23,False,1,0.25130982378455297,0.43407611603050766,0.23530927288459813
1979-08-24,False,1,0.25386732068104717,0.4586793712611719,0.2440192358775282
1979-08-27,False,1,0.25158186476333133,0.48271508604815744,0.24758951686338834
1979-08-28,False,1,0.2526927248502974,0.4995365118048485,0.2522794567737302
1979-08-29,False,1,0.25616309442267116,0.5077824660374042,0.2611620407216511
1979-08-30,False,1,0.2583043157532163,0.48637105779878387,0.25786171839605665
1979-08-31,False,1,0.25923301137636706,0.5071273294085288,0.26504281468070845
1979-09-04,False,1,0.28340466767310935,0.5155432384368683,0.2807988779473968
1979-09-05,False,1,0.308331032619947,0.5628907217965369,0.31158195684595535
1979-09-06,False,1,0.3094414224859268,0.5485926854952194,0.31222399216821684
1979-09-07,False,1,0.3037712894587094,0.5650362222528343,0.3099482888667795
1979-09-10,False,1,0.29793868410971075,0.5634859038347325,0.3042524154578214
1979-09-11,False,1,0.3063351871060245,0.5716346883748487,0.31367676469146394
1979-09-12,False,1,0.2984157300240281,0.56010753619214,0.3032271930021017
1979-09-13,False,1,0.2977494816673264,0.5073697624438203,0.2881429668820189
1979-09-14,False,1,0.2949293739555074,0.5590100810931038,0.2981957927096611
1979-09-17,False,1,0.29862361763972833,0.560683776912485,0.30275144499723006
1979-09-18,False,1,0.3110253804207664,0.5614432168193018,0.31308085565104415
1979-09-19,False,1,0.3034961249707717,0.5411221069281383,0.3008611672522182
1979-09-20,False,1,0.2941882886521905,0.5493616969017919,0.2932461941183294
1979-09-21,False,1,0.29578883696993896,0.504185263807163,0.282691771261243
1979-09-24,False,1,0.3066205018787723,0.500244795435508,0.29087181090383585
1979-09-25,False,1,0.3076844253486048,0.5431322935769929,0.30362900453470104
1979-09-26,False,1,0.29276862550825783,0.4977640336586021,0.2800556417333306
1979-09-27,False,1,0.29356422189677933,0.5363227051195955,0.2915190843895449
1979-09-28,False,1,0.3042972545692268,0.5493260228571376,0.30412032166806313
1979-10-01,False,1,0.315310287205639,0.5339814570448251,0.311389185312918
1979-10-02,False,1,0.31542237514757865,0.5011515723827552,0.3008770903452134
1979-10-03,False,1,0.3095668784271422,0.5100026239242,0.29786287118370175
1979-10-04,False,1,0.3033484248684208,0.5157114758578321,0.2929587557981157
1979-10-05,False,1,0.29123994769177397,0.5234954785307979,0.28308187914007543
1979-10-08,False,1,0.3078658361709463,0.5225444264314832,0.29382850558538237
1979-10-09,False,1,0.3987759414597867,0.5847118576172522,0.37205720658849467
1979-10-10,False,1,0.4310539124145951,0.5777718697491362,0.3972051282190387
1979-10-11,False,1,0.4263923839826084,0.5924559772688374,0.39832577045739515
1979-10-12,False,1,0.42898964442809806,0.5911749794525499,0.4009598862837856
1979-10-15,False,1,0.4534267062300786,0.5904956419207447,0.4220941596482375
1979-10-16,False,1,0.45427135284317893,0.593189392696516,0.42432273862138375
1979-10-17,False,1,0.45457256214380587,0.5930907395055127,0.4247470071938531
1979-10-18,False,1,0.4599594937200903,0.5866429200323164,0.42905071266679595
1979-10-19,False,1,0.499080595878282,0.5955082030920698,0.4641774718487675
1979-10-22,False,1,0.5261483147851255,0.5892420356126606,0.4884613081305494
1979-10-23,False,1,0.5294870137833171,0.5856996208882835,0.4912324977957142
1979-10-24,False,1,0.530595224847815,0.5751585758173459,0.4890476304697922
1979-10-25,False,1,0.5361796893799275,0.5786921951683279,0.49652650415740573
1979-10-26,False,1,0.5326618739008041,0.5884813698822943,0.4962567256951812
1979-10-29,False,1,0.5311280435928568,0.5435087468848527,0.4794164873204021
1979-10-30,False,1,0.5271236668208905,0.5942287831871804,0.4886974005627157
1979-10-31,False,1,0.538290986370462,0.5942429237188999,0.5022211147306591
1979-11-01,False,1,0.537519182683163,0.5967589740974583,0.5025420975793494
1979-11-02,False,1,0.5347104080198668,0.5582655099916148,0.48619389678338654
1979-11-05,False,1,0.5476030554753589,0.5962835409987415,0.5129666377067943
1979-11-06,False,1,0.5589324574755145,0.5967651746236801,0.5252311285597555
1979-11-07,False,1,0.5757821364665111,0.5976008731638522,0.54181437430314
1979-11-08,False,1,0.5761548690047699,0.5975814795949882,0.5425066846366845
1979-11-09,False,1,0.5692858284241011,0.5961587127388825,0.5317551964867497
1979-11-12,False,1,0.5635005148656705,0.5969566458564429,0.5228593238054277
1979-11-13,False,1,0.5685516061840515,0.5963548132560182,0.5286146259769229
1979-11-14,False,1,0.5654145674580737,0.5978911283786085,0.5260729651534152
1979-11-15,False,1,0.5626351599624865,0.5998788037298892,0.5231827624341715
1979-11-16,False,1,0.5628248780818754,0.6375414255248838,0.5366309291107767
1979-11-19,False,1,0.558441898099546,0.6008666068161909,0.518980595330288
1979-11-20,False,1,0.5653953421860519,0.6374461993057368,0.5403369635639511
1979-11-21,False,1,0.564301596388026,0.6005919053634219,0.5264647790117705
1979-11-23,False,1,0.5598837926532488,0.6371635996841103,0.5345354505334803
1979-11-26,False,1,0.5544898420316509,0.5983661598459861,0.5103677435233719
1979-11-27,False,1,0.55604484760267,0.5966791453716042,0.5139648916497301
1979-11-28,False,1,0.5312022025764106,0.5973725535672199,0.48975586011702726
1979-11-29,False,1,0.5077893804126288,0.5941853214955468,0.4666803289496372
1979-11-30,False,1,0.5158424892468465,0.5993976077859933,0.4768924154624918
1979-12-03,False,1,0.5218612908034893,0.6364921283399304,0.4966298301491357
1979-12-04,False,1,0.5188055801724439,0.6370234185639387,0.4929051030513279
1979-12-05,False,1,0.507556758330678,0.5967298283270422,0.46718077763883253
1979-12-06,False,1,0.5063823387894952,0.592939528237395,0.4642235178264873
1979-12-07,False,1,0.5079386410087843,0.5987195992232469,0.4683999600165312
1979-12-10,False,1,0.5102995873788203,0.5979867938559044,0.4714524244997817
1979-12-11,False,1,0.512532170607779,0.5978393141650522,0.4735245784760722
1979-12-12,False,1,0.5021565537292155,0.597241835638849,0.46337041813945284
1979-12-13,False,1,0.5006509480707848,0.5978441225967462,0.4622601590167747
1979-12-14,False,1,0.5010823514999588,0.5883247140742265,0.4587521803692659
1979-12-17,False,1,0.499352644501884,0.5771374775281024,0.4527430261097009
1979-12-18,False,1,0.5012772868192187,0.5849715654268927,0.4570643738744429
1979-12-19,False,1,0.5025772781458787,0.5891063423120277,0.4603466341412923
1979-12-20,False,1,0.5008046643128492,0.5783177359982989,0.45503812544428274
1979-12-21,False,1,0.5054492002342149,0.5768319528013284,0.4594718752926916
1979-12-24,False,1,0.49667470936898667,0.5338158850529807,0.4362385188007334
1979-12-26,False,1,0.4886632713579195,0.531382570655871,0.4276088563126585
1979-12-27,False,2,0.49660754085562414,0.527496755904008,0.35670103548579946
1979-12-28,False,2,0.4976538772511634,0.5373965120361286,0.35983818736291495
1979-12-31,False,2,0.49892035580694394,0.5747704134643971,0.3748718058377114
1980-01-02,True,2,0.5309947719218718,0.5831930098442258,0.41194555873400807
1980-01-03,True,2,0.5215400296734247,0.5107642322453079,0.3825030028075368
1980-01-04,True,2,0.4345562668200514,0.47239761058876556,0.3043163085372509
1980-01-07,True,2,0.3848674169959481,0.4455521257143164,0.26193493069970336
1980-01-08,True,2,0.37941797793819415,0.47161874083369304,0.2594086933571144
1980-01-09,True,2,0.37517883558992227,0.3652160356755142,0.22807305700319858
1980-01-10,True,2,0.34596942969481537,0.43585969596771973,0.22615377630491731
1980-01-11,True,2,0.33965190586365596,0.4405343052818352,0.22344041480722188
1980-01-14,True,2,0.33822191810070423,0.5053684905205382,0.24090099821000188
1980-01-15,True,2,0.33513366351606977,0.44612475523348155,0.22522031900853925
1980-01-16,True,2,0.29710390709483864,0.40631144028875027,0.20061172283604364
1980-01-17,True,2,0.2738795540927816,0.4033171275646587,0.18505242229320548
1980-01-18,True,2,0.27291890627903154,0.40331310497033546,0.18573122074612078
1980-01-21,True,2,0.271072113923328,0.35264992312016874,0.17289252046057202
1980-01-22,True,2,0.27737655478789863,0.4102696538414115,0.19082948351173984
1980-01-23,True,2,0.2759944287520301,0.43708376088621137,0.1952413247281926
1980-01-24,True,2,0.2751514411739657,0.4308292597572367,0.1943192822172348
1980-01-25,True,2,0.2811036949578832,0.3634308873385098,0.1901436554486124
1980-01-28,True,2,0.27055339319797456,0.416737677844567,0.19392318431329122
1980-01-29,True,2,0.27967720586735806,0.38308648246833116,0.19187807463360962
1980-01-30,True,2,0.2755866359483143,0.34575390437293946,0.1801674048527582
1980-01-31,True,2,0.2750376351324985,0.3175465708048061,0.1741631564881492
1980-02-01,True,2,0.2656094243043476,0.3838780511356154,0.1842643673639613
1980-02-04,True,2,0.25310113109981497,0.3028610339315214,0.16182689373605486
1980-02-05,True,2,0.2563457222561477,0.3417649317090385,0.1739114165069359
1980-02-06,True,2,0.2602772508570555,0.2738068607579311,0.1658820513803352
1980-02-07,True,2,0.26418051861653724,0.26632026194813435,0.17358970850119193
1980-02-08,True,2,0.25714091828660623,0.39610987153104554,0.20292627062915486
1980-02-11,True,2,0.26602876371675327,0.3983227059306078,0.21144823778817612
1980-02-12,True,2,0.26751936815420874,0.2981358849682907,0.19055681237936536
1980-02-13,True,2,0.262264785826852,0.3125212911696738,0.19015125008746503
1980-02-14,True,2,0.2815928907260588,0.29819719181089804,0.19708184511525217
1980-02-15,True,2,0.288576561386938,0.23320281403606857,0.1822159989151921
1980-02-19,True,2,0.3007684816992137,0.33285377191370513,0.21644229615842409
1980-02-20,True,2,0.30085000841154913,0.2579679574898658,0.1959464614879642
1980-02-21,True,2,0.31578867096210717,0.28689477292724014,0.2289228867939205
1980-02-22,True,2,0.32532723809329034,0.436139247059276,0.2763297142049885
1980-02-25,True,2,0.34702548243023973,0.4660847394176084,0.3003590425676569
1980-02-26,True,2,0.34954582498094366,0.4319924178040186,0.29298575968216006
1980-02-27,True,2,0.3592753622418192,0.4906637479701003,0.3174225614087703
1980-02-28,True,2,0.35772309313781026,0.4468314379925151,0.303358135244287
1980-02-29,True,2,0.35797211099530507,0.48748613697022375,0.31938739977384184
1980-03-03,True,2,0.36980034243635895,0.48960011871911646,0.3311183717228715
1980-03-04,True,2,0.37805340608705484,0.5421501241505943,0.35908921293646034
1980-03-05,True,2,0.40100304876632353,0.46643600776722804,0.3460222349292496
1980-03-06,True,2,0.44086335285308414,0.40805286789880746,0.3568094806694787
1980-03-07,True,2,0.45602621460946646,0.4425011373058203,0.3832667848185682
1980-03-10,True,2,0.47259297220519664,0.5290202187574322,0.4340743503415699
1980-03-11,True,2,0.46964390209171863,0.45970145841847676,0.4043672520947799
1980-03-12,True,2,0.48134564320193046,0.4587920108512719,0.4217116481289168
1980-03-13,True,2,0.4936734315314736,0.4658176950551766,0.438158635539559
1980-03-14,True,2,0.4863983622953105,0.43757337682493375,0.4231514154771204
1980-03-17,True,2,0.5464808281072303,0.4902331604753291,0.48461959271356586
1980-03-18,True,2,0.5454988659569528,0.4809577015643437,0.4807851645427962
1980-03-19,True,2,0.5375165937219176,0.48313799325649753,0.4724673186130469
1980-03-20,True,2,0.5454098238688844,0.4736801728943995,0.4786474718417155
1980-03-21,True,2,0.5541877806819804,0.4837741239767878,0.49313776373092305
1980-03-24,True,2,0.6080185927384361,0.5067276736681321,0.5440836138397173
1980-03-25,True,2,0.6141909473022674,0.49101675516731896,0.549067031350397
1980-03-26,True,2,0.6189479327387681,0.4112435805899556,0.5288404893101097
1980-03-27,True,2,0.6427105509410415,0.38958962738706965,0.5509198317363486
1980-03-28,True,2,0.640298161166457,0.4745298464993898,0.5491047844883649
1980-03-31,True,2,0.6405005868999166,0.47256394539581326,0.5518259737756096
1980-04-01,True,2,0.6394031114932324,0.4437193638158981,0.5404659636879591
1980-04-02,True,2,0.641314234659702,0.4709474058075585,0.5575593011354525
1980-04-03,True,2,0.6458862167691769,0.4621066454064502,0.5603769153572433
1980-04-07,True,2,0.6732779300405525,0.46273410365953893,0.5920362094793254
1980-04-08,True,2,0.6714282805875299,0.4891922155420092,0.596125119504399
1980-04-09,True,2,0.6692053396744349,0.47486783456848314,0.5838974789353852
1980-04-10,True,2,0.667203114205107,0.4696580869010205,0.5769638342269605
1980-04-11,True,2,0.6680379451800894,0.5518657636074354,0.6041218413344155
1980-04-14,True,2,0.6762795674092003,0.5485212006770036,0.6112614343461269
1980-04-15,True,2,0.6797304046082955,0.5520636138088838,0.615593310229761
1980-04-16,True,2,0.6931005597142441,0.556678984731853,0.636570104429686
1980-04-17,True,2,0.6931556582381766,0.5539779479020779,0.6360662465011794
1980-04-18,True,2,0.7008914595178019,0.5466113726161204,0.6475601178855646
1980-04-21,True,2,0.7128362656380326,0.4941124438682814,0.6447961868728284
1980-04-22,True,2,0.7133051397041636,0.49478896332107863,0.6259987562722131
1980-04-23,True,2,0.7144787434222681,0.5118396365421821,0.6336020854062081
1980-04-24,True,2,0.7059653790650692,0.5457396004851173,0.6316138433815384
1980-04-25,True,2,0.7089189155632417,0.507406003341777,0.6230798037689946
1980-04-28,True,2,0.7013725656365138,0.5443639860187717,0.6249014043973776
1980-04-29,True,2,0.7016831846850764,0.5625169677635646,0.6317851804345763
1980-04-30,True,2,0.697428580177381,0.5806310497600932,0.632200449841128
1980-05-01,True,2,0.7039537476503271,0.4848403400962662,0.6087184617662135
1980-05-02,True,2,0.7040448673865408,0.5551293848131711,0.632626676831172
1980-05-05,True,2,0.7014299243001609,0.5590409032042742,0.628962050894951
1980-05-06,True,2,0.7045294247032198,0.4855435542939142,0.6078988273562326
1980-05-07,True,2,0.695778419260401,0.5577855327578622,0.6192061343904491
1980-05-08,True,2,0.7013120610366026,0.5133351056935467,0.6109946780116466
1980-05-09,True,2,0.7113404037665402,0.5281425215066758,0.6289962765882215
1980-05-12,True,2,0.6986207075766384,0.5247030980936327,0.6129907410811217
1980-05-13,True,2,0.6853345736989652,0.5209018015888822,0.5918305450375569
1980-05-14,True,2,0.6719754776103537,0.5295529070193125,0.5777587136792313
1980-05-15,True,2,0.6743436406311939,0.5589363548988907,0.5919797125978005
1980-05-16,True,2,0.6629583893611032,0.5605209611428416,0.5773506439705262
1980-05-19,True,2,0.655352011330515,0.5184941228937039,0.5525202637287824
1980-05-20,True,2,0.6422240621664588,0.5124259880131005,0.5362701198860874
1980-05-21,True,2,0.6407860118538178,0.46614126515734894,0.5203086755337294
1980-05-22,True,2,0.6237993041232113,0.4980237662359194,0.510879465571836
1980-05-23,True,2,0.6169224988121319,0.496619143402988,0.49963084102838023
1980-05-27,True,2,0.6187929267462218,0.4996631734151136,0.503938612816018
1980-05-28,True,2,0.6100213427214884,0.5073335977575487,0.4965846346060732
1980-05-29,True,2,0.6184157055377436,0.4972510266667275,0.5008567423561526
1980-05-30,True,2,0.5948905469262535,0.5455304112002057,0.491527829687678
1980-06-02,True,2,0.566933710549564,0.546942474153192,0.466099347905106
1980-06-03,True,2,0.5534156143330289,0.5204264941576096,0.4435263262645254
1980-06-04,True,2,0.5310829580432039,0.5142359358759269,0.41038894301189516
1980-06-05,True,2,0.5349648381962745,0.5218741678480355,0.4185501554401702
1980-06-06,True,2,0.525515502575783,0.5223159755786363,0.4071093066892671
1980-06-09,True,2,0.5142777341457346,0.5176146522715174,0.3938370795531088
1980-06-10,True,2,0.5065125114890107,0.5619773702476883,0.4001669982863125
1980-06-11,True,2,0.4430134603738367,0.542988321544596,0.3432573508325537
1980-06-12,True,2,0.44878305357272996,0.5032025025068598,0.33646049526620164
1980-06-13,True,2,0.4496282593895875,0.4958361962208898,0.3333944701532223
1980-06-16,True,2,0.4413362873432415,0.4275824576233105,0.3050694241915169
1980-06-17,True,2,0.433127266798532,0.4682372417997077,0.31050918339818695
1980-06-18,True,2,0.3781490432408716,0.4480450727029713,0.2715395750061608
1980-06-19,True,2,0.386154430936755,0.46122648215662154,0.2784939860085968
1980-06-20,True,2,0.38583137178662497,0.4741191884914065,0.2805988944252472
1980-06-23,True,2,0.3278485225443897,0.5328646487129827,0.24762797377955598
1980-06-24,True,2,0.31891658698087677,0.5533417949185742,0.27148248484739496
1980-06-25,True,2,0.31934623885952185,0.5437778355965013,0.2690288314790254
1980-06-26,True,2,0.32718833365657934,0.5186215011966595,0.26703507564829865
1980-06-27,True,2,0.3319630118794529,0.5057843379687843,0.26635793289506793
1980-06-30,True,2,0.3430790361040634,0.4972843654195857,0.2700593937719105
1980-07-01,True,2,0.30970720340348634,0.5043365366897549,0.251845437158687
1980-07-02,False,2,0.3112064129401267,0.4624998301545941,0.2426158801937462
1980-07-03,False,2,0.31109448892166514,0.40122595141077105,0.2251575091464938
1980-07-07,False,2,0.3114450103234075,0.4164794873050596,0.22916504430292997
1980-07-08,False,2,0.3097743758884625,0.4432122580097392,0.23430005070749815
1980-07-09,False,2,0.292005141787388,0.445877174985385,0.22507238029501989
1980-07-10,False,2,0.28976194888418755,0.44243695822512485,0.22240532662720755
1980-07-11,False,2,0.27256139626220277,0.46378727536092074,0.21219115086973617
1980-07-14,False,2,0.2579263457438508,0.44110697028113866,0.1904033991576365
1980-07-15,False,2,0.25605799710330257,0.39675165084718994,0.17980987192808498
1980-07-16,False,2,0.23920346733873982,0.3225249843276795,0.15428144000830335
1980-07-17,False,2,0.2282541499681075,0.3521525202525334,0.17534164449460682
1980-07-18,False,2,0.2282339041789454,0.3298703652190302,0.1699332228763788
1980-07-21,False,2,0.23130325216825726,0.34292618275347886,0.17787358710594212
1980-07-22,False,2,0.23417251677357517,0.35720579213376624,0.18282992775200244
1980-07-23,False,2,0.23943015924976588,0.32257115712267187,0.17837312535562178
1980-07-24,False,2,0.24352586230319598,0.31642049357940244,0.18002404787200119
1980-07-25,False,2,0.25154970641407326,0.3576274576341984,0.19298186141592322
1980-07-28,False,2,0.24095881317852794,0.3217815155325754,0.17679903668921498
1980-07-29,False,2,0.23764490380581166,0.3827887193761584,0.18432534116716082
1980-07-30,False,2,0.23748541617956015,0.41781879835724983,0.19198541564252658
1980-07-31,False,2,0.2389935915150778,0.42907343928341035,0.1918257344014323
1980-08-01,False,2,0.2434422987221684,0.5106767319207506,0.21413332923771838
1980-08-04,False,2,0.24142857439470072,0.42378835381318947,0.1919719792919036
1980-08-05,False,2,0.23008255150524656,0.45188489301678264,0.1921696306471773
1980-08-06,False,2,0.22763849105274875,0.4617160903288884,0.19020650350992235
1980-08-07,False,2,0.22766044559668686,0.4384995202774905,0.18263853245462996
1980-08-08,False,2,0.23103873257544524,0.43626277102530275,0.18646404714486123
1980-08-11,False,2,0.22943160756004363,0.3983254123918733,0.17540893275083022
1980-08-12,False,2,0.23870909017313977,0.45001777809170684,0.19364036358340037
1980-08-13,False,2,0.24223951299133256,0.5084338674595419,0.20918653902442175
1980-08-14,False,2,0.23655752223142415,0.5349114473798531,0.20495359850628928
1980-08-15,False,2,0.23555910059494722,0.5193516019601131,0.19748737864730712
1980-08-18,False,2,0.2668794758167702,0.5321424774823365,0.2173306752196845
1980-08-19,False,2,0.28231709147564643,0.5306368665659233,0.23130255435679534
1980-08-20,False,2,0.2809291672797579,0.47305535482613553,0.21500131900100794
1980-08-21,False,2,0.27715163820350736,0.4780224341078595,0.20565485234165637
1980-08-22,False,2,0.2583208747721372,0.4855032552276465,0.19411359096426986
1980-08-25,False,2,0.2664965841768293,0.4903948807668666,0.20149692423546045
1980-08-26,False,2,0.26442912073367053,0.5037794573228564,0.2032552846066344
1980-08-27,False,2,0.27202089516404226,0.5443394069890959,0.21539204961176497
1980-08-28,False,2,0.292489009132251,0.5674767380442631,0.23770900864669434
1980-08-29,False,2,0.29372259045969634,0.5657625978981935,0.23622337661565182
1980-09-02,False,2,0.2907875195872664,0.569846804656785,0.2335452493084357
1980-09-03,False,2,0.28704625725253075,0.567349046296753,0.22093156996305213
1980-09-04,False,2,0.2923488585214051,0.5671348611854596,0.2263589755383643
1980-09-05,False,2,0.2982215610385649,0.5585561846473833,0.22846388451138694
1980-09-08,False,2,0.3101958702708057,0.5600874268748646,0.2348281744437648
1980-09-09,False,2,0.3102280371871937,0.5532726974204877,0.23320864175262265
1980-09-10,False,2,0.3049613022673493,0.5530089929920221,0.2278930040476387
1980-09-11,False,2,0.29974559447796056,0.5640722586076647,0.22514411831170136
1980-09-12,False,2,0.2965351215297706,0.5515537976878997,0.2197424632390647
1980-09-15,False,2,0.28277911474413914,0.5025987799444712,0.20183145024464086
1980-09-16,False,2,0.2734435900009253,0.5180984842703569,0.19629572429239425
1980-09-17,False,2,0.2696561195309672,0.5205113047757574,0.19139009803612003
1980-09-18,False,2,0.27662168915304436,0.5103104072730164,0.19418283387842813
1980-09-19,False,2,0.27761672251772035,0.47402928252841153,0.18861040063549459
1980-09-22,False,2,0.26979118083573234,0.5621880097240782,0.2047444212782465
1980-09-23,False,2,0.2858456866539616,0.5631058113773747,0.2184903545593964
1980-09-24,False,2,0.2717300800051258,0.5671322548567832,0.21245005677115716
1980-09-25,False,2,0.2895523912679054,0.5692088188526145,0.22568998814840693
1980-09-26,False,2,0.33043515187087896,0.5669782851672323,0.2513787944665517
1980-09-29,False,2,0.37966859678865755,0.5559059600415819,0.28270387930548585
1980-09-30,False,2,0.37820970392147374,0.5419542556421701,0.27488175475975307
1980-10-01,False,2,0.3739482164104387,0.5316387697888376,0.26840135427949796
1980-10-02,False,2,0.3719044324365359,0.4933669930785573,0.2561249107565403
1980-10-03,False,2,0.36125430322703606,0.5173379553826758,0.2512998719008739
1980-10-06,False,2,0.3576560177323125,0.5219657778311203,0.24567713775835556
1980-10-07,False,2,0.3696106297521595,0.5371513944991615,0.2638543025673137
1980-10-08,False,2,0.36342076668525236,0.5243536606563368,0.25410808987157396
1980-10-09,False,2,0.36885805789463677,0.521901531494295,0.25871214063901743
1980-10-10,False,2,0.38270288627422244,0.5360308335848998,0.27706182056866785
1980-10-13,False,2,0.3824851631931602,0.5556352551637469,0.2819556567454438
1980-10-14,False,2,0.38421253113560305,0.5599801750919634,0.2843535643537986
1980-10-15,False,2,0.37792318346169057,0.5425443041401119,0.2724162194586564
1980-10-16,False,2,0.39149168408249463,0.5623963942146415,0.28799641854605945
1980-10-17,False,2,0.3957688920630609,0.5584703738006994,0.29000423919656876
1980-10-20,False,2,0.38816309646188213,0.5703371267177496,0.28764379057572054
1980-10-21,False,2,0.3975059537176757,0.5785682734125219,0.29826553571058007
1980-10-22,False,2,0.4014311582242224,0.5682406829121387,0.3005025627726237
1980-10-23,False,2,0.427926399458624,0.5678859716147964,0.3195663374323819
1980-10-24,False,2,0.4260513671118986,0.5671453550975325,0.31811545971872685
1980-10-27,False,2,0.4402511118325067,0.5672602191774526,0.3299912079903822
1980-10-28,False,2,0.43996387971254025,0.5773966975795366,0.33240051277611593
1980-10-29,False,2,0.43933170279180594,0.5815256113059499,0.3327033033621573
1980-10-30,False,2,0.45891351964388977,0.5791736175601253,0.35290448630371496
1980-10-31,False,2,0.4606069235615345,0.5810151132983384,0.35887959469517106
1980-11-03,False,2,0.4558287381696628,0.5826235749194756,0.35275648699444406
1980-11-05,False,2,0.4531248221190922,0.5818606286035855,0.3475766173369109
1980-11-06,False,2,0.469840875072416,0.5816778586375011,0.36090063544965534
1980-11-07,False,2,0.46837129791765286,0.5746958594298117,0.3578580609100636
1980-11-10,False,2,0.4749847708274111,0.568668805696154,0.3665087028403244
1980-11-11,False,2,0.47197418127858815,0.564686723039594,0.3613051646527929
1980-11-12,False,2,0.4383927809055481,0.5620568772092825,0.3279269622987551
1980-11-13,False,2,0.42106780689924905,0.5706136913525245,0.31358816330457484
1980-11-14,False,2,0.4234076632002406,0.5460678556445568,0.31021426318595463
1980-11-17,False,2,0.42985443979683935,0.5370496917049331,0.3207048418562929
1980-11-18,False,2,0.42858458888368706,0.5449390772454751,0.32218762914288984
1980-11-19,False,2,0.4250863122998845,0.5443790368121904,0.320300748272616
1980-11-20,False,2,0.4195986769692404,0.5468036354025684,0.31524992758680503
1980-11-21,False,2,0.41949632790092334,0.5559723426684118,0.3181918823015661
1980-11-24,False,2,0.41173456341925235,0.5415362887637524,0.3105456116799972
1980-11-25,False,2,0.4090272394227526,0.5585032654310721,0.31379025994729687
1980-11-26,False,2,0.41342985046736414,0.5495104554119338,0.3178546343695151
1980-11-28,False,2,0.4203009688786508,0.5430128924823011,0.3302563268513354
1980-12-01,False,2,0.44527563196216097,0.5530325748054936,0.35185374079092685
1980-12-02,False,2,0.447442340009181,0.566107540897882,0.3590881498897358
1980-12-03,False,2,0.4322958983853651,0.5661570432813543,0.3441183504007463
1980-12-04,False,2,0.4334130026342213,0.5715412118947879,0.346507010281762
1980-12-05,False,2,0.4606200813844852,0.5767927688543804,0.3728605417774233
1980-12-08,False,2,0.5143044222734849,0.5674373696824305,0.4135512564096105
1980-12-09,False,2,0.5222372640498925,0.5645993397557115,0.42101303908335586
1980-12-10,False,2,0.5438135426564079,0.5120739753657888,0.421745271609644
1980-12-11,False,2,0.5736977486012661,0.5538154652711041,0.46981099321632847
1980-12-12,False,2,0.5737081327621653,0.5758412498963843,0.4763734408427246
1980-12-15,False,2,0.569978991348342,0.5745496930645663,0.4719457318139981
1980-12-16,False,2,0.5724712688795557,0.5733134262590485,0.47544696794768565
1980-12-17,False,2,0.5718710754854482,0.5327318703189229,0.45788479503039203
1980-12-18,False,2,0.553826838947295,0.4647713216377652,0.4186274969964232
1980-12-19,False,2,0.5493305226543672,0.5076922174079653,0.4289880663881557
1980-12-22,False,2,0.5283393184429055,0.43412408856440093,0.38139307224279934
1980-12-23,False,2,0.4928129858010461,0.47597480052142443,0.36881654417094023
1980-12-24,False,2,0.44877051445161315,0.4585425070747132,0.33114173855832557
1980-12-26,False,2,0.4521795137110852,0.4615738041858342,0.33955426739015315
1980-12-29,False,2,0.46496142610929087,0.4073681902064742,0.33427530639453673
1980-12-30,False,2,0.46735776735544976,0.3580018813413207,0.32029627661151183
1980-12-31,False,2,0.4692265021484096,0.3544955307708647,0.32365569874868866
1981-01-02,False,2,0.47206092030232577,0.3631563223366571,0.3376895115309399
1981-01-05,False,2,0.46164111133949004,0.469054241980642,0.3612428885141039
1981-01-06,False,2,0.4614362045719435,0.3626675612651242,0.3298673128745567
1981-01-07,False,2,0.5106863974925135,0.3790632726672987,0.36679406622659455
1981-01-08,False,2,0.5181150708526953,0.34382691732185683,0.36194198182571397
1981-01-09,False,2,0.5193356517341482,0.3439351839175144,0.3643090010976102
1981-01-12,False,2,0.5196978313062791,0.3514177010953448,0.3681552512091196
1981-01-13,False,2,0.5292810518200638,0.3843287604594642,0.39048509517384505
1981-01-14,False,2,0.5115855145122641,0.38760209045786714,0.374838690260098
1981-01-15,False,2,0.5054736900334609,0.3782355717202068,0.36655947650590764
1981-01-16,False,2,0.5026190859157913,0.3522555472068575,0.35366924313724335
1981-01-19,False,2,0.4971099435952549,0.3171298956360175,0.33558115719426995
1981-01-20,False,2,0.5194613339732067,0.3241117521222396,0.35610164349637946
1981-01-21,False,2,0.5042200568571094,0.3243325455040891,0.34470767561389265
1981-01-22,False,2,0.5117201926097306,0.36874034091184116,0.3681372381931587
1981-01-23,False,2,0.49826791820062105,0.3779873754337304,0.3599039300639168
1981-01-26,False,2,0.5032144023681036,0.36503654039348227,0.3605538379842365
1981-01-27,False,2,0.499262956044564,0.35746184448357404,0.35261112220863516
1981-01-28,False,2,0.48725799267190295,0.3854631742165799,0.35132875897602106
1981-01-29,False,2,0.48957394848433083,0.38884067424688334,0.3563928789019426
1981-01-30,False,2,0.49840763863807336,0.3461621868713616,0.35331853057225676
1981-02-02,False,2,0.5393253854569539,0.33881376206313635,0.38811744277130283
1981-02-03,False,2,0.5114836131920392,0.3458516329911242,0.36661844209747324
1981-02-04,False,2,0.507003564648192,0.3474308277983847,0.3621193317325594
1981-02-05,False,2,0.5015895135055444,0.35385801600576083,0.3560454467031608
1981-02-06,False,2,0.503083106719739,0.37981586234512493,0.3678211848948201
1981-02-09,False,2,0.5147491200023739,0.38653611160425316,0.38910074644305404
1981-02-10,False,2,0.521527942307039,0.4344139719117578,0.4166731747636311
1981-02-11,False,2,0.5304693246184018,0.3933897625659074,0.41070153014444094
1981-02-12,False,2,0.5394444840997923,0.43522715663708905,0.43164974413249085
1981-02-13,False,2,0.5491955542752495,0.4494234442839059,0.4492262008588467
1981-02-17,False,2,0.5476146994762567,0.4694192833722097,0.45145988853073477
1981-02-18,False,2,0.5498261777021571,0.4417213737398139,0.4452349902930816
1981-02-19,False,2,0.5558516781365394,0.4231530044811352,0.4433977228711307
1981-02-20,False,2,0.5528195064325476,0.4371082822401799,0.44286509926699186
1981-02-23,False,2,0.5529720773819129,0.5010867999046155,0.46627882554411654
1981-02-24,False,2,0.5520568217011895,0.4663619728670514,0.44975265127312386
1981-02-25,False,2,0.5507836259133593,0.42500462734801575,0.4328771762882504
1981-02-26,False,2,0.5205959225147682,0.39192316360233725,0.3889002924976844
1981-02-27,False,2,0.5125188704956395,0.47296795389455293,0.40637867108699105
1981-03-02,False,2,0.5123432209124403,0.463372688994635,0.4029778269286885
1981-03-03,False,2,0.5218517557630361,0.4598039412750461,0.4128605429650259
1981-03-04,False,2,0.4992674633733848,0.43585054676876833,0.38468189214784265
1981-03-05,False,2,0.4502627302350624,0.34444525536905296,0.3233876297174891
1981-03-06,False,2,0.4403521481392015,0.3546537564931502,0.3224003789029909
1981-03-09,False,2,0.41148970913672483,0.37022208453529715,0.30519378655856316
1981-03-10,False,2,0.3871807207214509,0.26380864143994043,0.2557178427377067
1981-03-11,False,2,0.39500522191695925,0.24447526229863173,0.2614806144205048
1981-03-12,False,2,0.3914970348648463,0.307565115610048,0.2688830042161664
1981-03-13,False,2,0.391569055356557,0.29024046088712974,0.2641541210129104
1981-03-16,False,2,0.391059828871898,0.3444996224694231,0.2794762162905536
1981-03-17,False,2,0.397968397347123,0.3223962728740453,0.2742368307123437
1981-03-18,False,2,0.3988549934057971,0.32792515248815124,0.2772347034592498
1981-03-19,False,2,0.40389836054539324,0.41837202858621825,0.31757638054330417
1981-03-20,False,2,0.3992059555274894,0.40569449115982603,0.30578080940538194
1981-03-23,False,2,0.39742882581771655,0.4506889665190968,0.3197954454204147
1981-03-24,False,2,0.4067859263429378,0.3736555316334258,0.30553726146728977
1981-03-25,False,2,0.3923876898324288,0.4034662052713888,0.2975093699395121
1981-03-26,False,2,0.3970818133345921,0.42274996985056285,0.30827498271209464
1981-03-27,False,2,0.41291713412199166,0.38070162445004346,0.30901339510822784
1981-03-30,False,2,0.4190489299425765,0.4279915891333877,0.329391176586072
1981-03-31,False,2,0.4191897053778636,0.4090690931643826,0.32212983437468423
1981-04-01,False,2,0.4212870309725816,0.4470849472835354,0.33453410963382907
1981-04-02,False,2,0.36347578072683884,0.4058858641002,0.2967554321766067
1981-04-03,False,2,0.35168393187424013,0.39488631726982876,0.28527803557203546
1981-04-06,False,2,0.3678905111880088,0.3847836026144961,0.2932794681586812
1981-04-07,False,2,0.3682261530372282,0.3995110211129516,0.2977961293112392
1981-04-08,False,2,0.3599476642753443,0.37204997206936163,0.2823827295633657
1981-04-09,False,2,0.3580399003088461,0.39074173577219795,0.2854746648021178
1981-04-10,False,2,0.35481784620397017,0.42153909872213147,0.2895745021924297
1981-04-13,False,2,0.36539636395253156,0.4648060806865045,0.3122586441401344
1981-04-14,False,2,0.3709634015824156,0.456910614131319,0.31476484175834457
1981-04-15,False,2,0.34403788209732183,0.5115474178144896,0.31194711500033684
1981-04-16,False,2,0.3352709440179412,0.45515773713522584,0.2858929308341627
1981-04-20,False,2,0.3238700640805338,0.4125093277953631,0.26251829444389013
1981-04-21,False,2,0.32896767444098474,0.4305870787131227,0.27203852862995576
1981-04-22,False,2,0.32071161485977556,0.44993327989548887,0.2721310981098548
1981-04-23,False,2,0.3231507965494017,0.42133460806212786,0.2687849971876649
1981-04-24,False,2,0.3172237058796505,0.3763926241393331,0.25034009062711066
1981-04-27,False,2,0.31992966454244126,0.41582469712766096,0.2638988688922168
1981-04-28,False,2,0.33200122808859506,0.36854470929514926,0.2550556954694788
1981-04-29,False,2,0.30883037601593927,0.20181550019163974,0.19549818724733922
1981-04-30,False,2,0.3162840637938955,0.23710062236077536,0.2142881400659269
1981-05-01,False,2,0.32303428454534705,0.2881710259819686,0.23591405667825238
1981-05-04,False,2,0.3531769539668948,0.3794003097095893,0.2844040808613978
1981-05-05,False,2,0.3646396674869047,0.27292961754169454,0.26047195077401475
1981-05-06,False,2,0.35760426992763944,0.35967059323703815,0.2831476556047352
1981-05-07,False,2,0.35292083743594616,0.32043104677343065,0.26447653411332983
1981-05-08,False,2,0.3450345119341898,0.3037683889861992,0.2528831568398813
1981-05-11,False,2,0.35089188830297124,0.3633946152707451,0.27475096907403684
1981-05-12,False,2,0.34269168711376685,0.41062421840316504,0.28168580304631624
1981-05-13,False,2,0.3421396464739321,0.44802766263411736,0.29260478089332603
1981-05-14,False,2,0.340829335087426,0.3832374645527667,0.27084685134266995
1981-05-15,False,2,0.3193415940400255,0.38011965041120466,0.2542249939735491
1981-05-18,False,2,0.3134794115884338,0.30090994137512467,0.2265874782310766
1981-05-19,False,2,0.318668396471804,0.34921321938045785,0.24551690111039667
1981-05-20,False,2,0.3200761003900829,0.34147864110897075,0.24527629201293405
1981-05-21,False,2,0.32247637679684554,0.3198722174896802,0.23974572908408037
1981-05-22,False,2,0.32656884117465157,0.43436744686278767,0.28323262961912116
1981-05-26,False,2,0.32753089885612546,0.4211025282548565,0.2817848430598243
1981-05-27,False,2,0.3251262643566678,0.3958126728858228,0.26748788117128697
1981-05-28,False,2,0.3147421315900761,0.43719557191721614,0.2705957391440766
1981-05-29,False,2,0.3188316423301073,0.4466893654036122,0.27725586718379036
1981-06-01,False,2,0.31795053292071573,0.4630108660508978,0.282751500667867
1981-06-02,False,2,0.33888862551729404,0.4598271166110793,0.2949981919647151
1981-06-03,False,2,0.3433293296291769,0.4518993040754778,0.29817533712997674
1981-06-04,False,2,0.3416456900198998,0.45046121127664757,0.29543278539797446
1981-06-05,False,2,0.336752232889805,0.4019302164435356,0.2751250082737652
1981-06-08,False,2,0.33899750313439186,0.3941801514792454,0.2912089171980099
1981-06-09,False,2,0.3452899000359975,0.42853915595264325,0.3056199841598313
1981-06-10,False,2,0.3479977963859193,0.40946689274261705,0.30858001485509096
1981-06-11,False,2,0.34022715012026117,0.3817290496717134,0.286422380627269
1981-06-12,False,2,0.34251312481532864,0.3641945439786833,0.2827559052290426
1981-06-15,False,2,0.34212509324961365,0.4664395602481154,0.31487618645291376
1981-06-16,False,2,0.3653626636937755,0.49183448538549374,0.3437214906201551
1981-06-17,False,2,0.36998923639281317,0.45477022030727565,0.33826900107918195
1981-06-18,False,2,0.3790387307993832,0.41777473038775753,0.32931625887057103
1981-06-19,False,2,0.3835979471215856,0.36178323538313917,0.3240445185974987
1981-06-22,False,2,0.38303511613997465,0.4155331340270671,0.3406568569896487
1981-06-23,False,2,0.36776681988544346,0.47342406246919355,0.34232148406663554
1981-06-24,False,2,0.3702930769693151,0.49004838116176824,0.3498373943905838
1981-06-25,False,2,0.3762292727147536,0.4819564640737542,0.3609032915871964
1981-06-26,False,2,0.37942806371957155,0.4289984878709926,0.3448224203346806
1981-06-29,False,2,0.3865447416991882,0.44032170907672563,0.35551930537638043
1981-06-30,False,2,0.39385989967939306,0.5032591799840163,0.38000454725091537
1981-07-01,True,2,0.39208664737829557,0.49728263710994214,0.37700093922306155
1981-07-02,True,2,0.40453888477293165,0.5097732941771154,0.38976267902489875
1981-07-06,True,2,0.4311362966835864,0.47453538029403164,0.3971627284413278
1981-07-07,True,2,0.4361911066920708,0.4151896477249556,0.3849892190647019
1981-07-08,True,2,0.43986569104771467,0.46546862487190477,0.4082569861429085
1981-07-09,True,2,0.4293038522971329,0.4498568529630169,0.38880779852144925
1981-07-10,True,2,0.4224977938891826,0.4334405364924394,0.3755310811839327
1981-07-13,True,2,0.4257745140152161,0.47049368843214107,0.39514101712188576
1981-07-14,True,2,0.4326244689649789,0.4671360519317838,0.40432174609940613
1981-07-15,True,2,0.4332144626114122,0.4784956378555625,0.41048695648388356
1981-07-16,True,2,0.4271579827785074,0.46881968676680674,0.39962487016489584
1981-07-17,True,2,0.42680564542566335,0.4750613394568865,0.3995566240196797
1981-07-20,True,2,0.45325699812676884,0.49251144351427056,0.42102754753522775
1981-07-21,True,2,0.46257443210782945,0.5150133703234872,0.4407574655011923
1981-07-22,True,2,0.4716896383447508,0.489493288265094,0.44098872011118045
1981-07-23,True,2,0.45718528520878543,0.4437105270136175,0.4138701200866309
1981-07-24,True,2,0.43918850631870493,0.4311128286687167,0.3886481714194804
1981-07-27,True,2,0.43351928551531604,0.4820919296372365,0.3958308570927029
1981-07-28,True,2,0.43573618672634995,0.47166788419352285,0.39448716471548806
1981-07-29,True,2,0.41111283433807544,0.4256800765291996,0.3662698816284797
1981-07-30,True,2,0.40076149293202973,0.35701616676394765,0.33106092495454803
1981-07-31,True,2,0.39833940035938364,0.43526798947591855,0.3494277944844319
1981-08-03,True,2,0.4062293451870102,0.47980854513334564,0.3753115782198408
1981-08-04,True,2,0.40576992718426325,0.49038970120645636,0.3792943513207856
1981-08-05,True,2,0.3875641744191228,0.5237097816684174,0.3723419362399431
1981-08-06,True,2,0.38901771749905767,0.5194702454597565,0.37328461944655233
1981-08-07,True,2,0.39707060897366303,0.5139369874283198,0.3788134011566017
1981-08-10,True,2,0.3999526027028046,0.5235808235674007,0.38723937312822343
1981-08-11,True,2,0.40032362169289015,0.47206428477644513,0.37253678595223216
1981-08-12,True,2,0.4035319381001251,0.4873822927933732,0.38089401971760617
1981-08-13,True,2,0.40174311834403503,0.5120814567444613,0.38667982121750577
1981-08-14,True,2,0.4085725117485511,0.5423812745897872,0.40254863677528835
1981-08-17,True,2,0.4234962157303159,0.5483846625124172,0.41554534835491985
1981-08-18,True,2,0.4352390551651861,0.5451317058405584,0.42482630883497235
1981-08-19,True,2,0.43664819907503294,0.532984376343932,0.42441958862108964
1981-08-20,True,2,0.43881221779903834,0.5080302870963282,0.42402489816780037
1981-08-21,True,2,0.45146573133973683,0.5587494023761871,0.45351811031391176
1981-08-24,True,2,0.5001241391950438,0.5734101641715459,0.4779648696320961
1981-08-25,True,2,0.5090469065164144,0.5140813487888096,0.46343674719083294
1981-08-26,True,2,0.49387682365108104,0.5192061904045041,0.4508833682195849
1981-08-27,True,2,0.5046470925250304,0.511517761384437,0.45701804284530106
1981-08-28,True,2,0.5017099885575919,0.5562966873184657,0.4650497671267363
1981-08-31,True,2,0.5193084222353536,0.5268359114418054,0.47131157313395805
1981-09-01,True,2,0.5205468396984037,0.5745564143110746,0.49004413431752764
1981-09-02,True,2,0.5150849216758927,0.5733125567790838,0.4802502004814577
1981-09-03,True,2,0.5409796240626434,0.5681173268001166,0.4983421566794834
1981-09-04,True,2,0.5557231254704051,0.5559319150907494,0.5177746626971248
1981-09-08,True,2,0.5853357576474095,0.5122110104255123,0.5252336929511054
1981-09-09,True,2,0.5843499839714882,0.5174214268667505,0.5231624928691997
1981-09-10,True,2,0.5670651167089543,0.5034990579866251,0.48726863287337113
1981-09-11,True,2,0.5633961910990236,0.4426451933878728,0.45190030879446913
1981-09-14,True,2,0.5548406211788959,0.43510296673513704,0.442903108586744
1981-09-15,True,2,0.559050775401828,0.4521139997189518,0.45279286500700255
1981-09-16,True,2,0.5681784880652853,0.449282625170001,0.4613473656493802
1981-09-17,True,2,0.5898358881481961,0.49434548075855905,0.5042953384969792
1981-09-18,True,2,0.5949089865001377,0.40029557119799336,0.47660916700599026
1981-09-21,True,2,0.5909508093083725,0.4260258567511661,0.481402173000063
1981-09-22,True,2,0.5930149577620961,0.4164317852921859,0.4813206351126819
1981-09-23,True,2,0.6030545623140956,0.4449216230544397,0.4972824660870437
1981-09-24,True,2,0.5978197790252514,0.46046028640208464,0.500052282521063
1981-09-25,True,2,0.6249546291187492,0.4940537179859725,0.5328845725653196
1981-09-28,True,2,0.6130157559307993,0.539835533833645,0.529991839960725
1981-09-29,True,2,0.5902491926722879,0.5343990195995079,0.4998778736973595
1981-09-30,True,2,0.5861248550529574,0.5324900606198263,0.49180111331977955
1981-10-01,True,2,0.5824392308260705,0.530895577960517,0.4855289219176769
1981-10-02,True,2,0.5817970861174011,0.5490255204084968,0.48443437780925186
1981-10-05,True,2,0.5795890425593604,0.5381298787565524,0.47900446698765237
1981-10-06,True,2,0.5810307050508853,0.5407143340281526,0.4854464604826683
1981-10-07,True,2,0.5725742003139781,0.5261648679804953,0.4622045771696966
1981-10-08,True,2,0.5702744376455134,0.575036189378919,0.4742935265505179
1981-10-09,True,2,0.5740532786424394,0.575816655754559,0.48080836368973257
1981-10-12,True,2,0.5775258790208483,0.5733895657360515,0.48474809444103734
1981-10-13,True,2,0.5582018637465657,0.5729463265087044,0.46765341766077
1981-10-14,True,2,0.5697125350369525,0.5773393020958206,0.47892575320749653
1981-10-15,True,2,0.5578259162879513,0.579916249247625,0.46524268934057283
1981-10-16,True,2,0.560693205222279,0.5815155556758901,0.46829202299381084
1981-10-19,True,2,0.5673360444912932,0.5811877431913388,0.479774102779976
1981-10-20,True,2,0.5660478799633937,0.5808976384460122,0.4762868934679651
1981-10-21,True,2,0.5620431287178296,0.5822212676687369,0.47326501434169166
1981-10-22,True,2,0.5658016013017345,0.5826773332949495,0.478640972510901
1981-10-23,True,2,0.5767398939720133,0.5832520522985007,0.4927156239357246
1981-10-26,True,2,0.5856902611464291,0.5802415631355817,0.5063889371182893
1981-10-27,True,2,0.5766314777209991,0.5820237400224368,0.4927804422623416
1981-10-28,True,2,0.5764552574057223,0.5699535841159604,0.4890085119997066
1981-10-29,True,2,0.5841616193125707,0.5680469556773703,0.49820686114998436
1981-10-30,True,2,0.5808161808092014,0.5597552154906319,0.4822421053820517
1981-11-02,True,2,0.5692444418790921,0.5183248294207369,0.44791851634132357
1981-11-03,True,2,0.5662524323831171,0.5079636114177926,0.44131184879792396
1981-11-04,True,2,0.5692051496555226,0.5042764402065122,0.4446230769119853
1981-11-05,True,2,0.5737752561179404,0.515666232454648,0.4547521233205254
1981-11-06,True,2,0.5793548511852026,0.5074932219018892,0.4591606203225439
1981-11-09,True,2,0.5742256478595954,0.5542720713025728,0.4719335819040988
1981-11-10,True,2,0.5641306985943135,0.5270488923209303,0.45175524525630656
1981-11-11,True,2,0.5529502168793863,0.5197350599771403,0.43633497762202417
1981-11-12,True,2,0.5530034896501224,0.5107819153403188,0.4331714587556904
1981-11-13,True,2,0.5671741716187662,0.5142204985675657,0.45069149787215157
1981-11-16,True,2,0.5779255785527363,0.5130251916428937,0.45928670677903777
1981-11-17,True,2,0.5333995519601463,0.49431738586627255,0.41620279642568936
1981-11-18,True,2,0.5289216460469521,0.531692983045995,0.42510583311077493
1981-11-19,True,2,0.5277516147923477,0.5352735360229285,0.42632896769616424
1981-11-20,True,2,0.5118555451064494,0.5254368046104917,0.40541008186644695
1981-11-23,True,2,0.5163965859404996,0.5176040901627024,0.40919214868105536
1981-11-24,True,2,0.4948585457967149,0.4956075988164426,0.3789806213217403
1981-11-25,True,2,0.49048800013794114,0.4436086148676712,0.3575517412264964
1981-11-27,True,2,0.4890818895815294,0.4930979115138312,0.3720443268164086
1981-11-30,True,2,0.4594124044407888,0.4395289696472788,0.32947513028686104
1981-12-01,True,2,0.44596286091582477,0.47741019779424637,0.3303564276180909
1981-12-02,True,2,0.4235075756757184,0.4171190049035921,0.2979365535180513
1981-12-03,True,2,0.4264543253685429,0.40966433095678834,0.29784843575187747
1981-12-04,True,2,0.42850435865255254,0.4494261976967025,0.3165001489739297
1981-12-07,True,2,0.4448965572911797,0.422188311583919,0.32608830196081745
1981-12-08,True,2,0.44462611563232646,0.4762889843979777,0.3425571351400303
1981-12-09,True,2,0.4369451685012696,0.46776399499269317,0.33338149881852264
1981-12-10,True,2,0.42212289920578067,0.4444386348273084,0.31331828789660476
1981-12-11,True,2,0.40603635588147685,0.5231741986860886,0.3272122257796217
1981-12-14,True,2,0.4175888758965813,0.4865908817396302,0.32158726189045694
1981-12-15,True,2,0.42026214541493057,0.5567906476494762,0.3454757397758559
1981-12-16,True,2,0.4184204015732999,0.45326903157859755,0.3106418191122051
1981-12-17,True,2,0.396628807666775,0.49562564612503757,0.3078705359201162
1981-12-18,True,2,0.3881834016881128,0.5023676860941274,0.30026623993868673
1981-12-21,True,2,0.3516047434553963,0.4983049439143776,0.27935785857504836
1981-12-22,True,2,0.3620894617636647,0.45013330330643,0.27807389938870414
1981-12-23,True,2,0.3708860483090781,0.5459075567796517,0.3200595242668696
1981-12-24,True,2,0.37333475298703367,0.5324267860540611,0.3179781151578384
1981-12-28,True,2,0.38075749546840265,0.4949384159639214,0.3128436897032416
1981-12-29,True,2,0.39184807234487595,0.47535123409478547,0.32580756624076324
1981-12-30,True,2,0.39305234283154955,0.4746962393998837,0.3248793593151633
1981-12-31,True,2,0.3885210315598993,0.5355590988120935,0.3351200508007937
1982-01-04,True,2,0.3898409831111343,0.47047232491622587,0.32756774429639657
1982-01-05,True,2,0.4250309141692404,0.4985012621361439,0.3656650533336309
1982-01-06,True,2,0.43229286860039273,0.45949688382915727,0.3560265270747912
1982-01-07,True,2,0.43297230028635414,0.46609564615055954,0.35834967871927415
1982-01-08,True,2,0.42850581178151975,0.4609373543103732,0.35146282458072553
1982-01-11,True,2,0.4531654717469515,0.41123645882723797,0.346590465082318
1982-01-12,True,2,0.4637011118219229,0.3989574893234354,0.35380429173838385
1982-01-13,True,2,0.4783074398922244,0.37040880477994126,0.3544600743642836
1982-01-14,True,2,0.4739167372836907,0.4774563633636544,0.38465629919244676
1982-01-15,True,2,0.47467910136565056,0.4347425335540819,0.37312740667923106
1982-01-18,True,2,0.47030791193115035,0.43393923309944793,0.36776245575135585
1982-01-19,True,2,0.47461449138828715,0.5179084173160083,0.3983022223718176
1982-01-20,True,2,0.4716547752990848,0.5695021437557956,0.41414548162155485
1982-01-21,True,2,0.4651638566592202,0.5238581643711637,0.3899443231521016
1982-01-22,True,2,0.47383855114207907,0.5283724988581014,0.40665795469758886
1982-01-25,True,2,0.48411415330711033,0.4679774101730933,0.3954136758146562
1982-01-26,True,2,0.4835875812135601,0.5669388740019392,0.4301901376665532
1982-01-27,True,2,0.4831952699395582,0.4592390226202788,0.4092220738401974
1982-01-28,True,2,0.49104050226709284,0.5215142046419434,0.4205307609558641
1982-01-29,True,2,0.4896046563576084,0.568263220348843,0.42770023814259023
1982-02-01,True,2,0.5117181227346556,0.5207279652061385,0.42912554830074157
1982-02-02,True,2,0.5028634240416712,0.5258301451825979,0.41887856515764416
1982-02-03,True,2,0.5042273766413633,0.5316076308955368,0.4217717541889208
1982-02-04,True,2,0.5067761109748136,0.4530253021257456,0.39540362867463524
1982-02-05,True,2,0.4991440077247868,0.5245564444652224,0.4082310944409003
1982-02-08,True,2,0.5349612428749957,0.5286907345013955,0.4375677804556767
1982-02-09,True,2,0.5504299271641324,0.5573328058240028,0.4630460698691791
1982-02-10,True,2,0.5345345187607177,0.4724308973726054,0.41475537286108244
1982-02-11,True,2,0.5160578209144443,0.5141351945864852,0.4154006104081639
1982-02-12,True,2,0.5187990969731994,0.48087364564370494,0.4071982149413439
1982-02-16,True,2,0.5181060888990507,0.4776849844720723,0.40405187750062854
1982-02-17,True,2,0.5183925917070218,0.4811438448966987,0.40563112055927686
1982-02-18,True,2,0.5217511749608614,0.5285496548931197,0.42864732261548655
1982-02-19,True,2,0.5245815152942105,0.5126321621518517,0.4258413474940958
1982-02-22,True,2,0.5421768059519622,0.4798288489484073,0.43900038822941123
1982-02-23,True,2,0.5478308878559244,0.4700487665920362,0.4432537030515732
1982-02-24,True,2,0.5468121012731312,0.4928172726865177,0.4477265884799411
1982-02-25,True,2,0.5490332575420103,0.44812868711302106,0.43664895754639554
1982-02-26,True,2,0.5513573311000846,0.4903638677131789,0.4542804497328895
1982-03-01,True,2,0.5415784980157966,0.4496748546744008,0.4305809084789528
1982-03-02,True,2,0.5425236607082249,0.3543082464719157,0.3994667988902486
1982-03-03,True,2,0.5643652739849213,0.29659290926508314,0.401630037531809
1982-03-04,True,2,0.5710926288592442,0.3116016143609229,0.41649611624317284
1982-03-05,True,2,0.5799724406502601,0.3774452968701649,0.453880518459004
1982-03-08,True,2,0.6096574067748525,0.48628901332892904,0.5242977637710026
1982-03-09,True,2,0.6082634182206933,0.48410859294171166,0.5247588210853319
1982-03-10,True,2,0.602016537698703,0.4869148807198013,0.5170812186589138
1982-03-11,True,2,0.5862649265868031,0.5132931902173088,0.5160882254051886
1982-03-12,True,2,0.5975045856364897,0.4619761921577593,0.511475780653687
1982-03-15,True,2,0.5934599752507341,0.4691360273975252,0.5116468831638475
1982-03-16,True,2,0.5950948632154452,0.47048275845517945,0.5163819274393963
1982-03-17,True,2,0.5988965277320268,0.47550934213991614,0.5255240129974463
1982-03-18,True,2,0.5898962557763447,0.48836334737706133,0.5123371030460262
1982-03-19,True,2,0.5836481889417926,0.48952347825684234,0.5035081838636504
1982-03-22,True,2,0.578212006088703,0.47399589722585367,0.47625368827847764
1982-03-23,True,2,0.5750566123651024,0.4845035490767873,0.4764263958359998
1982-03-24,True,2,0.5748384724256107,0.4869700164717724,0.4773143392637151
1982-03-25,True,2,0.5673982040342237,0.5071590587751391,0.4761101263908545
1982-03-26,True,2,0.5782004604770079,0.4963019754413986,0.48481919813549984
1982-03-29,True,2,0.5809285224808959,0.513075949818782,0.49576122065682243
1982-03-30,True,2,0.5825561371547713,0.5131667875148418,0.49697449787351844
1982-03-31,True,2,0.5576261161301751,0.5013613286335536,0.4710688289898885
1982-04-01,True,2,0.5437030175168637,0.4796972215452569,0.4432509077672295
1982-04-02,True,2,0.5353903335057988,0.482895606078034,0.43216186997949124
1982-04-05,True,2,0.5385049699993891,0.5316221173035824,0.45476708579110137
1982-04-06,True,2,0.49491119035846276,0.47309633104268617,0.3980887291372501
1982-04-07,True,2,0.48578165578764076,0.4767845829371829,0.390131007433243
1982-04-08,True,2,0.46384966392380744,0.4533414887528972,0.3615157418091931
1982-04-12,True,2,0.4683794320097001,0.45814583508867446,0.3685563699319776
1982-04-13,True,2,0.47154449937248266,0.501880411879002,0.38743350374636376
1982-04-14,True,2,0.47683489181224614,0.5113879981362549,0.3957234094856136
1982-04-15,True,2,0.4642291260310296,0.5694252580219125,0.4034619111625126
1982-04-16,True,2,0.45470719202106097,0.4992977250445854,0.36820093189295056
1982-04-19,True,2,0.45623938489046617,0.4537388504843895,0.3547696022976927
1982-04-20,True,2,0.46191349269950244,0.4785013336767995,0.3659570791684629
1982-04-21,True,2,0.45203130869533703,0.4898088735443411,0.36082368617326466
1982-04-22,True,2,0.4438207769069692,0.47529935683469454,0.34459341454559816
1982-04-23,True,2,0.44124339936804025,0.44441162331369344,0.33006812699589816
1982-04-26,True,2,0.4377841668516879,0.45793024856692954,0.3527291684552765
1982-04-27,True,2,0.4534393926550978,0.46304792012076196,0.3743471836887595
1982-04-28,True,2,0.4363531040130601,0.48875774706995684,0.3705579707119104
1982-04-29,True,2,0.44920059693874803,0.47607281838070264,0.37866875137950345
1982-04-30,True,2,0.44158578832893836,0.42318596150824506,0.3529994443895483
1982-05-03,True,2,0.437293017947269,0.4068175955728061,0.3424235364290881
1982-05-04,True,2,0.43848478386967105,0.44551456718208077,0.35834968918152854
1982-05-05,True,2,0.4014076021178375,0.38790971814068614,0.3203092469339964
1982-05-06,True,2,0.38199787953976466,0.3584990289412472,0.2953901933542984
1982-05-07,True,2,0.3832734468358221,0.30165255345716735,0.2792386691613577
1982-05-10,True,2,0.39144342782140923,0.3523957049853084,0.3006184795859114
1982-05-11,True,2,0.3869543704125202,0.24072664580777042,0.2561128226334666
1982-05-12,True,2,0.38496900735560535,0.3148111900949664,0.28066813439724364
1982-05-13,True,2,0.39013290620726065,0.2922811452192303,0.27654229512171535
1982-05-14,True,2,0.39148423948634603,0.27314159637129076,0.2706603244797778
1982-05-17,True,2,0.40033602105724964,0.4527691553360182,0.33378762663818834
1982-05-18,True,2,0.3956638392380577,0.2967853945354394,0.27728610753487654
1982-05-19,True,2,0.40115836853334597,0.3606778659627273,0.30078849629609716
1982-05-20,True,2,0.41342628440711826,0.41881732921595105,0.33539111173036534
1982-05-21,True,2,0.4149439946769957,0.41727886678456777,0.33470756078504676
1982-05-24,True,2,0.4145892506959602,0.4164659427734849,0.3338887810782678
1982-05-25,True,2,0.4199804389432182,0.43526030562596446,0.343550237115291
1982-05-26,True,2,0.43749546491789804,0.4645214740702854,0.3625788946039789
1982-05-27,True,2,0.4229324697742194,0.40229348923190933,0.3311536796988293
1982-05-28,True,2,0.40842019444084515,0.44442436270622404,0.33371109902530266
1982-06-01,True,2,0.4018437300612497,0.468828811344921,0.33280280195624706
1982-06-02,True,2,0.3653998376483147,0.5557529140971497,0.33629847323328244
1982-06-03,True,2,0.3721390175888823,0.5555829494731751,0.34022230493979316
1982-06-04,True,2,0.39814225376740203,0.5274272032033118,0.34742475413257223
1982-06-07,True,2,0.39537399194578393,0.5293062753414622,0.34474934607932584
1982-06-08,True,2,0.3878052677841334,0.49935927455313367,0.3286074208691681
1982-06-09,True,2,0.4000283540177466,0.5454902436902586,0.3500338417350846
1982-06-10,True,2,0.3992203767126115,0.5747185277073281,0.35597368368676874
1982-06-11,True,2,0.396054517729583,0.47911815472763275,0.3078061144234885
1982-06-14,True,2,0.416111279242246,0.5198568008474478,0.34189379522622715
1982-06-15,True,2,0.423418199045176,0.5187441658789774,0.3520027265930683
1982-06-16,True,2,0.42638352119199907,0.5094418169487822,0.37503924906243197
1982-06-17,True,2,0.4452244383987315,0.5187506764463481,0.39476199365218856
1982-06-18,True,2,0.4511889885866152,0.5101915405873709,0.3960304518362417
1982-06-21,True,2,0.4531259176107419,0.4570401163250338,0.38111702125281643
1982-06-22,True,2,0.439697060012476,0.4833953545095813,0.3741326377281772
1982-06-23,True,2,0.437651100851573,0.5599595615648939,0.3830900224532877
1982-06-24,True,2,0.4402710363357737,0.5071930373355605,0.3717187986025851
1982-06-25,True,2,0.4465781392560696,0.5087135428602685,0.3779848259837795
1982-06-28,True,2,0.44680351457810213,0.4297666370709439,0.3565924337752399
1982-06-29,True,2,0.4500137338393381,0.5737380395868742,0.4171023875242874
1982-06-30,True,2,0.45033580776486737,0.5751500338239625,0.41754622411067965
1982-07-01,True,2,0.46290983859053425,0.5665511919571609,0.427559028952405
1982-07-02,True,2,0.4749406812622549,0.506760179950953,0.41852976149598886
1982-07-06,True,2,0.48399290747857776,0.5047212055087102,0.4323573420147873
1982-07-07,True,2,0.4845936029915198,0.45421825679410194,0.4187946581491301
1982-07-08,True,2,0.484501540579176,0.48007193204739707,0.4309846346256231
1982-07-09,True,2,0.4805919949540116,0.44445791846637767,0.39925555021493403
1982-07-12,True,2,0.47943076516367056,0.43027623514244107,0.3921988237131344
1982-07-13,True,2,0.48414173861086635,0.4788211419734985,0.41771167171831086
1982-07-14,True,2,0.4836627204290418,0.3993091646399501,0.39200722089645723
1982-07-15,True,2,0.4737266265184487,0.42570411916369644,0.39337237923358465
1982-07-16,True,2,0.4721227183470453,0.5105030963713995,0.41979218656864115
1982-07-19,True,2,0.47646357608974965,0.4982657821828519,0.42793802253343527
1982-07-20,True,2,0.47646040721521005,0.5047638639429873,0.4319619072567833
1982-07-21,True,2,0.47957733000402486,0.45108716125909754,0.42143492891710216
1982-07-22,True,2,0.4689985948221181,0.42320244088086717,0.40404643386809197
1982-07-23,True,2,0.4667937887247724,0.3777949841586394,0.3874355770903076
1982-07-26,True,2,0.46509981602933786,0.3898832535026759,0.39078337541966013
1982-07-27,True,2,0.4736994323508261,0.36358069138160176,0.3903994977417773
1982-07-28,True,2,0.5003150204665404,0.430917838595188,0.43307897785010313
1982-07-29,True,2,0.506798739062626,0.4049911728870834,0.43488445264603753
1982-07-30,True,2,0.5103140973850565,0.4084626659653374,0.4402818740006965
1982-08-02,True,2,0.5106500290417595,0.3796599600929213,0.42359094652208445
1982-08-03,True,2,0.5210493229995761,0.4704892623687314,0.4697291280440445
1982-08-04,True,2,0.530537108091922,0.4954369784537442,0.4857751959293864
1982-08-05,True,2,0.5440184024002134,0.5081170909890346,0.5088578421042486
1982-08-06,True,2,0.5579539422518673,0.49546860373131535,0.5156262083129826
1982-08-09,True,2,0.5650821569243945,0.4608295126216006,0.5097314696682105
1982-08-10,True,2,0.5661289419557781,0.5027002380200236,0.5261308400722831
1982-08-11,True,2,0.5585357595190822,0.4505638398443717,0.5034299783744406
1982-08-12,True,2,0.5535624986883112,0.49006741396324693,0.5141250863719522
1982-08-13,True,2,0.5423748195641851,0.38557846284758923,0.4616657134083329
1982-08-16,True,2,0.5332393705080302,0.3915800436514074,0.4537310023764689
1982-08-17,True,2,0.55095946829545,0.3668344833858224,0.41649498894525394
1982-08-18,True,2,0.5453843798847927,0.4137414650420459,0.43244584456698804
1982-08-19,True,2,0.5401521707340091,0.31736166690453865,0.3928546061115817
1982-08-20,True,2,0.5250434588529768,0.42662517626914515,0.3963555198292865
1982-08-23,True,2,0.5154281399241598,0.456655470749213,0.38254530845488227
1982-08-24,True,2,0.5116854258009852,0.47424258990521373,0.38961257579046243
1982-08-25,True,2,0.49589232130624494,0.4018306073736287,0.34516639785165953
1982-08-26,True,2,0.4899748229963874,0.387113201437432,0.3329983039195278
1982-08-27,True,2,0.4994788587639809,0.3860502019011436,0.34174980675108657
1982-08-30,True,2,0.4741041617543245,0.3005710525270399,0.2922750162655424
1982-08-31,True,2,0.4641063304767834,0.46587176479534204,0.3329160795997792
1982-09-01,True,2,0.46829185190693057,0.4231817937561826,0.32401712827902024
1982-09-02,True,2,0.4490767724753658,0.4243719565306549,0.3047930868175819
1982-09-03,True,2,0.4415624275859158,0.4148797579100691,0.29165316535602126
1982-09-07,True,2,0.46432675154388164,0.4199842946497959,0.3192276266108663
1982-09-08,True,2,0.4435131175347867,0.40691727928117744,0.2983265706086695
1982-09-09,True,2,0.4390171690427895,0.4023928870543843,0.29294798409926387
1982-09-10,True,2,0.4442533337862349,0.4115168688007235,0.29974642313348937
1982-09-13,True,2,0.42413331177797275,0.4274473509688835,0.2887464733490276
1982-09-14,True,2,0.40804256169412395,0.38406711020407075,0.2623253353168412
1982-09-15,True,2,0.40077154699361955,0.4535745635517188,0.27514238772632765
1982-09-16,True,2,0.40912442117817394,0.4404141521453131,0.27938869987528975
1982-09-17,True,2,0.4297074962331416,0.4423966054634063,0.30237743083200846
1982-09-20,True,2,0.43134480978332246,0.4607879423342442,0.30865687337163794
1982-09-21,True,2,0.41426291245198954,0.4572780109880495,0.28877495429044064
1982-09-22,True,2,0.4226411375412267,0.4719022966889047,0.30293774330026474
1982-09-23,True,2,0.4275155660784734,0.46344235528212196,0.30387827565630926
1982-09-24,True,2,0.4301603457036321,0.4449424732478493,0.30019606235287594
1982-09-27,True,2,0.41843972784657263,0.4493867453825782,0.29319142777279494
1982-09-28,True,2,0.4088595446418722,0.46000439893625916,0.2890037973387367
1982-09-29,True,2,0.42168583971128665,0.427321799065019,0.2876953968713674
1982-09-30,True,2,0.4287146284070137,0.40121186346565124,0.28363365489206327
1982-10-01,True,2,0.42284212618100225,0.440021048111485,0.28719243474221695
1982-10-04,True,2,0.43627989495726405,0.4363813291562346,0.3029041216599703
1982-10-05,True,2,0.43938112944341035,0.451819213516154,0.3092667035172699
1982-10-06,True,2,0.4292157374203337,0.40952879825135113,0.2792838107767881
1982-10-07,True,2,0.4202507942586168,0.419510558603751,0.26893746495950505
1982-10-08,True,2,0.4107016068801999,0.4675874466032962,0.2727914195659867
1982-10-11,True,2,0.4037533482790707,0.49221366954194834,0.2686685600153598
1982-10-12,True,2,0.40424100720066086,0.520779204284642,0.28053917767878644
1982-10-13,True,2,0.4002124722241759,0.4493299911146715,0.25679925439585244
1982-10-14,True,2,0.4177310519635973,0.49707578732951363,0.2845487442129177
1982-10-15,True,2,0.425784358069377,0.48353979763590604,0.287333480462521
1982-10-18,True,2,0.4110542034905069,0.5084902704524518,0.27882807942107773
1982-10-19,True,2,0.4024889825242451,0.500589660436835,0.2710120951328198
1982-10-20,True,2,0.3820552535215548,0.5147551097577968,0.25588936366345344
1982-10-21,True,2,0.3547656854882672,0.5662030983954155,0.2507550795064594
1982-10-22,True,2,0.3458309180293665,0.5746632318932557,0.24579605121493192
1982-10-25,True,2,0.3997039195595541,0.5833948678679889,0.2851484413207043
1982-10-26,True,2,0.408017923122998,0.58271728484257,0.294724534639288
1982-10-27,True,2,0.3894813549279145,0.5403441930825198,0.2639491798971237
1982-10-28,True,2,0.3775141301385928,0.5275028362503915,0.25218034933140343
1982-10-29,True,2,0.36272913224943243,0.5143470836900423,0.23711509941968814
1982-11-01,True,2,0.33719671213511937,0.5061342059111592,0.21513083423019633
1982-11-02,False,2,0.3137105984761638,0.49375545677450283,0.19305612683858075
1982-11-03,False,2,0.3007395843560314,0.5124971496963117,0.1798569332923607
1982-11-04,False,2,0.2988673027745718,0.5589796172197496,0.1891878058097331
1982-11-05,False,2,0.29029815532595227,0.5147621859764722,0.17309426184126347
1982-11-08,False,2,0.3072133500533903,0.5314374014531424,0.18876869069328306
1982-11-09,False,2,0.30005197296175506,0.5331082047661443,0.18131436517889496
1982-11-10,False,2,0.32130029746046396,0.5709362709253161,0.21509274666623598
1982-11-11,False,2,0.321733109572568,0.5323969733659759,0.20455436425238868
1982-11-12,False,2,0.3322223575372627,0.561809750646042,0.21868828991533573
1982-11-15,False,2,0.36934989978875293,0.5007419754216372,0.23711625474276074
1982-11-16,False,2,0.39999958630384197,0.519706352767971,0.2732547854659994
1982-11-17,False,2,0.39054575240473927,0.49460458390239526,0.2538538196847134
1982-11-18,False,2,0.3980915426438274,0.48162163721133366,0.25860882189110507
1982-11-19,False,2,0.41255976312181514,0.4164218871433857,0.2536670371196737
1982-11-22,False,2,0.4266453239370711,0.46165918567937547,0.27465259027495764
1982-11-23,False,2,0.4396363006468986,0.426320630861392,0.2748995089737428
1982-11-24,False,2,0.44502109034408527,0.48708300942963606,0.29991015095356427
1982-11-26,False,2,0.42801515072571483,0.4993386714975718,0.2873691867897511
1982-11-29,False,2,0.44262354553444794,0.4950819493223429,0.3010258500993684
1982-11-30,False,2,0.4424592020180746,0.4976215560978081,0.29827019598123816
1982-12-01,False,2,0.4240417960998295,0.48976582979279737,0.27992333032501626
1982-12-02,False,2,0.4305919612555979,0.48559500062467387,0.28404370696049075
1982-12-03,False,2,0.4317481150911508,0.480589796094494,0.28332233567893894
1982-12-06,False,2,0.4116421843638377,0.48389544551974284,0.26699637368739104
1982-12-07,False,2,0.4117809501169972,0.48842827130961963,0.26764087930948954
1982-12-08,False,2,0.42685613242938614,0.512368558728581,0.2906854700428719
1982-12-09,False,2,0.4558966084027092,0.5106727123725875,0.32165784911287215
1982-12-10,False,2,0.467318815447059,0.5128085911448175,0.3352595621502574
1982-12-13,False,2,0.45424689756272324,0.5671739452258799,0.3399759242720061
1982-12-14,False,2,0.47295839728054023,0.5826832553142165,0.3623936779589902
1982-12-15,False,2,0.5087680170900584,0.5843663016167043,0.4003417943347736
1982-12-16,False,2,0.5086337664137063,0.5921595303272501,0.4030868052460595
1982-12-17,False,2,0.49491863288365023,0.5923470369731552,0.3861960196392791
1982-12-20,False,2,0.5005120192646193,0.6295310509954855,0.40576444921980237
1982-12-21,False,2,0.49215597287081714,0.590485194118995,0.38005188406543394
1982-12-22,False,2,0.48722516889883744,0.5896710371054158,0.37531557315793723
1982-12-23,False,2,0.4632858665459841,0.6290749768234036,0.36685059727093805
1982-12-27,False,2,0.44399707451487697,0.5910535016457807,0.335361334944944
1982-12-28,False,2,0.4599092840384082,0.6286674415112408,0.36495750405562394
1982-12-29,False,2,0.45225840878285617,0.5918494507025699,0.3439116582606587
1982-12-30,False,2,0.46257730354475185,0.5912935732750606,0.35406464660142645
1982-12-31,False,2,0.469110468781645,0.590229758011422,0.36544880135908037
1983-01-03,False,2,0.49787014709457494,0.585808003215995,0.39679577322931453
1983-01-04,False,2,0.49973502314813956,0.587791551808294,0.4002470415096404
1983-01-05,False,2,0.5059053253592201,0.579279268808019,0.4121469865966515
1983-01-06,False,2,0.49431325948698696,0.5354094613304062,0.3771128869796583
1983-01-07,False,2,0.5016754135880281,0.5332176421171337,0.3868531257612992
1983-01-10,False,2,0.4760706118817785,0.5355086741329214,0.3614487913693194
1983-01-11,False,2,0.4752924490700216,0.5438648215210593,0.3634698999262785
1983-01-12,False,2,0.4800255040151513,0.5431410117229273,0.3719000392851561
1983-01-13,False,2,0.48435229893461823,0.5523969969625414,0.37875178234189505
1983-01-14,False,2,0.48806333691265547,0.48498502835307716,0.36285334103782013
1983-01-17,False,2,0.4883351469067418,0.5125094820661851,0.37059537203255727
1983-01-18,False,2,0.49621578825066875,0.5561965888379676,0.39281776692887077
1983-01-19,False,2,0.4473169180004395,0.535600553393636,0.35223412799991016
1983-01-20,False,2,0.44873407686953687,0.5686542642371939,0.36431529275325736
1983-01-21,False,2,0.4774182224619568,0.5782282509742415,0.39483841154334337
1983-01-24,False,2,0.5150878266995058,0.5841971714907864,0.4252147626115882
1983-01-25,False,2,0.50942115554637,0.5828636793864317,0.41695450611417806
1983-01-26,False,2,0.5157218700307163,0.5806137430971497,0.4256900746741217
1983-01-27,False,2,0.5155738923765572,0.571816031119082,0.4222457250412601
1983-01-28,False,2,0.5161406102633004,0.570907408496218,0.4440153124167191
1983-01-31,False,2,0.5083059055156244,0.5747108426510902,0.43417561690078826
1983-02-01,False,2,0.5238486363864308,0.5650152686034652,0.4482054864737854
1983-02-02,False,2,0.5129048978844925,0.5737869863824935,0.43947806512819115
1983-02-03,False,2,0.5170344021877936,0.5750874655770812,0.45150803324765454
1983-02-04,False,2,0.4981850574916249,0.5802565341717689,0.4291712000932554
1983-02-07,False,2,0.49856482612115566,0.5833960040016916,0.42948823955171944
1983-02-08,False,2,0.4981552575834343,0.5833425187268362,0.4285359681268259
1983-02-09,False,2,0.47500987847259857,0.5827439826881862,0.40992246575643115
1983-02-10,False,2,0.4476958110634001,0.5771703967057866,0.378533145608288
1983-02-11,False,2,0.45401240419234434,0.571607942266674,0.3870364706123103
1983-02-14,False,2,0.45107544352326623,0.5663128819236409,0.3805174644933334
1983-02-15,False,2,0.4468050415688251,0.5535358200383812,0.3718602802977987
1983-02-16,False,2,0.42468482404950636,0.555277187726207,0.35639186660460787
1983-02-17,False,2,0.41844548841355766,0.5585144693950842,0.3512574903454996
1983-02-18,False,2,0.41930084870865175,0.5166599067218797,0.3386188211920386
1983-02-22,False,2,0.44055426287978666,0.5334343702794625,0.36680335988034357
1983-02-23,False,2,0.43185641587910817,0.5151003519667069,0.3505157574998115
1983-02-24,False,2,0.42914208087253536,0.488195893796617,0.3459333079758148
1983-02-25,False,2,0.4367491767100034,0.5476210421646869,0.37433741552187394
1983-02-28,False,2,0.4477719848887188,0.5633441735718808,0.3916404178164152
1983-03-01,False,2,0.4382240465396227,0.5232502520694456,0.36376769805030656
1983-03-02,False,2,0.44001096595879025,0.562036316419552,0.3791705378298402
1983-03-03,False,2,0.4392414391898309,0.4920587825929905,0.3547235692910867
1983-03-04,False,2,0.4289173077486041,0.48847312236849844,0.3420005104844502
1983-03-07,False,2,0.40489735555265766,0.5452876413439137,0.3371553942312876
1983-03-08,False,2,0.40870796598866677,0.47311743593479866,0.3151754967657771
1983-03-09,False,2,0.4049232672535029,0.5134521943763252,0.3226851199794353
1983-03-10,False,2,0.38546183316835864,0.520996220744627,0.30954747703488955
1983-03-11,False,2,0.3631795264021826,0.48410995414377606,0.28356285227933564
1983-03-14,False,2,0.3666821570759765,0.4320416458500593,0.26978016446696423
1983-03-15,False,2,0.3743957163454341,0.42676225351916497,0.27940416059840933
1983-03-16,False,2,0.37252322376877656,0.36904378771772584,0.26177496847515785
1983-03-17,False,2,0.38277745365458227,0.44580553891544894,0.2970368294206639
1983-03-18,False,2,0.3836723345105447,0.4112521637141168,0.28677737087723953
1983-03-21,False,2,0.38367963912839614,0.4224756969286785,0.2913075624965303
1983-03-22,False,2,0.3890970686586186,0.41481552861380516,0.2957245884844418
1983-03-23,False,2,0.37365604226686766,0.350878790360608,0.2586628663500018
1983-03-24,False,2,0.3737343223394637,0.34016001244798544,0.2556941677190177
1983-03-25,False,2,0.3682317178039646,0.32921420478733254,0.2495667425036515
1983-03-28,False,2,0.37977296079738765,0.3327996113664621,0.25992571138305925
1983-03-29,False,2,0.3651058245754669,0.43815709621015975,0.28134488908619737
1983-03-30,False,2,0.3667779630420947,0.46289512347838435,0.29021055598859424
1983-03-31,False,2,0.37619094474981746,0.41652292018410114,0.28289904886861933
1983-04-04,False,2,0.3853045442148849,0.3286539933645427,0.2727479011815549
1983-04-05,False,2,0.392885891315304,0.2852022068222366,0.26328981361130194
1983-04-06,False,2,0.40636219218635977,0.34752093986375826,0.2966838963457227
1983-04-07,False,2,0.3995495696380912,0.30659097853559286,0.27753461015755165
1983-04-08,False,2,0.40112082563402435,0.2895401597015865,0.27211606653832426
1983-04-11,False,2,0.3908468208395028,0.3385108127383941,0.2742314505651377
1983-04-12,False,2,0.39428889316915916,0.41249025456758576,0.3021776669565885
1983-04-13,False,2,0.3926267139381141,0.4936971416263894,0.32438949025498853
1983-04-14,False,2,0.3841206920603931,0.5236820271192817,0.3240037643075334
1983-04-15,False,2,0.3672570609184736,0.496842081263078,0.2998030872087426
1983-04-18,False,2,0.36292252945776665,0.5010247577350195,0.295484786597142
1983-04-19,False,2,0.34736893296180693,0.5261147163495304,0.2954042959144849
1983-04-20,False,2,0.29088656639754995,0.38140140867157185,0.22658323741537564
1983-04-21,False,2,0.2985232105807007,0.4565594803373706,0.25836912377948956
1983-04-22,False,2,0.2982033300650656,0.3798208364297585,0.23729916295326328
1983-04-25,False,2,0.31381921077699027,0.3360968800024477,0.2439010381009047
1983-04-26,False,2,0.31033456079062377,0.32847049433591646,0.2341036824116926
1983-04-27,False,2,0.31649746448863314,0.22671243764149682,0.20777167434078894
1983-04-28,False,2,0.299942332614579,0.22719285755281432,0.19665799487328675
1983-04-29,False,2,0.29608423219398583,0.33494316659990625,0.22401255697956904
1983-05-02,False,2,0.31330577737949183,0.33753761005523164,0.23507417209346526
1983-05-03,False,2,0.31886316272223897,0.34387876686600277,0.24619108109132598
1983-05-04,False,2,0.31659066106089323,0.3155248188122127,0.2339614747310126
1983-05-05,False,2,0.3039913045248823,0.21515627674870821,0.19140241412440154
1983-05-06,False,2,0.29522453706896684,0.23034775112337016,0.18647730249849642
1983-05-09,False,2,0.29963266298014596,0.24964924549115727,0.2017220761078902
1983-05-10,False,2,0.29750583991563534,0.1940387400081195,0.18186426707973638
1983-05-11,False,2,0.30974376093958456,0.28664663870928686,0.22067100149517518
1983-05-12,False,2,0.31319445553017805,0.3434100506758327,0.23957479297866394
1983-05-13,False,2,0.30465794902252585,0.2549071825249703,0.2073420649498049
1983-05-16,False,2,0.32047732657581823,0.28091628331300633,0.22154968112220963
1983-05-17,False,2,0.3207881703711763,0.2647850119201787,0.21656470641312073
1983-05-18,False,2,0.3040076367846204,0.24697311017608828,0.2010190843743212
1983-05-19,False,2,0.31549634841185453,0.33438438617534094,0.23518257799838713
1983-05-20,False,2,0.3208039379753862,0.3488935521778616,0.25253163458024425
1983-05-23,False,2,0.3142432344306314,0.2542182046944058,0.21671121515873873
1983-05-24,False,2,0.29755671875866585,0.2837162849519067,0.2115692454629183
1983-05-25,False,2,0.29917523775231464,0.27243512897431554,0.2154604775723556
1983-05-26,False,2,0.304278136870733,0.27439849447748366,0.22279157466773764
1983-05-27,False,2,0.3108700813505213,0.26575572879283016,0.22649952807172605
1983-05-31,False,2,0.3291104300657788,0.284750309433733,0.24111128106840757
1983-06-01,False,2,0.3301689561719014,0.31017261219185804,0.2493045024834827
1983-06-02,False,2,0.3088249918581708,0.23955615019401613,0.21278765573889485
1983-06-03,False,2,0.3097545664504751,0.1696243725293578,0.18992714318700324
1983-06-06,False,2,0.3040337395086849,0.31982609311028115,0.23486033627730374
1983-06-07,False,2,0.3103145830768773,0.2565111068519518,0.21887122194152603
1983-06-08,False,2,0.31357484652380685,0.2835395996505986,0.22907923298021743
1983-06-09,False,2,0.3115596577477815,0.3604077876651628,0.2499026213946179
1983-06-10,False,2,0.3007834049001927,0.3779351551035046,0.24356649147984993
1983-06-13,False,2,0.29292880076166217,0.41346860381601247,0.24331424609724076
1983-06-14,False,2,0.2922526527789428,0.4515006063850012,0.25398147172849345
1983-06-15,False,2,0.2916113975945782,0.5032977809456977,0.2663258994355926
1983-06-16,False,2,0.28794725648633623,0.44293942438706063,0.24313404589292012
1983-06-17,False,2,0.2953708469512507,0.43912156947693537,0.25515149631636885
1983-06-20,False,2,0.2997540815215056,0.4898937374751217,0.27354645086809104
1983-06-21,False,2,0.2967110508549031,0.4351787351459384,0.2531007873982081
1983-06-22,False,2,0.2880117860594218,0.4225391311373954,0.2435534034786703
1983-06-23,False,2,0.2864015616625639,0.4089532833414215,0.23820010784268555
1983-06-24,False,2,0.28889871457066413,0.4453076685398044,0.25423507974670345
1983-06-27,False,2,0.299325251598711,0.4845850287239754,0.26805981342170065
1983-06-28,False,2,0.324922019945606,0.5382924219032579,0.2943431306909603
1983-06-29,False,2,0.3182377808729203,0.5528694166834849,0.29270255600592404
1983-06-30,False,2,0.3063282836148785,0.5338400663586667,0.27472538116972706
1983-07-01,False,2,0.3035580692720818,0.5636012038857077,0.27920562578876784
1983-07-05,False,2,0.3281293188623361,0.5591437422525011,0.2929387253927925
1983-07-06,False,2,0.3285410011243175,0.554432711068343,0.2949858434743024
1983-07-07,False,2,0.3334413516381163,0.5544186054333454,0.2986763300913984
1983-07-08,False,2,0.3417238093458937,0.5456449348260808,0.30409298780723765
1983-07-11,False,2,0.34269241617177104,0.5388498407498507,0.30477815578378753
1983-07-12,False,2,0.3632849806996786,0.5294963519094756,0.31792752669407376
1983-07-13,False,2,0.37279181950486684,0.5701374804536865,0.3402149355603774
1983-07-14,False,2,0.36458957986351415,0.5199730595463473,0.3158784038479004
1983-07-15,False,2,0.38183233327800614,0.5610334373275783,0.3475150445215775
1983-07-18,False,2,0.38753976203081575,0.5762174484786508,0.3554671242141791
1983-07-19,False,2,0.38651707524334605,0.5556270747089358,0.3460792113642671
1983-07-20,False,2,0.3737554359550016,0.5724842696342701,0.3210356347797775
1983-07-21,False,2,0.37786943533759804,0.5768022656834543,0.3310919370665386
1983-07-22,False,2,0.3750521149631866,0.5787804317401398,0.328206874859703
1983-07-25,False,2,0.37743937487282797,0.5726556869158247,0.329903587286601
1983-07-26,False,2,0.37879531492691626,0.5601201820033795,0.32888562249807934
1983-07-27,False,2,0.38878448728637793,0.5189878642449027,0.32169632879743765
1983-07-28,False,2,0.41489122523846544,0.5653476214554602,0.35355008889175665
1983-07-29,False,2,0.4402126910060792,0.5747808110833035,0.3812803947520685
1983-08-01,False,2,0.4533292668602654,0.5117438076357661,0.3776224630077955
1983-08-02,False,2,0.460188706757231,0.46364587340221175,0.37487345491711505
1983-08-03,False,2,0.4585231583549278,0.4458317101178775,0.369094677279411
1983-08-04,False,2,0.4796721490197052,0.4678682345058068,0.39466608460778324
1983-08-05,False,2,0.47155667864755796,0.5055585224226584,0.39847982727508646
1983-08-08,False,2,0.492097840399658,0.47447439817265136,0.4022962537686812
1983-08-09,False,2,0.49412241019491365,0.4676189505359259,0.4043250939554723
1983-08-10,False,2,0.4727428000097483,0.4835415274963399,0.3900935210574542
1983-08-11,False,2,0.47429500674373354,0.4461918991703939,0.3801604623902589
1983-08-12,False,2,0.4728421650069111,0.47150020622130695,0.38567308911216885
1983-08-15,False,2,0.4609514816698686,0.5350282827559861,0.39263808586667465
1983-08-16,False,2,0.4658834038003449,0.49325948707505807,0.38470676091741257
1983-08-17,False,2,0.46485912029790943,0.49797756679034605,0.3843845691953458
1983-08-18,False,2,0.4780851397996719,0.5270959289063062,0.408586860258231
1983-08-19,False,2,0.4829222333943447,0.44799249890162035,0.38705773939683025
1983-08-22,False,2,0.4827924806226373,0.4469589579870241,0.3867266300833655
1983-08-23,False,2,0.4933325350755894,0.471667568385618,0.4035413792788301
1983-08-24,False,2,0.48753103584270147,0.46177696873637847,0.3963886493620654
1983-08-25,False,2,0.4926736538247956,0.5187787791214772,0.4212881643082792
1983-08-26,False,2,0.4934519335587674,0.48515955936571137,0.41109354957641775
1983-08-29,False,2,0.4971878894262993,0.528337266094769,0.43093830325778254
1983-08-30,False,2,0.4975377498416386,0.5484338872409948,0.4373828558805715
1983-08-31,False,2,0.4828499731756531,0.519429697246956,0.4092640191773273
1983-09-01,False,2,0.47245170508106216,0.5761910170447866,0.4187350092150135
1983-09-02,False,2,0.4700681965395864,0.5218781264708374,0.3947071766429845
1983-09-06,False,2,0.4687489398058444,0.5570929512757931,0.398310739359056
1983-09-07,False,2,0.4736945034534829,0.5678165841916274,0.41087812419034697
1983-09-08,False,2,0.4759715606840037,0.575655986714171,0.4155418176436686
1983-09-09,False,2,0.4822058626629211,0.556592829009378,0.41631321645097064
1983-09-12,False,2,0.4950770418171835,0.4965435405233304,0.41431790173423955
1983-09-13,False,2,0.49981222999667296,0.5376695680095294,0.43213408490813954
1983-09-14,False,2,0.49671092948238654,0.5380668043839257,0.42650772999008246
1983-09-15,False,2,0.5042245835512541,0.49246150732205407,0.41884451290241664
1983-09-16,False,2,0.5015968565427892,0.47486015893021927,0.40685428932637757
1983-09-19,False,2,0.49478846458022535,0.4337666374861368,0.37977828799691904
1983-09-20,False,2,0.4923639324842951,0.49616570387702935,0.3948698260898186
1983-09-21,False,2,0.4808169347018138,0.5407081164057127,0.4019017167850077
1983-09-22,False,2,0.4480035396681337,0.4936404762626082,0.36039951399762243
1983-09-23,False,2,0.45116163446305624,0.5032427634894263,0.3663365741242892
1983-09-26,False,2,0.4547741444896819,0.5012337561242625,0.37119836033400583
1983-09-27,False,2,0.4713047016464318,0.4504981492617537,0.37023139763794066
1983-09-28,False,2,0.45375016248218364,0.44147702368158687,0.35614424862912025
1983-09-29,False,2,0.4638052848628498,0.48189476001969755,0.38345537608253993
1983-09-30,False,2,0.46774402348707017,0.4602762236550163,0.3780020512829553
1983-10-03,False,2,0.47177835109432226,0.541748136704365,0.41276208998176883
1983-10-04,False,2,0.47261814616093895,0.5017004677609914,0.3997281050676681
1983-10-05,False,2,0.4528722143597413,0.48830734131845893,0.37888770170577163
1983-10-06,False,2,0.4430273021442715,0.46108018239956805,0.35446129194286785
1983-10-07,False,2,0.44165526896668394,0.46709891726212877,0.35659331781317993
1983-10-10,False,2,0.42714878598355804,0.3982827995386947,0.3230625929284686
1983-10-11,False,2,0.43360439476027607,0.4676720295235262,0.34933794324051637
1983-10-12,False,2,0.4454118448852709,0.5621487161495242,0.3919343046891423
1983-10-13,False,2,0.4475567480217498,0.50655006093519,0.3994533767814262
1983-10-14,False,2,0.44985514782462305,0.4805805870346834,0.39113387732586896
1983-10-17,False,2,0.45030843846612784,0.4431093789536959,0.37947322453457283
1983-10-18,False,2,0.47713983089730805,0.4556377836025136,0.4043554481379215
1983-10-19,False,2,0.49276632849101354,0.5501088498523126,0.4522296185770685
1983-10-20,False,2,0.4693074822844128,0.5406478969354735,0.4310610295724468
1983-10-21,False,2,0.4514848650696671,0.5445203372408993,0.42234279742777386
1983-10-24,False,2,0.43256122826590737,0.5109121776925003,0.398250857119494
1983-10-25,False,2,0.42313873917378825,0.5478957428785716,0.4002959565018358
1983-10-26,False,2,0.4282691684593004,0.5561533362502162,0.4078205682572677
1983-10-27,False,2,0.4345690195684618,0.5532074585638539,0.41260624841371424
1983-10-28,False,2,0.42479647859058006,0.561503229926763,0.410831825170914
1983-10-31,False,2,0.4303893564503316,0.4820018547680718,0.39185682190365995
1983-11-01,False,2,0.4054682026270823,0.4207074717062784,0.359427053287531
1983-11-02,False,2,0.402680929570045,0.38513200847887125,0.3396943089435464
1983-11-03,False,2,0.41162079005696744,0.520859595115683,0.3983825325459725
1983-11-04,False,2,0.4185455977455804,0.4359154895437812,0.37583466473518246
1983-11-07,False,2,0.42562710894128564,0.4718176834820682,0.39571640903777594
1983-11-08,False,2,0.4320304822549036,0.40699553118327914,0.386079508099397
1983-11-09,False,2,0.42316843691382244,0.3742909548733727,0.35834703463258216
1983-11-10,False,2,0.4244320156771733,0.4328240946407737,0.38447542933525175
1983-11-11,False,2,0.4132690791285196,0.4539805192941299,0.3710887679981297
1983-11-14,False,2,0.4089046652832614,0.4063073688488327,0.3499883276369785
1983-11-15,False,2,0.41199128290347364,0.4441869769403194,0.363831301825818
1983-11-16,False,2,0.3961384291452476,0.4454341355885849,0.35230469239740736
1983-11-17,False,2,0.38506457424572504,0.5066247927374072,0.36319796586531194
1983-11-18,False,2,0.38181333819246394,0.4659298246619626,0.3474411843361782
1983-11-21,False,2,0.38226266069521536,0.4532956682999203,0.34440442069284916
1983-11-22,False,2,0.3792524616151367,0.49512832344868873,0.35566220188178593
1983-11-23,False,2,0.38086943182341876,0.5170987750099,0.36571436388784784
1983-11-25,False,2,0.3826409446555999,0.4873119727174354,0.3600866976874121
1983-11-28,False,2,0.38654935673495777,0.4765045980907062,0.36099946524145
1983-11-29,False,2,0.38694427220564304,0.4855800591127669,0.36603115132355996
1983-11-30,False,2,0.39291962465151803,0.47632772498177856,0.38530837534394685
1983-12-01,False,2,0.3941179540518899,0.4687827048981605,0.38543871951009007
1983-12-02,False,2,0.40080541361827937,0.47233925954791633,0.3928373275442537
1983-12-05,False,2,0.3989747363362482,0.4702615539330298,0.38998659893540116
1983-12-06,False,2,0.3919933461056403,0.46887160062289696,0.3812762289011131
1983-12-07,False,2,0.3830760257168547,0.4559701228999837,0.36926569155904776
1983-12-08,False,2,0.3906869798957647,0.47030932503044043,0.3816179759327395
1983-12-09,False,2,0.38704277704175466,0.5400406520350308,0.40194402256435463
1983-12-12,False,2,0.39048889924668817,0.5315996311002593,0.4080725637373853
1983-12-13,False,2,0.3968939727092547,0.5265491042742816,0.422731286301531
1983-12-14,False,2,0.41136649403604936,0.5285103822175573,0.43920343722068583
1983-12-15,False,2,0.419155737513271,0.47790935702998755,0.42491356587785467
1983-12-16,False,2,0.42056701343947,0.45003678882288733,0.4193836098893309
1983-12-19,False,2,0.4193349205838924,0.4450230275605446,0.41650073148228683
1983-12-20,False,2,0.422132035376257,0.43673071563115795,0.4170177320196974
1983-12-21,False,2,0.40572311997663973,0.4370723038386122,0.4000655688076919
1983-12-22,False,2,0.4037567833249252,0.42923366397777535,0.39682047235273493
1983-12-23,False,2,0.3984524264020987,0.4119489276885342,0.38486529839527867
1983-12-27,False,2,0.38881314819303886,0.4140471264030431,0.37404917055460946
1983-12-28,False,2,0.3814666026521337,0.46949164312090735,0.3849605394179893
1983-12-29,False,2,0.38402047038359477,0.4422239333897783,0.37930997660342075
1983-12-30,False,2,0.38537127796520276,0.43887393191024426,0.3793448470891587
1984-01-03,False,2,0.389922342423928,0.42514366810692183,0.394140480335747
1984-01-04,False,2,0.3908440621539113,0.43462760516559895,0.3814029016553625
1984-01-05,False,2,0.39093639433971944,0.569275868900594,0.4142370074608137
1984-01-06,False,2,0.37484385471532405,0.5656862880912341,0.404764319441348
1984-01-09,False,2,0.3681673526221251,0.5610849715669564,0.39915791460548783
1984-01-10,False,2,0.37150658081254023,0.5552607374167304,0.3983221111137892
1984-01-11,False,2,0.3719213337589608,0.5727557559215168,0.4044126233047911
1984-01-12,False,2,0.3734221715904199,0.5276649095771156,0.39012016724593496
1984-01-13,False,2,0.34977175087135365,0.47888709971540094,0.365443693692073
1984-01-16,False,2,0.3357055417015476,0.4716598705856786,0.3565039132551256
1984-01-17,False,2,0.33435840777854936,0.5141920590832738,0.36746268356761447
1984-01-18,False,2,0.3277737822128838,0.45506096934985935,0.3434745193881875
1984-01-19,False,2,0.3300503939667108,0.44464229036616265,0.34127427152587464
1984-01-20,False,2,0.339743118955201,0.47537605389915444,0.35886955752514493
1984-01-23,False,2,0.3479568540133892,0.4627376988097091,0.35638356119646447
1984-01-24,False,2,0.3446964870547038,0.4698573656482744,0.35592691248086766
1984-01-25,False,2,0.3451236878809032,0.41182228024575984,0.34045612647485257
1984-01-26,False,2,0.34447308335341287,0.44060190556027945,0.34754438249867453
1984-01-27,False,2,0.3475608910484328,0.4485496528054669,0.3519858620060483
1984-01-30,False,2,0.3672520326754933,0.45199769337768547,0.3712284327074962
1984-01-31,False,2,0.3617481461524511,0.3728847270165537,0.3397259549817211
1984-02-01,False,2,0.3621011025931492,0.37187227060867006,0.33839031026545885
1984-02-02,False,2,0.35651155159927783,0.3917031364503612,0.34323113823542245
1984-02-03,False,2,0.37189813592484133,0.4403462162258096,0.3668280750281403
1984-02-06,False,2,0.40360633941146,0.4520269866988187,0.39401797493643653
1984-02-07,False,2,0.405750170883607,0.4375194112347446,0.3904722890327897
1984-02-08,False,2,0.43885625368856346,0.4074475982089856,0.4104884474387622
1984-02-09,False,2,0.44809683077257634,0.340351580233395,0.3977033549670591
1984-02-10,False,2,0.4427245127594348,0.4205352285422064,0.4193843881255944
1984-02-13,False,2,0.45789208757109906,0.3516281280556865,0.40624543373790684
1984-02-14,False,2,0.45600722931861515,0.42191486128951833,0.42521285307551465
1984-02-15,False,2,0.4556770435617194,0.3617169258794465,0.40101782704266864
1984-02-16,False,2,0.4605200399136658,0.40352352777943196,0.4235938849359692
1984-02-17,False,2,0.4660641903938819,0.44948089984788936,0.4477026556622196
1984-02-21,False,2,0.474877105087772,0.5172675965142767,0.47922584016676506
1984-02-22,False,2,0.4787808854723115,0.5087246449533209,0.4844958874858337
1984-02-23,False,2,0.47994965197432954,0.4660893595828421,0.47173874249237263
1984-02-24,False,2,0.4865236026541105,0.4674269901148154,0.45350175553076705
1984-02-27,False,2,0.4804948545203461,0.43292468018316504,0.4262352617942906
1984-02-28,False,2,0.5006020747159715,0.42199310645232196,0.4357421478108815
1984-02-29,False,2,0.4940672324392111,0.4759038023522882,0.4469527090022237
1984-03-01,False,2,0.4909286946943272,0.4816165526169303,0.4420305585182016
1984-03-02,False,2,0.4862214222667461,0.5276080149279389,0.45124088829676196
1984-03-05,False,2,0.4941965013127252,0.5579558750880008,0.4710092279928191
1984-03-06,False,2,0.4977939577431185,0.5022841440025123,0.4571963192638445
1984-03-07,False,2,0.5115785879186148,0.5475892571998004,0.48458804876544365
1984-03-08,False,2,0.5099037355579488,0.5550369406296611,0.4835591662554317
1984-03-09,False,2,0.511088409745659,0.5599003953970982,0.487807560667026
1984-03-12,False,2,0.4969730015441294,0.511001272418395,0.45263672478917577
1984-03-13,False,2,0.4827151948060405,0.5255752133869176,0.4419485769818916
1984-03-14,False,2,0.48439162285777526,0.5329470629943506,0.4470801480002626
1984-03-15,False,2,0.4828797669546375,0.5281075519255258,0.4443475817106768
1984-03-16,False,2,0.47665648165113245,0.5748991709797243,0.44700551464039096
1984-03-19,False,2,0.491846784823563,0.5716294361028292,0.46258032719709247
1984-03-20,False,2,0.487527442566402,0.5706260663246461,0.45492395076191383
1984-03-21,False,2,0.4893257716532899,0.5675620784670258,0.4571626678620215
1984-03-22,False,2,0.5073353166470826,0.569964608855693,0.47574565807507113
1984-03-23,False,2,0.508675621309676,0.5694133896328182,0.4775447392374888
1984-03-26,False,2,0.5090205715438317,0.572119453976426,0.4795062597211584
1984-03-27,False,2,0.5101472490366379,0.5682667972685141,0.481192631473747
1984-03-28,False,2,0.5039005852179786,0.5676545578899412,0.46479230317196646
1984-03-29,False,2,0.5079836318179101,0.5759083954055219,0.4819815697851144
1984-03-30,False,2,0.5124700331987716,0.5790203735045576,0.49849520782516343
1984-04-02,False,2,0.5223284557144224,0.5779807261361808,0.5070213296522597
1984-04-03,False,2,0.5226896409085529,0.5793313917495038,0.507131589873156
1984-04-04,False,2,0.5185305589251697,0.5792414726233003,0.5030399819107624
1984-04-05,False,2,0.5381163441161024,0.5802313894057788,0.5183301296168826
1984-04-06,False,2,0.5387016918501681,0.5807557573039684,0.5185919156689565
1984-04-09,False,2,0.5365747615178637,0.5695632143376176,0.5133516596708665
1984-04-10,False,2,0.5344613665081543,0.5693416776540727,0.5079398430833006
1984-04-11,False,2,0.5438501186207486,0.5673703358961095,0.5188593515122689
1984-04-12,False,2,0.5384887252918074,0.5652227768682829,0.5043525578036294
1984-04-13,False,2,0.535612199857789,0.5526774731892028,0.4980487975846412
1984-04-16,False,2,0.5265541383233799,0.556952276382001,0.4895093000536888
1984-04-17,False,2,0.5107888967863933,0.5526329679796931,0.4719393192507924
1984-04-18,False,2,0.5149065560190469,0.5589384890180351,0.477987164961026
1984-04-19,False,2,0.5067921181082063,0.5571868274710422,0.46666463896243787
1984-04-23,False,2,0.5109607839295264,0.5591783478411245,0.47037954433160056
1984-04-24,False,2,0.5047999957254791,0.5659056652818785,0.4649224611799599
1984-04-25,False,2,0.4886595721108968,0.572412501810192,0.4518033215756727
1984-04-26,False,2,0.4845998089296023,0.573874822804561,0.4426057870643833
1984-04-27,False,2,0.47931590011316194,0.5741981490915206,0.4379489437806785
1984-04-30,False,2,0.48075490981922714,0.5622645929682608,0.43330881495168905
1984-05-01,False,2,0.4593492853725694,0.5776050605155699,0.414178020250562
1984-05-02,False,2,0.4300441259023892,0.5628847761452962,0.3880120111088707
1984-05-03,False,2,0.4313042436039007,0.5692457238675669,0.39238347765952136
1984-05-04,False,2,0.41413700508374696,0.5513600759709719,0.37920218082182083
1984-05-07,False,2,0.4062033280564961,0.5009609839395667,0.3537853675773127
1984-05-08,False,2,0.40625509585960823,0.5229254547977122,0.35988386449619436
1984-05-09,False,2,0.3951261373557123,0.5633088170210867,0.3666171219057634
1984-05-10,False,2,0.4013702685995759,0.5306032705214104,0.3633580694376991
1984-05-11,False,2,0.41226550215796465,0.5572787158284828,0.37956092763785
1984-05-14,False,2,0.41649242976029677,0.548147464175704,0.3793687002011585
1984-05-15,False,2,0.4118402507776062,0.507510656268726,0.35992029245528734
1984-05-16,False,2,0.40291838136323527,0.49977445451133323,0.35034321474264235
1984-05-17,False,2,0.4157409798165623,0.4924686964229047,0.3543980548669983
1984-05-18,False,2,0.41989549004955146,0.5747489713645649,0.38369736906061064
1984-05-21,False,2,0.4270945407763871,0.5594407126834257,0.402559948286508
1984-05-22,False,2,0.44168491402951465,0.5147004300259029,0.4052701491798727
1984-05-23,False,2,0.4241188234879052,0.537829236841667,0.40268131070240304
1984-05-24,False,2,0.444269308459385,0.533628811136461,0.41533756584089515
1984-05-25,False,2,0.44669111555574964,0.5282938520422743,0.4185830523819105
1984-05-29,False,2,0.4612739049525824,0.42077598487655776,0.39698820311440575
1984-05-30,False,2,0.4550013526608792,0.4453642032769555,0.40107242028079854
1984-05-31,False,2,0.44270096502088807,0.44241029052657915,0.38490590323568286
1984-06-01,False,2,0.4253584371822428,0.4305203389024561,0.3502706890483758
1984-06-04,False,2,0.4230868477332904,0.42683173032055455,0.34268938308295144
1984-06-05,False,2,0.42161548741886823,0.4197726682303135,0.33963827210831277
1984-06-06,False,2,0.42194348932301706,0.3743880039932663,0.3258962602185808
1984-06-07,False,2,0.4261042929383228,0.3884439632622036,0.3367915312464465
1984-06-08,False,2,0.4260097627597429,0.4396293080634518,0.35342875136370144
1984-06-11,False,2,0.4466117650609669,0.4474119450482378,0.3706354749808509
1984-06-12,False,2,0.4552639972011907,0.3845264519634186,0.365831635191233
1984-06-13,False,2,0.4435740477705283,0.38391788614208794,0.3569597456430005
1984-06-14,False,2,0.45793668675593285,0.41456055546105725,0.3829198923815493
1984-06-15,False,2,0.46069831233225794,0.4513321468925802,0.39974153010529034
1984-06-18,False,2,0.4417065040452869,0.45428587216302074,0.376043144392584
1984-06-19,False,2,0.43629489100706553,0.44982962167806917,0.36559995988447125
1984-06-20,False,2,0.43145690602689296,0.3999922516670958,0.3421633881719639
1984-06-21,False,2,0.4322490822857184,0.38042334933481314,0.3378968142873593
1984-06-22,False,2,0.4353560908748045,0.30062339892687,0.3204954289443794
1984-06-25,False,2,0.43787294666862636,0.29645490967909516,0.3227636821158049
1984-06-26,False,2,0.44496228046713554,0.38061853102703336,0.3584324913559405
1984-06-27,False,2,0.44338282116287164,0.3857511981055575,0.35895253381309333
1984-06-28,False,2,0.43710592886259364,0.37806048458675034,0.34781125665876966
1984-06-29,False,2,0.43368311945883514,0.4446515241805217,0.365748966567545
1984-07-02,False,2,0.41404624052194433,0.3389251476878838,0.31825066726386836
1984-07-03,False,2,0.4102750901216117,0.3867867367064893,0.3288873682838548
1984-07-05,False,2,0.4164719902948616,0.31565790985984055,0.30960489760756515
1984-07-06,False,2,0.4229921604198756,0.29827600349494454,0.3096911135426518
1984-07-09,False,2,0.4118971193588024,0.39799346055624635,0.3330266600822269
1984-07-10,False,2,0.41854089040027026,0.2966554263628595,0.3110777619018423
1984-07-11,False,2,0.4347461968750261,0.37285609080761845,0.3493381675451358
1984-07-12,False,2,0.44257898055107936,0.38386252897889916,0.3606808351553833
1984-07-13,False,2,0.4430543148616338,0.4046737677053488,0.36962161667048204
1984-07-16,False,2,0.4382362688582683,0.40738281051020325,0.36680604849705295
1984-07-17,False,2,0.43564053016104065,0.4767509357648318,0.3873387481253146
1984-07-18,False,2,0.4338052139070255,0.45177466465938265,0.37754998459882594
1984-07-19,False,2,0.4443571344052062,0.4434127263826199,0.3851981261598687
1984-07-20,False,2,0.4553542986100578,0.37016461587221705,0.36929778387582207
1984-07-23,False,2,0.4687417194553381,0.34808254536519284,0.38022204920329006
1984-07-24,False,2,0.47640377442394316,0.31798570180157587,0.3752131418017028
1984-07-25,False,2,0.4748857443138607,0.34584856822738125,0.3871078894019742
1984-07-26,False,2,0.4750362030131411,0.31611642102504545,0.3850398570091708
1984-07-27,False,2,0.47437890847638664,0.33903872146987807,0.39034130062871913
1984-07-30,False,2,0.47766104636430234,0.3024071374483693,0.3789917487787927
1984-07-31,False,2,0.4627065330916366,0.3302345949314594,0.37385977042424234
1984-08-01,False,2,0.46337764004522847,0.3716350578279499,0.36881505552672444
1984-08-02,False,2,0.47250030562192114,0.3282394944764596,0.33569592153715255
1984-08-03,False,2,0.4741598852513225,0.32990885295440325,0.3116863422029209
1984-08-06,False,2,0.4696275756571998,0.3680644721281352,0.32220331176843603
1984-08-07,False,2,0.4583702158260039,0.33963611537124655,0.30532287875623904
1984-08-08,False,2,0.4587153952409038,0.3217189014134705,0.30220547789198776
1984-08-09,False,2,0.45320011498136825,0.24097241326240867,0.26054875101312125
1984-08-10,False,2,0.4500071810028228,0.23933773428481953,0.2582123261761909
1984-08-13,False,2,0.43796376446259755,0.24641538483885772,0.253255395408611
1984-08-14,False,2,0.4347352289431334,0.28747881826533056,0.2659256941828145
1984-08-15,False,2,0.4363136056907429,0.30675001639668503,0.2738592009079648
1984-08-16,False,2,0.42140524647872374,0.37845532340848936,0.2835165151951074
1984-08-17,False,2,0.4163472368973401,0.3667814988990631,0.27519024224219873
1984-08-20,False,2,0.39689062417178056,0.34589295063360165,0.25562239472370984
1984-08-21,False,2,0.3909789744637723,0.30330353226875467,0.2333799690698404
1984-08-22,False,2,0.38256878017901125,0.3368248579372315,0.23882480006002518
1984-08-23,False,2,0.3812856370532118,0.38543594802017,0.25048797580772697
1984-08-24,False,2,0.38265417647921196,0.4337033557819934,0.2648146646936188
1984-08-27,False,2,0.3969453638920334,0.48065705847051515,0.2984618430000548
1984-08-28,False,2,0.39934673029198337,0.4467775444473561,0.2917423523507547
1984-08-29,False,2,0.39601076530749496,0.5018271606872815,0.30656804921632885
1984-08-30,False,2,0.4033716450880188,0.4460021051508271,0.2967407792479147
1984-08-31,False,2,0.40223993442655714,0.4932799517355113,0.30914512699526847
1984-09-04,False,2,0.4153856636139482,0.43560434074935217,0.3019876943460684
1984-09-05,False,2,0.40125955988438594,0.4434962983204853,0.2943840590762879
1984-09-06,False,2,0.3912899558993744,0.4307787964682626,0.2789877528960757
1984-09-07,False,2,0.3984866478691592,0.42083399645570857,0.2820092394586829
1984-09-10,False,2,0.38933764440634244,0.3614565128686608,0.25739963290273177
1984-09-11,False,2,0.3829405244119451,0.4017908688809157,0.26254608193033846
1984-09-12,False,2,0.3914110432733927,0.42035546642815663,0.2805932940495515
1984-09-13,False,2,0.38897583766306876,0.450201126169012,0.28431079375410984
1984-09-14,False,2,0.3894448587699831,0.3662283139196544,0.2588869724476753
1984-09-17,False,2,0.3902940916799525,0.42006611686917456,0.27433501595267745
1984-09-18,False,2,0.3989669150376112,0.4901973730466644,0.3026914975779437
1984-09-19,False,2,0.4006480223069144,0.43659407017411384,0.28863651761591114
1984-09-20,False,2,0.39080867643365286,0.4633785416054917,0.28866778553875605
1984-09-21,False,2,0.38971694023967085,0.4614754397992853,0.2882927961352314
1984-09-24,False,2,0.3997854755200836,0.48021549784767104,0.3035768588045193
1984-09-25,False,2,0.4053639298013693,0.44188833124382765,0.2973070455464081
1984-09-26,False,2,0.4023166598293023,0.4754713372009278,0.30601343080273696
1984-09-27,False,2,0.40368563084589576,0.4761087742301158,0.3079811196715398
1984-09-28,False,2,0.3997045730350534,0.48520467011009455,0.30642108156308656
1984-10-01,False,2,0.40625982769386343,0.48148325891715343,0.3099490075497823
1984-10-02,False,2,0.4174666543943669,0.5179889172802774,0.33127984354413864
1984-10-03,False,2,0.42157836149791994,0.5172938888230629,0.33482696315643456
1984-10-04,False,2,0.40402606079579917,0.55965308651675,0.33290113701773233
1984-10-05,False,2,0.3990533432182466,0.5312431726491296,0.3204033200719734
1984-10-08,False,2,0.4067533049836991,0.5343600778591673,0.3275816691223969
1984-10-09,False,2,0.4105536617618902,0.5652761388058304,0.34017352577862825
1984-10-10,False,2,0.41258680331442193,0.5119982118618084,0.3255473086673812
1984-10-11,False,2,0.40326775952933125,0.5676994281999862,0.33503801131642774
1984-10-12,False,2,0.3894235715380666,0.48560566121584403,0.294567926355676
1984-10-15,False,2,0.3743782490874699,0.48462734533964086,0.28044038953807743
1984-10-16,False,2,0.3667832687350755,0.37512200297998555,0.24398515125838158
1984-10-17,False,2,0.3593199922512098,0.4609123359045692,0.2639512170610039
1984-10-18,False,2,0.3549632014188456,0.45844163020106077,0.2519822793940426
1984-10-19,False,2,0.35712051431369013,0.40383035697729747,0.23830182526180854
1984-10-22,False,2,0.3676288703158053,0.45002311764114694,0.2587521734118272
1984-10-23,False,2,0.36468840866812635,0.4469418165374512,0.25529056048293275
1984-10-24,False,2,0.36754457741758406,0.4556403183274357,0.26173322079952643
1984-10-25,False,2,0.38124221583364126,0.3679265064864284,0.25784250097119366
1984-10-26,False,2,0.38663798541172756,0.36295681688441395,0.28295649132117295
1984-10-29,False,2,0.37888862786338323,0.3258568422590662,0.30118696669554174
1984-10-30,False,2,0.37743133244698523,0.23148805180376295,0.2593499029988492
1984-10-31,False,2,0.380301143060247,0.23134754283107967,0.25994394256752484
1984-11-01,False,2,0.369288783467137,0.24674087597241873,0.2526517629367137
1984-11-02,False,2,0.36858486616191094,0.312659030858562,0.29447505416794784
1984-11-05,False,2,0.3677991863471174,0.32656709244507787,0.29575032113059335
1984-11-06,False,2,0.36143655125263985,0.38649067315003394,0.3030552984863067
1984-11-07,False,2,0.36413721349055245,0.4530773057705618,0.32402330852330374
1984-11-08,False,2,0.3571455945697976,0.36582604687321213,0.29171331575896164
1984-11-09,False,2,0.36427699825966947,0.29823833542853545,0.27770885248528737
1984-11-12,False,2,0.36709099602644796,0.3855285709193304,0.30861244076376115
1984-11-13,False,2,0.3764034565473982,0.41160988458088915,0.3225252998626394
1984-11-14,False,2,0.3801355133736875,0.3637401439602779,0.3239037089513371
1984-11-15,False,2,0.3807409551198775,0.3449938057219512,0.3164232219825622
1984-11-16,False,2,0.3926420761485388,0.3292480723453848,0.31932361737696346
1984-11-19,False,2,0.40361928547896064,0.33699274575327126,0.3308754064985925
1984-11-20,False,2,0.39498501127775354,0.31910701285681853,0.3172085625197829
1984-11-21,False,2,0.39685162644059774,0.3303034783882814,0.3258473266778396
1984-11-23,False,2,0.39435153997837136,0.3876901681648342,0.33015768340386065
1984-11-26,False,2,0.39813867839711464,0.3430313181713967,0.31909879818488385
1984-11-27,False,2,0.39717045946118457,0.39101875726498203,0.33504180940367245
1984-11-28,False,2,0.39067484261745256,0.3767017939501424,0.3267451521513181
1984-11-29,False,2,0.3950265670874054,0.37562605611355365,0.3289658108164171
1984-11-30,False,2,0.40064497869527677,0.4135808591158431,0.35277004665908285
1984-12-03,False,2,0.3990423650148693,0.4223896094558878,0.35371544427582696
1984-12-04,False,2,0.39585001350737653,0.37637542220118636,0.33424146665003707
1984-12-05,False,2,0.40803221048701865,0.35513464722392935,0.33641382894210214
1984-12-06,False,2,0.40470090821687815,0.3182890839134439,0.31752141576753
1984-12-07,False,2,0.4098577790440435,0.2990987428420641,0.32679716199916603
1984-12-10,False,2,0.41267102457266863,0.29649636260842166,0.3334898526695968
1984-12-11,False,2,0.41101928320197195,0.29367529104353607,0.32988613387131976
1984-12-12,False,2,0.40479529309445883,0.3110675875310954,0.3301771765599057
1984-12-13,False,2,0.4033856328107072,0.3463831318615211,0.3393440269066454
1984-12-14,False,2,0.4021710952718985,0.409732218475369,0.35661874023040074
1984-12-17,False,2,0.3950762286309943,0.4201422886395704,0.3521673869332067
1984-12-18,False,2,0.3984597821359564,0.38551194761039215,0.30795307537974825
1984-12-19,False,3,0.405094435588496,0.3988996429073871,0.3801271248868732
1984-12-20,False,3,0.41015837175127384,0.49766113503469384,0.40713959616833484
1984-12-21,False,3,0.41577363922045385,0.5464598208474845,0.42377564681291213
1984-12-24,False,3,0.40785974309959666,0.520161268827079,0.40907445713348556
1984-12-26,False,3,0.3978559027907242,0.4700611982008917,0.388585375472417
1984-12-27,False,3,0.3964568223536389,0.5203424603594862,0.39836250774886145
1984-12-28,False,3,0.38785536702571966,0.48548967654474806,0.3821962881669338
1984-12-31,False,3,0.3860568179515768,0.5158506127390787,0.38683196105623213
1985-01-02,False,3,0.3956523749842027,0.515530665180158,0.3952140501161535
1985-01-03,False,3,0.3938284093543952,0.47180717072817363,0.3840843822826708
1985-01-04,False,3,0.3936549899258817,0.5127378152144121,0.39304320027718875
1985-01-07,False,3,0.3932220591602434,0.5133710356478487,0.3924667858739945
1985-01-08,False,3,0.39624026562521153,0.578958748064857,0.4102986575130335
1985-01-09,False,3,0.39663477182812207,0.5844864021454659,0.4121582154094357
1985-01-10,False,3,0.3974460842208262,0.5768787391593676,0.4089536478792962
1985-01-11,False,3,0.39301012089006515,0.541886283007471,0.3968903326422182
1985-01-14,False,3,0.3869245331358654,0.5339390577831664,0.38664339420437427
1985-01-15,False,3,0.38748121654440054,0.5290202543141562,0.3885508379906031
1985-01-16,False,3,0.3861824579392322,0.5140592203897364,0.38334662400640845
1985-01-17,False,3,0.3820803880965581,0.5113894088801773,0.3790422220849353
1985-01-18,False,3,0.3782450374294927,0.4945036879562561,0.3714906730326829
1985-01-21,False,3,0.37563095248145023,0.5350255822428693,0.37404187898735486
1985-01-22,False,3,0.3653594498416027,0.47217850720746624,0.35123357796041094
1985-01-23,False,3,0.35177202699804294,0.424478497144879,0.3284754590878201
1985-01-24,False,3,0.3489920181254703,0.48903368744867237,0.33962734188751315
1985-01-25,False,3,0.350861073223517,0.5210160458612048,0.34859960190268807
1985-01-28,False,3,0.3449456003190615,0.5123969210841278,0.34128406205416195
1985-01-29,False,3,0.3447368290035866,0.5017762108802487,0.3389464927214343
1985-01-30,False,3,0.34329375885270874,0.45964493992321287,0.3291517425924701
1985-01-31,False,3,0.3463767661794852,0.4237570672250231,0.3248482120295177
1985-02-01,False,3,0.3569409901291548,0.4004600172338714,0.3302775801795792
1985-02-04,False,3,0.3444419985491178,0.4975886571761964,0.33890692879648576
1985-02-05,False,3,0.34052599213309726,0.5691653056065716,0.35051971960000516
1985-02-06,False,3,0.33528184438605035,0.5144111390311478,0.33416759324859935
1985-02-07,False,3,0.3279600113731789,0.5561790390401774,0.33572075718983563
1985-02-08,False,3,0.31692322417083213,0.5360826272425179,0.3215614354217032
1985-02-11,False,3,0.3228428975090694,0.5611224172094248,0.33230058202437146
1985-02-12,False,3,0.31940336125030644,0.5586424204806271,0.32878056618632606
1985-02-13,False,3,0.30241498538579553,0.4921092162486136,0.2980668407514529
1985-02-14,False,3,0.29473163152408155,0.42506688597085224,0.2785797636358875
1985-02-15,False,3,0.30111556122553756,0.43608476954036146,0.2863365767263164
1985-02-19,False,3,0.3039982983008582,0.42724436445108216,0.28720042264794604
1985-02-20,False,3,0.3100433014332358,0.4270671489014741,0.2941037324407782
1985-02-21,False,3,0.3119356989128922,0.4435561634803975,0.29893111089431434
1985-02-22,False,3,0.3185449163047335,0.45524430435361857,0.30736594603868495
1985-02-25,False,3,0.31784097073196343,0.47305652339583804,0.3107563702745284
1985-02-26,False,3,0.3033679055924101,0.46810279258932136,0.29583453964971934
1985-02-27,False,3,0.3022651137188247,0.45090114841590984,0.29136812149447006
1985-02-28,False,3,0.29501572217373206,0.45498953398320435,0.2857034623516738
1985-03-01,False,3,0.2900662730502649,0.45324215506933724,0.27982846666889993
1985-03-04,False,3,0.28617333137964973,0.412943876624711,0.2687370037710427
1985-03-05,False,3,0.2891361717722314,0.4027699514849839,0.26949472561873106
1985-03-06,False,3,0.2951800973380238,0.42161006789097843,0.2782945125388355
1985-03-07,False,3,0.30306218975393356,0.46979061996502325,0.2945569283227801
1985-03-08,False,3,0.3072517275868385,0.44485772537513035,0.29334969144214346
1985-03-11,False,3,0.30972663872595163,0.37972782299268276,0.28261970352252797
1985-03-12,False,3,0.3053658287719791,0.4031234069960456,0.28328400476248067
1985-03-13,False,3,0.3217875107174931,0.43738176738838247,0.3047784944187784
1985-03-14,False,3,0.3250153043129041,0.4424696461928151,0.30863075018322517
1985-03-15,False,3,0.32761856154624464,0.49316406103491744,0.32724138856706086
1985-03-18,False,3,0.32898497297802964,0.43011649829313864,0.31637359339321397
1985-03-19,False,3,0.3187473316009006,0.3584562364000436,0.29084303149892066
1985-03-20,False,3,0.3173390575631866,0.3396595923944617,0.28590930553793253
1985-03-21,False,3,0.32036472490643625,0.33991610020943175,0.2893809491140572
1985-03-22,False,3,0.3200646831021166,0.36561171509088836,0.29478317294084055
1985-03-25,False,3,0.32123767333384573,0.41438425726522055,0.30601262464440304
1985-03-26,False,3,0.32084571541661366,0.36624447152963396,0.2958427047273102
1985-03-27,False,3,0.3202046074725431,0.3774140011311716,0.2974602657536513
1985-03-28,False,3,0.3090203274299134,0.39933095594424045,0.2924728868289195
1985-03-29,False,3,0.3023603259863579,0.3993898504083673,0.28611594955000025
1985-04-01,False,3,0.2976935786588803,0.4028863408914738,0.28267392061968616
1985-04-02,False,3,0.30329027701980227,0.3547928596657479,0.27787723080347426
1985-04-03,False,3,0.3139474306183788,0.40156665816639564,0.2965321772898117
1985-04-04,False,3,0.3193505954394382,0.3909400980550288,0.29982926337210297
1985-04-08,False,3,0.3284186754160103,0.2839267038423191,0.28711692646885223
1985-04-09,False,3,0.33063113282036244,0.2992198634901627,0.29246968111561067
1985-04-10,False,3,0.3306622548818054,0.35610854226767746,0.307310213880913
1985-04-11,False,3,0.33020746833100123,0.3948530621176915,0.3150113084054659
1985-04-12,False,3,0.33335794073744224,0.42160153848972515,0.32366978102444094
1985-04-15,False,3,0.3322302696851045,0.40917353191683153,0.31969527059389113
1985-04-16,False,3,0.3332016275020905,0.4670166802125566,0.33262985011315666
1985-04-17,False,3,0.33234071932811643,0.42275305085426296,0.3272609207641535
1985-04-18,False,3,0.33930649380152456,0.36841343741887395,0.32119176375917996
1985-04-19,False,3,0.34396782786418817,0.4513084618884651,0.34408644940385236
1985-04-22,False,3,0.3466974400875779,0.4406781628774022,0.34404730851818555
1985-04-23,False,3,0.3464773072195321,0.34773977605155415,0.322974088453876
1985-04-24,False,3,0.34865563062344657,0.3483192293734884,0.325266943831117
1985-04-25,False,3,0.3500325019131323,0.44591420262925124,0.3488089877871834
1985-04-26,False,3,0.35648982571238064,0.38693275352469453,0.3413331769143846
1985-04-29,False,3,0.36972705357778207,0.3999082820896159,0.35534619785094806
1985-04-30,False,3,0.37431958546064165,0.3789107151016337,0.354692386414736
1985-05-01,False,3,0.3872543641160378,0.4070955194039164,0.3745855542281261
1985-05-02,False,3,0.3893586061429351,0.37635672942952225,0.3697399662962411
1985-05-03,False,3,0.38767455148071345,0.4034051580150615,0.3737850622150667
1985-05-06,False,3,0.390617138141596,0.3894925506062621,0.3744009841774372
1985-05-07,False,3,0.38992523497737336,0.4928652932580773,0.39711861264659215
1985-05-08,False,3,0.381924426117522,0.4750731058597479,0.3862401919351939
1985-05-09,False,3,0.378262857596291,0.4950129350271484,0.38511703979852024
1985-05-10,False,3,0.378754105529467,0.3568690165132995,0.35467231507080194
1985-05-13,False,3,0.3754423326738611,0.33046599771598295,0.3450206414789065
1985-05-14,False,3,0.3738880279591573,0.3876469455342291,0.3572465598452773
1985-05-15,False,3,0.37065243609929815,0.34509791752346164,0.34416716420155363
1985-05-16,False,3,0.3680323384479332,0.4075172531104258,0.35578552492166143
1985-05-17,False,3,0.3560827639325425,0.5265133041947171,0.36973012863702565
1985-05-20,False,3,0.3480508504434184,0.4248889584820883,0.33730513911116206
1985-05-21,False,3,0.34223757025677,0.5037783227350894,0.3489635828647795
1985-05-22,False,3,0.3520552925710668,0.4933396847033967,0.35762009112957455
1985-05-23,False,3,0.3551143817873805,0.48802586860647745,0.3594418106431857
1985-05-24,False,3,0.3540680447802694,0.4692914166197609,0.35463193349413136
1985-05-28,False,3,0.35965359335086244,0.47384493382536175,0.36338261361908786
1985-05-29,False,3,0.35219069940389447,0.4454459555355894,0.3507008629851856
1985-05-30,False,3,0.3530141152236423,0.4182499380806817,0.3461527892834913
1985-05-31,False,3,0.3392217755945734,0.38426024250394164,0.32637080117509654
1985-06-03,False,3,0.3307151015480692,0.387823052129088,0.3196988374635307
1985-06-04,False,3,0.32526549641834535,0.4116108573387038,0.3194531792972341
1985-06-05,False,3,0.319827951571696,0.3916692243712912,0.31050401728245486
1985-06-06,False,3,0.3185979584408903,0.45267726670935743,0.3220107900832028
1985-06-07,False,3,0.3108198437446211,0.4281316746012514,0.31057512906746665
1985-06-10,False,3,0.31098665563653743,0.4235086329027512,0.3099336701812755
1985-06-11,False,3,0.31058783421691394,0.38586371585828244,0.3014515610098706
1985-06-12,False,3,0.3165951422078092,0.49937945200590417,0.32923087075227847
1985-06-13,False,3,0.3349763864426402,0.5771095155957521,0.3642640984987801
1985-06-14,False,3,0.3283342377953813,0.5360649095636211,0.34755653410877796
1985-06-17,False,3,0.3330214514716049,0.574166109870086,0.36036511099433927
1985-06-18,False,3,0.3288499334627366,0.5762210876575917,0.3564050263565825
1985-06-19,False,3,0.3225965156062729,0.5769765308232835,0.3509339746280978
1985-06-20,False,3,0.32557167593907627,0.5234455738044153,0.34206812928811625
1985-06-21,False,3,0.32529609903542944,0.5695994003619931,0.3510017909502564
1985-06-24,False,3,0.32520061543733425,0.5660187336271089,0.35064667422609097
1985-06-25,False,3,0.3256664485913394,0.5777845844890387,0.35417458234640936
1985-06-26,False,3,0.32559386623592257,0.5683897805973365,0.35180126451829696
1985-06-27,False,3,0.3183521240267897,0.5661974333972137,0.34362706820084754
1985-06-28,False,3,0.30502558621784087,0.5586771376446426,0.3296854891630584
1985-07-01,False,3,0.3023185448005996,0.5479724160056223,0.32478628301934465
1985-07-02,False,3,0.297292751640442,0.5494548917128099,0.32037567371908576
1985-07-03,False,3,0.2984103626232574,0.513904648392174,0.3141920576099782
1985-07-05,False,3,0.29881609606861587,0.5178956904374623,0.3156274787228328
1985-07-08,False,3,0.3044756166356935,0.5624658160259985,0.33041000928083414
1985-07-09,False,3,0.309809028049658,0.5580770152919711,0.3349016067056088
1985-07-10,False,3,0.3075818695494857,0.5043855590419531,0.32107720501793735
1985-07-11,False,3,0.3052823383509657,0.4602542374858242,0.30976847346153513
1985-07-12,False,3,0.3049277746739645,0.49556673626760217,0.316743961529584
1985-07-15,False,3,0.29971638950274304,0.5039056565143982,0.3138671671083531
1985-07-16,False,3,0.2950610457965405,0.5113155784901143,0.3092360348207854
1985-07-17,False,3,0.28832305619318793,0.5604365226740017,0.3129593172152421
1985-07-18,False,3,0.2954150664241717,0.5186318934654142,0.3119627848313157
1985-07-19,False,3,0.29213491688857807,0.5640890140698919,0.3178725852642219
1985-07-22,False,3,0.2965829929793238,0.5539375002210825,0.3202669818253553
1985-07-23,False,3,0.2985619213191093,0.5434082310725682,0.32058074820227395
1985-07-24,False,3,0.29531703323190595,0.46882916947692604,0.30317994679155935
1985-07-25,False,3,0.2852412100050589,0.5017329130144235,0.30101769148503466
1985-07-26,False,3,0.2744877272561696,0.40232317282671703,0.2724281765448677
1985-07-29,False,3,0.29352034690574824,0.35774699136792637,0.27835594663425933
1985-07-30,False,3,0.29772308998266184,0.4245409343095481,0.2958828916939414
1985-07-31,False,3,0.29434021853784376,0.4875152089421424,0.3048824718295251
1985-08-01,False,3,0.2929434944838198,0.4796356965959762,0.30138448378445576
1985-08-02,False,3,0.2958772137492094,0.5016712763586006,0.3082173015300815
1985-08-05,False,3,0.30769520137561124,0.5349953867246328,0.32726675120984644
1985-08-06,False,3,0.3286119651966642,0.535345749297052,0.3481965295654288
1985-08-07,False,3,0.3341033495087205,0.5382257676424121,0.35420887909156956
1985-08-08,False,3,0.3278882578793584,0.5374990777382325,0.34727032079269526
1985-08-09,False,3,0.3310199819032664,0.49565011534353387,0.34148338025283126
1985-08-12,False,3,0.3378918357236676,0.5200410023243862,0.35324163120134267
1985-08-13,False,3,0.34404365858366354,0.5540228851524637,0.36773692083304843
1985-08-14,False,3,0.34577949107635714,0.5417467502781381,0.36960132963999315
1985-08-15,False,3,0.34610613143898905,0.5572721842271638,0.37301806166523876
1985-08-16,False,3,0.3464026731577058,0.5139727395620677,0.36356001737401755
1985-08-19,False,3,0.3425388247088259,0.5193028671902135,0.3608070508636141
1985-08-20,False,3,0.34145504707289515,0.5120280461274481,0.3574513029514699
1985-08-21,False,3,0.3366017250638716,0.551455387557657,0.3604678894776789
1985-08-22,False,3,0.34633553207670303,0.5093039412886969,0.35985962292739765
1985-08-23,False,3,0.34561588786221614,0.47925861465841585,0.35215467305604203
1985-08-26,False,3,0.3486588376301348,0.4697437869504033,0.3532224924350897
1985-08-27,False,3,0.34742478216466477,0.47538142685737184,0.35297225485621403
1985-08-28,False,3,0.34757677735255316,0.4889510681093805,0.3562970388891032
1985-08-29,False,3,0.3490009761008312,0.44075719643376804,0.34689966078808293
1985-08-30,False,3,0.35204998749694666,0.44248838985745226,0.3503464566106713
1985-09-03,False,3,0.35255684487338357,0.4706386324307131,0.3568496464385647
1985-09-04,False,3,0.35550681016436786,0.42650109793020147,0.3497099188400279
1985-09-05,False,3,0.35409019145431675,0.4369382459890771,0.3507263339893791
1985-09-06,False,3,0.3445174222295102,0.421524648748209,0.33807637167003346
1985-09-09,False,3,0.32757621186886554,0.35040811126100485,0.3088467952537667
1985-09-10,False,3,0.34024810524790106,0.3677028210172008,0.3245249252185428
1985-09-11,False,3,0.35276537995302776,0.3987643523316187,0.3410818856306621
1985-09-12,False,3,0.3652979721335945,0.3633437343855333,0.34447507170763
1985-09-13,False,3,0.37206399123266365,0.34560108756581287,0.3459438619924924
1985-09-16,False,3,0.37281867793977763,0.3850395949814676,0.3558657337081578
1985-09-17,False,3,0.3891538964910698,0.48209639446624414,0.39392743382879614
1985-09-18,False,3,0.3902012451763539,0.491182011022627,0.3967502641988499
1985-09-19,False,3,0.38956484617722525,0.5236108170428339,0.4013700074916087
1985-09-20,False,3,0.3943320210316768,0.4064271385433768,0.3795179671324961
1985-09-23,False,3,0.39438442309166044,0.4535798016201644,0.3889657395314318
1985-09-24,False,3,0.40594838137676287,0.4216817452357074,0.39293684940436036
1985-09-25,False,3,0.41945661436623555,0.40276347414392455,0.4007285236309408
1985-09-26,False,3,0.4212124276947906,0.4549837371546108,0.4146635808431933
1985-09-30,False,3,0.4192405276920717,0.4788166384944205,0.4183618562569062
1985-10-01,False,3,0.41893699201355106,0.458023105957007,0.4117844588894061
1985-10-02,False,3,0.42299588805734584,0.5086013243704565,0.4284189856173339
1985-10-03,False,3,0.4172594297772494,0.49635539138588064,0.41982123299151963
1985-10-04,False,3,0.4259986745737747,0.5444545952354723,0.4401561337001173
1985-10-07,False,3,0.437328204960389,0.531524532585335,0.4478969724394079
1985-10-08,False,3,0.4427176509067113,0.4717515724377855,0.4394355935387337
1985-10-09,False,3,0.44081221658742964,0.47813774380350244,0.43876769852388436
1985-10-10,False,3,0.44180006672055133,0.4314066242807199,0.43146985747721167
1985-10-11,False,3,0.4414703129205678,0.5038321941955697,0.4470482843540195
1985-10-14,False,3,0.434851499215454,0.46816367985302987,0.4305438555355582
1985-10-15,False,3,0.43863721512115933,0.5273301468423475,0.44871533734829344
1985-10-16,False,3,0.433621901148132,0.5131337735296618,0.4396889804623103
1985-10-17,False,3,0.4268257404591115,0.5109057009062044,0.4318318833117862
1985-10-18,False,3,0.4203823660815466,0.5540471802866759,0.4353166399499819
1985-10-21,False,3,0.42466960634159423,0.5547232237991343,0.4394860499379799
1985-10-22,False,3,0.4228162690944245,0.551074438828897,0.43598110985588695
1985-10-23,False,3,0.4027861497199811,0.559887157061445,0.4205066450915222
1985-10-24,False,3,0.403878338607719,0.5513988885877059,0.4195682191081638
1985-10-25,False,3,0.41319283651740873,0.5497290340037737,0.4287333756239463
1985-10-28,False,3,0.41770415737057454,0.5489170490583898,0.4343380449841427
1985-10-29,False,3,0.41259834989560684,0.5057478269566655,0.4185378586970555
1985-10-30,False,3,0.40302109087445276,0.5381042198213989,0.417081166943003
1985-10-31,False,3,0.38574679223243735,0.5025513619758093,0.39462737741526555
1985-11-01,False,3,0.37853775126774625,0.5763819419050071,0.403431141315846
1985-11-04,False,3,0.38326737746067996,0.5552649283502115,0.4041703676657911
1985-11-05,False,3,0.3787095715122197,0.5406232544558122,0.3958447348492163
1985-11-06,False,3,0.37160811260568066,0.5586313469617931,0.39281901913272255
1985-11-07,False,3,0.36936441625567523,0.5138647707560449,0.380774207440734
1985-11-08,False,3,0.3670811832674517,0.5634934793865468,0.3891867614427363
1985-11-11,False,3,0.3630402048461485,0.5684137538270108,0.3833139798200442
1985-11-12,False,3,0.3535355624478123,0.5688104788328118,0.37416909465730397
1985-11-13,False,3,0.35720962979662696,0.5647176539739034,0.37676348472946347
1985-11-14,False,3,0.35667916891865437,0.5285688085245986,0.36776964924727373
1985-11-15,False,3,0.36215204076249613,0.5233424787767362,0.3726039825823394
1985-11-18,False,3,0.3522121846483096,0.5131424283939473,0.36148636795391215
1985-11-19,False,3,0.3494227647945091,0.5597741099653255,0.3691857259285806
1985-11-20,False,3,0.3493320359623123,0.550546323777717,0.3671667437846154
1985-11-21,False,3,0.3469530468455672,0.5564423298885462,0.364923914906847
1985-11-22,False,3,0.34710277590046634,0.5635335079847607,0.3663934837339206
1985-11-25,False,3,0.3532667479587063,0.54748184880215,0.3685461420929638
1985-11-26,False,3,0.3517848168003922,0.5304890598369394,0.3635788630736461
1985-11-27,False,3,0.341310034202237,0.5330656258662487,0.3536338723560426
1985-11-29,False,3,0.33608250698706865,0.530261421489083,0.34837660130085163
1985-12-02,False,3,0.3430024535008531,0.5328138601792781,0.35481865013923536
1985-12-03,False,3,0.3447652943517973,0.5373373352516362,0.35766093316595055
1985-12-04,False,3,0.3412918550400983,0.5744019302020823,0.3598526879303114
1985-12-05,False,3,0.33116145455940166,0.5700818718742183,0.34981760687365715
1985-12-06,False,3,0.32237797920293554,0.5426585996554444,0.3367756784047392
1985-12-09,False,3,0.30902552269293704,0.5594606542326951,0.32822223072846557
1985-12-10,False,3,0.29918907020809254,0.5546788751045321,0.31883641582678823
1985-12-11,False,3,0.29260691144529405,0.5424452165820358,0.3094881072113372
1985-12-12,False,3,0.27706829602929717,0.542149164948417,0.29564619379222007
1985-12-13,False,3,0.27197776895430403,0.5251879243691091,0.28571169041345373
1985-12-16,False,3,0.2727824884287676,0.5261063537596258,0.28742722985440855
1985-12-17,False,3,0.2780011150388155,0.5232901984702361,0.2917748485568757
1985-12-18,False,3,0.290386220435332,0.5043028133508702,0.3007744359809418
1985-12-19,False,3,0.28073535277170075,0.4919716991124653,0.2894213772192057
1985-12-20,False,3,0.2651794066461154,0.5030627642529325,0.2772710445828991
1985-12-23,False,3,0.2737572414819049,0.5554704742765062,0.2949551730221494
1985-12-24,False,3,0.28066771375085103,0.514507106859415,0.29298160027395725
1985-12-26,False,3,0.28400975922786603,0.4924332067717774,0.2929747583261706
1985-12-27,False,3,0.2724179693978222,0.4755518820314682,0.2773309803193629
1985-12-30,False,3,0.2712141610601663,0.5071338867185231,0.2819761506068144
1985-12-31,False,3,0.26333561693009655,0.5005886025897816,0.27349827469098154
1986-01-02,False,3,0.2605134784765998,0.43155190314419767,0.25852462331307713
1986-01-03,False,3,0.25311468156671063,0.44216237609944925,0.2533648508076602
1986-01-06,False,3,0.25553414084510523,0.44965838347809955,0.2570331178830324
1986-01-07,False,3,0.25253168202759463,0.5029810846047528,0.2616572911282308
1986-01-08,False,3,0.289719299112086,0.508036483962737,0.29439031919052616
1986-01-09,False,3,0.31088441588610144,0.5157391343525687,0.3158245188239217
1986-01-10,False,3,0.30944535329214246,0.511415601899274,0.3136642723916627
1986-01-13,False,3,0.31148898922543017,0.514505484546098,0.3165077062162909
1986-01-14,False,3,0.3127160923133054,0.5584461718827703,0.32660030988081196
1986-01-15,False,3,0.30492566979713237,0.5723097973451237,0.32146349917359934
1986-01-16,False,3,0.2969824001659825,0.5698193785028105,0.3134424122496358
1986-01-17,False,3,0.300624750127432,0.5757062831930967,0.3183680941790053
1986-01-20,False,3,0.3054267970008485,0.5627411366497007,0.32035062601423625
1986-01-21,False,3,0.30922539206665245,0.5544493108710774,0.322254886526181
1986-01-22,False,3,0.3140638762057867,0.5601460424816053,0.3278103336510278
1986-01-23,False,3,0.3119555977930757,0.5423001723974351,0.32211834888688473
1986-01-24,False,3,0.31095389935102674,0.5650860748929979,0.32541664480733434
1986-01-27,False,3,0.31079961129701095,0.5703864921856228,0.3262099291823034
1986-01-28,False,3,0.3056294625306287,0.5655720239789234,0.31995268620955236
1986-01-29,False,3,0.3085753343479602,0.577629823586701,0.3258871441334293
1986-01-30,False,3,0.308965033464344,0.575011328689233,0.3259077978965769
1986-01-31,False,3,0.30805648464987856,0.5748016214074235,0.3246506740900134
1986-02-03,False,3,0.3064905373145105,0.6168389378311709,0.33175545642882276
1986-02-04,False,3,0.3084173385940488,0.6164389027625627,0.33392791166148095
1986-02-05,False,3,0.3112748570361197,0.5768393034295557,0.3286018402811424
1986-02-06,False,3,0.3146964117852045,0.5316772150690856,0.32411029707633826
1986-02-07,False,3,0.3151363923913917,0.5792081279496054,0.3347677454725483
1986-02-10,False,3,0.30645108696405987,0.5772033149324207,0.3257624197156067
1986-02-11,False,3,0.31063816888552626,0.5770130674338277,0.3304870884528237
1986-02-12,False,3,0.3070725823404122,0.5793204926380867,0.3274477875254444
1986-02-13,False,3,0.30430557313741735,0.5724477857054788,0.32324892600982463
1986-02-14,False,3,0.3015801312553609,0.573168122305266,0.3204076000912059
1986-02-18,False,3,0.296277686616925,0.5767966914171391,0.315104550164434
1986-02-19,False,3,0.311373981655605,0.5568935766549881,0.3261267622566185
1986-02-20,False,3,0.3088708081690822,0.562288440819556,0.32434510484757434
1986-02-21,False,3,0.29710909703578536,0.5767713949773116,0.31559525234194297
1986-02-24,False,3,0.2996326203478511,0.5705997445827423,0.3168942890846747
1986-02-25,False,3,0.3079356541907421,0.571121646967359,0.3256896418339128
1986-02-26,False,3,0.3080524947207753,0.5736877339404548,0.3264994109415345
1986-02-27,False,3,0.29360397828310497,0.5644273959164745,0.3102280216485506
1986-02-28,False,3,0.2921811126090149,0.5483057925166238,0.3060282346787385
1986-03-03,False,3,0.30045217979539984,0.540607920787802,0.31432584572660466
1986-03-04,False,3,0.30134255538506466,0.5696441492311385,0.3215961496178917
1986-03-05,False,3,0.2977428946937433,0.557388792853712,0.31580834039623645
1986-03-06,False,3,0.2973431693009382,0.5107746755575111,0.3058824295436255
1986-03-07,False,3,0.297013116667708,0.5090480109917342,0.3052192523067278
1986-03-10,False,3,0.2984561122494862,0.4879643296489098,0.30257124565424387
1986-03-11,False,3,0.29597627252385567,0.5551409244530455,0.31112274707862453
1986-03-12,False,3,0.2975496054100947,0.5627681449818964,0.3152629330213
1986-03-13,False,3,0.3007521095093549,0.573330275478461,0.321089337135474
1986-03-14,False,3,0.2866376955024279,0.569877589619481,0.3063627330874342
1986-03-17,False,3,0.2872908792432344,0.5742278676648792,0.3080288590072698
1986-03-18,False,3,0.28363392587157144,0.5789728240274664,0.30550567210116425
1986-03-19,False,3,0.2882995537408867,0.6162102377765303,0.3182771717929642
1986-03-20,False,3,0.2749272389471758,0.6154836126729296,0.3050646005071596
1986-03-21,False,3,0.2739434215237042,0.6155332924212347,0.3049876227517604
1986-03-24,False,3,0.27364322265223306,0.5087594950307958,0.2838838235009194
1986-03-25,False,3,0.2809393770777606,0.5281853515348989,0.29563206573604284
1986-03-26,False,3,0.27870179588213667,0.5251489447417576,0.29274242760468056
1986-03-27,False,3,0.2761727634663068,0.5263989752517131,0.2902253145011753
1986-03-31,False,3,0.2710102779207553,0.5012233024076732,0.28077880554884105
1986-04-01,False,3,0.2919250500648144,0.5242795297275887,0.30442253609764397
1986-04-02,False,3,0.2911557104872261,0.5676556827352177,0.31258263023155414
1986-04-03,False,3,0.30849786898857645,0.5769358305339903,0.3327011486070511
1986-04-04,False,3,0.29713981015734575,0.574133577825725,0.3229922501470195
1986-04-07,False,3,0.2859646744649564,0.5725866398271745,0.31310989182546545
1986-04-08,False,3,0.281694145830624,0.5749171678607446,0.3063485613682157
1986-04-09,False,3,0.28106105733409764,0.5702767978433029,0.305331852581725
1986-04-10,False,3,0.2756374536259942,0.5671554889769719,0.2986408457861778
1986-04-11,False,3,0.2808347393655442,0.5736402140500807,0.30550622184054177
1986-04-14,False,3,0.2813386097026766,0.5641906896232528,0.3037677356726899
1986-04-15,False,3,0.28011925185395425,0.5793883243609574,0.3055710569755517
1986-04-16,False,3,0.27195238388623966,0.6163668915015631,0.30288285035129753
1986-04-17,False,3,0.2623194825141872,0.566442395692082,0.2834448836161709
1986-04-18,False,3,0.2521645846132149,0.5692233861545505,0.27466266838019404
1986-04-21,False,3,0.24837200825747804,0.503404887541383,0.2585768805607759
1986-04-22,False,3,0.26122719986646586,0.5448667973245026,0.27881095042147236
1986-04-23,False,3,0.26872487966222897,0.5648017111541506,0.2898582813322413
1986-04-24,False,3,0.27146348300125284,0.5787523907831548,0.2959643760584821
1986-04-25,False,3,0.2727801929419207,0.5763660349078958,0.2968273379424705
1986-04-28,False,3,0.27032118119910165,0.5785065967194852,0.29496373424029454
1986-04-29,False,3,0.28599358182236856,0.5702104139951146,0.30861993236298907
1986-04-30,False,3,0.3207591834117654,0.5691460730249079,0.34016788197113923
1986-05-01,False,3,0.3228500352278862,0.5806355983818556,0.344511706126972
1986-05-02,False,3,0.3250558418295104,0.5802430911704426,0.3465676865729136
1986-05-05,False,3,0.3219568432226766,0.5807754186344872,0.3429849139755579
1986-05-06,False,3,0.3263734188203591,0.5800511501144795,0.3471472517093358
1986-05-07,False,3,0.33441346767949753,0.5789039281513325,0.3549752977754498
1986-05-08,False,3,0.33171820147222425,0.5765200845011943,0.3518309312445104
1986-05-09,False,3,0.3302286354900725,0.5729625361403782,0.3495234752752166
1986-05-12,False,3,0.33730237781760747,0.5578326762802021,0.353022866380185
1986-05-13,False,3,0.34716547633506434,0.5649930104957406,0.3641535334307413
1986-05-14,False,3,0.3507448227823255,0.5775398782422952,0.3715661820726513
1986-05-15,False,3,0.3550227584697542,0.5739610752623714,0.37439889888172057
1986-05-16,False,3,0.36590119686392436,0.5540908602826274,0.3810809221545976
1986-05-19,False,3,0.3713475949788004,0.5530571959404601,0.3871911284446503
1986-05-20,False,3,0.3644069175150444,0.5296867028728909,0.3743428096743406
1986-05-21,False,3,0.36205512412137825,0.5313248726622166,0.3725338158920032
1986-05-22,False,3,0.3566167811829647,0.5166406334166374,0.3626116050340302
1986-05-23,False,3,0.35960228719220527,0.4822712453278359,0.35903486161340725
1986-05-27,False,3,0.35657203467621895,0.5513904083363339,0.36985641249129203
1986-05-28,False,3,0.3494815816970694,0.5442920001728639,0.3611593438912342
1986-05-29,False,3,0.3457739625398492,0.5388939105793131,0.355829533828198
1986-05-30,False,3,0.34293552933437543,0.5330420233012944,0.35195694549338186
1986-06-02,False,3,0.35732279817267754,0.532205450286526,0.36534930527592746
1986-06-03,False,3,0.35779069126053203,0.5262920525234357,0.3642022697308489
1986-06-04,False,3,0.3669386893829934,0.48078785433426124,0.3630502685630047
1986-06-05,False,3,0.36972215680942155,0.5312145737766805,0.37898807740530355
1986-06-06,False,3,0.374157738869866,0.528112178401132,0.3828440728879421
1986-06-09,False,3,0.4045704263170911,0.49097441173981976,0.399965917870639
1986-06-10,False,3,0.4124010533152768,0.4951041907371291,0.4090379634400096
1986-06-11,False,3,0.4003205210760526,0.48350170306226875,0.3945179776294909
1986-06-12,False,3,0.40253912833304023,0.4741117974485655,0.3945414418760859
1986-06-13,False,3,0.39592641722750854,0.5253423774930033,0.39779298536541496
1986-06-16,False,3,0.40143016756770505,0.527355068224289,0.40395827254656685
1986-06-17,False,3,0.4046209145493089,0.5194268589933568,0.4041722829673101
1986-06-18,False,3,0.40821661450066443,0.5348483910366023,0.41071710000757705
1986-06-19,False,3,0.40796526299187985,0.5314223681543303,0.40941194543526604
1986-06-20,False,3,0.4084570132279898,0.4851476997872864,0.3996154796460966
1986-06-23,False,3,0.4192055454507507,0.5518918747112692,0.4258012514246878
1986-06-24,False,3,0.41375558135441326,0.5460333687784962,0.418420155731074
1986-06-25,False,3,0.3919874178291547,0.4980736281281992,0.3873864543839124
1986-06-26,False,3,0.3927667633183248,0.5499460852949811,0.39981393668815857
1986-06-27,False,3,0.3792662417174621,0.490684266109468,0.3739889769145796
1986-06-30,False,3,0.353693793123278,0.4930001621943564,0.35147380525459976
1986-07-01,False,3,0.346386017518641,0.5021440613053713,0.34663272464480793
1986-07-02,False,3,0.3487150315549249,0.5435177333412193,0.3604206659007004
1986-07-03,False,3,0.35380340634028373,0.5655913633296273,0.36973462326899137
1986-07-07,False,3,0.4212542685666198,0.5205201636008434,0.4184652591952257
1986-07-08,False,3,0.4467707002591433,0.5200072785888109,0.44139058556345756
1986-07-09,False,3,0.4457442172127269,0.5238682962621757,0.44135474781606443
1986-07-10,False,3,0.44837255991524505,0.520742826853325,0.4432545309787106
1986-07-11,False,3,0.45554450948657654,0.5278943616863103,0.4542591673167292
1986-07-14,False,3,0.48799626111779126,0.5667935739315637,0.4930956716142883
1986-07-15,False,3,0.5165562652234257,0.5564229500693461,0.5163736775124659
1986-07-16,False,3,0.5176386259557945,0.559734797118909,0.5182623886688468
1986-07-17,False,3,0.5072784328122218,0.5663113794027966,0.5099353922495958
1986-07-18,False,3,0.5030606632139174,0.5617405130247171,0.5050539288068021
1986-07-21,False,3,0.5085398464091573,0.5715931966441181,0.5125590213252803
1986-07-22,False,3,0.5046133741920439,0.5594987945770298,0.5051033679824062
1986-07-23,False,3,0.5043221945360445,0.5795873634459129,0.5097031612051368
1986-07-24,False,3,0.4973091611275647,0.5812925197659321,0.5039308209804824
1986-07-25,False,3,0.4645166892366787,0.6194672298363283,0.4832830129410146
1986-07-28,False,3,0.48178165378482835,0.5840893361584057,0.48982708931089364
1986-07-29,False,3,0.490726317372816,0.5827663017225374,0.4979732494555111
1986-07-30,False,3,0.49343154022842756,0.5556456232186254,0.49511880945897085
1986-07-31,False,3,0.4930032660530581,0.5492429083184978,0.4931937264074803
1986-08-01,False,3,0.49319982263575024,0.5439084137849081,0.49197988754541233
1986-08-04,False,3,0.4983370425928941,0.5684551269555344,0.503648216295321
1986-08-05,False,3,0.49947068147116874,0.576053299926112,0.5071807796876231
1986-08-06,False,3,0.4967071342963404,0.56867451373873,0.5030128635515533
1986-08-07,False,3,0.4903144550656137,0.5802140310987797,0.49983477597751913
1986-08-08,False,3,0.49128829557551024,0.5793395784645846,0.5003788394250492
1986-08-11,False,3,0.4723877922140982,0.5819871464276157,0.48132740565917587
1986-08-12,False,3,0.46099744163473166,0.5832454998964348,0.46974184580961736
1986-08-13,False,3,0.45631178553509566,0.5819549502876763,0.46460162390084375
1986-08-14,False,3,0.4584895357493495,0.5786511961637842,0.46644089544590617
1986-08-15,False,3,0.4563265253932686,0.5368016480992934,0.4546626064021228
1986-08-18,False,3,0.4647116494518003,0.5314084894525449,0.4627968790861734
1986-08-19,False,3,0.47087304545399855,0.5525441613167389,0.4739714014113041
1986-08-20,False,3,0.4709825090040748,0.48988698968839367,0.4596574964254944
1986-08-21,False,3,0.47504673561639105,0.45937856681978834,0.45675360315074315
1986-08-22,False,3,0.4769311775880961,0.4815045355540415,0.4640453837139927
1986-08-25,False,3,0.4871316081050086,0.493363998297186,0.47606046179645484
1986-08-26,False,3,0.4716793147838803,0.52016608557672,0.46583308229820514
1986-08-27,False,3,0.47199888713594906,0.5102589672449386,0.4639400044716132
1986-08-28,False,3,0.4663742476122957,0.5153042103417557,0.4598554443040891
1986-08-29,False,3,0.4689273552190996,0.519879903293946,0.46377263922421746
1986-09-02,False,3,0.4824101722267142,0.5202235592788327,0.47661187876680594
1986-09-03,False,3,0.45265803476966354,0.5626381183990705,0.46042551150176053
1986-09-04,False,3,0.4441931703279058,0.5674119617284377,0.45237019050905447
1986-09-05,False,3,0.4604349651005684,0.5642508392431345,0.4678898842806815
1986-09-08,False,3,0.4731393220886824,0.5009864230794059,0.46603920641630575
1986-09-09,False,3,0.4815805708612016,0.5487797014169735,0.48748868900971626
1986-09-10,False,3,0.4848926824716677,0.5596313181966376,0.49295375220959253
1986-09-11,False,3,0.5763503956983089,0.624705781274133,0.5862371470277261
1986-09-12,False,3,0.5972686733427858,0.5760398942212042,0.5944041486733388
1986-09-15,False,3,0.5946815297397362,0.5715806810900219,0.5907754548916798
1986-09-16,False,3,0.6004268274167625,0.5602949860151848,0.5939233380866047
1986-09-17,False,3,0.592377192356004,0.5688730193496726,0.5877765448268651
1986-09-18,False,3,0.5970360035003403,0.5870448741283097,0.5972806820236393
1986-09-19,False,3,0.5994708327117741,0.5686628372677868,0.5957099730346577
1986-09-22,False,3,0.5938579361327723,0.5607841942671581,0.587637185412141
1986-09-23,False,3,0.5928738976142356,0.5653558779314105,0.5879693697748614
1986-09-24,False,3,0.5934939433894779,0.5567530343591408,0.5872292264939876
1986-09-25,False,3,0.612658281092257,0.5850314729335386,0.6120739932606418
1986-09-26,False,3,0.6143105883229408,0.5815256159501991,0.6129637827938218
1986-09-29,False,3,0.6256053717851981,0.584522875063425,0.6243315306899285
1986-09-30,False,3,0.5722805506448954,0.5815014830171257,0.5743860741014226
1986-10-01,False,3,0.5448161781700758,0.5763136171289953,0.5468882348510029
1986-10-02,False,3,0.5468672272022846,0.5805942883358892,0.5501222519387753
1986-10-03,False,3,0.5469038179555047,0.5797818270942218,0.5499714716442613
1986-10-06,False,3,0.5422778222453835,0.582778037538871,0.546113720484172
1986-10-07,False,3,0.5164955745914831,0.5814210011673817,0.5224282888365278
1986-10-08,False,3,0.482608273625782,0.5810706993861214,0.49052329692442403
1986-10-09,False,3,0.4888441133434377,0.575352694756559,0.49563957920731627
1986-10-10,False,3,0.49266658283852144,0.5805076516802704,0.500534386841071
1986-10-13,False,3,0.4908630607442664,0.5826779674286682,0.4990612386349334
1986-10-14,False,3,0.48856952376863155,0.5827788311772719,0.49674661945577875
1986-10-15,False,3,0.4869479560800941,0.5817730163824837,0.4942378619143281
1986-10-16,False,3,0.48637470468639427,0.5774825057683397,0.49247283977506684
1986-10-17,False,3,0.48603312982563956,0.5853171147248587,0.49363802816884844
1986-10-20,False,3,0.5018486326145571,0.580456397560913,0.5078010268470458
1986-10-21,False,3,0.4817715357649281,0.5604504290935474,0.48473391987954456
1986-10-22,False,3,0.4710525527878827,0.5301246027099189,0.46720090853681984
1986-10-23,False,3,0.4673440260806257,0.5759996190328412,0.47360067012096446
1986-10-24,False,3,0.4710691154984938,0.5430210294682872,0.4693157259738963
1986-10-27,False,3,0.4661962112071502,0.5733668350453891,0.4717126081676895
1986-10-28,False,3,0.46211261902566536,0.564611043716163,0.4656820163756356
1986-10-29,False,3,0.4593105930139486,0.5555869322069044,0.46037928834232517
1986-10-30,False,3,0.4531848257351611,0.551787402931857,0.4531147904083943
1986-10-31,False,3,0.4556703672446983,0.49283485106879055,0.44192890821764214
1986-11-03,False,3,0.4533905782366852,0.44765931380894586,0.42914183265914885
1986-11-04,False,3,0.45761210665199864,0.4974437439774333,0.44602775169124387
1986-11-05,False,3,0.46215413043199977,0.5480994699512319,0.4631404188410438
1986-11-06,False,3,0.46796709655881646,0.5044659967106018,0.45895322928720084
1986-11-07,False,3,0.4722164761277307,0.535929156204996,0.4706136164021269
1986-11-10,False,3,0.4719711062698384,0.5376792957306156,0.47119873215999736
1986-11-11,False,3,0.46783775829351565,0.5240545314786373,0.46396593929126356
1986-11-12,False,3,0.4665214056337094,0.536420563466149,0.4654627385953959
1986-11-13,False,3,0.49000009177039433,0.5461455982406077,0.490205334533547
1986-11-14,False,3,0.4873366245876931,0.4812711047792851,0.47248910390667315
1986-11-17,False,3,0.4980640371861998,0.5734492197762304,0.5045773218900902
1986-11-18,False,3,0.5250541883925864,0.5754280792922234,0.5288683235259091
1986-11-19,False,3,0.5336027961514155,0.5804074968732776,0.5399477301644612
1986-11-20,False,3,0.5286629134662969,0.5812606348937458,0.5332531226651472
1986-11-21,False,3,0.523059215034208,0.5814670178717521,0.5268483043076047
1986-11-24,False,3,0.5198243282606583,0.5705829302402748,0.521082341547961
1986-11-25,False,3,0.5036326609073183,0.5710260936629279,0.5052716002475136
1986-11-26,False,3,0.5032098220059201,0.5370427010132908,0.4967782548049553
1986-11-28,False,3,0.507256516153218,0.5027216791112208,0.49323941985455294
1986-12-01,False,3,0.49748360987346923,0.5861706149876762,0.5031794757096854
1986-12-02,False,3,0.4796582063152985,0.5861825266220341,0.4838742871866888
1986-12-03,False,3,0.47743012031386556,0.5874381034263231,0.4820128380397081
1986-12-04,False,3,0.47343191727590445,0.5865625242945811,0.4780464897967099
1986-12-05,False,3,0.3722087543759927,0.5267660153575435,0.37953673908060204
1986-12-08,False,3,0.34729102721752164,0.5741386782976358,0.3685055068320546
1986-12-09,False,3,0.3561915629917242,0.5687064644948591,0.37529363017869766
1986-12-10,False,3,0.3502821450102537,0.5327071144289525,0.36111208849256843
1986-12-11,False,3,0.36672103350634083,0.5773429529320541,0.3859920279604019
1986-12-12,False,3,0.37417607826291555,0.6164712667034672,0.40173206866629496
1986-12-15,False,3,0.37704451085246643,0.6166079414186947,0.404271711366645
1986-12-16,False,3,0.3786231747941475,0.5795186587487203,0.39765176132414365
1986-12-17,False,3,0.3908362720159588,0.6169031932654874,0.41762409319850513
1986-12-18,False,3,0.39926565890789306,0.5803585247951438,0.41660781913579886
1986-12-19,False,3,0.37329011474705515,0.5778562249563759,0.3908701854625171
1986-12-22,False,3,0.37992156579033753,0.6165764396305147,0.40629752232821165
1986-12-23,False,3,0.3760963755783986,0.577707900711082,0.3937730402827464
1986-12-24,False,3,0.3777347703243362,0.575285810541301,0.3952069754776267
1986-12-26,False,3,0.3816080794341203,0.5712327775487986,0.398505942780501
1986-12-29,False,3,0.39465048330245633,0.5788206716624819,0.4120291288345328
1986-12-30,False,3,0.3997355991622943,0.5265565316995666,0.4046787414262698
1986-12-31,False,3,0.40278962757197856,0.565180565254561,0.4166489648896153
1987-01-02,False,3,0.3973596545849827,0.5782728432992698,0.41086179633021186
1987-01-05,False,3,0.40193167143833713,0.5740858515878753,0.40924283185529453
1987-01-06,False,3,0.3954258408102133,0.5817086003708251,0.40425190198918587
1987-01-07,False,3,0.3888532392845615,0.6198039128697888,0.4061353970656864
1987-01-08,False,3,0.3848650020711451,0.5736685794747242,0.39100748125304474
1987-01-09,False,3,0.3788471469075334,0.5633489960475645,0.3825541355972595
1987-01-12,False,3,0.379531119751473,0.5644528184992794,0.38425193155821213
1987-01-13,False,3,0.38008719388469886,0.5696528075247512,0.38600491283656957
1987-01-14,False,3,0.37061713188287343,0.5667477892498433,0.3759965298118846
1987-01-15,False,3,0.35196124201710693,0.5674663187200736,0.35808815487179274
1987-01-16,False,3,0.3533156181861086,0.5500803204289351,0.3558062992672123
1987-01-19,False,3,0.3475599631608004,0.5571898350025797,0.35166257943327645
1987-01-20,False,3,0.35654412812595265,0.5646663013918506,0.3627870133960831
1987-01-21,False,3,0.36066729911984013,0.564057253227813,0.3666340123590118
1987-01-22,False,3,0.35516312286511736,0.5093743421993174,0.3477013949450366
1987-01-23,False,3,0.3727930510578867,0.49409219808954286,0.36047404003143396
1987-01-26,False,3,0.38212103350219306,0.4572968439236891,0.3612219246750631
1987-01-27,False,3,0.38058250201605975,0.47031300707510854,0.36225584563755714
1987-01-28,False,3,0.37552449088611395,0.4877024428104153,0.36101617552594994
1987-01-29,False,3,0.38229941694169056,0.514488149607492,0.3737221114430966
1987-01-30,False,3,0.38528540183801485,0.561557474194211,0.38728262696016974
1987-02-02,False,3,0.38008508450518297,0.5638750017015407,0.38211590912961274
1987-02-03,False,3,0.37667031252401845,0.5357342460437193,0.3728107494529188
1987-02-04,False,3,0.36859639669066663,0.5394515473738937,0.3656861066179229
1987-02-05,False,3,0.36611542069739694,0.5593894390504276,0.3671892432480964
1987-02-06,False,3,0.36930797014174754,0.5551046923989335,0.3695055798584818
1987-02-09,False,3,0.3740113772001792,0.5554696156755222,0.37390788774222533
1987-02-10,False,3,0.36647003459518535,0.5570193248520623,0.36764510886890484
1987-02-11,False,3,0.36244036065619484,0.5565374662823396,0.36272628321219397
1987-02-12,False,3,0.35673738653869363,0.5631217886074633,0.35903800889384463
1987-02-13,False,3,0.31182647359750987,0.5352570093755378,0.3123510994707461
1987-02-17,False,3,0.30110478732583273,0.5180387039755608,0.2975027581452239
1987-02-18,False,3,0.3091290992936712,0.503312797607972,0.3040093417531935
1987-02-19,False,3,0.3153801709167731,0.4278917388230691,0.2959451355831282
1987-02-20,False,3,0.3206388875365222,0.4922788796510412,0.3140384196603546
1987-02-23,False,3,0.33317302008383387,0.4354613720480269,0.3139239998122044
1987-02-24,False,3,0.33305959309562305,0.4642736462394748,0.3197834038038604
1987-02-25,False,3,0.3307510852298947,0.4701143351505692,0.31875874314797076
1987-02-26,False,3,0.3287740433919734,0.5330290793280432,0.33048876582979725
1987-02-27,False,3,0.33336225120131563,0.5217755251349309,0.33336122985495026
1987-03-02,False,3,0.3367992846207246,0.5032494755881793,0.33268146423145956
1987-03-03,False,3,0.3342252957879119,0.4969361849127431,0.32887625094637946
1987-03-04,False,3,0.32002729547849235,0.4841242762097514,0.3120836920040123
1987-03-05,False,3,0.3128262430060376,0.45311156959947785,0.2992232806744167
1987-03-06,False,3,0.30611287627243383,0.4741957415891862,0.2976475878313977
1987-03-09,False,3,0.3189890819520841,0.4814532419369043,0.3109530311204912
1987-03-10,False,3,0.30097644769022047,0.43740800491091175,0.2859759138998892
1987-03-11,False,3,0.2938736053813022,0.43732067665186575,0.27996877232715384
1987-03-12,False,3,0.2897006980268495,0.4594448157104563,0.2802853591248652
1987-03-13,False,3,0.29828814181898305,0.4745825021379964,0.29120590743958746
1987-03-16,False,3,0.29729747361206527,0.4827589158538928,0.2920556178558525
1987-03-17,False,3,0.2856561129464329,0.5207225094236232,0.2879084309769818
1987-03-18,False,3,0.291869104763481,0.5085219085209685,0.2918904308162992
1987-03-19,False,3,0.28175121897497435,0.5187619624777594,0.2842460442412111
1987-03-20,False,3,0.26345757524013724,0.4542377964614784,0.2553743928297758
1987-03-23,False,3,0.26282432953919543,0.4212964170347442,0.24902418326309236
1987-03-24,False,3,0.2620357905814147,0.4918006958496794,0.26138289664396086
1987-03-25,False,3,0.25311618929626395,0.49222630107933324,0.2539229497046413
1987-03-26,False,3,0.24676003056836981,0.5057552956626874,0.25073753208144406
1987-03-27,False,3,0.25606663007731345,0.4898007841282279,0.2563692426715227
1987-03-30,False,3,0.2969236020585547,0.4173084930825999,0.27936668226907513
1987-03-31,False,3,0.29646096654887705,0.38248886708199975,0.275399244447396
1987-04-01,False,3,0.3008435003075809,0.40526220798971774,0.2842205014534951
1987-04-02,False,3,0.3046636331862889,0.3657643679377402,0.2804730368179075
1987-04-03,False,3,0.30417241993293614,0.38630933728421274,0.28257308802200193
1987-04-06,False,3,0.30532274526224706,0.3891840946741896,0.2843771126460273
1987-04-07,False,3,0.32857564357783897,0.44041493708451435,0.31551048405717425
1987-04-08,False,3,0.3271158334639584,0.40630992971402335,0.3073423332704213
1987-04-09,False,3,0.34704877628095143,0.43824996680142514,0.33203890180891893
1987-04-10,False,3,0.35532525129336334,0.47689370269871184,0.34898488905756414
1987-04-13,False,3,0.38756258913380776,0.4978425020685819,0.380922584280326
1987-04-14,False,3,0.4398245709520153,0.48794472604149297,0.4252134390825375
1987-04-15,False,3,0.430027737258107,0.5447070356635053,0.42752609106372985
1987-04-16,False,3,0.4152960913338178,0.5524128112350539,0.41484321374962935
1987-04-20,False,3,0.42696719337041406,0.5518278302710488,0.42765647001650925
1987-04-21,False,3,0.40380962965341377,0.5063231095363526,0.3937330481854898
1987-04-22,False,3,0.4179693046054991,0.4999585987589766,0.4049659191728551
1987-04-23,False,3,0.4271416300518985,0.5532759961409123,0.42657215683094923
1987-04-24,False,3,0.45425427457526074,0.5546784623860399,0.45219859268449675
1987-04-27,False,3,0.4574928461369919,0.5592780676892076,0.4566533069487837
1987-04-28,False,3,0.4530437758392988,0.5207736191173257,0.4434383109076497
1987-04-29,False,3,0.4549884954022396,0.5109913380583869,0.4436018190717851
1987-04-30,False,3,0.45090640594951165,0.5214088029962615,0.44133483839360005
1987-05-01,False,3,0.45935821998524107,0.5224622960405753,0.4503681358233835
1987-05-04,False,3,0.4601065254303545,0.5680134899380893,0.46174670132122186
1987-05-05,False,3,0.45136958576588765,0.5646781702525424,0.45008021095140355
1987-05-06,False,3,0.4458059001882911,0.558459335410196,0.44441637620069185
1987-05-07,False,3,0.4365805040069309,0.540271694729246,0.43191199782655415
1987-05-08,False,3,0.44649277196314885,0.5312744108198357,0.44015919082597016
1987-05-11,False,3,0.44647585149329544,0.46477236741047756,0.4250319264713427
1987-05-12,False,3,0.4524194191172497,0.5209977137162031,0.4448136690472394
1987-05-13,False,3,0.45764235359976924,0.541753685480408,0.4564175841324144
1987-05-14,False,3,0.456938602116489,0.49549658830789967,0.44460955856564033
1987-05-15,False,3,0.48414727552947484,0.5398835583234134,0.4791939146959519
1987-05-18,False,3,0.4920109408164162,0.5289070944852656,0.48410820137076493
1987-05-19,False,3,0.5121617734072622,0.5812778942196811,0.5149072874442454
1987-05-20,False,3,0.5213969593386801,0.5790493286797119,0.5234812018688241
1987-05-21,False,3,0.5213465712143004,0.5680159979780991,0.5203391879949993
1987-05-22,False,3,0.5181432039151229,0.5833147199867625,0.5203069279961502
1987-05-26,False,3,0.5140356357971108,0.5877240556565511,0.5160213535985863
1987-05-27,False,3,0.5079933905585785,0.623674101275869,0.5192014590465384
1987-05-28,False,3,0.5049660338594856,0.5877591636603456,0.5074548653049257
1987-05-29,False,3,0.5112869212191337,0.5841082223721594,0.513895880586449
1987-06-01,False,3,0.5166208948555964,0.6234191267421643,0.5288923222995576
1987-06-02,False,3,0.5190492979186657,0.5844231519572158,0.5217489742513557
1987-06-03,False,3,0.5042647365484058,0.585297357316816,0.5070053378847342
1987-06-04,False,3,0.5063167185236704,0.5840583083271673,0.5089368434467221
1987-06-05,False,3,0.5085466729518526,0.6238676841554253,0.5205898616209715
1987-06-08,False,3,0.5068349694842188,0.5860873868802493,0.509545616977275
1987-06-09,False,3,0.5004847831519686,0.5835377449467426,0.5027642998960516
1987-06-10,False,3,0.491740856182983,0.5844347294003287,0.4948129206067205
1987-06-11,False,3,0.49468328190120997,0.582485869000643,0.49788102996570494
1987-06-12,False,3,0.48984086314606573,0.5852658795056721,0.4935516548131359
1987-06-15,False,3,0.49187789021317935,0.5831569212626795,0.49523909197998833
1987-06-16,False,3,0.4953960910332619,0.5811744891528954,0.49878728079616563
1987-06-17,False,3,0.4974737312093564,0.559192589889319,0.4954800203371054
1987-06-18,False,3,0.49773250262509633,0.5144377815380586,0.4848968609689403
1987-06-19,False,3,0.4946461831069679,0.48151137773671066,0.474020244121321
1987-06-22,False,3,0.49135170141602286,0.5680086248645916,0.49112185670915937
1987-06-23,False,3,0.4849285436067293,0.551535325571986,0.48110969260349096
1987-06-24,False,3,0.4535055755834564,0.47801126617422707,0.43592257256956285
1987-06-25,False,3,0.4556633484587084,0.43374060631437816,0.4280472047164951
1987-06-26,False,3,0.4592067997947046,0.42639246832324035,0.4292750394662012
1987-06-29,False,3,0.46100278714007187,0.42625499250838916,0.43115763669767343
1987-06-30,False,3,0.4783183884135781,0.4353035675125188,0.451493748457772
1987-07-01,False,3,0.48561338760311107,0.5497334048083734,0.48557665648191806
1987-07-02,False,3,0.4645367210873935,0.4659687040935975,0.4458246221641224
1987-07-06,False,3,0.46978028700601615,0.5101980860403916,0.46114222574624975
1987-07-07,False,3,0.45234292164021167,0.49438525492110846,0.4413561251341146
1987-07-08,False,3,0.44739157637547905,0.5332325162289243,0.44532743232308913
1987-07-09,False,3,0.41282616920858295,0.48552180872661077,0.40386315835569003
1987-07-10,False,3,0.3635812168868244,0.46826445223648516,0.3579382309939907
1987-07-13,False,3,0.3695892332111855,0.4832503860243266,0.36876527081506466
1987-07-14,False,3,0.36965747624818096,0.5379700105807478,0.38065746010874163
1987-07-15,False,3,0.36503368101053435,0.5515535364019113,0.3793910260769486
1987-07-16,False,3,0.36673331985730995,0.5349295927305541,0.37903622122653907
1987-07-17,False,3,0.34381345605766755,0.44390849862303533,0.33878662527852066
1987-07-20,False,3,0.35226018385208957,0.445954873223986,0.346893998595845
1987-07-21,False,3,0.3374289006679939,0.3942826924117275,0.32315879804369585
1987-07-22,False,3,0.33109721141939685,0.4391379385710541,0.32624622859600244
1987-07-23,False,3,0.33835352420923276,0.43098185734576844,0.33099918310972154
1987-07-24,False,3,0.34000207021481293,0.43773898861390037,0.33390891626705144
1987-07-27,False,3,0.34276515217290726,0.37671984124967683,0.32392846354290816
1987-07-28,False,3,0.3374575674020548,0.38940159422566295,0.32136559359173433
1987-07-29,False,3,0.33530298633864897,0.38057702012139366,0.3168792974217719
1987-07-30,False,3,0.3342333456571741,0.4884848791886613,0.34177809738356074
1987-07-31,False,3,0.3312043297919574,0.5128346292965366,0.34296552939867214
1987-08-03,False,3,0.33472418291053757,0.5358950912534015,0.35094897914971135
1987-08-04,False,3,0.334124474710757,0.5048643561123075,0.34377263830444904
1987-08-05,False,3,0.3262584731871583,0.46572744116305015,0.3273013966475752
1987-08-06,False,3,0.3222290439280043,0.44640601086086207,0.31870998536922135
1987-08-07,False,3,0.32116748637869924,0.46879354135101503,0.32211996399641224
1987-08-10,False,3,0.3162209479073173,0.4860272876295876,0.3196399623912969
1987-08-11,False,3,0.28247870054095986,0.4743008706958634,0.2872253928419494
1987-08-12,False,3,0.27636028575697796,0.44315100737915036,0.275793802884671
1987-08-13,False,3,0.24155131088591536,0.30109201056241525,0.22104728815802485
1987-08-14,False,3,0.23598445019548417,0.24606554910287298,0.20548762404312346
1987-08-17,False,3,0.23938692964358937,0.2757471877732284,0.21480000851629336
1987-08-18,False,3,0.26121676724124115,0.3719390231797239,0.25049884641109116
1987-08-19,False,3,0.26283790610062846,0.42601362583910374,0.2660228979392161
1987-08-20,False,3,0.2604528222266874,0.45407198829432976,0.2668159956452377
1987-08-21,False,3,0.26091877176121725,0.4120425471237968,0.2595290273455455
1987-08-24,False,3,0.26842530350349,0.347632578924412,0.25329834638662463
1987-08-25,False,3,0.2632857809377854,0.3511791332749964,0.2489986109022351
1987-08-26,False,3,0.2638323940935911,0.45779061911895247,0.26980628475628154
1987-08-27,False,3,0.2774905350102363,0.4409295274814074,0.2803720096931403
1987-08-28,False,3,0.29660660377124787,0.49547567446733076,0.30793495356331674
1987-08-31,False,3,0.29004330655180083,0.45780847518440915,0.29373696689153633
1987-09-01,False,3,0.316886745235589,0.4465644496494802,0.31450429945747194
1987-09-02,False,3,0.32400283641378014,0.45922638367863633,0.32344145074018216
1987-09-03,False,3,0.3293478218640397,0.44862346264315595,0.3259143355713602
1987-09-04,False,3,0.34348268879692556,0.45914012315056735,0.34087014340086613
1987-09-08,False,3,0.36884077804832094,0.4641607085304467,0.36497267403694744
1987-09-09,False,3,0.3687338915167296,0.46755448024149476,0.3654795443982666
1987-09-10,False,3,0.3662048171780757,0.4415789450180383,0.3564837647136569
1987-09-11,False,3,0.36210587114903087,0.4481718278862528,0.35193432552533793
1987-09-14,False,3,0.36225720991929966,0.4246646459148898,0.3469253684819605
1987-09-15,False,3,0.38164071587612725,0.4404301655722209,0.36731261389065906
1987-09-16,False,3,0.39417084476777725,0.4240698467628503,0.37504181702882405
1987-09-17,False,3,0.3905567766632413,0.34497578606324586,0.3533401301828428
1987-09-18,False,3,0.38750416834757817,0.38186099357133835,0.35916299078402547
1987-09-21,False,3,0.40811242041414025,0.37649301706747407,0.3763271495195401
1987-09-22,False,3,0.3993782784215224,0.45102428098002323,0.3821848895414606
1987-09-23,False,3,0.3952569437653251,0.4500131350796894,0.377519231924893
1987-09-24,False,3,0.3864093468213098,0.44522444493550817,0.36873898595870286
1987-09-25,False,3,0.38208626044690686,0.43588629418929503,0.36268665599533956
1987-09-28,False,3,0.381466904394463,0.4609684615542273,0.36773456392785486
1987-09-29,False,3,0.3826462675925253,0.5345289173912469,0.38497640034528896
1987-09-30,False,3,0.38462804086381125,0.541506480932397,0.3882612831411463
1987-10-01,False,3,0.3816801241289013,0.5168860195613426,0.37889970684673285
1987-10-02,False,3,0.37969622564058464,0.5121603784743792,0.3761033800214328
1987-10-05,False,3,0.3828135421139104,0.5243546484478468,0.3821189171512194
1987-10-06,False,3,0.4184451561281635,0.4817719347684043,0.4036791109509996
1987-10-07,False,3,0.4286912170835521,0.3801208667335815,0.39062694595225234
1987-10-08,False,3,0.448806188578116,0.4100406659356479,0.4155972275939989
1987-10-09,False,3,0.4627106601197782,0.4808133020266643,0.44550086970317104
1987-10-12,False,3,0.47676647056551263,0.48623537691356006,0.46020009379150456
1987-10-13,False,3,0.46096620293101,0.48341181078122153,0.44391510680687996
1987-10-14,False,3,0.4941602406451514,0.5375307199111319,0.48549019549373984
1987-10-15,False,3,0.5300252144557471,0.5431982807977949,0.5194530599184206
1987-10-16,False,3,0.6351650062307532,0.5819797766687133,0.6217383993494064
1987-10-19,False,3,0.9478795005476572,0.6362932679807114,0.938150403808099
1987-10-20,False,3,0.9521923283519667,0.512554806917578,0.9378136207522281
1987-10-21,False,3,0.9543065233857676,0.5330710674853923,0.940502727628038
1987-10-22,False,3,0.9649101737287512,0.5476697931542127,0.9544576184407926
1987-10-23,False,3,0.967255567868502,0.5748159365489288,0.9585364219475331
1987-10-26,False,3,0.9826872883850903,0.6282001038649873,0.9784952508634813
1987-10-27,False,3,0.9820687988279939,0.6256136679753217,0.9777181792731177
1987-10-28,False,3,0.9819866870418436,0.5842909176055964,0.9767505480670141
1987-10-29,False,3,0.9811024309935333,0.534837087968075,0.9744010279606229
1987-10-30,False,3,0.9802946084387694,0.5839363608432856,0.9744795399766997
1987-11-02,False,3,0.9796705871484469,0.5833007442444201,0.9736787043013213
1987-11-03,False,3,0.9818425825779469,0.5973653773120519,0.9767753941274621
1987-11-04,False,3,0.9827824877382865,0.6383265569003618,0.9788443107619516
1987-11-05,False,3,0.9815889131795269,0.6360692787505138,0.9773326525481028
1987-11-06,False,3,0.9825056058375905,0.6365543078467034,0.9784657525084737
1987-11-09,False,3,0.9841435171281652,0.561793622795696,0.9789850162195943
1987-11-10,False,3,0.9852208728251577,0.5583819784563616,0.9803394424495373
1987-11-11,False,3,0.9840195323783117,0.5980382289712394,0.9795472296700916
1987-11-12,False,3,0.9830971814392501,0.5994694539594646,0.9783839840174963
1987-11-13,False,3,0.9840813132277059,0.593078392395898,0.9795170643675815
1987-11-16,False,3,0.9841487211851537,0.5916572018345213,0.9795755400242597
1987-11-17,False,3,0.9846182738809157,0.551029985996245,0.9793953231609999
1987-11-18,False,3,0.9846342114830636,0.5898133865094543,0.9801497893652542
1987-11-19,False,3,0.9855902823939917,0.5873692070564974,0.9813114892666074
1987-11-20,False,3,0.9850553107067669,0.5435088638140796,0.9798169604936916
1987-11-23,False,3,0.98416394952532,0.5024913240247534,0.9778093641777811
1987-11-24,False,3,0.9837977052447453,0.5901461492284693,0.9790764305843054
1987-11-25,False,3,0.9831012379905619,0.5903442207676606,0.9782088442602681
1987-11-27,False,3,0.9834460453395144,0.5919290319103102,0.978690616799773
1987-11-30,False,3,0.9862171237070261,0.629067661391349,0.9827801786443715
1987-12-01,False,3,0.9855657293579211,0.5560979729226142,0.9806717280807892
1987-12-02,False,3,0.9845706148848288,0.5935332770601449,0.9800790366887164
1987-12-03,False,3,0.9865174793594309,0.5907843104426471,0.9824932587616086
1987-12-04,False,3,0.9875897961773975,0.5897788873099363,0.9838646347838252
1987-12-07,False,3,0.9875313252518164,0.6210329418580554,0.9842761973195853
1987-12-08,False,3,0.9868339927559721,0.6196599032729283,0.9833596919362207
1987-12-09,False,3,0.9855123763115581,0.6142309529843977,0.9816049904405976
1987-12-10,False,3,0.9857908519186903,0.6140499797302778,0.9819594328908895
1987-12-11,False,3,0.9855084485783622,0.5769395767601077,0.9809403596148638
1987-12-14,False,3,0.984504945393544,0.6116662344947256,0.9802725006029852
1987-12-15,False,3,0.9833198463050823,0.5717297969949899,0.9779768486912959
1987-12-16,False,3,0.9832295366280939,0.5759737837566163,0.9779488271081987
1987-12-17,False,3,0.9845055615427156,0.5712594783272287,0.9795141165158812
1987-12-18,False,3,0.983471070212528,0.5713138524150355,0.9781493162057242
1987-12-21,False,3,0.9832968742802037,0.573190649931875,0.9779655425221115
1987-12-22,False,3,0.9836952020124219,0.5690201432852721,0.9784042681288556
1987-12-23,False,3,0.9828448255336073,0.5711278309853546,0.9773343516465238
1987-12-24,False,3,0.9830418615080864,0.5697989490506307,0.9775653960068627
1987-12-28,False,3,0.9851440726894337,0.5468310276978657,0.9798801128528108
1987-12-29,False,3,0.9855488225925199,0.5463444537739846,0.9804114917035031
1987-12-30,False,3,0.9849759707306543,0.5448210226753435,0.9796087596479869
1987-12-31,False,3,0.983543136453836,0.5868945022489691,0.9785710745865718
1988-01-04,False,3,0.9820548186911537,0.5499323970274121,0.9757938591781529
1988-01-05,False,3,0.980369962720762,0.5415450226427541,0.9733599114480791
1988-01-06,False,3,0.9795871686210001,0.5749580815074152,0.9731634785193858
1988-01-07,False,3,0.9784906837626249,0.5725419949987994,0.9716865598680194
1988-01-08,False,3,0.9846078794509582,0.5752861282393578,0.9795630060019251
1988-01-11,False,3,0.9825186395807683,0.5717626525806371,0.9767886589447825
1988-01-12,False,3,0.9814233268179322,0.5293989212790555,0.9743902999087874
1988-01-13,False,3,0.9758262146824416,0.5184651553286365,0.9666812953917905
1988-01-14,False,3,0.8815459549583682,0.49587924897056024,0.8519802278441669
1988-01-15,False,3,0.8648751772203621,0.37551130582773423,0.8120191257568952
1988-01-18,False,3,0.8635936220316095,0.5106796816512273,0.8324667190504026
1988-01-19,False,3,0.8308036282255634,0.3697534942452228,0.7728686858333174
1988-01-20,False,3,0.8414254280336426,0.4700613725841833,0.8014433358435701
1988-01-21,False,3,0.7013908506277685,0.49653541314181326,0.6598174830225608
1988-01-22,False,3,0.6990027250895514,0.49561209288401004,0.6562568050926499
1988-01-25,False,3,0.6881752768055194,0.4639983227900851,0.637161864667974
1988-01-26,False,3,0.7028473842262967,0.49962931243938064,0.6628769439279205
1988-01-27,False,3,0.7126215607543706,0.5270095132708524,0.679737694376261
1988-01-28,False,3,0.7139555781512145,0.49707473256112494,0.674759415249338
1988-01-29,False,3,0.6865718657952553,0.5357669578314741,0.6544421011740806
1988-02-01,False,3,0.6824252180307983,0.5475400248419094,0.652610130602533
1988-02-02,False,3,0.6916757506442993,0.5543399361706159,0.6642894273165204
1988-02-03,False,3,0.6935523062548862,0.587150624620333,0.6730053341464338
1988-02-04,False,3,0.6635110242220399,0.5855186057570937,0.6429282727130414
1988-02-05,False,3,0.643870281747312,0.5509230907400647,0.6153311141275459
1988-02-08,False,3,0.6565728674051591,0.5497757939147235,0.62837865318761
1988-02-09,False,3,0.6622319324621544,0.5474974351125677,0.6343309008975763
1988-02-10,False,3,0.6456207420188474,0.5396791667627878,0.6150520371876919
1988-02-11,False,3,0.6475049810876581,0.5769980489505437,0.6252952176823389
1988-02-12,False,3,0.6265278135182315,0.5891896717534558,0.6073334455742873
1988-02-16,False,3,0.6263986697845708,0.5862784321198033,0.6063618132232294
1988-02-17,False,3,0.6024991879337496,0.592904804159298,0.5848888053669978
1988-02-18,False,3,0.6081696798546191,0.5933080257751172,0.5903474042974457
1988-02-19,False,3,0.6038240072127543,0.5912271187330036,0.585263952966827
1988-02-22,False,3,0.604872837397435,0.5479151535522876,0.5761082765118308
1988-02-23,False,3,0.5993606114354733,0.552613812527766,0.57144730284208
1988-02-24,False,3,0.5883726558100435,0.5536807852573028,0.5605110990278741
1988-02-25,False,3,0.5194427850678214,0.598489977552979,0.5077323809063962
1988-02-26,False,3,0.521375141905188,0.5931190549778901,0.5082384692324317
1988-02-29,False,3,0.5131092313652804,0.5544955189458552,0.49018507157588054
1988-03-01,False,3,0.4658335008304393,0.5585670479663768,0.4469888348443407
1988-03-02,False,3,0.44248507476241006,0.5562890982617361,0.4239954484872143
1988-03-03,False,3,0.4536169448520695,0.5593644991798713,0.4357074144198384
1988-03-04,False,3,0.46587514544610237,0.5995630292800093,0.45826158452894145
1988-03-07,False,3,0.47426411897347204,0.5976961216817145,0.46644686908456046
1988-03-08,False,3,0.4508029773142592,0.5928236474745685,0.44256644499464537
1988-03-09,False,3,0.45270155394739314,0.594355404451318,0.44483726424962605
1988-03-10,False,3,0.48621809463899146,0.5893629520191577,0.47749693866103976
1988-03-11,False,3,0.4933243021588232,0.5871434044067091,0.4837555012782142
1988-03-14,False,3,0.5005101498522179,0.5794448506887073,0.48985879339505195
1988-03-15,False,3,0.48181084755721015,0.573527902317456,0.47077717810404807
1988-03-16,False,3,0.4866142130620889,0.5802111008971951,0.4778675745151996
1988-03-17,False,3,0.4827812365855189,0.5274315555419298,0.46122712375610125
1988-03-18,False,3,0.48147969791775386,0.5416112726732345,0.4632557102978913
1988-03-21,False,3,0.4994341537544279,0.5756367862540337,0.4889180735536913
1988-03-22,False,3,0.4971856126696656,0.5818425325675327,0.4881041216186945
1988-03-23,False,3,0.46018816250591055,0.5632329053568007,0.44940659471616295
1988-03-24,False,3,0.48077501586288374,0.5212829916180493,0.4583003921672442
1988-03-25,False,3,0.508104728785628,0.5281535543713285,0.4860528532065755
1988-03-28,False,3,0.5158753026894152,0.5166821083645654,0.4906942544286209
1988-03-29,False,3,0.5170862256599502,0.5013403909746267,0.4912514032480994
1988-03-30,False,3,0.532288014585817,0.5397352005799092,0.5152909510792052
1988-03-31,False,3,0.5313106741835305,0.46122813893972664,0.49585043154271946
1988-04-04,False,3,0.5469316472644825,0.49916749881245537,0.5199228497129336
1988-04-05,False,3,0.3983171490695415,0.5290941551048712,0.3967943911020748
1988-04-06,False,3,0.39650574516684794,0.5263875383560894,0.3916245632290308
1988-04-07,False,3,0.3825266810553977,0.5636511843202029,0.3869847189524163
1988-04-08,False,3,0.3772693043658572,0.5710809882560602,0.3827780390366874
1988-04-11,False,3,0.37483068693657867,0.5222457955352463,0.3697952544764715
1988-04-12,False,3,0.3786409238661807,0.5631954237740733,0.38505558177218746
1988-04-13,False,3,0.3786917634063644,0.5235402573469211,0.37620310031155557
1988-04-14,False,3,0.44592384133247176,0.5279673610449578,0.4344595981795868
1988-04-15,False,3,0.4041568222016486,0.5638638696623023,0.4052689794439323
1988-04-18,False,3,0.40152523566466497,0.5767647515665086,0.40542003907010665
1988-04-19,False,3,0.410785768489556,0.5235611223130361,0.40241147970005675
1988-04-20,False,3,0.4273884250616893,0.5179560770861436,0.4173602806582754
1988-04-21,False,3,0.4184239979975722,0.509054618738953,0.4070188452745475
1988-04-22,False,3,0.4116082522126199,0.4585719583625038,0.38842354954025865
1988-04-25,False,3,0.4140087147812568,0.4852651820138974,0.3970506026365362
1988-04-26,False,3,0.4165925880980978,0.4780854387740705,0.39763596149613434
1988-04-27,False,3,0.41438908231394533,0.48638853312731184,0.39703697665871385
1988-04-28,False,3,0.4191979775785197,0.4989439079500415,0.4042444676835924
1988-04-29,False,3,0.4058301370533017,0.515961878661906,0.3954752184262654
1988-05-02,False,3,0.4050885894653966,0.4604005640977352,0.3823096728077956
1988-05-03,False,3,0.39960677938640415,0.45669103922655807,0.37603358808766846
1988-05-04,False,3,0.40193834584552673,0.45563724986173537,0.3772948922300322
1988-05-05,False,3,0.4141548921465322,0.4987283725716536,0.3985784423499277
1988-05-06,False,3,0.42533386821673835,0.5181569827991338,0.41569192201982424
1988-05-09,False,3,0.43112109078953437,0.5289689873264696,0.42350111667870527
1988-05-10,False,3,0.434652983195563,0.5659382529122714,0.43557300163051693
1988-05-11,False,3,0.4660634148078819,0.560932921677876,0.46315908679797385
1988-05-12,False,3,0.4633991414366584,0.5264172591182847,0.4523365123177153
1988-05-13,False,3,0.4547237581926503,0.4702582230179405,0.43027184577257377
1988-05-16,False,3,0.4566120869637487,0.48985767577699035,0.4370469488574339
1988-05-17,False,3,0.47448725867885067,0.5142612352280325,0.460448790161662
1988-05-18,False,3,0.49822062750347085,0.4634627666948533,0.4703723473038393
1988-05-19,False,3,0.49744725285424307,0.4724044356859445,0.4716340971628308
1988-05-20,False,3,0.49024389996636475,0.4072395296778612,0.4484919102159062
1988-05-23,False,3,0.5015018485340218,0.3649589639224117,0.44877158001731177
1988-05-24,False,3,0.5020751231340069,0.36033771559974015,0.4498642472694581
1988-05-25,False,3,0.500260039702055,0.37211315350217133,0.45107579255414465
1988-05-26,False,3,0.5025579565782226,0.32871823383380383,0.44253294617036987
1988-05-27,False,3,0.5066787169794104,0.29166318863988644,0.4362419400021107
1988-05-31,False,3,0.5044030363010981,0.30691336893667787,0.43492801364514894
1988-06-01,False,3,0.500422966024277,0.333707908916358,0.43642164111665877
1988-06-02,False,3,0.5074583976101896,0.36798910402859425,0.4525436831026652
1988-06-03,False,3,0.5068515980971661,0.35435555416038755,0.44809592981974206
1988-06-06,False,3,0.4828128983878019,0.35544024514068595,0.4258825299356849
1988-06-07,False,3,0.487813497827801,0.3523967546949588,0.4295986067578038
1988-06-08,False,3,0.4844566387406225,0.3710871313213294,0.4294467408377707
1988-06-09,False,3,0.484848181790223,0.35732448870877215,0.4262177480512676
1988-06-10,False,3,0.4883061414116206,0.33142349826281864,0.42306980401632444
1988-06-13,False,3,0.49219463058762686,0.3423409252205224,0.42964167499644024
1988-06-14,False,3,0.4872763531645009,0.28866394354641706,0.410574825563748
1988-06-15,False,3,0.4777587074332248,0.2475873200701958,0.3900450101876872
1988-06-16,False,3,0.49415570452604,0.43805188875376255,0.4547975478933139
1988-06-17,False,3,0.49652483234976835,0.43562811391581274,0.455867371607657
1988-06-20,False,3,0.47375045510405156,0.41955328652038565,0.43155635472931414
1988-06-21,False,3,0.4490183798646012,0.43390335311326167,0.4117130790760548
1988-06-22,False,3,0.4350483137822483,0.4550692171714568,0.40318649700930576
1988-06-23,False,3,0.4413958686364985,0.4704582774192468,0.4130935391273349
1988-06-24,False,3,0.4363688519588322,0.46777186740985194,0.4077160736377983
1988-06-27,False,3,0.45665980764892306,0.5013036541195219,0.43417250712143984
1988-06-28,False,3,0.43901627352515843,0.46758768761426556,0.40964879820648825
1988-06-29,False,3,0.44683030825505776,0.49578071771416865,0.4238055914336126
1988-06-30,False,3,0.44690842347487125,0.47613654561290286,0.4207832676745186
1988-07-01,False,3,0.453406201335465,0.49189849581672657,0.4302082988333518
1988-07-05,False,3,0.45392128699077644,0.4335056845911062,0.41718917435095565
1988-07-06,False,3,0.4684370530192088,0.4909650172621794,0.44398213678372117
1988-07-07,False,3,0.4720901975905725,0.5010313326323503,0.44995853756973847
1988-07-08,False,3,0.4768608451078655,0.4635115937953241,0.4463750214508598
1988-07-11,False,3,0.3983909110368133,0.3558503798378508,0.35506859952369
1988-07-12,False,3,0.4035734931035557,0.3508656116017036,0.3584511642754555
1988-07-13,False,3,0.40222570415241304,0.4203733612935343,0.37325761742652197
1988-07-14,False,3,0.39800289159763896,0.4924409612796503,0.38513212931326973
1988-07-15,False,3,0.3875061342725056,0.49328004994778585,0.3758138347465579
1988-07-18,False,3,0.3907045047757761,0.4708518434196268,0.3737460883633699
1988-07-19,False,3,0.4052593383255698,0.5571590620931687,0.40732187974050565
1988-07-20,False,3,0.4070985484725882,0.5585546672895934,0.4097528320025898
1988-07-21,False,3,0.4236945896236268,0.5163883526127307,0.41569192709915687
1988-07-22,False,3,0.4385969723543937,0.5224570236905381,0.43067823171127906
1988-07-25,False,3,0.4353714376436679,0.5257978786845364,0.4281581465990306
1988-07-26,False,3,0.4323543193132285,0.5335059099114154,0.42701986658843577
1988-07-27,False,3,0.4446187352299521,0.52373482684294,0.4359447625261053
1988-07-28,False,3,0.44364367059440085,0.473397651137729,0.42311554382178
1988-07-29,False,3,0.42827482465599637,0.4831704449611679,0.4093415092513826
1988-08-01,False,3,0.4208404108028774,0.5279839061118637,0.4125716251830446
1988-08-02,False,3,0.4169128656657815,0.5263078396972669,0.408150745802549
1988-08-03,False,3,0.4091128658712806,0.47273836651613854,0.38910795876357424
1988-08-04,False,3,0.4123219517617048,0.5096107988702883,0.40058884979838727
1988-08-05,False,3,0.3889395745319308,0.499357390775998,0.3781752271311458
1988-08-08,False,3,0.39518121019232827,0.4110512787914759,0.36427598443241394
1988-08-09,False,3,0.4160158587033079,0.4511502185239193,0.39260068236617296
1988-08-10,False,3,0.4458274324275995,0.4730588883613727,0.42451309829998646
1988-08-11,False,3,0.4338437745803635,0.5102449530241364,0.42202910698243523
1988-08-12,False,3,0.41067218900669333,0.469260288236128,0.39196117720893775
1988-08-15,False,3,0.43051264810044554,0.5305997968346337,0.4234145954285945
1988-08-16,False,3,0.42875253484517706,0.4902198465609616,0.4125289893909929
1988-08-17,False,3,0.4193125383586583,0.46618079933587214,0.39848328853804416
1988-08-18,False,3,0.42383782645637214,0.5029231989016011,0.4115539093803352
1988-08-19,False,3,0.4253545158664862,0.5600283219788137,0.4260487471285655
1988-08-22,False,3,0.44247161694589626,0.5292007337312205,0.43452417613110533
1988-08-23,False,3,0.44068368162029226,0.5275310395940582,0.4323432979222064
1988-08-24,False,3,0.43557026824302264,0.5273326116300391,0.430362523229105
1988-08-25,False,3,0.44650470284874116,0.4521366376964507,0.4262604463057837
1988-08-26,False,3,0.44397954236478304,0.49187747177705893,0.43240936482092596
1988-08-29,False,3,0.44259278964706245,0.49115311765125164,0.43043394916808675
1988-08-30,False,3,0.4435929733424746,0.5571394215800024,0.4466082318179037
1988-08-31,False,3,0.4403546432450582,0.5237037097156255,0.4355293601049956
1988-09-01,False,3,0.456759028348426,0.5718180358235118,0.46550601783911694
1988-09-02,False,3,0.4524540052944495,0.5695721046749679,0.4581174653165585
1988-09-06,False,3,0.4510147539650522,0.5785210702607314,0.45884059850164244
1988-09-07,False,3,0.45076303044999005,0.5797173826695533,0.4590945893849172
1988-09-08,False,3,0.45443233919053383,0.5851426566275656,0.4639920365032918
1988-09-09,False,3,0.45243663042678667,0.5230894575648763,0.4471654795878766
1988-09-12,False,3,0.4376415737774787,0.5432005280592092,0.4380116423029803
1988-09-13,False,3,0.4345830696715932,0.5328487212856711,0.43241140607224543
1988-09-14,False,3,0.4267157684645577,0.5342326529362426,0.42485363556158834
1988-09-15,False,3,0.43356924139449826,0.5259806340957588,0.43123191940588557
1988-09-16,False,3,0.43493436125846746,0.5836491207640342,0.44631689247163653
1988-09-19,False,3,0.43985753359533875,0.5262451253359576,0.43715273390106635
1988-09-20,False,3,0.436673798705469,0.5261393486955686,0.43387499398840995
1988-09-21,False,3,0.4167881580680827,0.5377666145110269,0.4184783753707324
1988-09-22,False,3,0.42505059196051115,0.5337175061342845,0.4259475231976479
1988-09-23,False,3,0.4213337385797092,0.581880765906641,0.4338215745902314
1988-09-26,False,3,0.42996606304977847,0.5860008663783124,0.44460250763147574
1988-09-27,False,3,0.42829582321500276,0.5819486955888445,0.4420631632918366
1988-09-28,False,3,0.4304884029242448,0.5423053230361522,0.4356791206126699
1988-09-29,False,3,0.4141312749940957,0.5388858339103811,0.4177100119513616
1988-09-30,False,3,0.4137542560804272,0.5722912099797626,0.42518797896309535
1988-10-03,False,3,0.41198247557394235,0.5158081148980197,0.41055093300087997
1988-10-04,False,3,0.41405701762923774,0.5629273247071006,0.4239704467535381
1988-10-05,False,3,0.403496024931378,0.5636223792477315,0.41387648283098144
1988-10-06,False,3,0.4038971920295729,0.5197918538566558,0.40398777008278236
1988-10-07,False,3,0.40182858474337135,0.5319044417166019,0.40283395341058426
1988-10-10,False,3,0.40180046064128055,0.5332900223924466,0.403002241964202
1988-10-11,False,3,0.39948025242761226,0.579203100330728,0.41166940880570796
1988-10-12,False,3,0.40817330857731365,0.5774187322800891,0.41880172436733965
1988-10-13,False,3,0.40818109198729313,0.5714789273102862,0.4171621015086757
1988-10-14,False,3,0.39424428969619424,0.5318687416949529,0.39528802912431393
1988-10-17,False,3,0.37833211047416193,0.5411449002440795,0.38302176489153245
1988-10-18,False,3,0.3745971196650309,0.5634588605856926,0.3847666202767168
1988-10-19,False,3,0.38184901773282953,0.5266536971907577,0.3836729681204541
1988-10-20,False,3,0.36526974716003296,0.5655838483877004,0.37585947305598055
1988-10-21,False,3,0.36898243601533615,0.5047866270020042,0.36645386982436434
1988-10-24,False,3,0.37773101070070597,0.5214156118347116,0.38087272640649167
1988-10-25,False,3,0.37933596069084097,0.49032608149025303,0.37570487471272473
1988-10-26,False,3,0.3821828474694766,0.4325313551784718,0.36589598013747193
1988-10-27,False,3,0.4062362567928919,0.38765548330302224,0.3759255738699475
1988-10-28,False,3,0.40284828157558467,0.41163346731477807,0.37797502518298476
1988-10-31,False,3,0.3994239336234413,0.42971437119744393,0.3791721132752931
1988-11-01,False,3,0.39487640729350176,0.38230326444952545,0.3642450927225012
1988-11-02,False,3,0.3796562616539511,0.41467582196969716,0.35880710246401903
1988-11-03,False,3,0.3514486856653261,0.49633332175755857,0.3526957692070515
1988-11-04,False,3,0.3626818120288376,0.4408935778371789,0.35060891321264015
1988-11-07,False,3,0.37494272042132903,0.46197489615137793,0.3659499089973533
1988-11-08,False,3,0.3519270040803705,0.5054279101251133,0.35540632332363276
1988-11-09,False,3,0.3618549739034476,0.4680155455685849,0.35659887458281964
1988-11-10,False,3,0.36170772347197183,0.4252414009792836,0.3471772887413337
1988-11-11,False,3,0.38973945881597,0.5112715927723299,0.3900198038227403
1988-11-14,False,3,0.3928621792596443,0.47799792501063026,0.38526870751436715
1988-11-15,False,3,0.37576301985340055,0.48551634408618666,0.37183447159689587
1988-11-16,False,3,0.39655411738817026,0.4888740005768759,0.39025090937811263
1988-11-17,False,3,0.4003908244296051,0.4764278783474183,0.39328136019615334
1988-11-18,False,3,0.39013143751215557,0.46821408435891204,0.381765318288144
1988-11-21,False,3,0.39394829310239937,0.5171021478311362,0.39662046620767216
1988-11-22,False,3,0.3972409554010626,0.5138523593574478,0.4001011371332134
1988-11-23,False,3,0.39476513844801925,0.4100866251086249,0.37433355362322246
1988-11-25,False,3,0.39940212369973793,0.41458156485681735,0.37981996821464786
1988-11-28,False,3,0.38387002027674755,0.4279232922319698,0.36924478385650106
1988-11-29,False,3,0.3825238302483339,0.37202118306964027,0.3575892645754338
1988-11-30,False,3,0.38132018224466585,0.3423603544929129,0.3480568621326259
1988-12-01,False,3,0.3833944350940151,0.3307957671637436,0.34736702431657446
1988-12-02,False,3,0.3841684029491124,0.38975581938682863,0.36209790091870653
1988-12-05,False,3,0.3826530266264034,0.3534858032188137,0.35166591304291217
1988-12-06,False,3,0.37853450618028545,0.37206460538130065,0.35153003797881954
1988-12-07,False,3,0.3791869202550676,0.4572850672694995,0.3714941208256131
1988-12-08,False,3,0.38770422801334936,0.34282990599976004,0.35338977999447313
1988-12-09,False,3,0.3836151105617621,0.34896969834655756,0.3502521813442381
1988-12-12,False,3,0.389891227726343,0.43540237451169955,0.3760077475631295
1988-12-13,False,3,0.3877575555529047,0.49074411154883535,0.38637416339167613
1988-12-14,False,3,0.39184307087616543,0.5503612966202099,0.4037182043019398
1988-12-15,False,3,0.39647850691096437,0.5495705879215443,0.4082881239875322
1988-12-16,False,3,0.3888028746050926,0.5243073892734517,0.3943075082870391
1988-12-19,False,3,0.3856898920743996,0.5400530099295142,0.39395842962457034
1988-12-20,False,3,0.3835961200369678,0.5467633946668898,0.3937857583426295
1988-12-21,False,3,0.3835242055865545,0.5508798062520252,0.3946747175368286
1988-12-22,False,3,0.38585192615145003,0.520822212099736,0.3904039706168604
1988-12-23,False,3,0.3871739811837997,0.5171633726271214,0.392390700545807
1988-12-27,False,3,0.38826138478455247,0.558567959920154,0.40261894094057016
1988-12-28,False,3,0.3830121602797562,0.5079540623783751,0.3860275974338339
1988-12-29,False,3,0.3780903535437277,0.5234712352228592,0.3837043080542169
1988-12-30,False,3,0.3796580662971745,0.5401868032068624,0.38910985158733485
1989-01-03,False,3,0.3921532108351624,0.5598434137881585,0.4049504463847449
1989-01-04,False,3,0.3917672101505368,0.4462595095090341,0.3790687951245885
1989-01-05,False,3,0.3917728813660127,0.48876460993480453,0.3883874744108395
1989-01-06,False,3,0.3871317466733752,0.3765125764655149,0.358189121369321
1989-01-09,False,3,0.3686283143068918,0.4132822760628202,0.35068635818830246
1989-01-10,False,3,0.37297303493267303,0.47328523485774954,0.3680320265249086
1989-01-11,False,3,0.37134541719213765,0.47980852462761064,0.3676358689512719
1989-01-12,False,3,0.3696801554028229,0.4177873508888318,0.3520748558312117
1989-01-13,False,3,0.3715958382690754,0.4813777346549141,0.3678049287914397
1989-01-16,False,3,0.364956686103885,0.47093933434276886,0.3589445776311607
1989-01-17,False,3,0.37062623726429783,0.47037937178280353,0.36626242714410445
1989-01-18,False,3,0.36770374375660375,0.29429653102956727,0.3220549316243527
1989-01-19,False,3,0.36199234648517103,0.3276837719606166,0.32451043803738
1989-01-20,False,3,0.36219295460518475,0.3247423502034678,0.32380972736783775
1989-01-23,False,3,0.3663725046222674,0.31376468241985167,0.3244911469667811
1989-01-24,False,3,0.33981037566697336,0.33906437343708595,0.3077154564890065
1989-01-25,False,3,0.3403094317358564,0.358327402243867,0.3124651495595219
1989-01-26,False,3,0.33644179137644104,0.32751914281498756,0.3007740501257503
1989-01-27,False,3,0.3331569815752586,0.3872912067740976,0.3104235118190183
1989-01-30,False,3,0.33013163913646126,0.424506406685517,0.31519575675546296
1989-01-31,False,3,0.32718765482047735,0.48761133263218664,0.324747290898849
1989-02-01,False,3,0.31508889645500254,0.47149752237963904,0.31091349289998305
1989-02-02,False,3,0.30043039336061833,0.46118939573881007,0.29639816111807865
1989-02-03,False,3,0.300707553091219,0.4937136368252401,0.3035337933971404
1989-02-06,False,3,0.29600648012209924,0.5046852592711303,0.3018527868827439
1989-02-07,False,3,0.29160565632265945,0.5227209858997379,0.30012143020506915
1989-02-08,False,3,0.2655393372577974,0.3820558034115213,0.25282706714913433
1989-02-09,False,3,0.2698620574350373,0.4280210278498141,0.264945217774898
1989-02-10,False,3,0.29073392240418955,0.45218297877943586,0.2864331997698592
1989-02-13,False,3,0.26860828104886647,0.4139602128811519,0.2620430614092084
1989-02-14,False,3,0.26871802657840077,0.4843048185576711,0.2753088603112354
1989-02-15,False,3,0.2680677089287998,0.4824493461496612,0.2737766341725469
1989-02-16,False,3,0.2631731149549142,0.4867670007799072,0.26987453701181824
1989-02-17,False,3,0.26053481761982533,0.47306700572787563,0.2641530132806516
1989-02-21,False,3,0.2666764119135823,0.5485278845147844,0.28409974535593985
1989-02-22,False,3,0.279234802545182,0.554462961996577,0.2952032160167098
1989-02-23,False,3,0.27917908136220115,0.5256970535614252,0.28941103002790447
1989-02-24,False,3,0.3009743574072617,0.5279283375142391,0.3096336785930368
1989-02-27,False,3,0.3052170086278031,0.51070216486658,0.31140461675413544
1989-02-28,False,3,0.30221263063646325,0.5143132591415247,0.30861396770623445
1989-03-01,False,3,0.3055009299094566,0.4785687326257723,0.3045378345147708
1989-03-02,False,3,0.3053460714490421,0.5521111477585423,0.31919064054533997
1989-03-03,False,3,0.3059458740594968,0.5136328552648185,0.31199332189713735
1989-03-06,False,3,0.3032072974209239,0.495186309358922,0.3047965753383321
1989-03-07,False,3,0.2986919513133533,0.5499201322917013,0.3120362086830274
1989-03-08,False,3,0.30001621102650095,0.5384077788921141,0.31134030533146334
1989-03-09,False,3,0.298712754401081,0.4517511261374165,0.29297663971571763
1989-03-10,False,3,0.2972548868629335,0.4175522429778857,0.28498868985621134
1989-03-13,False,3,0.2906284954147756,0.3598141688901158,0.26736158078605965
1989-03-14,False,3,0.2886545780277787,0.4077586507038434,0.2748084964437581
1989-03-15,False,3,0.2901336107167752,0.41747319563618995,0.2785788159488546
1989-03-16,False,3,0.2904094437673586,0.48072342387728134,0.291372871518662
1989-03-17,False,3,0.3224201997523459,0.5202914005836985,0.3250946559822789
1989-03-20,False,3,0.3317133627012202,0.5800674166127185,0.3461888736713002
1989-03-21,False,3,0.32776482273660795,0.4898129090502414,0.3231660020646079
1989-03-22,False,3,0.3335514121597773,0.4930890766211173,0.3294096347003587
1989-03-23,False,3,0.3357292280337112,0.48837913015766105,0.33061449042913443
1989-03-27,False,3,0.3346283253927899,0.5505495310396962,0.34278140639055765
1989-03-28,False,3,0.33586586412750985,0.5118742862523058,0.33604128801621563
1989-03-29,False,3,0.3351392374852431,0.5502335843921291,0.3432711564522878
1989-03-30,False,3,0.32338787620612097,0.4598264059141746,0.3138216659085809
1989-03-31,False,3,0.32402126218018285,0.458978494919321,0.31609524829730395
1989-04-03,False,3,0.322349014549667,0.5679659791112636,0.3371495578378472
1989-04-04,False,3,0.32731231394849614,0.5797035203751798,0.34463794064764997
1989-04-05,False,3,0.32630295849472396,0.5720998669796862,0.3419507536941684
1989-04-06,False,3,0.3260627295446066,0.5343037168447652,0.333640662881274
1989-04-07,False,3,0.3246752262948412,0.5780887307891581,0.3413402435549938
1989-04-10,False,3,0.3276643033309951,0.5283357100896425,0.3339496133719378
1989-04-11,False,3,0.326206772345212,0.5258887747732494,0.3317726547439199
1989-04-12,False,3,0.32478182881597983,0.5213141411116017,0.329344766044203
1989-04-13,False,3,0.3314729973193887,0.5163892688221912,0.33432260001952946
1989-04-14,False,3,0.33141065032797096,0.5134455905078019,0.3328022334774186
1989-04-17,False,3,0.3332407639364011,0.5184440625380904,0.33548503050088174
1989-04-18,False,3,0.32768676988732576,0.5515869555368421,0.3366044070468743
1989-04-19,False,3,0.31798379257961223,0.4947769482335875,0.3159272091237045
1989-04-20,False,3,0.3244411839563241,0.5338879720721581,0.3309575221800582
1989-04-21,False,3,0.3220109510891724,0.5586262527269316,0.3333667574312771
1989-04-24,False,3,0.3268299985270951,0.474925125184767,0.3214529147370858
1989-04-25,False,3,0.33312704803540905,0.5564201979012181,0.34480569869562416
1989-04-26,False,3,0.33540188182701575,0.5544350867194726,0.3468138846089519
1989-04-27,False,3,0.3356043027982899,0.5655392644403915,0.349429904518474
1989-04-28,False,3,0.337210012779467,0.5731182209391217,0.352616383432655
1989-05-01,False,3,0.34052938669001487,0.5713288368813911,0.35541379505358484
1989-05-02,False,3,0.34391267763654443,0.5669532032605583,0.3576378328576512
1989-05-03,False,3,0.34137244696995134,0.5783367465527025,0.35776481065951365
1989-05-04,False,3,0.34565685463749324,0.6215871727098308,0.3731380910257899
1989-05-05,False,3,0.34527062825510135,0.5747908687795864,0.3622885758923505
1989-05-08,False,3,0.34421341144613304,0.5808265735076055,0.3625072554570209
1989-05-09,False,3,0.32464779122345505,0.6208543632978092,0.35457702008654773
1989-05-10,False,3,0.3219328174479349,0.6213266313158794,0.35169807681463033
1989-05-11,False,3,0.32019773616162506,0.5754126780941216,0.3398385833709415
1989-05-12,False,3,0.3204968729288604,0.5847097626343202,0.3401132298602366
1989-05-15,False,3,0.31894768666481477,0.5766876324019578,0.33646958369752195
1989-05-16,False,3,0.3246856578647857,0.5757508009126876,0.34236359585836024
1989-05-17,False,3,0.3181432261588704,0.5789273784971217,0.3362690863165619
1989-05-18,False,3,0.2973343544778379,0.5835830892562373,0.31916024040197405
1989-05-19,False,3,0.2946849612559302,0.5839036369345886,0.31633760518309845
1989-05-22,False,3,0.27578874209700066,0.6201631440058144,0.3072673802094874
1989-05-23,False,3,0.2854347926064203,0.5835003009439377,0.3087343102456482
1989-05-24,False,3,0.2864243894647012,0.58010942279376,0.3093999627113564
1989-05-25,False,3,0.2821390151173173,0.5785665232793307,0.30473680038082723
1989-05-26,False,3,0.28237463832550547,0.5721975519876931,0.3038009275345182
1989-05-30,False,3,0.29239587475442047,0.5712621844403337,0.3131401219673969
1989-05-31,False,3,0.29401395310011136,0.5832307456966986,0.31794026586417834
1989-06-01,False,3,0.29094324083083495,0.5795295733642154,0.31399941056206004
1989-06-02,False,3,0.28721025178885257,0.5587608470089642,0.3054602381345327
1989-06-05,False,3,0.29582702566067554,0.5348858734899747,0.3084268905458452
1989-06-06,False,3,0.2910382347039778,0.5401947468014351,0.30462776141837733
1989-06-07,False,3,0.29044187633630164,0.5591986622403821,0.3085814259620579
1989-06-08,False,3,0.288012679582024,0.5597990059224479,0.306645248978315
1989-06-09,False,3,0.2912228600395045,0.5528358884961784,0.30846018967400524
1989-06-12,False,3,0.29657282807472135,0.5490328785765305,0.3133099861688456
1989-06-13,False,3,0.268202344893182,0.45735542147408303,0.27343500470992704
1989-06-14,False,3,0.25727699395163406,0.49828215091523315,0.27181896981354925
1989-06-15,False,3,0.27134809951615796,0.5445141892728698,0.2933908651559912
1989-06-16,False,3,0.2663665682659753,0.565559016024653,0.2925920445655015
1989-06-19,False,3,0.2631649819448301,0.5547464401007463,0.28743489126643
1989-06-20,False,3,0.26760740526895016,0.5167008244565368,0.2841619859262956
1989-06-21,False,3,0.27280685124670595,0.4996850773211561,0.28615360612127966
1989-06-22,False,3,0.2716946416931022,0.4918135636578486,0.28394241724045816
1989-06-23,False,3,0.2686399757347129,0.5551176853870874,0.2916318633245131
1989-06-26,False,3,0.2760042140621613,0.5530716251788083,0.2987163691708475
1989-06-27,False,3,0.2763670180558039,0.5554135211855552,0.2994989940872805
1989-06-28,False,3,0.28139188746889254,0.5140366326521298,0.29576972223969067
1989-06-29,False,3,0.31529173436204505,0.557201199178472,0.33191223437323875
1989-06-30,False,3,0.3191920879081323,0.4609075708769169,0.3155606128171995
1989-07-03,False,3,0.3210199475815481,0.5024020568288942,0.32620858950405685
1989-07-05,False,3,0.3181188566528022,0.486707306604701,0.32006826151431433
1989-07-06,False,3,0.3191216086316581,0.47928382728349594,0.3194980615369434
1989-07-07,False,3,0.31671474722074555,0.48014628835400786,0.3172177952307535
1989-07-10,False,3,0.3043854843793493,0.49108727024705967,0.308520385722839
1989-07-11,False,3,0.30544041779809733,0.5604275855066719,0.32549118867867416
1989-07-12,False,3,0.3034316636910521,0.571238867053012,0.3256678174432879
1989-07-13,False,3,0.3064016243931616,0.505823718195516,0.3162473133413991
1989-07-14,False,3,0.30621004750526654,0.48650215317633105,0.3122555263494771
1989-07-17,False,3,0.30295439683024816,0.5456142747402503,0.3208502890092562
1989-07-18,False,3,0.3084996667847631,0.543172377508302,0.3266063012378743
1989-07-19,False,3,0.3040234729179393,0.529440963791435,0.3182231102141669
1989-07-20,False,3,0.3050385908017591,0.5668239456470154,0.32693275074866857
1989-07-21,False,3,0.30310211194524156,0.5051045107548242,0.3124870882525572
1989-07-24,False,3,0.3116239556405022,0.44645200971556503,0.3095376184785916
1989-07-25,False,3,0.31119575694119594,0.44669940117793444,0.3095512372576317
1989-07-26,False,3,0.3050568682956157,0.5553861312844213,0.32573061143557647
1989-07-27,False,3,0.29956944374207406,0.5115856654828321,0.31083247512677226
1989-07-28,False,3,0.299474277156702,0.5457609438169868,0.3176708340045625
1989-07-31,False,3,0.2954347368095791,0.495030666639795,0.30347087053706356
1989-08-01,False,3,0.2991637851427327,0.5011467961831216,0.30809596584447035
1989-08-02,False,3,0.29080837369893303,0.4822422181655348,0.2970099962240616
1989-08-03,False,3,0.2883960686580119,0.5022920828880054,0.2987326265811403
1989-08-04,False,3,0.29204843306188066,0.4791669331084768,0.29839397234935566
1989-08-07,False,3,0.2895866411639624,0.5010153313042376,0.299992575472313
1989-08-08,False,3,0.2921360374155524,0.5370663289656107,0.31234245230564606
1989-08-09,False,3,0.2989016473815416,0.5366263936229019,0.3194139684500395
1989-08-10,False,3,0.29508939730019507,0.5395818274049771,0.3163861438034285
1989-08-11,False,3,0.30754385829072867,0.5000704269837015,0.3202903699252621
1989-08-14,False,3,0.31453054118663093,0.5224602868287695,0.3315130261537868
1989-08-15,False,3,0.31604584476846925,0.4873347264616011,0.3262125126189767
1989-08-16,False,3,0.3157429476309578,0.5083083207137172,0.33051491038412595
1989-08-17,False,3,0.3089654349383546,0.5137610050647835,0.3254165805014869
1989-08-18,False,3,0.30954022040868373,0.5286899416862771,0.3292085453706147
1989-08-21,False,3,0.32736098423956267,0.5290461484938751,0.34486881786921214
1989-08-22,False,3,0.3310541600827638,0.47806724070366063,0.33844346222049104
1989-08-23,False,3,0.31998158516233743,0.5045306269878591,0.33327310715376923
1989-08-24,False,3,0.3187415115962354,0.5487223663303861,0.33906816523110844
1989-08-25,False,3,0.3214081182402989,0.49890059102839907,0.33125130768446953
1989-08-28,False,3,0.3234722682079007,0.4958435410798951,0.33300358806244423
1989-08-29,False,3,0.3162783711950845,0.5035906323232783,0.3284179794166058
1989-08-30,False,3,0.3168540228534089,0.5223420095896631,0.33313242293801504
1989-08-31,False,3,0.3203548241111051,0.5015827869059732,0.33201968677427135
1989-09-01,False,3,0.319078558654546,0.5127572659585904,0.3327491346288293
1989-09-05,False,3,0.3202053038857158,0.5072338698372625,0.3326908575196566
1989-09-06,False,3,0.3285799889395123,0.508735119984302,0.3402722995837063
1989-09-07,False,3,0.32378303349366544,0.47875936063081925,0.3296076523325821
1989-09-08,False,3,0.3222706814595724,0.4936326566670492,0.33123191324251977
1989-09-11,False,3,0.3163177102763932,0.5100024666823139,0.3293094382806313
1989-09-12,False,3,0.3167357593427849,0.49248301296388386,0.3259912174592602
1989-09-13,False,3,0.3230681117991109,0.4728566247802249,0.3277122990318081
1989-09-14,False,3,0.330509716175502,0.4864197553489763,0.33696654604163195
1989-09-15,False,3,0.3290871663675681,0.49251277684537065,0.3372110077549678
1989-09-18,False,3,0.32991009076595157,0.5489659066871553,0.3496500582717231
1989-09-19,False,3,0.33398065856221454,0.5377136120320652,0.35276825300262965
1989-09-20,False,3,0.3307029590155667,0.4844677701956902,0.33843906829817294
1989-09-21,False,3,0.3345871559953097,0.5004737900498275,0.34571211703194055
1989-09-22,False,3,0.326609387529464,0.5402606125753425,0.3465069768950599
1989-09-25,False,3,0.3000774780933517,0.5643342952445104,0.3306843007690315
1989-09-26,False,3,0.29305761764873217,0.553409986780445,0.3216870892664059
1989-09-27,False,3,0.2946403222222992,0.5582021985875957,0.32505597469740855
1989-09-28,False,3,0.29356359771109886,0.5690796890145203,0.32524726936741116
1989-09-29,False,3,0.2945116288691862,0.5631891712784823,0.3253240271442946
1989-10-02,False,3,0.2949697262109738,0.5585694573069936,0.3249534655217949
1989-10-03,False,3,0.2940149144557872,0.5731867175427997,0.3261733819251514
1989-10-04,False,3,0.29443187305063984,0.5347453642580056,0.3186858095421501
1989-10-05,False,3,0.2956804744005589,0.5677976239921538,0.32700741154723206
1989-10-06,False,3,0.2946468445740963,0.5607531867982056,0.3243125293337921
1989-10-09,False,3,0.29545953946023873,0.5625302215858347,0.32548610499878633
1989-10-10,False,3,0.29899148402970077,0.5527637292933979,0.32686956292079883
1989-10-11,False,3,0.3050420462949704,0.5565757629683245,0.33279708944176467
1989-10-12,False,3,0.313328895605666,0.5550222768415486,0.34187405648658875
1989-10-13,False,3,0.4766563488260913,0.5471375493290134,0.4694895728921612
1989-10-16,False,3,0.4735742888622762,0.5804247313220938,0.47758067414753774
1989-10-17,False,3,0.47354729480190744,0.5729289549898393,0.4757510322487422
1989-10-18,False,3,0.4710713360956611,0.5789706209907117,0.47453833751752106
1989-10-19,False,3,0.4697835442525906,0.5305025499163846,0.4604392761499526
1989-10-20,False,3,0.47651106447395963,0.5078814341296235,0.46182480199473724
1989-10-23,False,3,0.4833301718758974,0.5146331492875558,0.4700879110985773
1989-10-24,False,3,0.4961586004140649,0.5324818247495999,0.48750780082241735
1989-10-25,False,3,0.4958898610833741,0.5266882472825754,0.48622852061860583
1989-10-26,False,3,0.5122610883168038,0.45765337479202334,0.4858940832098635
1989-10-27,False,3,0.5265514730714994,0.5054729305567438,0.5111080247978125
1989-10-30,False,3,0.5251166007095047,0.504674150195576,0.5090334239474068
1989-10-31,False,3,0.5251733410298194,0.523486019909509,0.5136248783625713
1989-11-01,False,3,0.5253367279167452,0.5221893900383031,0.5134497743030534
1989-11-02,False,3,0.5299929555434457,0.5255881443169371,0.518675011966501
1989-11-03,False,3,0.5333090554028337,0.5311818720949306,0.5231682655315444
1989-11-06,False,3,0.5420775326335826,0.5763833661913657,0.5416285402384317
1989-11-07,False,3,0.5345335056269523,0.5705631755554607,0.5328092536778744
1989-11-08,False,3,0.5314369151494682,0.5370532681120556,0.5211039815271566
1989-11-09,False,3,0.5352560892175824,0.5254610847198653,0.5221043547950805
1989-11-10,False,3,0.5285588189607822,0.5234508539443804,0.5147836164529774
1989-11-13,False,3,0.5276487162049472,0.5635624851315477,0.5232876820891743
1989-11-14,False,3,0.5159576721337626,0.559783972304555,0.5114444732923984
1989-11-15,False,3,0.5127587155159166,0.47522387303199143,0.4889997521580479
1989-11-16,False,3,0.5182764004324878,0.5276278947103077,0.5070400798092073
1989-11-17,False,3,0.5225388564789882,0.5689273922751457,0.5223679867367444
1989-11-20,False,3,0.5303803993251093,0.5256310549456711,0.519961475650796
1989-11-21,False,3,0.5346726765821689,0.5715688983540296,0.5353789367252862
1989-11-22,False,3,0.5285832751495886,0.5713014031712373,0.5291536402758199
1989-11-24,False,3,0.5274356758847909,0.5617613632532573,0.525407101954629
1989-11-27,False,3,0.5251540079222315,0.5628513698078564,0.5233319918498796
1989-11-28,False,3,0.5274334097312758,0.5627111037895293,0.5257497045457377
1989-11-29,False,3,0.5322950569371192,0.5165406576354497,0.519608033358143
1989-11-30,False,3,0.5208313840914939,0.4599028749391359,0.495166488710776
1989-12-01,False,3,0.5140716395462346,0.4932267493075821,0.4959279276669627
1989-12-04,False,3,0.5145237053137501,0.5087230750512826,0.5002120274294279
1989-12-05,False,3,0.5106933416780984,0.5030637434271967,0.4953263115460933
1989-12-06,False,3,0.5152435833207305,0.5027281908168564,0.49996529714096877
1989-12-07,False,3,0.5110665292407632,0.5009133595203833,0.4954677401963483
1989-12-08,False,3,0.4995303052433225,0.5063295327269971,0.4855666624314504
1989-12-11,False,3,0.5006024681490263,0.522640501110345,0.4901839745828652
1989-12-12,False,3,0.5005006343064949,0.51429372326824,0.4884301065958866
1989-12-13,False,3,0.49998216220037345,0.5762179255865195,0.5028105726026133
1989-12-14,False,4,0.5053939256011378,0.5810177541037777,0.48636845548461194
1989-12-15,False,4,0.5077542724583191,0.583603691146523,0.4897195792239315
1989-12-18,False,4,0.531460645406933,0.5796118975701151,0.5113215333628581
1989-12-19,False,4,0.5309865094576063,0.579474100002177,0.5113922886806824
1989-12-20,False,4,0.5340921666871037,0.5851105323265824,0.5180661843094885
1989-12-21,False,4,0.5306409949037572,0.581124807313724,0.5120727924582842
1989-12-22,False,4,0.531265303920174,0.5830685674749706,0.513064754195467
1989-12-26,False,4,0.5325324236183608,0.5748277527073563,0.5120541206897763
1989-12-27,False,4,0.5324800464166614,0.5796629429037716,0.5140778769444195
1989-12-28,False,4,0.5342939446478119,0.5283224333196539,0.5020411490527575
1989-12-29,False,4,0.5317423925893162,0.5361502374077355,0.5004235469790459
1990-01-02,False,4,0.525755972617845,0.5315928129380304,0.49084982615806566
1990-01-03,False,4,0.5277680149619631,0.4983540064910879,0.48490192984096164
1990-01-04,False,4,0.5349041441945561,0.46925922862059766,0.4852851166956547
1990-01-05,False,4,0.5377323152130097,0.42452940658459365,0.47641941583842917
1990-01-08,False,4,0.5302463461872257,0.424690059770203,0.4693874230760468
1990-01-09,False,4,0.5360640068611882,0.4153834542168688,0.4723438652186457
1990-01-10,False,4,0.39567198713850404,0.35849718055782825,0.3610432947722565
1990-01-11,False,4,0.3986965379777673,0.46252618559784486,0.385899821752414
1990-01-12,False,4,0.4383088350338563,0.4473745489986288,0.40775070649081735
1990-01-15,False,4,0.45379935636290725,0.45934640338790517,0.42531643540283043
1990-01-16,False,4,0.45369262080586426,0.4037985308087174,0.414539242437721
1990-01-17,False,4,0.45893736943453545,0.3481086479327243,0.4044602618114038
1990-01-18,False,4,0.4530768633353285,0.41831188066820296,0.417958191714688
1990-01-19,False,4,0.4442071394487281,0.4947109292190736,0.4277920580823896
1990-01-22,False,4,0.4743533950109561,0.49888288701551164,0.45061932535717497
1990-01-23,False,4,0.462706611133464,0.5122384696160841,0.4450904932677844
1990-01-24,False,4,0.4582861561015359,0.47627936469566423,0.4326844794108456
1990-01-25,False,4,0.4692951466753455,0.48607904148346853,0.4467942770713362
1990-01-26,False,4,0.4771256064385394,0.5207010656785802,0.4671569231601679
1990-01-29,False,4,0.4841197932074696,0.5429605111281764,0.48054533194618315
1990-01-30,False,4,0.49194712383505046,0.5549631832828725,0.491596728586442
1990-01-31,False,4,0.48670725339219517,0.5693228223670008,0.4829284579130021
1990-02-01,False,4,0.46730571435899226,0.5742209607728547,0.4675543013574875
1990-02-02,False,4,0.46531941977655294,0.5420536833225875,0.4548478935480434
1990-02-05,False,4,0.46685366783570587,0.5335148842103836,0.45717803720174693
1990-02-06,False,4,0.4704812757455541,0.5363874167340373,0.4614424654849658
1990-02-07,False,4,0.4693046348253282,0.5672907332919254,0.4673751944643849
1990-02-08,False,4,0.4718862655177035,0.504799872551217,0.45312393076619084
1990-02-09,False,4,0.4670913380736668,0.5462913474477388,0.45891160172279555
1990-02-12,False,4,0.47984852020833424,0.5569472558957594,0.4722212161683396
1990-02-13,False,4,0.4786290786133525,0.5603994274091516,0.47143402035700965
1990-02-14,False,4,0.47975912848478997,0.5639858869566277,0.4734693979731694
1990-02-15,False,4,0.4673431621377712,0.5625235695074496,0.4584214208243987
1990-02-16,False,4,0.4669804974486308,0.5640918685776414,0.4595168397438025
1990-02-20,False,4,0.48727430279416645,0.5592600432684082,0.4759868040302145
1990-02-21,False,4,0.49334345861447104,0.5150142872703779,0.47139958965509177
1990-02-22,False,4,0.49824424840087767,0.49694338935273474,0.47344990153728167
1990-02-23,False,4,0.5041350641222726,0.4840768190336081,0.4766495147374042
1990-02-26,False,4,0.49375800129614444,0.45546266741757746,0.4567708474687937
1990-02-27,False,4,0.49339820627936987,0.49248752362851034,0.4666581434312271
1990-02-28,False,4,0.4940083209500373,0.48956665905151897,0.4668978541722134
1990-03-01,False,4,0.4919076052242112,0.48530447512971053,0.4634233607101501
1990-03-02,False,4,0.4866030958065058,0.533747499449255,0.46923980857347997
1990-03-05,False,4,0.48641485367313597,0.5491186772568056,0.4739190412276414
1990-03-06,False,4,0.47961370249714463,0.563923353737344,0.46907012758112204
1990-03-07,False,4,0.48277836183967704,0.5600434643237253,0.47257279203392416
1990-03-08,False,4,0.4759333855966038,0.5615974414031913,0.4648116751925253
1990-03-09,False,4,0.481020072861077,0.5680305908319833,0.4709750169592555
1990-03-12,False,4,0.47928669979104443,0.5687793867794584,0.4685701380373973
1990-03-13,False,4,0.4774368496613031,0.5738490056115023,0.4684267732314744
1990-03-14,False,4,0.47219487734715454,0.5712926267558023,0.4623227030474185
1990-03-15,False,4,0.4457822811360972,0.566595072160455,0.4375063303920726
1990-03-16,False,4,0.4348883762930535,0.5665685518458501,0.4251994134919252
1990-03-19,False,4,0.42907266437498226,0.5511495533497784,0.41386802477475515
1990-03-20,False,4,0.43735619277255133,0.5626454811972761,0.42624324844350264
1990-03-21,False,4,0.4464411408197993,0.5254388855662152,0.42655651610107537
1990-03-22,False,4,0.46090709198331514,0.5352685800697287,0.44250573442461744
1990-03-23,False,4,0.4610555674220653,0.5758692847645204,0.45261258530641757
1990-03-26,False,4,0.46458355534105567,0.5624879785170506,0.4531163605819442
1990-03-27,False,4,0.46584899168326593,0.559072572661221,0.45478766849278324
1990-03-28,False,4,0.4698694469627226,0.5683692153290618,0.46697857164151546
1990-03-29,False,4,0.4742417932573968,0.5767297646065939,0.47241070630465265
1990-03-30,False,4,0.4700955352007671,0.5752849837394164,0.4675688911840319
1990-04-02,False,4,0.47207326276478523,0.5778820360573217,0.4699639681605862
1990-04-03,False,4,0.4675128282594312,0.6151893745068021,0.47330787080599523
1990-04-04,False,4,0.46109675091866226,0.6152449015270886,0.4682591005889932
1990-04-05,False,4,0.4525452443225621,0.6146132028779338,0.460643668244322
1990-04-06,False,4,0.45588664343460095,0.6143949291850658,0.46399021820093933
1990-04-09,False,4,0.41270540832298636,0.5676380835350606,0.41920004104156416
1990-04-10,False,4,0.39781751245614333,0.5644558191148866,0.4057266118658684
1990-04-11,False,4,0.40188026963686485,0.5505993728423584,0.40775527511026693
1990-04-12,False,4,0.3915890127152472,0.5594308197534299,0.3991898398473659
1990-04-16,False,4,0.3907753759297598,0.5660949252834077,0.39960298832611396
1990-04-17,False,4,0.3924696331956371,0.5629240876438483,0.40028027237158853
1990-04-18,False,4,0.36598155468391774,0.5350247455603805,0.3752884494191457
1990-04-19,False,4,0.3732449935117125,0.5408481766752865,0.38260796504357864
1990-04-20,False,4,0.37696857324258914,0.4966101955984172,0.37436018172573315
1990-04-23,False,4,0.3791647062333621,0.5701565846682215,0.39366966662342334
1990-04-24,False,4,0.3782283952790664,0.5668066695725396,0.39102563756655917
1990-04-25,False,4,0.36978671299352117,0.5624521936589594,0.3812073398849933
1990-04-26,False,4,0.35312323951886465,0.540725652891778,0.36141712102200685
1990-04-27,False,4,0.37115246175516603,0.5604711242727988,0.38999026729104874
1990-04-30,False,4,0.3705079106591861,0.562502924259505,0.38940777238498087
1990-05-01,False,4,0.3714640003375296,0.5170982681382507,0.3807687486828059
1990-05-02,False,4,0.37133452393896127,0.5366551824821713,0.3847328706475275
1990-05-03,False,4,0.3626494133674329,0.507681839496474,0.36861630883686
1990-05-04,False,4,0.36302924026878675,0.5156364057755671,0.3727285795952484
1990-05-07,False,4,0.3594755860412654,0.4535630747678646,0.352463201270136
1990-05-08,False,4,0.3595990862596505,0.4529694783171546,0.352594800406699
1990-05-09,False,4,0.34822672767292095,0.5013497714229114,0.3556700857348862
1990-05-10,False,4,0.3468750137476484,0.5110047837416791,0.35679302509091004
1990-05-11,False,4,0.3450355219669236,0.5511268204673129,0.3555145155306158
1990-05-14,False,4,0.3446351091050101,0.5454986736409024,0.35346683928130224
1990-05-15,False,4,0.3435304565027221,0.5528040885446678,0.35315059895343054
1990-05-16,False,4,0.3263578772960052,0.553031258409582,0.342204373167029
1990-05-17,False,4,0.32197811838597384,0.5485641449130376,0.3362781641437268
1990-05-18,False,4,0.3179607561292805,0.5379569387292849,0.328912949021021
1990-05-21,False,4,0.30777890395680524,0.5327226026340747,0.3155525313121265
1990-05-22,False,4,0.3092554336757055,0.5228982966462307,0.3157342547917122
1990-05-23,False,4,0.3106520429658601,0.518630766052295,0.3170494841397868
1990-05-24,False,4,0.314329253503143,0.529615448419543,0.3240284042425433
1990-05-25,False,4,0.3276377924869769,0.513517926783705,0.3312827831822375
1990-05-29,False,4,0.3275073090212958,0.5161240875317273,0.3301446238934491
1990-05-30,False,4,0.3241552794092605,0.5362726164580705,0.33106999444273555
1990-05-31,False,4,0.32780563982853017,0.534396732864089,0.33686683681426505
1990-06-01,False,4,0.32433533734699327,0.4951162543874423,0.32339906606325586
1990-06-04,False,4,0.3243381500794563,0.5521622676923443,0.3367974388469363
1990-06-05,False,4,0.32442831983378484,0.44961437666442383,0.31345370852436794
1990-06-06,False,4,0.33020247511040235,0.5046654201920093,0.33213224691371246
1990-06-07,False,4,0.3295560877012066,0.4586970262042484,0.3206153985596274
1990-06-08,False,4,0.34356378291180595,0.46440021961028066,0.3330673316034545
1990-06-11,False,4,0.3418750345591224,0.51770081080038,0.3436148090103697
1990-06-12,False,4,0.34173884009035493,0.5122893021423465,0.34108527654629006
1990-06-13,False,4,0.3464313980258871,0.4781009267028326,0.3375393226235954
1990-06-14,False,4,0.34669226822539173,0.4864143386476497,0.33945716021138367
1990-06-15,False,4,0.34360690452692194,0.4888055135282702,0.3372729178025802
1990-06-18,False,4,0.34690973078454646,0.49402781813361396,0.3402834056930399
1990-06-19,False,4,0.34883031771723905,0.4973189694679681,0.34394343071837347
1990-06-20,False,4,0.34865986556227513,0.45092404954215476,0.3324157638775104
1990-06-21,False,4,0.3510849176156361,0.49939319359197687,0.34752031398962846
1990-06-22,False,4,0.36198534956228046,0.4330205025314415,0.3404274974164346
1990-06-25,False,4,0.36652083794927015,0.4936198978350232,0.36046932631241874
1990-06-26,False,4,0.3677771124924632,0.4834549657924048,0.3598248140870441
1990-06-27,False,4,0.35696044183458053,0.4949267235920592,0.3528143328652336
1990-06-28,False,4,0.35778844326508924,0.49193886887454624,0.35523085399147
1990-06-29,False,4,0.35080336505211024,0.4495192901420408,0.3383506090945401
1990-07-02,True,4,0.3508662768438564,0.4835300408124086,0.346911843532629
1990-07-03,True,4,0.34735890164610944,0.5565377141547904,0.3610439985277816
1990-07-05,True,4,0.3600019614798759,0.5474000221754832,0.36874424864610506
1990-07-06,True,4,0.35754875313737877,0.5445554043213466,0.364153753969162
1990-07-09,True,4,0.3568298390817355,0.44578672786514967,0.3393542398349411
1990-07-10,True,4,0.3655823679786666,0.4158071728182704,0.34113837747574194
1990-07-11,True,4,0.3617613087922439,0.39023354535229926,0.32859991513148545
1990-07-12,True,4,0.3564917064081342,0.39883018636153467,0.32541694810867283
1990-07-13,True,4,0.342887778855778,0.386623989913914,0.3118232491082498
1990-07-16,True,4,0.3294987794207241,0.3770043353684854,0.2975952299268345
1990-07-17,True,4,0.32191847203503465,0.3506451174163035,0.2863006943494219
1990-07-18,True,4,0.31797334320272663,0.2421589038202461,0.2562644246142798
1990-07-19,True,4,0.3156615630777775,0.3417088019523801,0.2812363520200188
1990-07-20,True,4,0.32837870454941154,0.2775670196478935,0.27619485863571275
1990-07-23,True,4,0.3622594675138183,0.38175761912084044,0.32493032055814536
1990-07-24,True,4,0.34848624066035694,0.4055396292371578,0.3219797531432963
1990-07-25,True,4,0.34862754339482593,0.4231520368299861,0.327223664096677
1990-07-26,True,4,0.3537482306717243,0.34360280334061294,0.31317268816870114
1990-07-27,True,4,0.3656048711921128,0.40917494491881096,0.3414243672251775
1990-07-30,True,4,0.3702177068008629,0.46601733401583934,0.36162519546638794
1990-07-31,True,4,0.37470143681897206,0.4286573035603054,0.35915474405216363
1990-08-01,True,4,0.38038436974503315,0.3609434383988828,0.34880568479257446
1990-08-02,True,4,0.40087419113030703,0.33871679815858236,0.36244856769965417
1990-08-03,True,4,0.442269963838738,0.4195771520564497,0.41705550688819115
1990-08-06,True,4,0.5261869275860093,0.4389225882483811,0.4860006513675445
1990-08-07,True,4,0.5293900024803722,0.38782643294890917,0.48210697583041656
1990-08-08,True,4,0.5284724197159378,0.2696588696818731,0.44321195963937937
1990-08-09,True,4,0.5233332102471933,0.3391476676631216,0.4587461732724489
1990-08-10,True,4,0.5349241682594842,0.35961321977564864,0.4755090200006808
1990-08-13,True,4,0.5336968286925986,0.28161210630555356,0.450807398425543
1990-08-14,True,4,0.5322026147065466,0.2657726806950368,0.44330362241970955
1990-08-15,True,4,0.5349754335775221,0.27251968720637737,0.4502233840873743
1990-08-16,True,4,0.5692404236446197,0.22566000760857446,0.4639323395002182
1990-08-17,True,4,0.59651756584916,0.30512968354399234,0.5162615019759473
1990-08-20,True,4,0.6011730354452008,0.3259421824246692,0.5284376636009539
1990-08-21,True,4,0.6231932238620428,0.38250230990405876,0.5643523528001179
1990-08-22,True,4,0.645574004367011,0.38241035209475327,0.5902922095645408
1990-08-23,True,4,0.6967132732349016,0.49474174211309535,0.6652901377625096
1990-08-24,True,4,0.6931284739862815,0.4499731047622151,0.6498283480066628
1990-08-27,True,4,0.6961350022339068,0.30678287240058766,0.6029877712721153
1990-08-28,True,4,0.6987155078950522,0.33778779260055786,0.6162457885413866
1990-08-29,True,4,0.6929320022829935,0.33692081714619876,0.6086658402507816
1990-08-30,True,4,0.7014801246594625,0.38393911812441706,0.6317997497552463
1990-08-31,True,4,0.6945099174436683,0.38262926539892606,0.6225699327611327
1990-09-04,True,4,0.686469829304794,0.4332741053118561,0.6266688216337208
1990-09-05,True,4,0.6875370537681731,0.3591868902507704,0.6089161288431602
1990-09-06,True,4,0.7025311984608905,0.36396234314470555,0.6294008643226165
1990-09-07,True,4,0.6981313190962953,0.35467659923113826,0.6205830967764717
1990-09-10,True,4,0.6957503707002781,0.40077634332702833,0.6303356736938435
1990-09-11,True,4,0.6964940908538845,0.4247557643891906,0.6374840997809642
1990-09-12,True,4,0.6828231482237167,0.46768354386871586,0.6332309691296055
1990-09-13,True,4,0.6942249912684413,0.46045229882408856,0.6439004815293112
1990-09-14,True,4,0.6996799733798916,0.4330213589666672,0.6433745377094107
1990-09-17,True,4,0.7000992358172612,0.4282909232865045,0.6425713732541795
1990-09-18,True,4,0.6929053857078247,0.4842980476989096,0.6480038040377865
1990-09-19,True,4,0.6919911204731941,0.38394627111229546,0.6213239312093022
1990-09-20,True,4,0.7100082748111096,0.36378277541807214,0.6348135031493828
1990-09-21,True,4,0.716030942169629,0.37308374637335767,0.645490693573324
1990-09-24,True,4,0.7437389714391269,0.4085777742682437,0.684400199045514
1990-09-25,True,4,0.741884940976007,0.3733055866787138,0.6744790722230866
1990-09-26,True,4,0.7514192200614722,0.4372377055559435,0.7007767231730102
1990-09-27,True,4,0.7674734435220147,0.36687715359226125,0.7038456555751882
1990-09-28,True,4,0.7562474642211554,0.4665050699181775,0.7137486991700418
1990-10-01,True,4,0.7548084658056786,0.4682282113586139,0.7098379007152921
1990-10-02,True,4,0.7536648562736934,0.42641957164956695,0.699407746718414
1990-10-03,True,4,0.7589262816190767,0.4377594870757221,0.7078700886183494
1990-10-04,True,4,0.7644925359976462,0.4459782023988248,0.7181341048023299
1990-10-05,True,4,0.7695227690432247,0.49204697430156635,0.7352731001268086
1990-10-08,True,4,0.7704432317761959,0.454955250030871,0.7277232994062905
1990-10-09,True,4,0.79615211441352,0.4326046412295528,0.7527256276148729
1990-10-10,True,4,0.8061758852695575,0.44689038500689515,0.7668111931509434
1990-10-11,True,4,0.8170266730774186,0.4946245605797408,0.7881963801068088
1990-10-12,True,4,0.8136025362556735,0.4299686890403596,0.7716863366801813
1990-10-15,True,4,0.8070706619428742,0.43379407713861845,0.7642000655085384
1990-10-16,True,4,0.8033523196943804,0.4219340958234808,0.7588127102560841
1990-10-17,True,4,0.8038001646018332,0.4495571130992795,0.7658015190443505
1990-10-18,True,4,0.8011071972375813,0.4286315694743441,0.7566349632638629
1990-10-19,True,4,0.7956872878995153,0.4554308768057468,0.7545352887445219
1990-10-22,True,4,0.7883204918048996,0.4331258576921485,0.7410675426660145
1990-10-23,True,4,0.7888943861953502,0.46165976689906707,0.7475973184804103
1990-10-24,True,4,0.7889476278980363,0.46166994820603574,0.7479275482548903
1990-10-25,True,4,0.7909089515198051,0.43374285681015956,0.7448856801925902
1990-10-26,True,4,0.792444134490371,0.4298044990753813,0.7450989766788844
1990-10-29,True,4,0.7809208770279397,0.48258408018156385,0.7425550954320097
1990-10-30,True,4,0.7368712727258321,0.4969456527395544,0.7002640006038179
1990-10-31,True,4,0.7379311442216182,0.5525045715986827,0.7137537944875786
1990-11-01,True,4,0.7414401013811341,0.556642811661143,0.7201993993910425
1990-11-02,True,4,0.7396972997765985,0.5021224969966918,0.7057932308653335
1990-11-05,True,4,0.7259552334563035,0.5125514465460048,0.6926163124839075
1990-11-06,True,4,0.7317112346869534,0.5089773686722586,0.6984952573296492
1990-11-07,True,4,0.7451077139959329,0.5052996667684149,0.7130202745924019
1990-11-08,True,4,0.7457913826401988,0.49934540460333365,0.7124422204745552
1990-11-09,True,4,0.7183296137328863,0.47537120028166824,0.6748816182127891
1990-11-12,True,4,0.6913522179322589,0.44520576240547316,0.6374940362171183
1990-11-13,True,4,0.6866947401112895,0.42562129124131687,0.6278422121515369
1990-11-14,True,4,0.6546836765468728,0.4265263552036937,0.5937898490276168
1990-11-15,True,4,0.6457424833359706,0.41921997977407327,0.5826852188135796
1990-11-16,True,4,0.5926930336077101,0.3927370022455514,0.5252870763345875
1990-11-19,True,4,0.5961541427956722,0.3748585246721167,0.5242736380543666
1990-11-20,True,4,0.6119195005399181,0.29508790816184144,0.5288698790470324
1990-11-21,True,4,0.61460727494945,0.29866173447107386,0.5323699198106322
1990-11-23,True,4,0.6202278824441522,0.2502834049267424,0.52213431065681
1990-11-26,True,4,0.6066788202158493,0.26130809141174094,0.511879049085302
1990-11-27,True,4,0.6057387981899381,0.3291154599115891,0.5327905376290812
1990-11-28,True,4,0.6040006148631263,0.28867360856599916,0.5184869047676788
1990-11-29,True,4,0.6114613993379591,0.3402326543835302,0.5422309558198588
1990-11-30,True,4,0.5915937143206006,0.35137980418190584,0.5212752295875164
1990-12-03,True,4,0.5908781336858515,0.31667938609428486,0.5110419565466465
1990-12-04,True,4,0.5849085767671055,0.40180676786694486,0.5289809324286305
1990-12-05,True,4,0.575847685832003,0.36230788911592393,0.5077656734791552
1990-12-06,True,4,0.5772185478812089,0.38591901182301225,0.5166390474911372
1990-12-07,True,4,0.5673335005896419,0.38760821829114805,0.50781614906664
1990-12-10,True,4,0.5577164418071567,0.3754715211914054,0.4941824128015069
1990-12-11,True,4,0.5642143652354249,0.3603691672239163,0.4966769035319552
1990-12-12,True,4,0.5585017814233086,0.2871362817716282,0.46801030580483177
1990-12-13,True,4,0.551896538692931,0.3621487520083675,0.4839604129229626
1990-12-14,True,4,0.5362776315437406,0.26523751145828717,0.4415596419258838
1990-12-17,True,4,0.537733118758738,0.4037482782201532,0.4847963298816022
1990-12-18,True,4,0.4940666385912135,0.34465823585211447,0.428326645151433
1990-12-19,True,4,0.49875784197729406,0.33700016406173616,0.42921276605236575
1990-12-20,True,4,0.48181297385470856,0.3797361542383816,0.42563571034859776
1990-12-21,True,4,0.45394207687266014,0.3494906352965978,0.39169942585172773
1990-12-24,True,4,0.4670727476110915,0.3772591573482908,0.41230419829943293
1990-12-26,True,4,0.4722451865149447,0.3235268731274009,0.4061765635910743
1990-12-27,True,4,0.4819567754982901,0.2481770658548919,0.39043375851686385
1990-12-28,True,4,0.4661056428169041,0.35767105000127947,0.40910735761696626
1990-12-31,True,4,0.4583607459396579,0.31767189502193033,0.3880349569402207
1991-01-02,True,4,0.46496729297763584,0.29683143657693944,0.38690102913984636
1991-01-03,True,4,0.4827757611803918,0.4333703497827949,0.44334821899057536
1991-01-04,True,4,0.4400152729650039,0.38327428850297723,0.3953119935807049
1991-01-07,True,4,0.43829388791309315,0.37508009578072654,0.3913844646488691
1991-01-08,True,4,0.4086775165263773,0.35224414633660556,0.36175730118387506
1991-01-09,True,4,0.4255118213291969,0.3727546050705831,0.3836194140130991
1991-01-10,True,4,0.4233099605525828,0.38444012146564444,0.3825803092326362
1991-01-11,True,4,0.39843545965092686,0.4687885967174294,0.3825813351069089
1991-01-14,True,4,0.41080855435258784,0.43383100183017,0.383168096712667
1991-01-15,True,4,0.41332111598632437,0.3814888775833344,0.3773120241545737
1991-01-16,True,4,0.4135662567839214,0.3757808101731997,0.3767932439753887
1991-01-17,True,4,0.41976175104700053,0.46094907741660596,0.39000660362422385
1991-01-18,True,4,0.41064205671306525,0.4507949757683919,0.3777458043824594
1991-01-21,True,4,0.41079334794075184,0.45086675424603145,0.37768918473350577
1991-01-22,True,4,0.4103069678841967,0.48797747287085164,0.3866411918461949
1991-01-23,True,4,0.3831530504053055,0.5208397082145597,0.3701183228174858
1991-01-24,True,4,0.36106447284971543,0.4771034882547733,0.3369246241437732
1991-01-25,True,4,0.35865643698547683,0.4864971214335388,0.3358298201383793
1991-01-28,True,4,0.3565482793682523,0.5634499636864403,0.3519876024716554
1991-01-29,True,4,0.35872452505214436,0.54100495734994,0.34879554912611355
1991-01-30,True,4,0.35864876777970056,0.49370997894231994,0.33490401892965116
1991-01-31,True,4,0.3584506212522846,0.49800302339785474,0.3354730845345511
1991-02-01,True,4,0.3509800554810434,0.5447320939058382,0.3400662746994161
1991-02-04,True,4,0.32486425036672795,0.5031184727284247,0.3035759705203761
1991-02-05,True,4,0.31933291814848935,0.5479864176243137,0.30736789152600125
1991-02-06,True,4,0.3194615387488029,0.4260900194302061,0.2818548873086561
1991-02-07,True,4,0.3307126129169836,0.32920766597546564,0.27310115569239696
1991-02-08,True,4,0.32698028426294456,0.3643824555132931,0.277596197758077
1991-02-11,True,4,0.32611148992174127,0.4321964177755378,0.28792573343416966
1991-02-12,True,4,0.31982408186837036,0.4405858349348173,0.2849158266468197
1991-02-13,True,4,0.31552841753507765,0.4566661314886319,0.28426470311179264
1991-02-14,True,4,0.3339591175096297,0.45362578685328103,0.30068804472779825
1991-02-15,True,4,0.3124132876066492,0.3800246483588298,0.264498649693898
1991-02-19,True,4,0.31101132280266786,0.356962309847003,0.2590449537364161
1991-02-20,True,4,0.32284697773419996,0.40577185449041264,0.2795634092197135
1991-02-21,True,4,0.3236385343454931,0.44272587051197937,0.28862623699873474
1991-02-22,True,4,0.32905013042554526,0.37907337981959305,0.28042312274168996
1991-02-25,True,4,0.3259070573099962,0.3882900812108363,0.2797831046692347
1991-02-26,True,4,0.3368103799922623,0.44909493818411933,0.3024617141571953
1991-02-27,True,4,0.3377209499071159,0.34030643787241777,0.27954793601013733
1991-02-28,True,4,0.3390922828116112,0.36843917858228364,0.2882688170509993
1991-03-01,True,4,0.33818921993436496,0.3671584732125111,0.28676594125825244
1991-03-04,False,4,0.3427352460304311,0.3445061261634747,0.28631106603113166
1991-03-05,False,4,0.33439536049573076,0.35194687249635737,0.27749402183727906
1991-03-06,False,4,0.33015572915467245,0.3622043749486242,0.27657720323063645
1991-03-07,False,4,0.33187830681970576,0.40558014960578204,0.28852374209893045
1991-03-08,False,4,0.32667509369403375,0.4006771178156194,0.28268122858436956
1991-03-11,False,4,0.34181659889884103,0.4150523707239223,0.3006100959978528
1991-03-12,False,4,0.35380933590564645,0.3760000826313572,0.3022905589357414
1991-03-13,False,4,0.3349332483706605,0.33806198457830655,0.2749687195391515
1991-03-14,False,4,0.3289246440367729,0.35895447238160877,0.27480448021609094
1991-03-15,False,4,0.33962017553631924,0.3074210883663838,0.2724764620334896
1991-03-18,False,4,0.3447586120376501,0.3481995875799633,0.2869418693416396
1991-03-19,False,4,0.36143911479653384,0.35263334050154443,0.30235639489653965
1991-03-20,False,4,0.36272672559487684,0.34348460601333863,0.3027176030341187
1991-03-21,False,4,0.3621287678139892,0.34612710943991526,0.3036398459192284
1991-03-22,False,4,0.36437152959661184,0.3686841265458577,0.3117680653355519
1991-03-25,False,4,0.3532249545811954,0.3636570819921524,0.30101372371901963
1991-03-26,False,4,0.34701881823422265,0.3773134555568524,0.2990419854327048
1991-03-27,False,4,0.34968375347929553,0.35930063634270987,0.29758396805924564
1991-03-28,False,4,0.340049069631505,0.3755565915868213,0.2928164343027534
1991-04-01,False,4,0.3310543744321264,0.3629064737881626,0.2812551361262119
1991-04-02,False,4,0.3195886289326562,0.3483365734990166,0.2641475597800651
1991-04-03,False,4,0.29503010536672564,0.26904287670815913,0.2283923672828458
1991-04-04,False,4,0.2894959062409338,0.295572932529861,0.22991278660101536
1991-04-05,False,4,0.29024105992419075,0.3478184698039436,0.2422133475931394
1991-04-08,False,4,0.29357037500451,0.33918603265944675,0.24390892104202855
1991-04-09,False,4,0.30824719006864476,0.3760025642382056,0.26351042838107425
1991-04-10,False,4,0.2994251164082492,0.33665425813471206,0.24850249215162404
1991-04-11,False,4,0.29469748766134785,0.3804524074520846,0.2528777003735348
1991-04-12,False,4,0.2976346324999772,0.37350656157757955,0.25443533198869966
1991-04-15,False,4,0.3013222512404082,0.43867065443999376,0.28311073047441443
1991-04-16,False,4,0.3000001467319731,0.444399450089272,0.2826785656235987
1991-04-17,False,4,0.29288064309097533,0.4127732471491454,0.26810119929994375
1991-04-18,False,4,0.29031444726404787,0.4107031769803351,0.2658588265730496
1991-04-19,False,4,0.30642027831713237,0.4865168184766953,0.29655608969420844
1991-04-22,False,4,0.3269153761817923,0.4707413047603281,0.3128984934771542
1991-04-23,False,4,0.3293555262553308,0.45453875023157975,0.311467893912591
1991-04-24,False,4,0.3303999654250338,0.3908328862412839,0.29746572982339686
1991-04-25,False,4,0.34016687767496007,0.41352128041165354,0.3105234657062013
1991-04-26,False,4,0.3512872755015371,0.3986792680684224,0.32177211425477764
1991-04-29,False,4,0.3745642458343324,0.44836803739166703,0.356006725006655
1991-04-30,False,4,0.3747843328577289,0.3984156574694552,0.3434159455192217
1991-05-01,False,4,0.37560705390684257,0.37500299745527577,0.3408958876956498
1991-05-02,False,4,0.3796472675798633,0.35264670838591144,0.34034420305683677
1991-05-03,False,4,0.38706313685775345,0.254269989990803,0.3223948363209865
1991-05-06,False,4,0.38642216437257765,0.2629970876317829,0.323117004558195
1991-05-07,False,4,0.39518387908684305,0.2764078571067811,0.3350276320066777
1991-05-08,False,4,0.39636790887646206,0.2217353855352273,0.32818089935171396
1991-05-09,False,4,0.3867581027984242,0.27202627529633017,0.33341424342434023
1991-05-10,False,4,0.4111664451881254,0.3038270007854128,0.3638895296621551
1991-05-13,False,4,0.39784249229871266,0.24067320106324475,0.3326398564677719
1991-05-14,False,4,0.42041937915989264,0.2564635096476187,0.3580306786594388
1991-05-15,False,4,0.4356915331885199,0.22498286566805353,0.3593950905625384
1991-05-16,False,4,0.4171832429996432,0.22029399398779817,0.3407933043881007
1991-05-17,False,4,0.4164694154998106,0.20404751201227547,0.33378462563466255
1991-05-20,False,4,0.4191225762936061,0.3017557585338956,0.36744259603550045
1991-05-21,False,4,0.418760279359648,0.3515070793158072,0.3804126667991449
1991-05-22,False,4,0.4005437164796376,0.3760129737182183,0.372448070226261
1991-05-23,False,4,0.4071312519144802,0.38242904931707233,0.3822312827255195
1991-05-24,False,4,0.40640093143845735,0.38998512588428874,0.3814356880641163
1991-05-28,False,4,0.4057892531179986,0.3772018926729593,0.3769976999057927
1991-05-29,False,4,0.4062642953064493,0.3773018165639492,0.3772563126132592
1991-05-30,False,4,0.40512856649151874,0.32871858200416326,0.3670292074672494
1991-05-31,False,4,0.40068642366394847,0.2371290522134401,0.33377236875292376
1991-06-03,False,4,0.40093033614524337,0.27464450824681974,0.3465015994113317
1991-06-04,False,4,0.39996409420457296,0.19359189321078452,0.3178467181917297
1991-06-05,False,4,0.39579101339583245,0.19170731371189206,0.3133970719465387
1991-06-06,False,4,0.3849709716102795,0.27347257060684343,0.3323367837506438
1991-06-07,False,4,0.4020996802378771,0.27422959739174263,0.349308792727558
1991-06-10,False,4,0.40660531236747255,0.30784477021384427,0.3624992472477034
1991-06-11,False,4,0.4007966497722904,0.24383462621267968,0.33672960146432973
1991-06-12,False,4,0.41281831895473886,0.20840842210230298,0.3327880962236536
1991-06-13,False,4,0.39654687069941524,0.22082503568648815,0.32349800819698316
1991-06-14,False,4,0.3923111924209145,0.2306188026108211,0.3194105600217591
1991-06-17,False,4,0.3908732153286727,0.22693231127110852,0.3162575069184622
1991-06-18,False,4,0.39223568823376503,0.2766836158835841,0.3330566825722592
1991-06-19,False,4,0.4081429692601113,0.3270578787924566,0.36074904002980707
1991-06-20,False,4,0.41522540910021044,0.20823826670740314,0.33096838306896587
1991-06-21,False,4,0.4142513861466302,0.2026090060823573,0.3272579897330893
1991-06-24,False,4,0.4437045279802891,0.26114381821414906,0.36955872714367327
1991-06-25,False,4,0.4409461896817491,0.28787019007966075,0.3761322247177158
1991-06-26,False,4,0.4455870998902488,0.3028860639302609,0.39219495767818674
1991-06-27,False,4,0.44384742830592366,0.30298469684662194,0.38962911468546857
1991-06-28,False,4,0.44924429599637417,0.32269994950423164,0.4005248546315839
1991-07-01,False,4,0.43334070707636146,0.4062883610502475,0.4045518470965418
1991-07-02,False,4,0.4358682381658183,0.4589220760984924,0.4219074758381478
1991-07-03,False,4,0.4316021640749614,0.4447672229191457,0.4152527213937691
1991-07-05,False,4,0.42576119292336,0.4083214431902958,0.3991531492497731
1991-07-08,False,4,0.4270306875616096,0.34897823264902367,0.3869422319231992
1991-07-09,False,4,0.43102774929079696,0.4361877801147556,0.41558095059146466
1991-07-10,False,4,0.430160954585253,0.39061695667233837,0.40233625287949976
1991-07-11,False,4,0.4336991522552295,0.36437427067948613,0.4003868330195894
1991-07-12,False,4,0.4346121466923879,0.4768951771262887,0.43363676383886074
1991-07-15,False,4,0.42849375225217157,0.4799295097189675,0.42663012518380833
1991-07-16,False,4,0.41983021239179097,0.47659797501388235,0.4184224535672205
1991-07-17,False,4,0.40770294238558924,0.4693512812358134,0.40719214608713183
1991-07-18,False,4,0.40416117146958147,0.47063723057681245,0.40239758120778213
1991-07-19,False,4,0.4069092227759677,0.4828557556337263,0.40817292539691563
1991-07-22,False,4,0.4028839868335152,0.5367933587786932,0.4194098411529781
1991-07-23,False,4,0.41073594525255125,0.5077976896444927,0.4187123132392551
1991-07-24,False,4,0.3992395487819871,0.4475439494468513,0.3938413421560126
1991-07-25,False,4,0.3971417052931173,0.45558621244493847,0.3916925087947727
1991-07-26,False,4,0.40152095162515405,0.3547510486277776,0.37169757714703605
1991-07-29,False,4,0.4022788672151808,0.3869320047175858,0.3811401258652601
1991-07-30,False,4,0.397367174148402,0.3709176333223573,0.36937895018875366
1991-07-31,False,4,0.3931254233934727,0.3214296488590905,0.3516613581926644
1991-08-01,False,4,0.3905489583299603,0.38586266130920327,0.3672177899781452
1991-08-02,False,4,0.3927332910637841,0.46049511597147974,0.3888075278139294
1991-08-05,False,4,0.404337827861801,0.40416653207499625,0.38747972342539266
1991-08-06,False,4,0.3792795361676615,0.40805648910500714,0.3657858931390945
1991-08-07,False,4,0.3783538485849065,0.46601456641322925,0.3795467549094485
1991-08-08,False,4,0.36312283566435627,0.4239138815543584,0.35789297393971264
1991-08-09,False,4,0.3523468029068844,0.4537266512341956,0.3568122192406648
1991-08-12,False,4,0.3562362149849328,0.38663824097280336,0.34566231825441707
1991-08-13,False,4,0.353310722583114,0.37731304601793136,0.33974670712418115
1991-08-14,False,4,0.3514107627539248,0.36349355949951084,0.3343179405520131
1991-08-15,False,4,0.3584929330894378,0.3064515814621108,0.3274595586438203
1991-08-16,False,4,0.3698571068037022,0.3315309880265295,0.34254464692127284
1991-08-19,False,4,0.4180435973419749,0.3868449199217596,0.3865475049821421
1991-08-20,False,4,0.41896951567065244,0.4726138912715553,0.4112886843921217
1991-08-21,False,4,0.4271310501360152,0.4217215380122505,0.38957504405190646
1991-08-22,False,4,0.4269868022355098,0.46110111616680294,0.39916195566530466
1991-08-23,False,4,0.42757110441895996,0.43843093531530086,0.3949226433528886
1991-08-26,False,4,0.4329405550322339,0.47672583277187675,0.4101997802044657
1991-08-27,False,4,0.4357184539541452,0.5150328780462534,0.42075158101851307
1991-08-28,False,4,0.4308888658271207,0.5509845091204051,0.4235105593607168
1991-08-29,False,4,0.42630169963902054,0.533462079565359,0.4135803650971227
1991-08-30,False,4,0.4250070940755074,0.5342952401404377,0.41077882409332567
1991-09-03,False,4,0.4220958842111543,0.559167341453467,0.41418387075163454
1991-09-04,False,4,0.42599354937024514,0.5570242175013814,0.4173051399961692
1991-09-05,False,4,0.43210855201847187,0.4533247947431958,0.3970190853888925
1991-09-06,False,4,0.41765209765180195,0.4477190918802167,0.3835575779125518
1991-09-09,False,4,0.42115759302764955,0.46292358018483687,0.3911829832724928
1991-09-10,False,4,0.4411536826503904,0.4490994159020225,0.4068733418128925
1991-09-11,False,4,0.43797186914441,0.505894466206892,0.41848974121168336
1991-09-12,False,4,0.4323407051087217,0.47241984539135934,0.40284668334247453
1991-09-13,False,4,0.42952745493657307,0.4093923761472093,0.38545171989733634
1991-09-16,False,4,0.42555840321338073,0.4439270574581929,0.38989766136122117
1991-09-17,False,4,0.4294173489651868,0.476410462181454,0.4030933976292852
1991-09-18,False,4,0.39729308776910555,0.4184996837770971,0.3618726012284323
1991-09-19,False,4,0.39191111188878036,0.40971605524615773,0.3536997649711682
1991-09-20,False,4,0.3893478515703808,0.4380492154608843,0.3583461665830144
1991-09-23,False,4,0.39690112700699154,0.43261290584270784,0.36386183913737824
1991-09-24,False,4,0.38909374087834003,0.344079561108054,0.3339240862601562
1991-09-25,False,4,0.3952439587416551,0.2833737699268263,0.32656276977309323
1991-09-26,False,4,0.3958572996695805,0.2746588781268045,0.32403071558771984
1991-09-27,False,4,0.38938255008790074,0.3345846962138323,0.3364431145347054
1991-09-30,False,4,0.386817430257031,0.3719186633155108,0.34394382276828406
1991-10-01,False,4,0.39118876521275786,0.3906918705238025,0.35356133318351296
1991-10-02,False,4,0.39460458594799297,0.3646992462601563,0.34952636145837
1991-10-03,False,4,0.4083535959386193,0.28094574022059027,0.33637911721897246
1991-10-04,False,4,0.41687922385228365,0.28902362759488187,0.34722553540532647
1991-10-07,False,4,0.42904720667386465,0.203551643502501,0.3302370028941701
1991-10-08,False,4,0.4314199417882012,0.20164862052591837,0.33165557305301285
1991-10-09,False,4,0.4377553454599752,0.1910898053759874,0.3315775547480199
1991-10-10,False,4,0.43328100455574386,0.17408446234089653,0.3193162465419462
1991-10-11,False,4,0.43583976747571107,0.16701205842540554,0.32053275536929937
1991-10-14,False,4,0.42974683900694155,0.14145368297596775,0.3007031205087816
1991-10-15,False,4,0.4196667850862398,0.12771181543705776,0.2832111471724372
1991-10-16,False,4,0.40363623133768006,0.18994503281185063,0.29687601796306484
1991-10-17,False,4,0.39854961149703894,0.18138168816383363,0.29015252958356497
1991-10-18,False,4,0.4014608769815687,0.16827889406210994,0.29013020561885433
1991-10-21,False,4,0.4072646539205974,0.19221441174467077,0.3040051543696392
1991-10-22,False,4,0.4139229294578136,0.16357257589624344,0.29915715937018034
1991-10-23,False,4,0.4174353864805464,0.1308582945019313,0.2903703889744478
1991-10-24,False,4,0.4275851746965593,0.11684965226804907,0.29184899856884466
1991-10-25,False,4,0.4291069141574099,0.14780081871623216,0.30845321079906884
1991-10-28,False,4,0.4242191988538955,0.19117471666723676,0.3202008529788823
1991-10-29,False,4,0.41326983257456473,0.17262023510094132,0.3030005372016372
1991-10-30,False,4,0.4153962592362489,0.2282749768914686,0.3268254462700952
1991-10-31,False,4,0.4167040086923088,0.22033456850033234,0.3256715588829471
1991-11-01,False,4,0.41740078627888527,0.2671094242696808,0.3415684100431998
1991-11-04,False,4,0.4183371349512247,0.3210419099181392,0.35892138519285927
1991-11-05,False,4,0.4222136073400499,0.28388484636709355,0.35149002716611694
1991-11-06,False,4,0.4233040860036312,0.27815123329763675,0.3508067665035748
1991-11-07,False,4,0.4191939454203256,0.38368896084569337,0.37621261194393524
1991-11-08,False,4,0.415464402584974,0.380297066348739,0.3716515369976684
1991-11-11,False,4,0.40538814425375364,0.37015862837241725,0.36084193137531456
1991-11-12,False,4,0.35265453845207784,0.2837494077174639,0.30247305347769804
1991-11-13,False,4,0.35479186158096054,0.32447385969067644,0.31594690911851864
1991-11-14,False,4,0.3497875068829114,0.1807003833918623,0.291106183914449
1991-11-15,False,4,0.41692061135286523,0.3685155197749721,0.3869349311606606
1991-11-18,False,4,0.41974563909348783,0.41929338081490364,0.40642711923269487
1991-11-19,False,4,0.44589969278600217,0.4152799773186107,0.42432016872127987
1991-11-20,False,4,0.446986815697185,0.4187359131975194,0.4272372171292064
1991-11-21,False,4,0.44816972046916526,0.44996638507888836,0.43974167963830313
1991-11-22,False,4,0.4586781042195927,0.43548742934436047,0.44560041568292685
1991-11-25,False,4,0.46362214299238097,0.4684266186236604,0.46018968890124556
1991-11-26,False,4,0.4520397534546608,0.4424942931146163,0.44188455306713087
1991-11-27,False,4,0.44570584794814,0.39902388792050386,0.4248564905842857
1991-11-29,False,4,0.44382913280929714,0.3319310021452744,0.40355827009615663
1991-12-02,False,4,0.43851883217204735,0.35683600592122866,0.4023875304927187
1991-12-03,False,4,0.4356782125819608,0.37701322180516084,0.4057503840747261
1991-12-04,False,4,0.42242696739718505,0.3022096450832701,0.3739616058980333
1991-12-05,False,4,0.4276578198373212,0.3246789805369205,0.38656008513014956
1991-12-06,False,4,0.4307911682011102,0.3080937562587879,0.38614978625179125
1991-12-09,False,4,0.4236312998469286,0.3320858076033503,0.38713788934090976
1991-12-10,False,4,0.42929568583710365,0.3889682023126819,0.40959321428241363
1991-12-11,False,4,0.43364538724507407,0.3795890356376401,0.41185197998914636
1991-12-12,False,4,0.43190690772684676,0.40386597201082175,0.41450654594127906
1991-12-13,False,4,0.4294274079185054,0.40209443783027815,0.40961399144555743
1991-12-16,False,4,0.42990611985188015,0.3926563018558096,0.4080338900787535
1991-12-17,False,4,0.4328033897056688,0.43516156205674056,0.42236729991005484
1991-12-18,False,4,0.43634959429021736,0.43570394474443497,0.4272841872643673
1991-12-19,False,4,0.43994062788196486,0.46260210988661854,0.43794503319297823
1991-12-20,False,4,0.4355265275846152,0.44611285272656354,0.42835738013861757
1991-12-23,False,4,0.43253580809117376,0.47519377541404845,0.421085963523856
1991-12-24,False,4,0.43073578380318617,0.4812512843018041,0.4213577314916385
1991-12-26,False,4,0.4243806148238113,0.510987941250515,0.4182949464804712
1991-12-27,False,4,0.4158169332782236,0.5530821639970995,0.4202114640934334
1991-12-30,False,4,0.39861991853469253,0.4737641494470278,0.3759494355641694
1991-12-31,False,4,0.38494590052611566,0.5026487095299208,0.3716651730754901
1992-01-02,False,4,0.38106890065530147,0.4014474135697431,0.34478448130333067
1992-01-03,False,4,0.37745352993113146,0.37941409986484126,0.3357944189923715
1992-01-06,False,4,0.3697897447094137,0.44477920256850173,0.34664057449131824
1992-01-07,False,4,0.3725774069487402,0.4669765175678609,0.3556759822389212
1992-01-08,False,4,0.36922458795097624,0.4056069632852064,0.33745376143914796
1992-01-09,False,4,0.37063168721807527,0.4150014316010326,0.3434962906256438
1992-01-10,False,4,0.382796883496954,0.44921623918606374,0.3657602757695185
1992-01-13,False,4,0.39284353777501924,0.4442199533005275,0.37593867130661535
1992-01-14,False,4,0.3854380863681838,0.4900633761392783,0.37532763791939094
1992-01-15,False,4,0.3801599330124819,0.4515267671762399,0.3615489920843398
1992-01-16,False,4,0.375237614585861,0.3438832390755643,0.33442836909837387
1992-01-17,False,4,0.3704426502333391,0.3573514158436973,0.3338622797478351
1992-01-20,False,4,0.3787070908900548,0.3581919743447843,0.3411257430360572
1992-01-21,False,4,0.39264619337513457,0.3995590522937206,0.3635535557460796
1992-01-22,False,4,0.38200985989189057,0.40199899683664236,0.3531305910837008
1992-01-23,False,4,0.3931646044403204,0.3407181709898727,0.3494066398809186
1992-01-24,False,4,0.39820029898238307,0.35738988506430847,0.3596477934735948
1992-01-27,False,4,0.39925322231056737,0.35859078310612796,0.36119968496077925
1992-01-28,False,4,0.39741036819739556,0.3496322848602416,0.35748715132096315
1992-01-29,False,4,0.4074040441980462,0.39556827055438365,0.37962069827152406
1992-01-30,False,4,0.39792870790666635,0.35445559058830206,0.360058595504971
1992-01-31,False,4,0.399391944130137,0.3555332213950222,0.361646927905754
1992-02-03,False,4,0.39829412757737,0.3939487214606729,0.37120016105432
1992-02-04,False,4,0.3977621823900651,0.37474034253320704,0.3648332312736694
1992-02-05,False,4,0.3955454242148605,0.42745484560984354,0.37664874756715466
1992-02-06,False,4,0.39372344614203075,0.41726277837205006,0.372260572789457
1992-02-07,False,4,0.4037670137563117,0.3777779730374151,0.37275184546384954
1992-02-10,False,4,0.40175503188968564,0.37625085987498774,0.3703524103408501
1992-02-11,False,4,0.3985626136353431,0.3543860315275484,0.36098735215818645
1992-02-12,False,4,0.33658365676771,0.3078527226531533,0.30292726796106145
1992-02-13,False,4,0.3468313173566516,0.33921113067303715,0.31906970675025087
1992-02-14,False,4,0.32099804617741373,0.3215316440928127,0.2964926850073548
1992-02-18,False,4,0.3284657607290127,0.31764421091184397,0.3019482556781225
1992-02-19,False,4,0.3335271808889854,0.3030898453580786,0.3031379209851301
1992-02-20,False,4,0.31583462636901904,0.30439370379327757,0.28600881657461497
1992-02-21,False,4,0.31807895925631996,0.23933647491216573,0.2697273842446969
1992-02-24,False,4,0.32485512740751016,0.2963872309810109,0.2917938934827589
1992-02-25,False,4,0.3321726420421336,0.2997048316230509,0.29899930057577795
1992-02-26,False,4,0.3244032026588997,0.28221587713718177,0.2866361487777172
1992-02-27,False,4,0.33014621983423104,0.2976866243892591,0.29801073247622284
1992-02-28,False,4,0.3323343515492238,0.2995644169868495,0.3003554026535736
1992-03-02,False,4,0.32957306038290857,0.29931996085326873,0.2976399515313598
1992-03-03,False,4,0.32332904228622594,0.24731622482488647,0.27735068158864634
1992-03-04,False,4,0.33122530310207376,0.21718567725053808,0.2739960567374118
1992-03-05,False,4,0.34102151419811066,0.2606227277867583,0.2935384440223266
1992-03-06,False,4,0.3445068312356845,0.22907590526040647,0.2861691797092396
1992-03-09,False,4,0.34083451192147474,0.24000724163364887,0.28639553703338444
1992-03-10,False,4,0.34258425248756985,0.22720989377244358,0.2847827117235219
1992-03-11,False,4,0.35659125431462063,0.22227172314437227,0.2963378906594098
1992-03-12,False,4,0.36136709587391674,0.22112700944545016,0.3001224989445643
1992-03-13,False,4,0.3511857951333838,0.2940697593724893,0.3127042714054634
1992-03-16,False,4,0.35075529969001845,0.31615194874118857,0.31787238141356894
1992-03-17,False,4,0.3407862490145218,0.2779090228297629,0.29743796658022753
1992-03-18,False,4,0.34516084179799555,0.24294928103730748,0.29232389142649723
1992-03-19,False,4,0.3465446818040032,0.3252760758507797,0.3271255232683453
1992-03-20,False,4,0.35102784488210026,0.29312862775235166,0.32401873568273615
1992-03-23,False,4,0.36002657440631725,0.303350470459923,0.33886531456285834
1992-03-24,False,4,0.369826116169925,0.3697308304939689,0.3672618513368272
1992-03-25,False,4,0.3723814742497821,0.13267371382775298,0.3014770220420983
1992-03-26,False,4,0.37873843220598286,0.24059563928619015,0.35211081890803403
1992-03-27,False,4,0.39166261258981483,0.254203687449836,0.364148400186896
1992-03-30,False,4,0.398311031637463,0.19910817782603954,0.35166418878668626
1992-03-31,False,4,0.3961261466597597,0.3010459480306317,0.38266805686776295
1992-04-01,False,4,0.39733081118389335,0.42073227877704766,0.41762062907936126
1992-04-02,False,4,0.4100414787291803,0.40847412909990355,0.4273168709423561
1992-04-03,False,4,0.41633768541353255,0.38978178865595386,0.4289458364818773
1992-04-06,False,4,0.40749067553841317,0.38664669388363,0.41809751468607825
1992-04-07,False,4,0.43509017554530943,0.4398235944532638,0.45068690615999596
1992-04-08,False,4,0.4553795213729468,0.35626965192694227,0.4537024721940481
1992-04-09,False,4,0.45729005083444835,0.39853345039275107,0.4590547011497167
1992-04-10,False,4,0.4525841294510141,0.4197606144863748,0.45172419332847297
1992-04-13,False,4,0.4506734128215058,0.4347114216283084,0.45375886978633057
1992-04-14,False,4,0.4393361665006671,0.4930815766036027,0.4515814426294831
1992-04-15,False,4,0.4117560320618577,0.27296537717422553,0.36575927417009707
1992-04-16,False,4,0.41717742671363983,0.31763064339965874,0.3881349137585627
1992-04-20,False,4,0.43536628224577417,0.35008779950150937,0.4106147240245535
1992-04-21,False,4,0.4381226554192417,0.4260123157499314,0.4356351310263133
1992-04-22,False,4,0.44065225972101674,0.39222112490886607,0.42973681497694977
1992-04-23,False,4,0.4400912192010523,0.3509043444093323,0.41716738641715945
1992-04-24,False,4,0.4333934291342664,0.2889251300699212,0.39238543650222324
1992-04-27,False,4,0.4394355792727502,0.2861566755183549,0.39697069499057985
1992-04-28,False,4,0.43810882283043345,0.33397593480026116,0.41037189138896424
1992-04-29,False,4,0.4370750096631848,0.33532237298673406,0.40882001028238246
1992-04-30,False,4,0.4369312440746071,0.2691575510141158,0.38809544309656757
1992-05-01,False,4,0.44441542407186074,0.30843551788270346,0.4076890812662155
1992-05-04,False,4,0.44156368832722864,0.2658024857067943,0.3893775380376504
1992-05-05,False,4,0.43609170250064566,0.24995202798219263,0.3794739777236437
1992-05-06,False,4,0.43791126592601765,0.29597527116354994,0.3965174886937261
1992-05-07,False,4,0.4394734341144962,0.2960013332451375,0.39775277265804765
1992-05-08,False,4,0.44542139925518043,0.298795262704506,0.4071659834479184
1992-05-11,False,4,0.4345340857548853,0.26809632686844714,0.3865613427078601
1992-05-12,False,4,0.4402967245089484,0.349665528307127,0.41569863898192544
1992-05-13,False,4,0.430310015242322,0.22988333161547794,0.3678408929904585
1992-05-14,False,4,0.43752478129318717,0.15346021356962689,0.34290286628623506
1992-05-15,False,4,0.4480613457418797,0.189650187958294,0.37278883891063924
1992-05-18,False,4,0.43774663286649257,0.2176179055524583,0.3737209883013878
1992-05-19,False,4,0.4321933557346992,0.24893312872497536,0.3780038085749329
1992-05-20,False,4,0.4235684348690046,0.24613344468857265,0.3694043072948067
1992-05-21,False,4,0.4353602999105977,0.29350041634703267,0.39710369728537365
1992-05-22,False,4,0.43489276675001565,0.3388953568381096,0.41019031240238557
1992-05-26,False,4,0.4430036966499745,0.3096424602025284,0.4098393875439042
1992-05-27,False,4,0.4412568367446388,0.3599197029185007,0.4221688888250125
1992-05-28,False,4,0.4386132253650659,0.310155345839655,0.40515110970964946
1992-05-29,False,4,0.4301424276984506,0.310985749530353,0.3982740333022189
1992-06-01,False,4,0.4152740104086723,0.34064636173300594,0.3951007899269341
1992-06-02,False,4,0.41158244452919523,0.33954758327706197,0.3922913335646685
1992-06-03,False,4,0.4105700515547828,0.33041205824657294,0.3881173810217845
1992-06-04,False,4,0.41753493452873547,0.3319519983357232,0.3972509452777939
1992-06-05,False,4,0.4117498440282566,0.34078676186800405,0.39563516690412437
1992-06-08,False,4,0.40971748490318116,0.3545633066832306,0.3979949149731583
1992-06-09,False,4,0.4254097988007524,0.3150455870577357,0.40075116068137917
1992-06-10,False,4,0.4344887664751708,0.3036739085276672,0.4055852576321806
1992-06-11,False,4,0.4380267100746921,0.3909844128846035,0.43677324014402824
1992-06-12,False,4,0.43628043912499753,0.406258294635268,0.43826777104542014
1992-06-15,False,4,0.4394177677511698,0.3806419581991183,0.4345141524441578
1992-06-16,False,4,0.44751405572260083,0.39174527114769075,0.44584642166272254
1992-06-17,False,4,0.4730532444351364,0.4062086230532366,0.46895764649260424
1992-06-18,False,4,0.47373111888891084,0.3650509720715193,0.45864979974095954
1992-06-19,False,4,0.46823302995859967,0.3659190975356865,0.4521191680584097
1992-06-22,False,4,0.470850778129196,0.4218626030606305,0.47061970983367
1992-06-23,False,4,0.45208988458350763,0.34513048222087056,0.4329848449353762
1992-06-24,False,4,0.45094162676292604,0.3782469813833203,0.4417743797588859
1992-06-25,False,4,0.4539775285256487,0.32997619012956403,0.43151226714218877
1992-06-26,False,4,0.455054051775289,0.36259738015109105,0.44178870150371546
1992-06-29,False,4,0.44205273499562786,0.3877291534022715,0.43263325088261834
1992-06-30,False,4,0.4374533368885714,0.4961664546595134,0.4570436291170193
1992-07-01,False,4,0.43667436935190007,0.4710835312320877,0.4473983121277508
1992-07-02,False,4,0.41180227147676307,0.4347320031445612,0.4214491356930807
1992-07-06,False,4,0.39414229840798987,0.37477365909174337,0.39176406392836294
1992-07-07,False,4,0.4155015017991322,0.4089725188829081,0.4274726362183796
1992-07-08,False,4,0.41926994457053823,0.42059086650987293,0.43644909672344206
1992-07-09,False,4,0.4166371536993287,0.4187571489789648,0.4294263292105629
1992-07-10,False,4,0.4189712689289062,0.42227439962654834,0.43924886503608734
1992-07-13,False,4,0.42164144370556345,0.3870773603400667,0.4341636132413507
1992-07-14,False,4,0.4177427421408312,0.41385590065346173,0.43462467659504495
1992-07-15,False,4,0.39397666609547594,0.3722661588453894,0.40475772874571764
1992-07-16,False,4,0.3894414060824047,0.3640831941186643,0.3969131390584783
1992-07-17,False,4,0.3939328098144767,0.3661184568526699,0.4007484321664421
1992-07-20,False,4,0.4015877256440203,0.39222189294307747,0.41441494406923307
1992-07-21,False,4,0.39466353092958806,0.3285081269188738,0.38919719559445204
1992-07-22,False,4,0.4021095886733221,0.38030409690521,0.4097871662944849
1992-07-23,False,4,0.39779533200600214,0.3937206981227592,0.4085061780590622
1992-07-24,False,4,0.4014862566831775,0.33110096201404804,0.3964160570634474
1992-07-27,False,4,0.40541237072273656,0.3640594181764975,0.4130372226155105
1992-07-28,False,4,0.39714164709771005,0.45071648777080037,0.4224391776234502
1992-07-29,False,4,0.39705693793494523,0.4395051283524109,0.4179639691210014
1992-07-30,False,4,0.3965692245677214,0.4543326877229217,0.420356708305605
1992-07-31,False,4,0.3968100614163541,0.4435696044413114,0.41779856134193544
1992-08-03,False,4,0.394502957486292,0.447604488212957,0.416561062152468
1992-08-04,False,4,0.3943969123276128,0.3636644183896537,0.3937134373279914
1992-08-05,False,4,0.4031459877147307,0.37336547064220765,0.40543735181749846
1992-08-06,False,4,0.4004599321943113,0.3531100771148318,0.39741361251414165
1992-08-07,False,4,0.403239500519236,0.357198752846887,0.401230811566051
1992-08-10,False,4,0.3960412300241861,0.25347900140310475,0.3634038302487209
1992-08-11,False,4,0.3927748643799617,0.2287805351623187,0.35242228040114776
1992-08-12,False,4,0.40037001510505077,0.22484999089691016,0.358515902160157
1992-08-13,False,4,0.40407286360685035,0.2462179095664,0.3709003850881967
1992-08-14,False,4,0.4004066974492649,0.2936726528059512,0.3806386861805696
1992-08-17,False,4,0.39194331464776255,0.2782536724892578,0.368478062698609
1992-08-18,False,4,0.3929134780910706,0.24255344287110397,0.35777605263433326
1992-08-19,False,4,0.39061717756341013,0.19621189555760038,0.338758205255487
1992-08-20,False,4,0.39463808928701055,0.15415403780261694,0.325053019796326
1992-08-21,False,4,0.4064922059219748,0.19748083278874348,0.3532359508269792
1992-08-24,False,4,0.42519294168579036,0.1891668845940365,0.3629356308492124
1992-08-25,False,4,0.42906051911474097,0.17682081870981697,0.3613845827535163
1992-08-26,False,4,0.42347981779631394,0.2290299370797786,0.3743186083502745
1992-08-27,False,4,0.42037556633750517,0.24127090260279407,0.37498219379050285
1992-08-28,False,4,0.41443738271501024,0.21307813951729065,0.3578597167009046
1992-08-31,False,4,0.41241905514211386,0.30018893570075056,0.38380109657132333
1992-09-01,False,4,0.4086374315250148,0.35186648836580764,0.3928858726674273
1992-09-02,False,4,0.3922669615242879,0.374485074434345,0.38434194786880843
1992-09-03,False,4,0.3806439254876849,0.34354010481849817,0.36507298398510757
1992-09-04,False,4,0.38433096323754656,0.3557337425630831,0.3712542092867807
1992-09-08,False,4,0.3932585058805564,0.39318021999723357,0.38941266064149976
1992-09-09,False,4,0.3891853558920253,0.4076104475812336,0.38820133885117125
1992-09-10,False,4,0.3779021323637104,0.4625960731568963,0.38829648452113646
1992-09-11,False,4,0.345602057721223,0.4271106039105057,0.3563264920421071
1992-09-14,False,4,0.33746756067259726,0.3499373869944675,0.32155936413906283
1992-09-15,False,4,0.354361897826066,0.38612445892538827,0.3448971396215868
1992-09-16,False,4,0.3514953157619666,0.39139071486186244,0.3436757684061016
1992-09-17,False,4,0.3544855376356383,0.43077743257441764,0.3561345974476699
1992-09-18,False,4,0.3502915460867708,0.3967400471538694,0.3428777760635943
1992-09-21,False,4,0.35212621100444363,0.398012197778891,0.3446441083625169
1992-09-22,False,4,0.36429067358265926,0.419634162462314,0.3586769210572293
1992-09-23,False,4,0.3694637471128769,0.4613479677319937,0.3778120228359658
1992-09-24,False,4,0.36965452416358674,0.4389228721066342,0.3723562259891811
1992-09-25,False,4,0.38639256962466234,0.4531343107713682,0.39660561925537796
1992-09-28,False,4,0.37826371768408257,0.3259039044554993,0.35304748579040646
1992-09-29,False,4,0.3783274797486515,0.43545130471297877,0.38037674012060296
1992-09-30,False,4,0.3567172061459983,0.4566676655279793,0.3667585977282915
1992-10-01,False,4,0.36458570841427324,0.45121048250226037,0.37212013103728897
1992-10-02,False,4,0.3880116128951001,0.45597057198428126,0.3942400805981223
1992-10-05,False,4,0.40161320074813783,0.48363329883269013,0.4124998531825175
1992-10-06,False,4,0.40113022831311274,0.5321460781041668,0.42541118107945375
1992-10-07,False,4,0.41149822880798975,0.4995584409382454,0.4275440605698598
1992-10-08,False,4,0.40795571334317626,0.5157528280522992,0.4255948494806028
1992-10-09,False,4,0.4219099229851238,0.46490527541333915,0.42356145227211833
1992-10-12,False,4,0.4131282330317441,0.47862102744599694,0.4150585694626974
1992-10-13,False,4,0.40395889934601736,0.47674937773286974,0.40479503920113574
1992-10-14,False,4,0.40577804954009544,0.4682141152789785,0.40435835175708984
1992-10-15,False,4,0.3975764754672334,0.469911313575607,0.39948846300685137
1992-10-16,False,4,0.39482595078647575,0.4167417856149897,0.3819632704371899
1992-10-19,False,4,0.39030913917977433,0.4443105755275661,0.3823336334027738
1992-10-20,False,4,0.38874322027958574,0.4114827775510771,0.3737741059038814
1992-10-21,False,4,0.3904759301409686,0.39631948279291535,0.37687914143250634
1992-10-22,False,4,0.39486583620375815,0.2664896567794762,0.34882858418798607
1992-10-23,False,4,0.3957448222180893,0.26211536190737367,0.34926250131607467
1992-10-26,False,4,0.393064181044891,0.3599247292343357,0.3735956869451842
1992-10-27,False,4,0.39462207557293144,0.39832962233731,0.38584173531285565
1992-10-28,False,4,0.38991577460563304,0.40134319787019085,0.38111580703995346
1992-10-29,False,4,0.38178630169072575,0.4581061828062689,0.3889312739029516
1992-10-30,False,4,0.38080366806799937,0.42523463492339736,0.3796270338705946
1992-11-02,False,4,0.37295491576756795,0.3987240800683678,0.3632464501809522
1992-11-03,False,4,0.37377191343972255,0.28657365077237207,0.3339996273650569
1992-11-04,False,4,0.37358386354388856,0.3549642067099796,0.35268152274588055
1992-11-05,False,4,0.36571790332489007,0.4174175097263094,0.3615873937640122
1992-11-06,False,4,0.36576844179226603,0.4344768725821168,0.36562544585865914
1992-11-09,False,4,0.3670996712911984,0.40103156668035106,0.3591470813425021
1992-11-10,False,4,0.3677853466370746,0.4431566702837263,0.37176712384163507
1992-11-11,False,4,0.3642498070168775,0.47969195220786964,0.3767864417108298
1992-11-12,False,4,0.3557218302209545,0.4006249630093697,0.34994584513093696
1992-11-13,False,4,0.3546990296491847,0.4718894575673006,0.36738454784908103
1992-11-16,False,4,0.35099576248841635,0.42837990084057403,0.35400037754870983
1992-11-17,False,4,0.33975025510149726,0.32361625842252284,0.3211539887236599
1992-11-18,False,4,0.3346027043065206,0.34193191311699556,0.3195170210214978
1992-11-19,False,4,0.3358232623962577,0.2674666130420283,0.3008526810925964
1992-11-20,False,4,0.3352982490442225,0.287240033364976,0.3053356976557295
1992-11-23,False,4,0.34004558785859984,0.36270973350550717,0.3304899275142477
1992-11-24,False,4,0.3361440302764648,0.3300204540939005,0.31727387495416987
1992-11-25,False,4,0.3365761594575176,0.3903498077723351,0.33449174440014057
1992-11-27,False,4,0.33720579270002493,0.3404202404638538,0.3226220781400645
1992-11-30,False,4,0.33615139454809595,0.3370984185241475,0.3206313810447357
1992-12-01,False,4,0.3317666824906165,0.3063654378106717,0.3095121051543712
1992-12-02,False,4,0.32511239993329477,0.3396369245011829,0.31257037191223347
1992-12-03,False,4,0.3288642520089214,0.3541425266883832,0.3203077024730987
1992-12-04,False,4,0.330631439988465,0.31039774262825903,0.3127429782140675
1992-12-07,False,4,0.3288986785468533,0.28703693038559175,0.3035238402868068
1992-12-08,False,4,0.3292289027955716,0.19179585916229044,0.28041350322056025
1992-12-09,False,4,0.3191889253930181,0.16061526543518076,0.2639968505505589
1992-12-10,False,4,0.3215095440446791,0.17692933236644912,0.2717727854567353
1992-12-11,False,4,0.3228404220033186,0.19046498237556844,0.2776331658346801
1992-12-14,False,4,0.3279562353039258,0.14005392403715056,0.26236454176294066
1992-12-15,False,4,0.3267807769362991,0.11154548426790452,0.24848637573189244
1992-12-16,False,4,0.31862796451142683,0.10211581631247482,0.2392500404282308
1992-12-17,False,4,0.31386169551996207,0.14002997618424073,0.2509360952150915
1992-12-18,False,4,0.31170630016480855,0.10510407052564003,0.2296214515950975
1992-12-21,False,4,0.30164113208540827,0.10049033014599337,0.22118849847103841
1992-12-22,False,4,0.3037311509062229,0.09313857332191114,0.21919116856992243
1992-12-23,False,4,0.30412587915744205,0.14174240476438316,0.24276564531436814
1992-12-24,False,4,0.30499882182037746,0.1541515147764499,0.24851108189752963
1992-12-28,False,4,0.2981457909019228,0.2064254166520938,0.26116042009394497
1992-12-29,False,4,0.2782653777490566,0.09472250749337939,0.20753602615119385
1992-12-30,False,4,0.2630147396436812,0.09614667963139298,0.1997303155681194
1992-12-31,False,4,0.26384561943275814,0.0890498072740062,0.19661084171088974
1993-01-04,False,4,0.25940069128553334,0.05730235180974747,0.17550314341080883
1993-01-05,False,4,0.2629717931221652,0.041617498897237815,0.16649061013743094
1993-01-06,False,4,0.24825975163968309,0.025690887864455076,0.14329980622022964
1993-01-07,False,4,0.2595300544851108,0.01864104401727475,0.14013750013502907
1993-01-08,False,4,0.26747075193464376,0.02458130342875604,0.15444658401967418
1993-01-11,False,4,0.26496834057190455,0.027851696704126353,0.1574553986910187
1993-01-12,False,4,0.2638473091430574,0.049834408167154974,0.17927191946301074
1993-01-13,False,4,0.2648445619686306,0.09571374706312048,0.2101175760912861
1993-01-14,False,4,0.2644834879975704,0.13417897208423313,0.22950140105099456
1993-01-15,False,4,0.2635818235913662,0.10276648773928335,0.2143035321450023
1993-01-18,False,4,0.2658487802597207,0.13095807040125412,0.22900004107160363
1993-01-19,False,4,0.2660264905799435,0.10880628278613562,0.21889376984972514
1993-01-20,False,4,0.2689519608918063,0.04063221069040313,0.1756592053676082
1993-01-21,False,4,0.2699463255849661,0.05433423632768656,0.19011950085861945
1993-01-22,False,4,0.2682918885593197,0.07623642504675936,0.2047938272121501
1993-01-25,False,4,0.2683138887434242,0.061340848198297555,0.19487513050769564
1993-01-26,False,4,0.26873589234471934,0.06728357556822762,0.19979465050036982
1993-01-27,False,4,0.2750464177869334,0.0906053113742956,0.21794481291770668
1993-01-28,False,4,0.2780772901424024,0.07233867501363171,0.2116765489962044
1993-01-29,False,4,0.27605704337940046,0.04655690408280462,0.19025139094755544
1993-02-01,False,4,0.26981145781172994,0.06325277240039628,0.19825383848500291
1993-02-02,False,4,0.2709493364877349,0.06405228428039043,0.19989772427671057
1993-02-03,False,4,0.2671911911787095,0.12201131896979717,0.22550209293299292
1993-02-04,False,4,0.2658941722766415,0.054301245372688794,0.18555753969988983
1993-02-05,False,4,0.26936195364124943,0.08939125835643226,0.21157378688435285
1993-02-08,False,4,0.27444828036322827,0.09730044311196054,0.22131500025028678
1993-02-09,False,4,0.2852397768804849,0.12569401183782813,0.24134288575075025
1993-02-10,False,4,0.2829670103065983,0.21011651276882062,0.27081116950591216
1993-02-11,False,4,0.27603726513946897,0.23421097384140563,0.27224034898468014
1993-02-12,False,4,0.27633223435617116,0.24190469055689565,0.2749946762687315
1993-02-16,False,4,0.34376162185336123,0.3676669692281807,0.3487060998054199
1993-02-17,False,4,0.35363180950378964,0.39003981798138593,0.36417554993420226
1993-02-18,False,4,0.35962480609355596,0.4118136886313054,0.3783912766058472
1993-02-19,False,4,0.35618528096137264,0.31027412049271674,0.3495268347753755
1993-02-22,False,4,0.36498741039941385,0.39722806748552086,0.3870668301105681
1993-02-23,False,4,0.36802653874851715,0.3129428203089205,0.3684215506498741
1993-02-24,False,4,0.3679668218156444,0.350715273638768,0.3739682686174676
1993-02-25,False,4,0.36858120709847253,0.32014984098310184,0.3663590836820146
1993-02-26,False,4,0.3676483253114282,0.38846367495066464,0.38368474541725633
1993-03-01,False,4,0.3723429395008837,0.34679382543142173,0.37659735729063226
1993-03-02,False,4,0.3672211453395334,0.3476054288610614,0.3691090571823436
1993-03-03,False,4,0.3667080196593072,0.2818397949351873,0.3488739438237832
1993-03-04,False,4,0.3749237555767736,0.2788138714335843,0.3569433756002153
1993-03-05,False,4,0.37495998348430776,0.30325182310468274,0.36474528018945684
1993-03-08,False,4,0.3676406969208181,0.4034419903493392,0.3781710643628075
1993-03-09,False,4,0.3622946238549298,0.3679592052846733,0.36365502793118615
1993-03-10,False,4,0.3584489193623831,0.31145549556896046,0.3447850910766211
1993-03-11,False,4,0.35733966223060204,0.36700517821730716,0.3592870773680685
1993-03-12,False,4,0.36296864013326413,0.2766728422658654,0.337352728178509
1993-03-15,False,4,0.354741893842457,0.29218115997530414,0.33433852883748705
1993-03-16,False,4,0.36172162047240536,0.2758169429471888,0.3378140145260252
1993-03-17,False,4,0.3754116805331014,0.3671634299954677,0.37862623535395873
1993-03-18,False,4,0.3688646676327265,0.33499016921732555,0.3621408618077516
1993-03-19,False,4,0.3730435635245349,0.37393402559802846,0.37624722105617014
1993-03-22,False,4,0.37784566643558,0.37412859277422106,0.3804139475734268
1993-03-23,False,4,0.3809346321213441,0.3453997651137252,0.3763003368037795
1993-03-24,False,4,0.38149392209180455,0.32710141808967064,0.37233416688291704
1993-03-25,False,4,0.3775860680486304,0.3051477322149622,0.3607989926528868
1993-03-26,False,4,0.38446585395937666,0.28756714837535363,0.36232718974413025
1993-03-29,False,4,0.38307252850926704,0.38051000507633215,0.3866447739993053
1993-03-30,False,4,0.3770252509395028,0.31598677344273485,0.36241912125191966
1993-03-31,False,4,0.37491035490191965,0.3429700480537454,0.3675649514975671
1993-04-01,False,4,0.3788427894397537,0.36466432378473357,0.3771403114227184
1993-04-02,False,4,0.4081495635305294,0.4232944642996683,0.41474601236165426
1993-04-05,False,4,0.4034800608937575,0.35441554712634254,0.39268068611458634
1993-04-06,False,4,0.4146255494796267,0.361693340316077,0.407527735297763
1993-04-07,False,4,0.41294578234371937,0.40498580753257735,0.41889757634451574
1993-04-08,False,4,0.4183801084045697,0.4621636542904293,0.4409906174012311
1993-04-12,False,4,0.41785736245531263,0.42160327978307666,0.4279510389908069
1993-04-13,False,4,0.41709792967768067,0.3900964207070504,0.41906050441098297
1993-04-14,False,4,0.4170870880787403,0.4588542746917989,0.43807709882567075
1993-04-15,False,4,0.4191737794313046,0.39941311943881996,0.42383481700971043
1993-04-16,False,4,0.4172067490569827,0.41939815005515957,0.4289246069325738
1993-04-19,False,4,0.4245706521269688,0.46001538711809425,0.44740133958586936
1993-04-20,False,4,0.43126931708816224,0.348353636093653,0.4236369178086136
1993-04-21,False,4,0.4337229687416939,0.37588048526369644,0.43558398716552216
1993-04-22,False,4,0.4419872610504962,0.29489173799986224,0.4190609405710815
1993-04-23,False,4,0.4373228552666646,0.30441790640854255,0.41754999332827497
1993-04-26,False,4,0.4494809680368572,0.3616171848510231,0.44608231968902584
1993-04-27,False,4,0.44539880153571143,0.4226963904342847,0.4571385927922171
1993-04-28,False,4,0.44878732207390576,0.4224100452021473,0.46367023896165926
1993-04-29,False,4,0.44792725922698456,0.3777876243024825,0.45019633947344867
1993-04-30,False,4,0.44946668777354387,0.3888821466768875,0.4571620014678538
1993-05-03,False,4,0.45091798736100314,0.4088377365038494,0.4624871638813066
1993-05-04,False,4,0.4444865262942795,0.2888383491884691,0.41833131483538777
1993-05-05,False,4,0.44027007536542034,0.32614191300556494,0.4253830100090637
1993-05-06,False,4,0.43145671708883504,0.344594852531474,0.42347832795978224
1993-05-07,False,4,0.4342846698952016,0.3297610111932106,0.4224321122413887
1993-05-10,False,4,0.4348540929499013,0.4055130011151444,0.4448833607995631
1993-05-11,False,4,0.42573521483814436,0.4059663655860063,0.43513451196836417
1993-05-12,False,4,0.3660968441967712,0.3972943534976467,0.3936661605971605
1993-05-13,False,4,0.36784047323732516,0.3568951507390337,0.38306286438046205
1993-05-14,False,4,0.3669463439999272,0.3005659338170623,0.3654303628433959
1993-05-17,False,4,0.36697068996861276,0.2437693644255274,0.34639514973954755
1993-05-18,False,4,0.36010469275865375,0.2053409382839223,0.3238129761649247
1993-05-19,False,4,0.3553263440065371,0.3201980228329716,0.3497493222217234
1993-05-20,False,4,0.3550523125648566,0.2591675969692077,0.3366126946411569
1993-05-21,False,4,0.3643777939766257,0.25806532040720237,0.3442315891621631
1993-05-24,False,4,0.364846244547953,0.22881844351022726,0.3346614117462499
1993-05-25,False,4,0.3582681882594844,0.2302171576360704,0.32883933130817955
1993-05-26,False,4,0.35825884551574805,0.2659276965705401,0.3416135464725269
1993-05-27,False,4,0.3605433828749842,0.28637068038267505,0.3515640816264511
1993-05-28,False,4,0.36016686958392213,0.25213219664181824,0.34065296237837833
1993-06-01,False,4,0.3584542584879925,0.2738552046372557,0.3437501359933457
1993-06-02,False,4,0.36012355857875555,0.3452921646426011,0.3753020225411538
1993-06-03,False,4,0.36182317138781867,0.40168010524743963,0.392631609493872
1993-06-04,False,4,0.3702511848699597,0.38512197235824097,0.3962532843555172
1993-06-07,False,4,0.37706867338313793,0.3774635316431553,0.4012519477966017
1993-06-08,False,4,0.38152314293723427,0.3946200664180514,0.41016470454004517
1993-06-09,False,4,0.38407837137176315,0.3847507261199244,0.4110671298684688
1993-06-10,False,4,0.3849466252268451,0.351032604083322,0.4031873273449812
1993-06-11,False,4,0.3735918784089874,0.4369720317968089,0.4166941236167533
1993-06-14,False,4,0.3768296701516977,0.37775528867336566,0.4066122444149573
1993-06-15,False,4,0.37203464506649536,0.4380293616520357,0.41868827667741476
1993-06-16,False,4,0.3656919744838717,0.37015535703866154,0.39410901005172744
1993-06-17,False,4,0.3631633659402675,0.37194720587591507,0.3918508687116943
1993-06-18,False,4,0.37280497084228525,0.3645775476314992,0.39754776206291237
1993-06-21,False,4,0.3747332456485785,0.3166557426413785,0.38757567892323413
1993-06-22,False,4,0.37323105230499304,0.3112250298505593,0.38532908568772734
1993-06-23,False,4,0.37803436175981003,0.18136163338284078,0.3464920572679241
1993-06-24,False,4,0.3783171271725199,0.24594818667805932,0.369997769085438
1993-06-25,False,4,0.3785269493084404,0.21181843637624728,0.3584422679860744
1993-06-28,False,4,0.3728237501452903,0.2677641227966942,0.3683399888303477
1993-06-29,False,4,0.3345549560307486,0.24929308986850202,0.3362608529424936
1993-06-30,False,4,0.33364984112585067,0.1227176717098584,0.28492200010128077
1993-07-01,False,4,0.3246051468622291,0.1441679860392982,0.2865293682402308
1993-07-02,False,4,0.32820389796215405,0.12346884154294833,0.2785940606869871
1993-07-06,False,4,0.33537987476860665,0.11906828739317134,0.2794186271469236
1993-07-07,False,4,0.34005275431065995,0.06188533040171868,0.24936487987494121
1993-07-08,False,4,0.33959297831010943,0.06652304223001357,0.25078473211971003
1993-07-09,False,4,0.3383012514941179,0.09408410379684805,0.26843123982465616
1993-07-12,False,4,0.33418995448762717,0.09216041898430048,0.26283662324218365
1993-07-13,False,4,0.3341133289895499,0.1323410908869989,0.2830910133524585
1993-07-14,False,4,0.32611169553947716,0.13498125894290872,0.27556958735313164
1993-07-15,False,4,0.3205512945731418,0.14869829685868088,0.2764982193821133
1993-07-16,False,4,0.33092220849226783,0.1329952048736571,0.27781724392323387
1993-07-19,False,4,0.3277386968681747,0.1513505711432944,0.2836543002910889
1993-07-20,False,4,0.32434479785511405,0.2043763709529662,0.30194768875779326
1993-07-21,False,4,0.31225279212275736,0.1870033736569846,0.28648792670991785
1993-07-22,False,4,0.3205952089284595,0.16272854314196625,0.28484386060178923
1993-07-23,False,4,0.31918338575888994,0.16002733358081575,0.2805845216458027
1993-07-26,False,4,0.3182715371268514,0.14890388260324613,0.2741118558065125
1993-07-27,False,4,0.32252879391368716,0.1260706576174673,0.26877809647539397
1993-07-28,False,4,0.3249664450351428,0.10886542654254071,0.2625945486235255
1993-07-29,False,4,0.3248766468028305,0.13797391690161648,0.27660043919026267
1993-07-30,False,4,0.32931959292043694,0.16893213392867812,0.2930309199791728
1993-08-02,False,4,0.32689901802436877,0.17009597656519604,0.2905689186817895
1993-08-03,False,4,0.3254641645134299,0.14395536863950747,0.27795303966075285
1993-08-04,False,4,0.32737623327376214,0.12167669488245621,0.2699071888949307
1993-08-05,False,4,0.3312500373573521,0.10504450174841534,0.2654394394580969
1993-08-06,False,4,0.3312350872116813,0.12868321124388138,0.277694781110916
1993-08-09,False,4,0.3182198457726475,0.1658152709695178,0.28328389397765563
1993-08-10,False,4,0.31878309779046665,0.18062389935553563,0.28881450649586066
1993-08-11,False,4,0.31955434339286787,0.3036415389475167,0.32890266694785397
1993-08-12,False,4,0.32505212733097366,0.283923675928874,0.3287916899449727
1993-08-13,False,4,0.3261104433988224,0.2026530383157963,0.31059834742754466
1993-08-16,False,4,0.32631965771828836,0.25639626686121536,0.32936020651958126
1993-08-17,False,4,0.3174521160448057,0.2332068749979514,0.3152973173391281
1993-08-18,False,4,0.3159804323826306,0.13230066815988462,0.27446592373007983
1993-08-19,False,4,0.3174357393093345,0.15794132036296013,0.2876091074536171
1993-08-20,False,4,0.32049357619932983,0.19006965084131072,0.3067388068350993
1993-08-23,False,4,0.32217024485062373,0.21143321344904137,0.31589742385111874
1993-08-24,False,4,0.31533575629154426,0.2489408670775082,0.3188519993214946
1993-08-25,False,4,0.3179012436367925,0.17954174916575416,0.29997845382785515
1993-08-26,False,4,0.32042771613812654,0.17761743298185964,0.3017492621539596
1993-08-27,False,4,0.321054776063592,0.15475642813454904,0.2930193221813271
1993-08-30,False,4,0.3125058745601324,0.16546332004750533,0.2902090718713697
1993-08-31,False,4,0.30102946618738247,0.19464465264327846,0.28951294866037786
1993-09-01,False,4,0.2870745750285042,0.16840957671128506,0.2705006666190518
1993-09-02,False,4,0.28958795280438665,0.14934831048020242,0.26500040283432463
1993-09-03,False,4,0.2862354789453886,0.1021113100076816,0.23932306234140685
1993-09-07,False,4,0.3025531410283457,0.12723560610374823,0.2637515940993906
1993-09-08,False,4,0.31476591665048903,0.0595743074424972,0.22920057396119511
1993-09-09,False,4,0.31307051341905767,0.02727232859812353,0.19107571609663562
1993-09-10,False,4,0.3111056566614696,0.034432784791021326,0.19722328580873213
1993-09-13,False,4,0.3127588890865331,0.032316744559268,0.19602237012539867
1993-09-14,False,4,0.30818243830304437,0.06814564657180394,0.22882368018369156
1993-09-15,False,4,0.306891864979679,0.0813219782071069,0.2362669567251583
1993-09-16,False,4,0.304728836384936,0.061832931234486,0.21992769294341674
1993-09-17,False,4,0.302468056380167,0.0742467475296818,0.22712393242399267
1993-09-20,False,4,0.3108692938328774,0.07832417780663634,0.23597517046024755
1993-09-21,False,4,0.32036530873016883,0.13961308708438278,0.2744950620485858
1993-09-22,False,4,0.3201586690022573,0.20085901272356602,0.2999071746349948
1993-09-23,False,4,0.31521990043695436,0.1980127736666015,0.2939182636846403
1993-09-24,False,4,0.31521842640536574,0.15837968029401206,0.2788349621676139
1993-09-27,False,4,0.3114392047528428,0.16911444217992097,0.2766819155800305
1993-09-28,False,4,0.30797922590854127,0.182231342839039,0.27897880372670547
1993-09-29,False,4,0.3019218315394199,0.12940330866275582,0.2550636185132633
1993-09-30,False,4,0.3009116944698095,0.09666021570250319,0.2375611098398528
1993-10-01,False,4,0.30223708892128287,0.14510480943186407,0.2637061334734289
1993-10-04,False,4,0.301296893911078,0.15479390247663402,0.26697670800142204
1993-10-05,False,4,0.3042884519337039,0.09191798418127049,0.24010893686611165
1993-10-06,False,4,0.3031214085602779,0.09153972124748877,0.23885621447270008
1993-10-07,False,4,0.31004878557504917,0.08343166608311864,0.24098621963831734
1993-10-08,False,4,0.3085379959074546,0.10222944633409294,0.2501701308507594
1993-10-11,False,4,0.2986420201374253,0.10055660948013466,0.2414459920422759
1993-10-12,False,4,0.29264668402076377,0.14800587826779144,0.25851677347261887
1993-10-13,False,4,0.29091446713770963,0.08885334435683179,0.2289463155999072
1993-10-14,False,4,0.2869307789335741,0.1174083717395234,0.2415824094162151
1993-10-15,False,4,0.278538887626138,0.06412988958355333,0.20458734205968376
1993-10-18,False,4,0.2806893725659702,0.05976752705829359,0.20421448927088226
1993-10-19,False,4,0.29397664160321646,0.08094139541049186,0.22977854781641888
1993-10-20,False,4,0.2970853551035793,0.1738692096878173,0.2767066752177258
1993-10-21,False,4,0.2982294987426326,0.17262563995786745,0.27769553139258013
1993-10-22,False,4,0.30094656432991845,0.08523519485414004,0.24014727428381977
1993-10-25,False,4,0.29781567872027687,0.09639465393079916,0.24463139271263104
1993-10-26,False,4,0.3003067455289406,0.1081180645273299,0.2541340931681976
1993-10-27,False,4,0.29993479453142435,0.13067220461810092,0.2656042836721734
1993-10-28,False,4,0.2968254776882438,0.13717640489826793,0.2644019913952445
1993-10-29,False,4,0.2928557863033233,0.15514393486050693,0.26778145036611567
1993-11-01,False,4,0.29235905182158367,0.07909611723582437,0.22924785356752522
1993-11-02,False,4,0.2951269093089097,0.05720626908502085,0.21682151922222223
1993-11-03,False,4,0.30591984438867265,0.06797087588821529,0.23001244208838614
1993-11-04,False,4,0.3252975058025112,0.1149749072338806,0.27002613883679044
1993-11-05,False,4,0.3189019771876193,0.23051321288512006,0.3105667552530869
1993-11-08,False,4,0.3182403451780494,0.18717567276564068,0.2946078742148886
1993-11-09,False,4,0.3201626850316613,0.14164498670529355,0.2785711355042755
1993-11-10,False,4,0.31916222718222037,0.13050276832888408,0.27097202673197635
1993-11-11,False,4,0.32176362887783344,0.13025354441392695,0.2742348265738386
1993-11-12,False,4,0.3186802685520381,0.13871905598983378,0.2736842403476169
1993-11-15,False,4,0.32207609631778517,0.15082574465056384,0.28104918809879004
1993-11-16,False,4,0.31988757983108257,0.1647922185185106,0.2853349609749394
1993-11-17,False,4,0.3286191490969353,0.13782060917806535,0.2842841850700927
1993-11-18,False,4,0.3335197385123907,0.10247387759812786,0.26987281493725895
1993-11-19,False,4,0.3345357688933518,0.1114154522265684,0.2752743144762229
1993-11-22,False,4,0.3501615190983203,0.2550516242902759,0.34398256141195394
1993-11-23,False,4,0.34930160384148706,0.307317250511582,0.3592502131717055
1993-11-24,False,4,0.34934155792560073,0.2709345625664937,0.3488340752931957
1993-11-26,False,4,0.3480665828698134,0.3312538027849131,0.3641296042926279
1993-11-29,False,4,0.34958440009991476,0.3638565958862489,0.37447633013405424
1993-11-30,False,4,0.34893394899186037,0.40257702539664714,0.3843016137522908
1993-12-01,False,4,0.3325165071535483,0.45917115730006414,0.38281610183413767
1993-12-02,False,4,0.31978853377315636,0.42335180704468006,0.36243428088363594
1993-12-03,False,4,0.31898860209064395,0.4448233096570682,0.3665263572592142
1993-12-06,False,4,0.32088182438469803,0.3007512267895497,0.333051364238051
1993-12-07,False,4,0.3195435620470138,0.3514929179332918,0.34518725488620244
1993-12-08,False,4,0.3110473262107339,0.21028337161607466,0.29626495821108206
1993-12-09,False,4,0.31701504930108215,0.2507060783993034,0.31568578161732513
1993-12-10,False,4,0.3163303719771673,0.22045918075208662,0.3055875905145562
1993-12-13,False,4,0.3136474104745237,0.15642183186563458,0.2794820504225121
1993-12-14,False,4,0.3161831655789642,0.18384103755161865,0.2925941172393691
1993-12-15,False,4,0.3094282421061346,0.19957288359168984,0.29513123157164095
1993-12-16,False,4,0.3119227328151162,0.11713669704058621,0.2659526619698195
1993-12-17,False,4,0.31168092516968765,0.12153256876579642,0.26645829044334923
1993-12-20,False,4,0.3144923189006635,0.10629251664006557,0.2607652050277809
1993-12-21,False,4,0.32093785983246303,0.11816473925144837,0.2748055274644033
1993-12-22,False,4,0.31929135181533785,0.11022302937768595,0.26886226949704833
1993-12-23,False,4,0.31413704189105945,0.07283985600499,0.2414508758969758
1993-12-27,False,4,0.31121080510642446,0.07694314661880126,0.24093286594378088
1993-12-28,False,4,0.3113735519137495,0.05605911512073047,0.2247114708008363
1993-12-29,False,4,0.3118868603929773,0.08076879089091446,0.24355258671303953
1993-12-30,False,4,0.31161254011385664,0.08437413301167034,0.24517260516717373
1993-12-31,False,4,0.3116337050167604,0.14311023391234415,0.27612292028448876
1994-01-03,False,4,0.3136932840287797,0.10948273756445394,0.25962072573292033
1994-01-04,False,4,0.313094098075778,0.15687901117428563,0.2816676054746437
1994-01-05,False,4,0.3117723898565103,0.20468393529441256,0.29842668374846454
1994-01-06,False,4,0.3127093092409796,0.26407522992438387,0.3186110496055383
1994-01-07,False,4,0.3129120811928334,0.17429402196910687,0.2874791920981577
1994-01-10,False,4,0.31245940766531605,0.19064330053304493,0.2892005976698453
1994-01-11,False,4,0.3163497509958061,0.128290993949273,0.268209667726199
1994-01-12,False,4,0.31638981730499965,0.145312043727121,0.2748425677514152
1994-01-13,False,4,0.3064049751115364,0.0926355427372408,0.24093076224802054
1994-01-14,False,4,0.29887564406939404,0.08219153274443544,0.22692898693277966
1994-01-17,False,4,0.2974544908245118,0.10016123259647476,0.23599119837576585
1994-01-18,False,4,0.29709737821668475,0.1479672212020469,0.2580294319077167
1994-01-19,False,4,0.29769570056489897,0.14020306365066829,0.25606243267925216
1994-01-20,False,4,0.2961542822937036,0.10911360804323023,0.24019680871180893
1994-01-21,False,4,0.2971889381903772,0.10612915681681506,0.23905937992678336
1994-01-24,False,4,0.3029283293917991,0.10395168969530524,0.24394629639724127
1994-01-25,False,4,0.30948741524454415,0.12515967233248199,0.2600477553447796
1994-01-26,False,4,0.3095569973763052,0.07735124763973313,0.23393026909436
1994-01-27,False,4,0.30725329646291866,0.19847070512775697,0.28657241805492634
1994-01-28,False,4,0.29210496577992295,0.13746876226314145,0.25272694433086557
1994-01-31,False,4,0.2697393462337336,0.09524417394221353,0.21965343766175266
1994-02-01,False,4,0.2724310621262048,0.1813121601881599,0.2582657889164325
1994-02-02,False,4,0.27155702884831834,0.1371251056210407,0.24034840221643866
1994-02-03,False,4,0.27330865840751956,0.16871401523248977,0.25409637199744073
1994-02-04,False,4,0.3223777093749732,0.23075874972641194,0.30081452534449865
1994-02-07,False,4,0.3207392283110579,0.24508293159083253,0.3033846739727423
1994-02-08,False,4,0.3217070415029571,0.2709628872177807,0.3137571855001732
1994-02-09,False,4,0.3153510220201705,0.29479957147237096,0.31422198147060393
1994-02-10,False,4,0.3220755944004479,0.30502192436300946,0.32240268214476864
1994-02-11,False,4,0.3181445891295014,0.3338580676681658,0.3268346472289061
1994-02-14,False,4,0.3119331420742039,0.4269906022248662,0.3445304671601859
1994-02-15,False,4,0.3062010515004098,0.4329008208775165,0.3384954706262428
1994-02-16,False,4,0.28836640962052634,0.3977807132878094,0.3168929497443325
1994-02-17,False,4,0.2968703941198487,0.3631658101795619,0.3164939436674868
1994-02-18,False,4,0.30559473039885093,0.3379362743592201,0.318292645845551
1994-02-22,False,4,0.30465087778852246,0.2592993002321549,0.2947316372292641
1994-02-23,False,4,0.3025726106280075,0.22111509131777823,0.2810665266096289
1994-02-24,False,4,0.32292965115669925,0.22352459470023164,0.293867082563156
1994-02-25,False,4,0.3240139793640887,0.3375395047206072,0.3280033360343213
1994-02-28,False,4,0.3220753137697454,0.30667925585661204,0.3173034143715238
1994-03-01,False,4,0.3321255432480573,0.26932219175206806,0.31517840765375044
1994-03-02,False,4,0.3355164790568005,0.28075836776616303,0.32202135693871586
1994-03-03,False,4,0.3381656356540212,0.20630623628521644,0.3007385525186946
1994-03-04,False,4,0.33689454021913434,0.13933592982381002,0.2722518050649374
1994-03-07,False,4,0.3303358886300754,0.2744935398789212,0.31168635701111863
1994-03-08,False,4,0.33424185201251255,0.32921525249088773,0.33017914224925704
1994-03-09,False,4,0.33591210334296606,0.37194937511553844,0.34323267316229755
1994-03-10,False,4,0.3336373203287157,0.3459259935239155,0.3340533449063021
1994-03-11,False,4,0.3302859999905946,0.23909376549251404,0.2991238349179875
1994-03-14,False,4,0.3298799482726548,0.22935480139234668,0.29567566077956386
1994-03-15,False,4,0.33385587312759657,0.28676467764590347,0.3191603700779252
1994-03-16,False,4,0.3292374547827253,0.27787136031629023,0.3118618207548204
1994-03-17,False,4,0.32337202305004875,0.25088941767246,0.29779425199874576
1994-03-18,False,4,0.3233680573936157,0.23893710012830985,0.29438139483982384
1994-03-21,False,4,0.33216991446716176,0.2749198102050112,0.3120753346204479
1994-03-22,False,4,0.3340965491926732,0.2351683201497098,0.30312852860863254
1994-03-23,False,4,0.3351164484519041,0.18187119505640537,0.28641018175023775
1994-03-24,False,4,0.35153340986598314,0.33547398396539685,0.3458401624015699
1994-03-25,False,4,0.3565685376424918,0.36511511041415523,0.3583355791369754
1994-03-28,False,4,0.36659692394274607,0.39645125135981085,0.3766484335795556
1994-03-29,False,4,0.3942929837554181,0.4691943118057771,0.4122891940258839
1994-03-30,False,4,0.42198003004191137,0.44875564633497583,0.4273432428502241
1994-03-31,False,4,0.42528105830295027,0.3567032578344093,0.4051291464568564
1994-04-04,False,4,0.4514883783135348,0.43356178946627555,0.4450192230659051
1994-04-05,False,4,0.4563398273419181,0.47006776138868256,0.4443204734288843
1994-04-06,False,4,0.45927946834568384,0.38791074856750724,0.4283123218972172
1994-04-07,False,4,0.45484688257709255,0.3516113998835232,0.41247105913482557
1994-04-08,False,4,0.46535224979735895,0.37993157044734666,0.4300595358389609
1994-04-11,False,4,0.4641198030186913,0.452142961059314,0.44876796786159695
1994-04-12,False,4,0.47371694741554243,0.42080759472390206,0.45183514112582845
1994-04-13,False,4,0.484196786157998,0.44057345527830394,0.4671198668828046
1994-04-14,False,4,0.486179505507627,0.4822802336145259,0.4805112444288216
1994-04-15,False,4,0.4879006977921856,0.4885789441508461,0.4835078153602286
1994-04-18,False,4,0.5015371234702798,0.5025836223280815,0.5000579366797726
1994-04-19,False,4,0.5066239588287358,0.45689224075732776,0.4949689813989529
1994-04-20,False,4,0.5116923157191984,0.47307320011012544,0.5061224134158444
1994-04-21,False,4,0.5035887897592441,0.46315780417690644,0.4932381328572719
1994-04-22,False,4,0.5042072255411114,0.5171793484288186,0.5086087650072424
1994-04-25,False,4,0.5022129353478442,0.5231152884369052,0.5046566579373415
1994-04-26,False,4,0.5025112105521391,0.5105093779773846,0.5023285361309184
1994-04-28,False,4,0.5100696289872096,0.5208245672562933,0.5134434099820904
1994-04-29,False,4,0.5064965368961033,0.501554517018382,0.5028761181555128
1994-05-02,False,4,0.5064481181039663,0.4864480831765473,0.4994148843482191
1994-05-03,False,4,0.5047307183175123,0.5185666757144894,0.5069222459917789
1994-05-04,False,4,0.46932835570259784,0.5042594260556609,0.4762940126663452
1994-05-05,False,4,0.4739072389013638,0.4994483660870941,0.47970591953420305
1994-05-06,False,4,0.4866845969844618,0.48702612946153456,0.48849996867451834
1994-05-09,False,4,0.5050787151222191,0.4898522941186425,0.5052088672113703
1994-05-10,False,4,0.4983588894828025,0.5519661490472036,0.5151754604653153
1994-05-11,False,4,0.5074126646214158,0.5128092290618501,0.5121266493382142
1994-05-12,False,4,0.5065532215864444,0.4614086156930785,0.4972703034202818
1994-05-13,False,4,0.509639116951684,0.4724201347736518,0.5052114063609511
1994-05-16,False,4,0.5146465145031626,0.4535313136912177,0.505235869198354
1994-05-17,False,4,0.5060903799181742,0.42202322328746655,0.4869816552875014
1994-05-18,False,4,0.4964097660502016,0.4305275110523296,0.47557998764510073
1994-05-19,False,4,0.49560441330582816,0.36066569558131323,0.4543392032347226
1994-05-20,False,4,0.494614830785156,0.41991398996189855,0.4702117922894115
1994-05-23,False,4,0.4798995188662621,0.3836046783877694,0.44860380769525005
1994-05-24,False,4,0.47978061970875735,0.37485468659249255,0.44667404164400215
1994-05-25,False,4,0.4811077552527426,0.40674455022932626,0.457021782648643
1994-05-26,False,4,0.4737557720599185,0.3868332291302142,0.44534139104006
1994-05-27,False,4,0.47043079715033753,0.4334782739972061,0.4543691225117096
1994-05-31,False,4,0.4713257878744167,0.42329488548092653,0.45272115035268723
1994-06-01,False,4,0.47375584446722957,0.40736974171555856,0.451623220931868
1994-06-02,False,4,0.4759657962665846,0.37441150712711835,0.4447648923724874
1994-06-03,False,4,0.4699729048397934,0.4102121056735916,0.4485973131385539
1994-06-06,False,4,0.4695324443829224,0.4199857462787262,0.4510588367186268
1994-06-07,False,4,0.4655832606209936,0.40483931401117856,0.4432390024975588
1994-06-08,False,4,0.4722175582950119,0.421311946751822,0.45553186690508873
1994-06-09,False,4,0.47612484937500643,0.3609993713505692,0.44355066156769307
1994-06-10,False,4,0.4736239682346961,0.3933169466835228,0.45002931728518614
1994-06-13,False,4,0.47510931687489194,0.46703502557165566,0.4722712251231273
1994-06-14,False,4,0.47404743874380617,0.4743517326588173,0.47258089883057935
1994-06-15,False,4,0.4797700620827116,0.48620932072570994,0.48155328526407915
1994-06-16,False,4,0.47045107981020945,0.4945877170886402,0.47516348995228874
1994-06-17,False,4,0.4766423920799889,0.5036311148773845,0.4833331851319071
1994-06-20,False,4,0.48771570346698745,0.47215984340658884,0.4850114965847155
1994-06-21,False,4,0.48655498137444625,0.43518246021601337,0.4745949235707113
1994-06-22,False,4,0.47910426862142824,0.4089040698090786,0.4595500502726291
1994-06-23,False,4,0.48295434850302665,0.42241334950685083,0.46573044127959323
1994-06-24,False,4,0.4727000990833738,0.45879197948377826,0.4680943898208544
1994-06-27,False,4,0.44424231572411516,0.5113662307720563,0.45655952973192604
1994-06-28,False,4,0.4447020254230897,0.509017853130375,0.4559124180154506
1994-06-29,False,4,0.41719285568166964,0.5096651085518918,0.4339563357851775
1994-06-30,False,4,0.4210171302083557,0.42388658541346297,0.43242611450978824
1994-07-01,False,4,0.4192045866024401,0.38070575319672967,0.4161179915161668
1994-07-05,False,4,0.4243088934220048,0.39085253012091875,0.42546840482732196
1994-07-06,False,4,0.41503756717477985,0.34636929356023266,0.40518237367686283
1994-07-07,False,4,0.4131653924771034,0.3834453380338231,0.41296468623328375
1994-07-08,False,4,0.40504098477670325,0.3442596351348262,0.3933124068638375
1994-07-11,False,4,0.39605062576034206,0.33651245999591656,0.3837315497047625
1994-07-12,False,4,0.3943925612483282,0.3486181626285145,0.3849359289646894
1994-07-13,False,4,0.3908479588929883,0.3716274831364127,0.38673110811085876
1994-07-14,False,4,0.3728786045271076,0.42914354284592576,0.38238837743155213
1994-07-15,False,4,0.36578467884134813,0.40889634610544084,0.3687095470001261
1994-07-18,False,4,0.35728650075469337,0.27568246374191874,0.32231525051587234
1994-07-19,False,4,0.3634131535142704,0.2044190308686444,0.307436159899546
1994-07-20,False,4,0.37065323686308965,0.20572803955254476,0.314342638440925
1994-07-21,False,4,0.37330983401487683,0.28399469692778884,0.346809299567878
1994-07-22,False,4,0.3754697093564255,0.17168498133410437,0.31036115301209627
1994-07-25,False,4,0.3690960531891398,0.13445987672665657,0.28809826412408684
1994-07-26,False,4,0.3755034309656787,0.1903693439033631,0.3189242111532734
1994-07-27,False,4,0.38071316266915955,0.21932509348427218,0.3348866169743156
1994-07-28,False,4,0.381238695529739,0.27325071469281165,0.35239760742528475
1994-07-29,False,4,0.37609117341952086,0.29476891655091286,0.35017667421195764
1994-08-01,False,4,0.37091573143261725,0.2746494452630663,0.3372588047766296
1994-08-02,False,4,0.36059184137281597,0.23685385969764433,0.319074605564054
1994-08-03,False,4,0.3447087461572425,0.17960517065439643,0.2903362492919061
1994-08-04,False,4,0.3508996141642771,0.1786456216434871,0.2956014544936083
1994-08-05,False,4,0.34262743427309256,0.19547310079953298,0.2966767601454608
1994-08-08,False,4,0.34303711245573176,0.23006876358790454,0.3085821206616462
1994-08-09,False,4,0.34292796183912616,0.20121778021559633,0.29821240494328716
1994-08-10,False,4,0.33599720628081736,0.1646317943070357,0.27779992072183635
1994-08-11,False,4,0.34214872664400237,0.12399698225592182,0.26585065969948063
1994-08-12,False,4,0.342073761011209,0.12517567220953113,0.26964212294818984
1994-08-15,False,4,0.3454254340562049,0.12561529728018658,0.2748147893957078
1994-08-16,False,4,0.342056000789784,0.24346438733786127,0.31621888985799684
1994-08-17,False,4,0.33868139141802683,0.15550375053872204,0.28261377007820815
1994-08-18,False,4,0.34240962091089366,0.13071577776265045,0.27529633543770954
1994-08-19,False,4,0.3433796307285148,0.13931310209398304,0.2802450729241954
1994-08-22,False,4,0.3451454119047941,0.150318024294467,0.2860213783704579
1994-08-23,False,4,0.34356760573943623,0.13934729902858453,0.2775383426742552
1994-08-24,False,4,0.3376921295921125,0.15116975073711478,0.27436761453650194
1994-08-25,False,4,0.33875478122210817,0.2724164265557126,0.3166137648935263
1994-08-26,False,4,0.33688948120826845,0.3459680556925672,0.33087923811930414
1994-08-29,False,4,0.337362342676821,0.3734285158655577,0.3388937177366672
1994-08-30,False,4,0.3355713583962594,0.3550158391891961,0.3309006219487149
1994-08-31,False,4,0.332717007878394,0.3694599826120517,0.33246849867643347
1994-09-01,False,4,0.33243318461612004,0.366885784476113,0.33084104307075335
1994-09-02,False,4,0.3326610018328884,0.2600341009621028,0.3005016931542038
1994-09-06,False,4,0.3348896403857661,0.32838265253120974,0.32176494364688074
1994-09-07,False,4,0.3374765143132396,0.285385641324392,0.31171353883971215
1994-09-08,False,4,0.3380182134967912,0.26851119322873696,0.3074810246550225
1994-09-09,False,4,0.34394113411687693,0.2747507890292287,0.3131710586478583
1994-09-12,False,4,0.3495969003598441,0.3050467246751342,0.32637063947473655
1994-09-13,False,4,0.3422183447271135,0.31270119503963295,0.32230505746024013
1994-09-14,False,4,0.3288711666263825,0.30234926205178253,0.3093387326037512
1994-09-15,False,4,0.3120558011941584,0.32919828991049604,0.2995553591776521
1994-09-16,False,4,0.31668865486924047,0.31849504717227684,0.30129753351646593
1994-09-19,False,4,0.30334044734864823,0.36542079082577367,0.30490561642927866
1994-09-20,False,4,0.2994628480960852,0.24721276829600675,0.270216048619819
1994-09-21,False,4,0.3106986316519012,0.35194972789090584,0.31048426301216064
1994-09-22,False,4,0.30877373750381903,0.2491535390101047,0.28090873641136715
1994-09-23,False,4,0.3153974772264345,0.22667257753854256,0.27968488791630824
1994-09-26,False,4,0.30672020562418173,0.27549041153296927,0.2867027297938632
1994-09-27,False,4,0.3093965720200128,0.2523290539694466,0.2841539124308333
1994-09-28,False,4,0.3049176575198147,0.29580180263627837,0.29042927130994856
1994-09-29,False,4,0.30678346407688245,0.30555823325332776,0.2946096830769612
1994-09-30,False,4,0.30809391661223146,0.33225570095366014,0.3035383750185283
1994-10-03,False,4,0.31303240369192037,0.26932260867133295,0.2915220762686929
1994-10-04,False,4,0.3338327307861206,0.3104981576142641,0.3150586627529105
1994-10-05,False,4,0.33969886615160017,0.3831494744123196,0.33956400251772306
1994-10-06,False,4,0.34238432522472056,0.3405240418762204,0.3314296349540451
1994-10-07,False,4,0.3432064438580076,0.3692720248769738,0.344729402907101
1994-10-10,False,4,0.3413804673320157,0.45847395742300967,0.363480416951108
1994-10-11,False,4,0.33852104349105033,0.47138942073918066,0.3571169425364975
1994-10-12,False,4,0.3355936935891033,0.49606920331808935,0.36025944022576073
1994-10-13,False,4,0.32802508456152424,0.4507993508161005,0.34143275142781504
1994-10-14,False,4,0.32756760724894435,0.4521614553425031,0.34014066291029194
1994-10-17,False,4,0.32842992496922135,0.3951701128966447,0.3258158943151911
1994-10-18,False,4,0.3321022941140626,0.4031441034917297,0.3312961305794078
1994-10-19,False,4,0.32540965467283,0.43706527590799144,0.3318697420531826
1994-10-20,False,4,0.3314793630082832,0.4427291442747044,0.336379591086618
1994-10-21,False,4,0.3358631347003378,0.39975898561195616,0.3299602912370108
1994-10-24,False,4,0.3477444813689146,0.344560997780704,0.3291905810647109
1994-10-25,False,4,0.35187042160643506,0.3316180175139961,0.33196962008723524
1994-10-26,False,4,0.3501981347192311,0.32415971310304675,0.32718845800514745
1994-10-27,False,4,0.3461997186624287,0.3977433397939184,0.3409077884191301
1994-10-28,False,4,0.3390882757785591,0.48168648277466064,0.34798651974987166
1994-10-31,False,4,0.3369310914155868,0.4682692302868509,0.3430851053280496
1994-11-01,False,4,0.34552511349078274,0.46163834597530934,0.35019701941263026
1994-11-02,False,4,0.34991066809755245,0.45639678554666024,0.3530685643075012
1994-11-03,False,4,0.35053294026493015,0.4148863346813575,0.343254110143743
1994-11-04,False,4,0.35886424113021037,0.40912931556325277,0.34782977012206806
1994-11-07,False,4,0.3625293222495813,0.4137563817588266,0.3537973613998824
1994-11-08,False,4,0.35971749625033667,0.33012873836576345,0.3289186209425054
1994-11-09,False,4,0.3643009636851635,0.3513284705875716,0.339911212504938
1994-11-10,False,4,0.3682993504042211,0.28108224429692,0.3224609782820917
1994-11-11,False,4,0.3718255306453222,0.31826797304327525,0.33544608856514607
1994-11-14,False,4,0.36902009257850826,0.3666558148059472,0.34364218058428553
1994-11-15,False,4,0.36938833254288755,0.30259802860737284,0.3263376833849818
1994-11-16,False,4,0.372426737651018,0.3315990764562737,0.3391902084781064
1994-11-17,False,4,0.3801468622116169,0.35818551487096445,0.3572839357426443
1994-11-18,False,4,0.38513840851170744,0.3824102719019339,0.36815051077174626
1994-11-21,False,4,0.3978966296697205,0.33463197505499437,0.37134065470101857
1994-11-22,False,4,0.43201981632666053,0.4063567257876798,0.4180610588897692
1994-11-23,False,4,0.4401881062466717,0.43367660232667005,0.4369372746399527
1994-11-25,False,4,0.4382400877112313,0.43481323971552804,0.43268525832486615
1994-11-28,False,4,0.4329178346278859,0.42052947021905535,0.42365668341639995
1994-11-29,False,4,0.42813920440100256,0.42567578167740083,0.4200529827936888
1994-11-30,False,4,0.4290499511470885,0.47729884199410905,0.43545217387587004
1994-12-01,False,4,0.43797901534583267,0.5145043601227163,0.45316222540011364
1994-12-02,False,4,0.4372125241722105,0.4745808617941709,0.4396319475469144
1994-12-05,False,4,0.42900585939769154,0.5172219034843378,0.4444487978941905
1994-12-06,False,4,0.4277258731736427,0.4543247545924171,0.42662889194101833
1994-12-07,False,4,0.434228828727888,0.45006656211537943,0.43257844782450383
1994-12-08,False,5,0.45060129006339406,0.355297100267454,0.42172704264886834
1994-12-09,False,5,0.45378797467791854,0.4094745989408734,0.4436621699377758
1994-12-12,False,5,0.4488636586982802,0.36491733277041627,0.42594397869448813
1994-12-13,False,5,0.44798899032186745,0.4486989251296873,0.44804100147463083
1994-12-14,False,5,0.42742002009162067,0.4569022369905581,0.43010225544595887
1994-12-15,False,5,0.4175473320270462,0.4720541695737629,0.4247207930995983
1994-12-16,False,5,0.41528602150169425,0.4359688874021945,0.41243974777213493
1994-12-19,False,5,0.4126707446629646,0.48484947089642844,0.42327765936108874
1994-12-20,False,5,0.4142421791311338,0.4868016836025638,0.4262314455475892
1994-12-21,False,5,0.41124558447589554,0.5122857464636462,0.4285018490634423
1994-12-22,False,5,0.4131722062114305,0.5114610206554172,0.43118898177084747
1994-12-23,False,5,0.40812663658071663,0.49117795477928966,0.42036484229065324
1994-12-27,False,5,0.40627917188902474,0.41600248909285165,0.3975916600034673
1994-12-28,False,5,0.4067311741066887,0.4756982328014026,0.41378322550435853
1994-12-29,False,5,0.38281681690009195,0.44413793371042776,0.38568554277339384
1994-12-30,False,5,0.37656439562919825,0.5393182189207085,0.4047777538515073
1995-01-03,False,5,0.38039852611953984,0.5069044879780951,0.4003252939168896
1995-01-04,False,5,0.3820627618923512,0.48535678874122856,0.3967355685690675
1995-01-05,False,5,0.384328782336114,0.48623657259508185,0.4006488334634438
1995-01-06,False,5,0.38546588389467307,0.45527666086380647,0.3981022526809527
1995-01-09,False,5,0.3846917872879179,0.4508543993169135,0.39648746272205443
1995-01-10,False,5,0.38435050226468775,0.47760775412648754,0.40321623739841417
1995-01-11,False,5,0.38575501427596276,0.4461840305442734,0.3963704322421772
1995-01-12,False,5,0.38430536895704154,0.41987657505831866,0.3880432848417593
1995-01-13,False,5,0.3792368945487286,0.4689814715016538,0.39447741107242057
1995-01-16,False,5,0.3793089100333101,0.42521261612864997,0.38343067231447864
1995-01-17,False,5,0.36853178671586967,0.4368456752569996,0.3762412698677131
1995-01-18,False,5,0.36539490001846997,0.42236967016830573,0.36950483638984083
1995-01-19,False,5,0.3624494868394089,0.44457014879963563,0.3728720873866558
1995-01-20,False,5,0.3666937125303811,0.3932470799022085,0.3629679899066402
1995-01-23,False,5,0.36989869492270194,0.4009833538410875,0.3681047042912458
1995-01-24,False,5,0.3709499445165687,0.4104717533541122,0.3718442665880045
1995-01-25,False,5,0.37187576198099587,0.32129409369598777,0.35433729546166204
1995-01-26,False,5,0.3714480295797514,0.2750261979139654,0.3406848212727038
1995-01-27,False,5,0.3638001574423615,0.30759173149579394,0.3442641835872828
1995-01-30,False,5,0.3646804100250832,0.3499059179367588,0.3574916498484482
1995-01-31,False,5,0.3650188421050147,0.3438975244819887,0.3566670665291105
1995-02-01,False,5,0.35258523389897223,0.34212749340443566,0.3464791889298541
1995-02-02,False,5,0.3492228162021198,0.31676594239753725,0.3358769682716606
1995-02-03,False,5,0.34855830975830576,0.40049645237415815,0.3547981350535309
1995-02-06,False,5,0.3439301932493678,0.386729546447238,0.3456680985058594
1995-02-07,False,5,0.3411921249195218,0.3899304877997086,0.34481311300451356
1995-02-08,False,5,0.3360834644353347,0.4499926675819795,0.3555366576850691
1995-02-09,False,5,0.338284030265699,0.46732207282071486,0.3636675814116059
1995-02-10,False,5,0.33454162751306565,0.4061323146695019,0.3443814599777579
1995-02-13,False,5,0.3341274558165895,0.37486888077032116,0.3359040499559093
1995-02-14,False,5,0.32922197362355377,0.31421502053329,0.31513735901158973
1995-02-15,False,5,0.32138489555983707,0.3376795173675791,0.31421940223637546
1995-02-16,False,5,0.3125573436982821,0.3079104449103146,0.29910376028279145
1995-02-17,False,5,0.28250303873428667,0.3228342287550411,0.2816133197444548
1995-02-21,False,5,0.27736282744144336,0.33936028539864843,0.28078667500922966
1995-02-22,False,5,0.27812117942407705,0.3249925640098724,0.278603498411046
1995-02-23,False,5,0.27693976355410926,0.27240106941476044,0.263304808171397
1995-02-24,False,5,0.2772008479261831,0.24362142821776947,0.25561990137377405
1995-02-27,False,5,0.28729405237612493,0.2814738600611661,0.27274116093258116
1995-02-28,False,5,0.27297495125214644,0.36415250978067304,0.2811652497296824
1995-03-01,False,5,0.28048786402693077,0.397361974139062,0.29771159044172474
1995-03-02,False,5,0.2801970405650253,0.45904514629230886,0.3117723703414467
1995-03-03,False,5,0.2763976194140745,0.4151540918928097,0.2978815875850481
1995-03-06,False,5,0.2712037848191527,0.4410571936448032,0.29948660487287787
1995-03-07,False,5,0.25692843941418936,0.38126171044339424,0.27344885057715934
1995-03-08,False,5,0.25541918253445206,0.37071251732272564,0.2694728269432439
1995-03-09,False,5,0.25699217591199086,0.3840347002906868,0.2739573988984604
1995-03-10,False,5,0.25516520797728176,0.4940004840546254,0.2936958773391897
1995-03-13,False,5,0.2566871998854587,0.4479462878414597,0.2873789337029328
1995-03-14,False,5,0.25662142904829816,0.4281480263612191,0.28280798256814726
1995-03-15,False,5,0.2605602043232969,0.4504449829340558,0.2919685736011854
1995-03-16,False,5,0.2564391725557306,0.3394153524661949,0.26190088497214326
1995-03-17,False,5,0.25627186553303705,0.42669097011055135,0.2814314768671778
1995-03-20,False,5,0.258820294023749,0.4443408731656448,0.2890763459699469
1995-03-21,False,5,0.26090129438798276,0.3712860536722115,0.2743165665597419
1995-03-22,False,5,0.2635272495545911,0.26014874035258645,0.2498079211222784
1995-03-23,False,5,0.26539999990467195,0.26137326066923977,0.25249863623203883
1995-03-24,False,5,0.25903897172824125,0.36705110500654364,0.2709320091940321
1995-03-27,False,5,0.25824703240558455,0.36870368888228316,0.27023408258244075
1995-03-28,False,5,0.2584105074241643,0.42033181369396294,0.28177065890572955
1995-03-29,False,5,0.25389874653271,0.3836190341223345,0.2695772512472246
1995-03-30,False,5,0.2528599165066239,0.3002528690711463,0.2494854303942579
1995-03-31,False,5,0.25425503798915855,0.3811626259119711,0.26972326590999723
1995-04-03,False,5,0.25536091355657253,0.29369631614655245,0.2501861732456921
1995-04-04,False,5,0.25479625012093965,0.3774399893349809,0.26901246292690817
1995-04-05,False,5,0.2563213727028757,0.3562619099260643,0.2657870373230946
1995-04-06,False,5,0.2551779131118253,0.41875166336455405,0.27919965209765996
1995-04-07,False,5,0.25691535544749833,0.46597670663052176,0.29142942457495735
1995-04-10,False,5,0.25828878133599753,0.4340321736252282,0.2868118885837042
1995-04-11,False,5,0.26248711791388707,0.24722687864581608,0.24652181867847106
1995-04-12,False,5,0.2624246823023016,0.21475389000102588,0.23752344441859968
1995-04-13,False,5,0.2602850788228377,0.20715788258473591,0.23321128277325456
1995-04-17,False,5,0.2589233792984946,0.2000767509244865,0.2300574952083736
1995-04-18,False,5,0.2588293799260526,0.17085526112039773,0.2208615621601997
1995-04-19,False,5,0.25864152302701454,0.17752338176172988,0.2233087982641293
1995-04-20,False,5,0.2594631138776258,0.12638172211864568,0.20604032987429385
1995-04-21,False,5,0.25764976263504746,0.17463228571627085,0.22113739686472217
1995-04-24,False,5,0.2540761634909836,0.2453309035388515,0.23714558279306341
1995-04-25,False,5,0.25655977158855425,0.2507551898951659,0.2402637835321562
1995-04-26,False,5,0.2524455211631102,0.24920377240535768,0.23658677648101206
1995-04-27,False,5,0.2526236367433189,0.18025697684776765,0.2168085521707542
1995-04-28,False,5,0.25374605687967144,0.15592146189107656,0.2101015063186987
1995-05-01,False,5,0.2575962541355994,0.14771778100437924,0.2106967181034686
1995-05-02,False,5,0.25861406502106127,0.10320520778506677,0.1962167043809422
1995-05-03,False,5,0.25857943514065945,0.07297191930997736,0.1801923998239357
1995-05-04,False,5,0.2611765085683154,0.12259609641228812,0.20566295514181362
1995-05-05,False,5,0.2627554360759687,0.09784087027526056,0.19634580315985833
1995-05-08,False,5,0.26114356134786365,0.09219184708286648,0.19148345457208263
1995-05-09,False,5,0.2635131879924614,0.10099114800425409,0.19774760365745658
1995-05-10,False,5,0.2633206730924295,0.07832775674237324,0.1859925619013724
1995-05-11,False,5,0.2622515438775807,0.06253426496465522,0.17558709082354157
1995-05-12,False,5,0.2627520976861316,0.06211631293439562,0.17624873216192796
1995-05-15,False,5,0.2591532987012418,0.07527840066730868,0.18170721676053828
1995-05-16,False,5,0.2529006034901728,0.05056576261072637,0.16178012614859194
1995-05-17,False,5,0.2540148048602617,0.132633013870457,0.20518114287304848
1995-05-18,False,5,0.275654793532111,0.15021892255905486,0.22492400992137104
1995-05-19,False,5,0.2807782131851442,0.10093206443944712,0.2088550329550157
1995-05-22,False,5,0.27962845918450235,0.06023829659375812,0.18289376131729881
1995-05-23,False,5,0.2652408864545436,0.05827088796367336,0.17242194731835844
1995-05-24,False,5,0.2684807052757083,0.02020135055345618,0.13671270507365035
1995-05-25,False,5,0.2655877449750425,0.05073833193780495,0.16850434728675817
1995-05-26,False,5,0.27375033654334957,0.10149522813527524,0.2040631484086818
1995-05-30,False,5,0.2776032207080152,0.06549063650805702,0.18720525103132046
1995-05-31,False,5,0.27592835983657965,0.05781605268188435,0.17754670737181932
1995-06-01,False,5,0.26695320355748275,0.04618086660237996,0.16423719360116118
1995-06-02,False,5,0.2700199188677579,0.03119249947695043,0.15201264989140084
1995-06-05,False,5,0.2678113386449144,0.04515371919124842,0.1638388076646997
1995-06-06,False,5,0.27013511914675997,0.02509599062329131,0.14577192470065356
1995-06-07,False,5,0.2724977316528683,0.02512396148416724,0.14716907078308133
1995-06-08,False,5,0.274439111386429,0.02348086377712034,0.146302232770889
1995-06-09,False,5,0.28101453996509373,0.02681046794090105,0.15428469876893222
1995-06-12,False,5,0.28132780868650203,0.05108464968114749,0.18006901773402742
1995-06-13,False,5,0.2785385044249414,0.07559960484289363,0.19418281102544127
1995-06-14,False,5,0.27817573994347117,0.09993577200927359,0.20704787487169968
1995-06-15,False,5,0.274897249217014,0.1427193419226183,0.22274772845562973
1995-06-16,False,5,0.27164930418441996,0.11496529325563916,0.20873129642534996
1995-06-19,False,5,0.2693497246214817,0.09219165683886203,0.19576568529106522
1995-06-20,False,5,0.2731215546792401,0.13505788297935897,0.21984494458307216
1995-06-21,False,5,0.27640835034742184,0.1064198805885882,0.21084843535987666
1995-06-22,False,5,0.27425488490189504,0.09486893431054311,0.20116996004175416
1995-06-23,False,5,0.277322654380712,0.11372434118077789,0.21209410283064709
1995-06-26,False,5,0.2893288411236011,0.13890969555998683,0.23115267665868974
1995-06-27,False,5,0.2915218644496246,0.09766459313692805,0.21430958777599468
1995-06-28,False,5,0.2907140074789587,0.0607016790987341,0.19104165173148432
1995-06-29,False,5,0.2916985592713237,0.059208150316923655,0.1909776348907745
1995-06-30,False,5,0.28886117769268754,0.13876926640388132,0.230391869207563
1995-07-03,False,5,0.28801801242986,0.12391222326030243,0.2232362611142145
1995-07-05,False,5,0.2848455151165913,0.09259617114313162,0.20602515951731268
1995-07-06,False,5,0.2834449966938106,0.1380851513025638,0.22336127338297102
1995-07-07,False,5,0.27820669630374967,0.08250464003021604,0.19414252221292128
1995-07-10,False,5,0.2789880991990594,0.0942765562143362,0.20152912139909127
1995-07-11,False,5,0.28312407670615475,0.1111709435298763,0.21308257853731707
1995-07-12,False,5,0.2752965499505299,0.10818830813826946,0.20481281097318715
1995-07-13,False,5,0.27063298583531126,0.10576970671788698,0.20059594871503
1995-07-14,False,5,0.26896184097221487,0.20992526286462573,0.2358522826932889
1995-07-17,False,5,0.2664180091558091,0.13821939929322014,0.20982078741680432
1995-07-18,False,5,0.2806536928351198,0.11808193114177593,0.21215771065702635
1995-07-19,False,5,0.31257976867700316,0.18111046906558204,0.2594111180956543
1995-07-20,False,5,0.30772447782205875,0.14756503709715812,0.2424727462645556
1995-07-21,False,5,0.30576898578675044,0.14044568593060497,0.23802289490150527
1995-07-24,False,5,0.30404701559759495,0.16534821139865863,0.24609212339340739
1995-07-25,False,5,0.3001711523415779,0.2712950834863428,0.2745777304749578
1995-07-26,False,5,0.2973319606778479,0.22322150840583083,0.2583356557344284
1995-07-27,False,5,0.2946433918732402,0.2667928673469772,0.2679360916713672
1995-07-28,False,5,0.30029766666425645,0.3439778933291346,0.29337993353069675
1995-07-31,False,5,0.2979073589705415,0.2646019488515435,0.27066412020476127
1995-08-01,False,5,0.2972117590387506,0.22600662266108454,0.2588781441297293
1995-08-02,False,5,0.30240926984933947,0.17582851304925795,0.2482366935418825
1995-08-03,False,5,0.30392118207992097,0.1723341462201819,0.248470972466242
1995-08-04,False,5,0.3039430419172631,0.17550245438100784,0.24937551953339168
1995-08-07,False,5,0.3028899108663655,0.16800509083837953,0.24560238250777186
1995-08-08,False,5,0.30509388337001986,0.16717411377677857,0.24679862834895352
1995-08-09,False,5,0.309180571305842,0.18062949700088954,0.2550485932584276
1995-08-10,False,5,0.313382036328937,0.2338865885030232,0.27551825903397564
1995-08-11,False,5,0.31552737271692977,0.29694480637758536,0.2947530820492656
1995-08-14,False,5,0.293997271908737,0.3068659433624012,0.2807962757152724
1995-08-15,False,5,0.29267249992939254,0.30111649214378056,0.2779432267988993
1995-08-16,False,5,0.29355897125728064,0.34959406082284517,0.29172898743626074
1995-08-17,False,5,0.2964779031132092,0.34450246061774614,0.2942991142629871
1995-08-18,False,5,0.29546725575974064,0.3393742497123002,0.291862039523435
1995-08-21,False,5,0.2934659202860236,0.37477506866798566,0.29849022987157753
1995-08-22,False,5,0.2857853246487459,0.3088139480912265,0.27585285598015585
1995-08-23,False,5,0.2861455003181954,0.3352626791255158,0.2818900980537737
1995-08-24,False,5,0.28976445702064707,0.38282606870401203,0.30085932756140255
1995-08-25,False,5,0.2886100903937268,0.3936439220590736,0.3023049331582556
1995-08-28,False,5,0.28837875846952254,0.38202290000716993,0.29918988497672167
1995-08-29,False,5,0.2931401362407362,0.3074993713352747,0.2861872333244862
1995-08-30,False,5,0.2926174739282624,0.26312500130206196,0.273733311243067
1995-08-31,False,5,0.2896328658961813,0.26032607166271826,0.26995029291170214
1995-09-01,False,5,0.2884633742808867,0.33821125651465656,0.28904740999157275
1995-09-05,False,5,0.27675265570317686,0.39794396376161084,0.2922277718612324
1995-09-06,False,5,0.2769437799589746,0.3767156025010369,0.2875963858213741
1995-09-07,False,5,0.28008777460276907,0.3361133213034116,0.2816309374177332
1995-09-08,False,5,0.2785590349562243,0.41653469621584377,0.2990402341033836
1995-09-11,False,5,0.279033768031504,0.4103812477015245,0.29801571635413165
1995-09-12,False,5,0.27963883713463294,0.3345884619246753,0.28048560202021616
1995-09-13,False,5,0.28096892438238597,0.1890597427649724,0.24223120311134697
1995-09-14,False,5,0.2772907035157992,0.1662943729051967,0.23080705381027536
1995-09-15,False,5,0.2792403459117331,0.1788557114070961,0.23702920248739903
1995-09-18,False,5,0.28428933432723313,0.07143724666490602,0.19555381326003246
1995-09-19,False,5,0.28156707371933376,0.04707287898863871,0.17602080032172523
1995-09-20,False,5,0.26980814639893663,0.07075939065237942,0.18617823220291885
1995-09-21,False,5,0.27186412594397114,0.11269950323963066,0.20885679634183774
1995-09-22,False,5,0.2771822472691358,0.13224448129308372,0.2211101240232271
1995-09-25,False,5,0.27974304076515594,0.16479135699169675,0.2356429363856527
1995-09-26,False,5,0.2844806520773591,0.16088848803761305,0.2389440971069329
1995-09-27,False,5,0.29155664482439664,0.14806055041481025,0.2398730360785823
1995-09-28,False,5,0.2904453975234509,0.196363901226836,0.2547339466319595
1995-09-29,False,5,0.2924519834066191,0.17750790066732372,0.252929460100448
1995-10-02,False,5,0.3029061593391568,0.17493567415155775,0.26082873897523745
1995-10-03,False,5,0.3094340119030851,0.1923940226833664,0.2720852257008332
1995-10-04,False,5,0.31572427934734637,0.2286275686549418,0.2888078406246473
1995-10-05,False,5,0.3170205101672002,0.2685979249057025,0.3041436259590697
1995-10-06,False,5,0.31556730812698175,0.30251814870364996,0.31206796195821546
1995-10-09,False,5,0.3302797783374733,0.2887887208093471,0.31996799661563463
1995-10-10,False,5,0.3357196671049747,0.25973341959936186,0.3168301970085849
1995-10-11,False,5,0.32155227034716527,0.34034202975076516,0.32700394678087025
1995-10-12,False,5,0.2880891104704042,0.22653319762594828,0.268757698184751
1995-10-13,False,5,0.2881998475521042,0.2258878752730781,0.26902383864456614
1995-10-16,False,5,0.2898241906664329,0.21674853325437204,0.2676714042346202
1995-10-17,False,5,0.2904082830246414,0.2620898082769127,0.28229138186633174
1995-10-18,False,5,0.2924535248883734,0.14244913455801028,0.24548200797995404
1995-10-19,False,5,0.2935363616843206,0.18575345490009162,0.2625044558463979
1995-10-20,False,5,0.299658452005793,0.12698618061995978,0.2469747117062038
1995-10-23,False,5,0.30439540571052803,0.18189505862062746,0.272638770808366
1995-10-24,False,5,0.3029590940438516,0.2050617808169952,0.2795936204394602
1995-10-25,False,5,0.3115010553647637,0.21835474922841064,0.2906646100903701
1995-10-26,False,5,0.32535126763652766,0.20927924523235464,0.29713911875437554
1995-10-27,False,5,0.32218847188815175,0.2446778724408689,0.305402695361091
1995-10-30,False,5,0.3206185106729401,0.25699153236931627,0.30667765640511774
1995-10-31,False,5,0.3255525025239514,0.23650086817963065,0.3054689540994207
1995-11-01,False,5,0.3235164673437917,0.21208972400292078,0.2953804895391305
1995-11-02,False,5,0.3209290184389676,0.27774948505332736,0.31146148726493966
1995-11-03,False,5,0.3159721202498657,0.20205875593703831,0.28318042724326614
1995-11-06,False,5,0.3122091219086296,0.17951236715098612,0.2723108215809843
1995-11-07,False,5,0.31707630227460387,0.18390448189776024,0.27890479074063634
1995-11-08,False,5,0.31319156452260244,0.1418048472491832,0.2582163737814224
1995-11-09,False,5,0.31386884704573204,0.1645146942380639,0.26853586066939555
1995-11-10,False,5,0.3145636179619778,0.21509484429135675,0.28701145676873796
1995-11-13,False,5,0.3157849115136346,0.21878931989058686,0.289388905043836
1995-11-14,False,5,0.32220276860940045,0.24269697506747237,0.30268855390782234
1995-11-15,False,5,0.31975342051662914,0.17196456306108526,0.2764051831061337
1995-11-16,False,5,0.3143896486414899,0.23705099007654298,0.29342742812070133
1995-11-17,False,5,0.3113948141128731,0.25170663461161835,0.2948124799054234
1995-11-20,False,5,0.31738542012548576,0.2792306015547226,0.30880420195207425
1995-11-21,False,5,0.3138969179814278,0.3382235208233274,0.3217037573697429
1995-11-22,False,5,0.3120354119080728,0.26771777047678125,0.30089543371397715
1995-11-24,False,5,0.3111987572004757,0.2625217547642479,0.29836023446449345
1995-11-27,False,5,0.3109118351458489,0.2852245335436988,0.3047927767902555
1995-11-28,False,5,0.30990690308370833,0.17106152186163676,0.26786935152238517
1995-11-29,False,5,0.3102301705380272,0.11626956000746931,0.24529887522386434
1995-11-30,False,5,0.3131373011131491,0.08681152963705842,0.23235301790582846
1995-12-01,False,5,0.31163943424266494,0.06315634367433051,0.21510384034617513
1995-12-04,False,5,0.31069591890247455,0.08951986259405631,0.23147220612966063
1995-12-05,False,5,0.3094745984322955,0.0656182380393029,0.214349600542928
1995-12-06,False,5,0.31000114881224156,0.06338313930237283,0.2131792578355901
1995-12-07,False,5,0.31861575852757934,0.049369943864960054,0.20734031514582094
1995-12-08,False,5,0.32018595741844874,0.11683558105825365,0.2538742995098336
1995-12-11,False,5,0.3168178484746376,0.14966253860103776,0.2656478898079488
1995-12-12,False,5,0.318093392028515,0.16809775174483865,0.27414839968974175
1995-12-13,False,5,0.3148673598079821,0.17529791974619366,0.2730918700819029
1995-12-14,False,5,0.3215628370449657,0.22985940712919345,0.29779502810247027
1995-12-15,False,5,0.3201047564899251,0.10347683382405867,0.2461289736970617
1995-12-18,False,5,0.3455785872187969,0.20524200422533873,0.3056457189198224
1995-12-19,False,5,0.3406955774782207,0.2677035354367844,0.32042167099752883
1995-12-20,False,5,0.3421650951441247,0.2966003564737107,0.33064479290672627
1995-12-21,False,5,0.33403350955473177,0.3224934468514587,0.33016032055538785
1995-12-22,False,5,0.3360814317830578,0.2609578269740371,0.31565323877787477
1995-12-26,False,5,0.3345563678512715,0.238789196215789,0.306889404307537
1995-12-27,False,5,0.32656037403926047,0.22705497170235614,0.2964029770209837
1995-12-28,False,5,0.32213125327665487,0.17465899530322257,0.2744508607485732
1995-12-29,False,5,0.30995818014421855,0.1598667144771784,0.2578510241294375
1996-01-02,False,5,0.30761407187089634,0.14759209733958664,0.2504684049579281
1996-01-03,False,5,0.3079980690413992,0.08157721085401723,0.21892368034862933
1996-01-04,False,5,0.30533017882360086,0.07706577326097706,0.2148357150124029
1996-01-05,False,5,0.303462370033405,0.13724026220983498,0.24427378248134193
1996-01-08,False,5,0.304201810127083,0.1493778925929756,0.2501656672337167
1996-01-09,False,5,0.32905066056559396,0.076563736268947,0.2305365537350635
1996-01-10,False,5,0.35704775936337885,0.09592760331866988,0.2606158127400074
1996-01-11,False,5,0.3527172405268427,0.14898067349147834,0.2830516952870423
1996-01-12,False,5,0.3563971209742215,0.11391444517767947,0.2695212416943846
1996-01-15,False,5,0.36234399121492494,0.11136980993486406,0.2729461128415853
1996-01-16,False,5,0.3590973462846058,0.15630133464762755,0.2907035823589174
1996-01-17,False,5,0.35621114464260784,0.12097880793592339,0.2724181400465341
1996-01-18,False,5,0.34725225048823605,0.1406151390418818,0.2751840307445474
1996-01-19,False,5,0.3452868806846413,0.12412083852342619,0.26547494171655683
1996-01-22,False,5,0.332791897812816,0.14405121680186167,0.26509071789124083
1996-01-23,False,5,0.31809254274806564,0.10388054997143266,0.23648780848109302
1996-01-24,False,5,0.31594871251849127,0.08425680951530175,0.22229839320939235
1996-01-25,False,5,0.32079517298640586,0.05964952060368421,0.2097261643591036
1996-01-26,False,5,0.3149361859226642,0.07520152622584277,0.2160907449459733
1996-01-29,False,5,0.3155642988470335,0.03931310370407614,0.1865087654564202
1996-01-30,False,5,0.3157324449780548,0.07732098062514767,0.218019405875475
1996-01-31,False,5,0.31451988900735983,0.062371766277160845,0.2062266858775607
1996-02-01,False,5,0.3107699843696725,0.08423474654747014,0.21821868380266563
1996-02-02,False,5,0.31003027798628807,0.09649982233992481,0.22460245324523653
1996-02-05,False,5,0.30992689662699835,0.09515199456403772,0.22391774478847826
1996-02-06,False,5,0.3080969577570422,0.1205720794107346,0.2342417691742168
1996-02-07,False,5,0.30645599057767964,0.07208852459061824,0.20663061139605582
1996-02-08,False,5,0.3017039287266126,0.06789120472248894,0.19943994858328024
1996-02-09,False,5,0.295587916168997,0.11740611971906131,0.22194222982198075
1996-02-12,False,5,0.2953357559924086,0.13335009173631518,0.22820843119740922
1996-02-13,False,5,0.29986575543627136,0.13308495410941953,0.2319466178122343
1996-02-14,False,5,0.30503170123866835,0.14465638550140456,0.2408071539005001
1996-02-15,False,5,0.3039178108537701,0.15673397631271238,0.2448233750879589
1996-02-16,False,5,0.3088198667999821,0.1920015179170406,0.2611268716273947
1996-02-20,False,5,0.321705640488932,0.264598829342686,0.2929891145009852
1996-02-21,False,5,0.3194029687155491,0.2905738126374768,0.2970673967718097
1996-02-22,False,5,0.31778620573686106,0.26250465612318874,0.2834960786975372
1996-02-23,False,5,0.320978357032624,0.22911404928237442,0.27637826573850555
1996-02-26,False,5,0.33449652804560137,0.24912923421728964,0.29377281104348646
1996-02-27,False,5,0.3389214992765476,0.26135832742831494,0.30046828764830025
1996-02-28,False,5,0.3414907641137584,0.22647178194702286,0.29218194606866404
1996-02-29,False,5,0.3503128070988342,0.1815074036584686,0.2852140860083991
1996-03-01,False,5,0.35183233854616797,0.20047238358738492,0.2942834930375577
1996-03-04,False,5,0.34875871160532707,0.22587029398360475,0.2976390865527271
1996-03-05,False,5,0.33927271234120365,0.2513867024508846,0.2974362143289876
1996-03-06,False,5,0.3422794140380605,0.275190156321333,0.30749756347490276
1996-03-07,False,5,0.3413962041326664,0.21991535028880255,0.28962495847054553
1996-03-08,False,5,0.39038476619499307,0.2682075711486781,0.33825313635757254
1996-03-11,False,5,0.3883858760247342,0.24131740199702081,0.32758760856205726
1996-03-12,False,5,0.38570349816610167,0.27109034525361864,0.33468280976552806
1996-03-13,False,5,0.37904030539225375,0.21959125316125422,0.31221166398502226
1996-03-14,False,5,0.34944221305653833,0.26678821907739886,0.3040765464322044
1996-03-15,False,5,0.35308449598525704,0.25894059856906604,0.3049582746374183
1996-03-18,False,5,0.3442595415911631,0.33710514702829675,0.3159257415047919
1996-03-19,False,5,0.3485569733730999,0.3996616012761095,0.33613194778062716
1996-03-20,False,5,0.35179528896427176,0.36305919995747565,0.3304701623718818
1996-03-21,False,5,0.3549304813694143,0.3156369572592777,0.32106801110132316
1996-03-22,False,5,0.3530337828382604,0.3135547301526485,0.3185276953624081
1996-03-25,False,5,0.3555932573441718,0.3016992322542205,0.317667082736374
1996-03-26,False,5,0.3579319589361029,0.2921744314997508,0.31744318114976044
1996-03-27,False,5,0.36649973159303445,0.31652149716379724,0.3319035964627204
1996-03-28,False,5,0.36788921065835506,0.32988939030028325,0.336624535592395
1996-03-29,False,5,0.3572394247257945,0.2953154784028588,0.3181583655981833
1996-04-01,False,5,0.351261876491001,0.3132146326941171,0.31718759415407566
1996-04-02,False,5,0.353359224542935,0.3090067942037578,0.31813370745459635
1996-04-03,False,5,0.3311013492594227,0.24653037743838668,0.28250041029638184
1996-04-04,False,5,0.30774431144977565,0.2020433676689572,0.25295547940538704
1996-04-08,False,5,0.33429351007714153,0.26031752769690764,0.2902957755753449
1996-04-09,False,5,0.33255396857532704,0.21993704854733967,0.2767278211535038
1996-04-10,False,5,0.3398077577640321,0.31401110169356417,0.30882113546540907
1996-04-11,False,5,0.34966338198917846,0.2623203144884073,0.30323643140595236
1996-04-12,False,5,0.3447587336808147,0.3208232620676383,0.3144737865864985
1996-04-15,False,5,0.3434401228473785,0.45544546505311073,0.34570351400821286
1996-04-16,False,5,0.34333356591837183,0.3439679902475801,0.3175578074627947
1996-04-17,False,5,0.35064993970309205,0.37101778918828204,0.33114227923219935
1996-04-18,False,5,0.34778029797594207,0.33770003395330184,0.31962964661917037
1996-04-19,False,5,0.3511881691843541,0.3094968285610898,0.31651170274970597
1996-04-22,False,5,0.346073500633358,0.40060476692420743,0.3347363226445086
1996-04-23,False,5,0.3460025366097107,0.40635435498964584,0.33647615745618376
1996-04-24,False,5,0.34870217243414364,0.38501468571020864,0.33394946980030177
1996-04-25,False,5,0.3497659312782164,0.3515261053229419,0.3267298101220815
1996-04-26,False,5,0.35296305916340714,0.2666977217755901,0.30677307618090505
1996-04-29,False,5,0.35610704816235533,0.3395859778561559,0.32959949719746306
1996-04-30,False,5,0.3529653206859863,0.3547067964891604,0.3308254501270217
1996-05-01,False,5,0.35406762410797366,0.3176458252445491,0.32214193080126186
1996-05-02,False,5,0.37859567979069736,0.2951081338472992,0.3361228013360785
1996-05-03,False,5,0.3804917323282358,0.3999307136518809,0.36621692552605783
1996-05-06,False,5,0.3847190700948652,0.3222071569900722,0.35031941201146094
1996-05-07,False,5,0.3896603435256232,0.3093923481000877,0.35096294233364506
1996-05-08,False,5,0.39088196405685655,0.2976283649378609,0.34945894703137875
1996-05-09,False,5,0.3869032693726888,0.33644408567531053,0.3565092868428472
1996-05-10,False,5,0.3800842293224956,0.2926321455284374,0.3362857887288068
1996-05-13,False,5,0.3719098511612552,0.31096338210828267,0.33147936328731
1996-05-14,False,5,0.3643256288260992,0.3359238942033741,0.3308568662614027
1996-05-15,False,5,0.35183541969839766,0.2062549730070354,0.28201145804091227
1996-05-16,False,5,0.3558723666867867,0.20738796913780877,0.2866925182440652
1996-05-17,False,5,0.35665755597510396,0.2779074847917656,0.3126697153476188
1996-05-20,False,5,0.35382219243091423,0.2845178021834082,0.31190910190260024
1996-05-21,False,5,0.3432901677504124,0.2628965065621929,0.2972530115899476
1996-05-22,False,5,0.3344944886275797,0.2369880988170734,0.2817838838319039
1996-05-23,False,5,0.3367174967243086,0.2467892796465386,0.28672108739627683
1996-05-24,False,5,0.3305125449793077,0.28987924796816167,0.2935205291897514
1996-05-28,False,5,0.3436578403241864,0.2965709675064133,0.30484510380223195
1996-05-29,False,5,0.35551724458688594,0.3440881900495728,0.33005064646594334
1996-05-30,False,5,0.35445344985889826,0.3011761621443932,0.3167378539687907
1996-05-31,False,5,0.3521456030758777,0.25859154485514674,0.3027912576411966
1996-06-03,False,5,0.3564571397245335,0.34260117795958794,0.3301582203692445
1996-06-04,False,5,0.29863084314174443,0.3072995478562689,0.27933217884134126
1996-06-05,False,5,0.29941306479003593,0.23836170188054745,0.2618261117568897
1996-06-06,False,5,0.3047628554405343,0.23110040270877,0.2636329629814924
1996-06-07,False,5,0.3097277538343126,0.24317244148864745,0.2717037656467868
1996-06-10,False,5,0.3125777822455319,0.2661980079401948,0.2807267574763421
1996-06-11,False,5,0.3148911975956149,0.23363186952465853,0.2732393928335498
1996-06-12,False,5,0.3173847486213914,0.13996088375856353,0.24574091424043967
1996-06-13,False,5,0.3189037798826003,0.1853140921854121,0.2637237620044642
1996-06-14,False,5,0.32220492413092683,0.215758295652253,0.27588376398087017
1996-06-17,False,5,0.3233089086808546,0.256856489203441,0.2889531032464896
1996-06-18,False,5,0.33272565853108726,0.2178109005470685,0.28541719243970853
1996-06-19,False,5,0.330976418485845,0.20359727745904171,0.2789918195601717
1996-06-20,False,5,0.336691914620334,0.2196896704369171,0.2896401438911541
1996-06-21,False,5,0.32967616714459413,0.2347741480879644,0.2876818333561355
1996-06-24,False,5,0.32665542653598717,0.28344750805184377,0.29886058754748906
1996-06-25,False,5,0.32979296124685753,0.32224408059980925,0.31183937818530033
1996-06-26,False,5,0.34328106712505724,0.31472551508809693,0.322689822487301
1996-06-27,False,5,0.34205775453705917,0.3211305854279339,0.3232767148336855
1996-06-28,False,5,0.3403845766951898,0.323465186810744,0.32168774819646095
1996-07-01,False,5,0.3368344330234836,0.1846914571108468,0.2763518184527308
1996-07-02,False,5,0.31581109886490255,0.21117166955862246,0.2721134009058811
1996-07-03,False,5,0.31937829780886157,0.2338478239572697,0.28198210929803574
1996-07-05,False,5,0.33415221569695497,0.2723449085683485,0.3011964822165951
1996-07-08,False,5,0.33925059836327076,0.35145049762560804,0.3263386226587698
1996-07-09,False,5,0.34057761354249566,0.3807326906325605,0.3353317838536467
1996-07-10,False,5,0.3482549898222526,0.34617194849585303,0.3351155372492202
1996-07-11,False,5,0.3849197511001631,0.45684394644184245,0.393918672075854
1996-07-12,False,5,0.3826136762783486,0.4626345016372268,0.39294051106569855
1996-07-15,False,5,0.4431260147946843,0.5824510328652184,0.4712572843121175
1996-07-16,False,5,0.4555363203846796,0.47902348825095764,0.4553705895932461
1996-07-17,False,5,0.45623900672393514,0.5359226443514591,0.47078084474704557
1996-07-18,False,5,0.4557868088473506,0.4981182807546481,0.4571374294647809
1996-07-19,False,5,0.46210115639555494,0.5197547291443135,0.46875612645406717
1996-07-22,False,5,0.47740648665805524,0.48506185464275664,0.47406291071475093
1996-07-23,False,5,0.49394915212256,0.4969561299647813,0.49306789017827996
1996-07-24,False,5,0.5010357159150645,0.4697263779401715,0.4934922756511521
1996-07-25,False,5,0.49822914306116706,0.4685190893907543,0.4891409958128438
1996-07-26,False,5,0.4961646751430822,0.4468095517225745,0.4795890897146308
1996-07-29,False,5,0.4831061107856765,0.48919653379322486,0.4801910587874265
1996-07-30,False,5,0.4803518204399201,0.4524842589869813,0.4671691717648838
1996-07-31,False,5,0.475998258421125,0.4670190146451626,0.4653933372968675
1996-08-01,False,5,0.46644240097000617,0.4703953278752791,0.4533946079911186
1996-08-02,False,5,0.4629705299065048,0.4464627478210743,0.4403018360108452
1996-08-05,False,5,0.4665658132209777,0.49765103253789555,0.45822389722385787
1996-08-06,False,5,0.4696747942368881,0.48982536180395597,0.46028985404421086
1996-08-07,False,5,0.47173438870858664,0.4812031043247132,0.4620166373589662
1996-08-08,False,5,0.47729581133369553,0.4712353846701993,0.4652556370375995
1996-08-09,False,5,0.4831356321699934,0.48965491136398903,0.47713216430923905
1996-08-12,False,5,0.4815485355629719,0.48999371194151065,0.47547152940987486
1996-08-13,False,5,0.49196962430211183,0.49086645354276537,0.4864776859695513
1996-08-14,False,5,0.4921191228675066,0.4811161454760152,0.4832835985203444
1996-08-15,False,5,0.49167831995666167,0.4878962868205559,0.4842862904938302
1996-08-16,False,5,0.49322952052655405,0.5579854561357224,0.5050616158057045
1996-08-19,False,5,0.4895095065984793,0.5763579991336505,0.5057999886990976
1996-08-20,False,5,0.49047212872805807,0.5806307797049259,0.5079750132347015
1996-08-21,False,5,0.48193557555455624,0.540519950262774,0.48929933826801164
1996-08-22,False,5,0.4708832940875574,0.5528642791999413,0.48100566348815765
1996-08-23,False,5,0.47664471388081364,0.5378475210352058,0.48338566344747297
1996-08-26,False,5,0.4794121600260055,0.5157058439575414,0.479355052006943
1996-08-27,False,5,0.47459154471471765,0.5110748035304191,0.47283472062794546
1996-08-28,False,5,0.47705000336368025,0.5438738061251213,0.4845292775592471
1996-08-29,False,5,0.49018988377181005,0.49926889769844873,0.48509279171079267
1996-08-30,False,5,0.4893865674409137,0.5198200722587472,0.48932354236571546
1996-09-03,False,5,0.4867773841652506,0.506705417945814,0.4829355225246764
1996-09-04,False,5,0.4856417480082467,0.5382064205227264,0.49056161559860656
1996-09-05,False,5,0.4931133862190206,0.49347760014098946,0.48546523240156486
1996-09-06,False,5,0.48932456825439496,0.426353508338442,0.46188466169163533
1996-09-09,False,5,0.48250795989046286,0.5720316696369745,0.49313192593820077
1996-09-10,False,5,0.4770952659501274,0.569977623710883,0.48732094482538363
1996-09-11,False,5,0.4724509384624707,0.5644260915883965,0.4809706395837727
1996-09-12,False,5,0.4617164640189126,0.5536624359711924,0.46653230821628583
1996-09-13,False,5,0.45521054428739965,0.5161261969813243,0.44819854959794164
1996-09-16,False,5,0.44820797120080413,0.4315708144462429,0.41825957719664425
1996-09-17,False,5,0.4525130182402779,0.47388951788116507,0.43451396548732024
1996-09-18,False,5,0.45737099484530935,0.48153592815940927,0.4412833726172082
1996-09-19,False,5,0.45214283185526694,0.5176597559828945,0.44571495743702005
1996-09-20,False,5,0.43987324702846126,0.5363628036908012,0.4386470032957761
1996-09-23,False,5,0.4448397665119895,0.5666181887514911,0.45133082732242324
1996-09-24,False,5,0.4479592233624037,0.5578874538629872,0.45243730589363945
1996-09-25,False,5,0.4506757824873543,0.5679951513684015,0.45752748910469415
1996-09-26,False,5,0.44795978411831966,0.5471941965719378,0.44953367884414513
1996-09-27,False,5,0.44296280241551256,0.5194132064148802,0.43726392145864007
1996-09-30,False,5,0.4157766751075528,0.5202619798149137,0.4138190354599477
1996-10-01,False,5,0.405816852452675,0.5201564899760933,0.4051383461553285
1996-10-02,False,5,0.40369864304648206,0.5723030662399577,0.41663329829090534
1996-10-03,False,5,0.40086030223737035,0.5429336961996319,0.4058202313588729
1996-10-04,False,5,0.3649319508281662,0.5881379057176256,0.3852722591378705
1996-10-07,False,5,0.36348409350986594,0.5451628291289973,0.37255351723825625
1996-10-08,False,5,0.3131875418609519,0.41865784458071853,0.304825962293192
1996-10-09,False,5,0.30652926922903023,0.49004569923537644,0.3154697816718458
1996-10-10,False,5,0.31115370952178145,0.43836817952361157,0.3085733530225598
1996-10-11,False,5,0.31118235684788786,0.3984408777790192,0.3019975860657454
1996-10-14,False,5,0.30178382344965266,0.3578975169570416,0.28402856350017686
1996-10-15,False,5,0.2893139469669451,0.32921442289398933,0.26783612825972725
1996-10-16,False,5,0.27192235698687495,0.2859420264237467,0.24457714853222143
1996-10-17,False,5,0.2631168842983121,0.24516947062688502,0.22762622264902244
1996-10-18,False,5,0.2662759757145787,0.29810192056679263,0.2446172524440874
1996-10-21,False,5,0.2720313293642657,0.38199852284610597,0.27105247923888603
1996-10-22,False,5,0.27313960129169546,0.41366053400109754,0.27861867709189503
1996-10-23,False,5,0.2767290117265864,0.3565544848081932,0.26900761069327017
1996-10-24,False,5,0.2844025131434153,0.355543599591175,0.2762844204964769
1996-10-25,False,5,0.28712879889253673,0.31684031040334787,0.2752533615463681
1996-10-28,False,5,0.2941709237415829,0.23718171355972867,0.2654185714488181
1996-10-29,False,5,0.29381381384332245,0.11948181479448981,0.2242909334082987
1996-10-30,False,5,0.2963777842909543,0.12480204334725903,0.22884290586481942
1996-10-31,False,5,0.29634019698433073,0.21423979480588223,0.26092843288369993
1996-11-01,False,5,0.2969223601672568,0.21697065101013183,0.26273788271311266
1996-11-04,False,5,0.28952007299048427,0.22873966414884164,0.25942905036049735
1996-11-05,False,5,0.28881504521655743,0.2295878090358361,0.25841577449667374
1996-11-06,False,5,0.27972003411367397,0.2872358364980953,0.26289220996557344
1996-11-07,False,5,0.2791944684640473,0.2984172040354668,0.26559815727863934
1996-11-08,False,5,0.2781114380280858,0.3134442870637965,0.2683803581725494
1996-11-11,False,5,0.2777626975306918,0.3170295909670644,0.26888347676213553
1996-11-12,False,5,0.2781071398860241,0.2443493556998748,0.2511093737350802
1996-11-13,False,5,0.2771625690206429,0.2274155011448143,0.24547936565444767
1996-11-14,False,5,0.2723827758349762,0.24646177896702995,0.24631181449932862
1996-11-15,False,5,0.27465535349046716,0.213539477164954,0.2404679609934036
1996-11-18,False,5,0.27544006216845024,0.19832088904742562,0.23678499849283832
1996-11-19,False,5,0.27135188094302487,0.17661834553573966,0.22693924290536127
1996-11-20,False,5,0.27185006993672345,0.2843593833022264,0.2585814804849918
1996-11-21,False,5,0.2759431808889684,0.27776130109298897,0.2607147608209579
1996-11-22,False,5,0.2622567505944141,0.24174068687779746,0.24070914158154763
1996-11-25,False,5,0.2519463209290915,0.30890470072748266,0.2479475715761608
1996-11-26,False,5,0.25496983384377087,0.36660096415768717,0.2640268826426158
1996-11-27,False,5,0.255798117061849,0.3286603667391047,0.25597825866677093
1996-11-29,False,5,0.24438013356112678,0.2841925045266011,0.23652946125314137
1996-12-02,False,5,0.24791806339818176,0.23451192180480707,0.22884119562072855
1996-12-03,False,5,0.25579683950622273,0.1689195989436202,0.21819541098772904
1996-12-04,False,5,0.25857158439260597,0.19840692096499266,0.22967421372533978
1996-12-05,False,5,0.25962448541987365,0.19071340798936834,0.22856154158488876
1996-12-06,False,5,0.2717825385060102,0.17333253783927816,0.23246449715022713
1996-12-09,False,5,0.2728119017723734,0.17468260083286297,0.23255672364151805
1996-12-10,False,5,0.27565755989499846,0.18285852901678437,0.23854636042705968
1996-12-11,False,5,0.28866680496222064,0.10760567099365348,0.21703321122741717
1996-12-12,False,5,0.30189205602441116,0.13721343105341424,0.23871332705856443
1996-12-13,False,5,0.30664489040828197,0.231064624842069,0.2755736253492388
1996-12-16,False,5,0.3205709302182664,0.27127510747393313,0.2997413727869199
1996-12-17,False,5,0.31638724623766135,0.24185008784487785,0.28756958773209185
1996-12-18,False,5,0.3143460762013,0.26795331831440833,0.29229630649722943
1996-12-19,False,5,0.31327231547595674,0.29460776018886814,0.2944780109080198
1996-12-20,False,5,0.3111547991829852,0.2595361908903382,0.28222537058560365
1996-12-23,False,5,0.31725696721409863,0.25195183722429293,0.28527734657938686
1996-12-24,False,5,0.31661405581484553,0.2756468967821715,0.291069264262093
1996-12-26,False,5,0.31308089864761696,0.3301562794232672,0.30130388244857575
1996-12-27,False,5,0.31459852017666323,0.3852018788084328,0.3172296156232277
1996-12-30,False,5,0.3135780970480416,0.34499987974580204,0.3060644748329051
1996-12-31,False,5,0.32251251672069287,0.2666344661998011,0.2950857651109572
1997-01-02,False,5,0.3342332146422476,0.33412147976274975,0.3234757752309033
1997-01-03,False,5,0.3265559826564811,0.4027016627832511,0.3309736999253474
1997-01-06,False,5,0.3214595512482231,0.3302749643943639,0.3088766797142151
1997-01-07,False,5,0.3172774222749585,0.3227198704974774,0.30259635470959473
1997-01-08,False,5,0.3243078525233839,0.34165736930587054,0.3151930699573343
1997-01-09,False,5,0.32295448561355433,0.23753353908550495,0.2848023548834918
1997-01-10,False,5,0.31937967809799245,0.22233830275223854,0.2765128005687626
1997-01-13,False,5,0.31911911828576683,0.36091645184231547,0.314176651748615
1997-01-14,False,5,0.3167785686863682,0.46067912873975403,0.3345679433462688
1997-01-15,False,5,0.3194073143492236,0.40089563403588424,0.3225033085858194
1997-01-16,False,5,0.3150035204581219,0.33487448213490223,0.3018495541991958
1997-01-17,False,5,0.30377376090813796,0.2711457694988488,0.2743888489872539
1997-01-20,False,5,0.30157786946672444,0.2448050514754626,0.26530145710545816
1997-01-21,False,5,0.2942799062155434,0.32327044977365177,0.27972023014524894
1997-01-22,False,5,0.2926334062548559,0.37223001325507976,0.2907304065514106
1997-01-23,False,5,0.29178956424771835,0.3312544282116763,0.28097840734298374
1997-01-24,False,5,0.3002375579124235,0.31088808758992403,0.2820656287130596
1997-01-27,False,5,0.30520940562383286,0.3127558612375791,0.2863069772987817
1997-01-28,False,5,0.30907416238151564,0.2628907890515933,0.27688801640980415
1997-01-29,False,5,0.3037918352285501,0.2615196889158654,0.271265706719909
1997-01-30,False,5,0.301166230217353,0.24827812543042627,0.26365816392356695
1997-01-31,False,5,0.3032189529759932,0.19634426956991677,0.25039636817548244
1997-02-03,False,5,0.30611979557360974,0.1947808048380731,0.2551697994551912
1997-02-04,False,5,0.31078806896685973,0.2352843788317049,0.2725564852960011
1997-02-05,False,5,0.32674660897116353,0.15264521536910006,0.25681260851222226
1997-02-06,False,5,0.3285220455621502,0.1687265139951344,0.2649443512653275
1997-02-07,False,5,0.3253102113656668,0.34317123529148225,0.3128382212571787
1997-02-10,False,5,0.3311194413041636,0.3238981115345511,0.31377471345341323
1997-02-11,False,5,0.3319685878165592,0.32684850533506166,0.3155493920456458
1997-02-12,False,5,0.32949219397244484,0.38809230196684485,0.3252537416019578
1997-02-13,False,5,0.32244946199666374,0.3486420460100419,0.3078015687730574
1997-02-14,False,5,0.3240903060304009,0.356217873516936,0.31165902969580045
1997-02-18,False,5,0.32172683773425903,0.33755370779609417,0.3038323209733001
1997-02-19,False,5,0.3219716433033157,0.47627229554492895,0.33852179427208884
1997-02-20,False,5,0.334863556265502,0.4368609918989709,0.34053857361941925
1997-02-21,False,5,0.34172798543569266,0.4160258304652452,0.3431088044474138
1997-02-24,False,5,0.33559671927213036,0.41011442648792407,0.3354778167643891
1997-02-25,False,5,0.3358563648033628,0.4700001115632509,0.3512029709348114
1997-02-26,False,5,0.3458738424854383,0.4800822190216991,0.3633436589354322
1997-02-27,False,5,0.3559357137184494,0.41350114117585834,0.3551239115108371
1997-02-28,False,5,0.3546717711399247,0.4771739295389951,0.36970466907345034
1997-03-03,False,5,0.3507328474007392,0.3860227085819842,0.34294557941947856
1997-03-04,False,5,0.35425680772300117,0.491065385195634,0.3737987679257664
1997-03-05,False,5,0.3409973995611109,0.4687672408910647,0.35529627026824334
1997-03-06,False,5,0.34590568272265226,0.4289162770072819,0.35356170052031016
1997-03-07,False,5,0.34208745321364564,0.4101291081038768,0.3445534220302851
1997-03-10,False,5,0.3252534385283036,0.4771513357889647,0.346012656662303
1997-03-11,False,5,0.31134044774776887,0.44813385911281994,0.3274878397208938
1997-03-12,False,5,0.31468717145292086,0.4475063128195294,0.33016097445880793
1997-03-13,False,5,0.3230551598429424,0.43790833617221353,0.3334167377048711
1997-03-14,False,5,0.32209261152506763,0.43915726988879655,0.3327158139492221
1997-03-17,False,5,0.3273233695860599,0.5045958566854629,0.3550654354931069
1997-03-18,False,5,0.33960936571788447,0.42352669491929945,0.3496667829384929
1997-03-19,False,5,0.3499534400503228,0.3857042522564311,0.34965697233366794
1997-03-20,False,5,0.3492376784717117,0.35053456424233176,0.34044831405426784
1997-03-21,False,5,0.3529979014912834,0.3418474907735431,0.342774793057958
1997-03-24,False,5,0.3537665579387735,0.36296260536682734,0.3504878478217346
1997-03-25,False,5,0.35548302849736174,0.3397374898182755,0.3465829919783311
1997-03-26,False,5,0.35434316501056656,0.32880166711955616,0.3432299710658344
1997-03-27,False,5,0.37444994556503874,0.4036257984519822,0.3776928026978769
1997-03-31,False,5,0.4014009292813273,0.4315209039650443,0.4049465905743716
1997-04-01,False,5,0.4047201945674723,0.4964166238277269,0.42845152242657186
1997-04-02,False,5,0.4167573420663366,0.46092837953090793,0.4291302185577257
1997-04-03,False,5,0.4242348562913467,0.495857464589433,0.44725870122936234
1997-04-04,False,5,0.416235815657272,0.4631716327512364,0.4286135517336499
1997-04-07,False,5,0.41611112265833194,0.3878957382164154,0.4081570838261973
1997-04-08,False,5,0.4171271158893674,0.45926596585164153,0.4288162006170229
1997-04-09,False,5,0.41994682611147843,0.46200545558034894,0.43291174350723277
1997-04-10,False,5,0.426225284018466,0.4491834090173276,0.4374866691389554
1997-04-11,False,5,0.4638629037869318,0.4755943974446282,0.47404518438292703
1997-04-14,False,5,0.4647716651376518,0.4852889163148859,0.4779567843941698
1997-04-15,False,5,0.4645062566808125,0.4357605060617911,0.4631664233381171
1997-04-16,False,5,0.4611346475639191,0.35044721487932023,0.43498460372513387
1997-04-17,False,5,0.46661283729665975,0.34874743974546424,0.44060069850472044
1997-04-18,False,5,0.4644988758785828,0.3040202851048861,0.4255097285456067
1997-04-21,False,5,0.4687483044045332,0.34249974662513016,0.44083104871146445
1997-04-22,False,5,0.4559737978425697,0.41190512796674944,0.44793993939164134
1997-04-23,False,5,0.4491571044043135,0.35213581489561147,0.42536940884458846
1997-04-24,False,5,0.45088271041665084,0.34757415259504304,0.4256705125458835
1997-04-25,False,5,0.4664667137766085,0.3546910344785221,0.4431171129017691
1997-04-28,False,5,0.4685042249924509,0.3017612792007612,0.4311684031333701
1997-04-29,False,5,0.46775950909409547,0.35988600987120756,0.4418339807650444
1997-04-30,False,5,0.4638140966967223,0.34071515941459274,0.4313170104926177
1997-05-01,False,5,0.46144384005813766,0.34038510775546166,0.42890633338950623
1997-05-02,False,5,0.4434829800576038,0.43684383611400324,0.43541836869002665
1997-05-05,False,5,0.43950666843889535,0.42279011146066486,0.42318524567708
1997-05-06,False,5,0.4486239179379497,0.45618895151168576,0.4424024549794359
1997-05-07,False,5,0.45509991514354364,0.40807164790039424,0.43447811053595436
1997-05-08,False,5,0.45451433629033766,0.36011949729267045,0.42037957674464815
1997-05-09,False,5,0.45717390855645396,0.34965147393620727,0.422133329647387
1997-05-12,False,5,0.45671470041535295,0.3886196169690686,0.4318863402271682
1997-05-13,False,5,0.4596581551881461,0.38557175759119056,0.43405523725403816
1997-05-14,False,5,0.4635772613668932,0.38648983813308074,0.4386395126700647
1997-05-15,False,5,0.4573608920242741,0.37501046777141567,0.42872105517975295
1997-05-16,False,5,0.45814862087145575,0.416137551317988,0.44084115920897365
1997-05-19,False,5,0.45294927974526117,0.3966038551042619,0.4299971578521844
1997-05-20,False,5,0.45274417240638654,0.40091215580256045,0.430805754807094
1997-05-21,False,5,0.45189278561858975,0.43161944604489133,0.437979850649644
1997-05-22,False,5,0.4454397755180197,0.4364187318709818,0.4330481371269846
1997-05-23,False,5,0.42931194279031876,0.36080784875917404,0.3951467652282932
1997-05-27,False,5,0.42351030192246003,0.39175132959193204,0.3983723655763424
1997-05-28,False,5,0.4263277820816007,0.4155382679085871,0.4078195626720385
1997-05-29,False,5,0.42368571808198213,0.35738094322983294,0.3890777588762319
1997-05-30,False,5,0.42652382675728073,0.38465968526873545,0.4000475716999313
1997-06-02,False,5,0.4258755177308164,0.42223570058857335,0.4096476148346079
1997-06-03,False,5,0.4302085926547997,0.3421493592654754,0.39226720712454627
1997-06-04,False,5,0.43903057155055925,0.34744214576138993,0.402399466066117
1997-06-05,False,5,0.4352967557835238,0.34110734371559276,0.3964210570771634
1997-06-06,False,5,0.42240857677797145,0.2374594968878477,0.35133479783791177
1997-06-09,False,5,0.40018891558060776,0.2372737728116175,0.3325687662115641
1997-06-10,False,5,0.40123574143134977,0.2837000090180924,0.3481640580331249
1997-06-11,False,5,0.3971317764876947,0.2698876496768916,0.3393976572266128
1997-06-12,False,5,0.38251554186615744,0.32364289396348056,0.3406864428774248
1997-06-13,False,5,0.36875691386933995,0.36956240713187855,0.3395083282183788
1997-06-16,False,5,0.3644261904512669,0.37681805791255907,0.3372563351706392
1997-06-17,False,5,0.3635340264365358,0.37391196171054164,0.3355519462507356
1997-06-18,False,5,0.3691247966263214,0.31264238333315386,0.32417974483400414
1997-06-19,False,5,0.36337609232607637,0.4087106433037468,0.3429323666702096
1997-06-20,False,5,0.3675961853179727,0.36067885812372696,0.3338680621931615
1997-06-23,False,5,0.36533724866882533,0.397114492941893,0.3423486685365756
1997-06-24,False,5,0.32342087988324897,0.46430038352529057,0.3216228941167384
1997-06-25,False,5,0.3323152787643345,0.4049016345738338,0.3151578192172872
1997-06-26,False,5,0.32460104259964573,0.3951616060816734,0.3065164733373237
1997-06-27,False,5,0.31682583984557633,0.42334623427352136,0.3053127637825178
1997-06-30,False,5,0.3227025197093502,0.45848914993758844,0.32070227223773135
1997-07-01,False,5,0.3242510525867362,0.4580011365116984,0.32248514555949453
1997-07-02,False,5,0.3213460336550301,0.45222480709045637,0.31771824342197563
1997-07-03,False,5,0.31393977466030215,0.46129637397810275,0.3123703482282849
1997-07-07,False,5,0.3150394412262844,0.4602426395770104,0.3130304677898155
1997-07-08,False,5,0.27347050360398484,0.45534692733883825,0.2784575479140513
1997-07-09,False,5,0.28400490322035477,0.4577761002674415,0.28807554133660196
1997-07-10,False,5,0.2854487372223517,0.4326709653980663,0.2846316275426429
1997-07-11,False,5,0.2884543277135942,0.44593201969374924,0.29092448762005957
1997-07-14,False,5,0.2847705394645528,0.49188277841057654,0.29763188521698125
1997-07-15,False,5,0.2832421083654576,0.4832600252656327,0.2928750961226613
1997-07-16,False,5,0.2669938176627661,0.4706483147631862,0.27497045719244856
1997-07-17,False,5,0.2782395114409908,0.4968354317645457,0.2915050645725356
1997-07-18,False,5,0.2916455795432812,0.5075979117453385,0.3053116457118553
1997-07-21,False,5,0.29430575719690827,0.5042375800137405,0.30690650460665003
1997-07-22,False,5,0.2763423258340909,0.5244667312388657,0.2921122238346435
1997-07-23,False,5,0.27624913172194987,0.5131192747606225,0.2895127882097244
1997-07-24,False,5,0.2787934587435624,0.5802525294190745,0.3114478752928941
1997-07-25,False,5,0.28486391707849656,0.5829406771385357,0.31921500470124675
1997-07-28,False,5,0.2866994334261411,0.4040670220322015,0.27984657650451533
1997-07-29,False,5,0.2886824795838138,0.4631884433749486,0.2984108632665637
1997-07-30,False,5,0.2865871000210757,0.3859898413091074,0.28262756266262873
1997-07-31,False,5,0.28187324487224347,0.38094426128398656,0.27695358291279837
1997-08-01,False,5,0.2749703399253216,0.3370985051797235,0.2619084879742448
1997-08-04,False,5,0.2761761207036979,0.38189950480120444,0.27337876514601606
1997-08-05,False,5,0.27701771174364437,0.2670018209187681,0.24679599273992675
1997-08-06,False,5,0.27763044358501204,0.30875293304818285,0.2585500052144352
1997-08-07,False,5,0.27828283537964793,0.3093293444960981,0.25992075370309126
1997-08-08,False,5,0.3008801750993238,0.34851276685111604,0.28629396235470844
1997-08-11,False,5,0.3037509509933539,0.403643058963414,0.30299012134885844
1997-08-12,False,5,0.3022929322682391,0.325905873564726,0.28310935522120917
1997-08-13,False,5,0.3079621768249539,0.3416018492083992,0.29239586022281117
1997-08-14,False,5,0.3113001245057368,0.2705288283858676,0.2773553685970334
1997-08-15,False,5,0.33718636383971334,0.3320149534937122,0.31328049007515296
1997-08-18,False,5,0.3330927088529376,0.26647732334005814,0.29208648188271275
1997-08-19,False,5,0.3330921469664681,0.42894223532145465,0.3340464086597969
1997-08-20,False,5,0.3298573786447339,0.35255182847409955,0.30978421872007583
1997-08-21,False,5,0.3397263196279913,0.4499213247635726,0.34175899145329713
1997-08-22,False,5,0.34278213810624547,0.38627726421371694,0.32795399660656377
1997-08-25,False,5,0.3446110379152899,0.4514482439225676,0.34578741313692213
1997-08-26,False,5,0.3479536733183074,0.4927644983159606,0.3591835025400815
1997-08-27,False,5,0.3472638432294976,0.4860747977809333,0.35641457195008197
1997-08-28,False,5,0.3506289114080245,0.48547671139095894,0.35887687039089133
1997-08-29,False,5,0.3566289644292257,0.5582762801056668,0.3834540745129283
1997-09-02,False,5,0.35807089743929876,0.570319001483851,0.384836024708159
1997-09-03,False,5,0.35933632651060154,0.5033243503427258,0.36864342668268807
1997-09-04,False,5,0.3597751828515792,0.49941407510252483,0.36851606977768364
1997-09-05,False,5,0.3632501233201306,0.4857706661658395,0.3689509543279552
1997-09-08,False,5,0.3669086415288952,0.5175008872428382,0.38209616954196274
1997-09-09,False,5,0.3708029313150831,0.5162927030737766,0.38709831546732
1997-09-10,False,5,0.3817450009855926,0.5250234848205162,0.3997163689898901
1997-09-11,False,5,0.3895825689580601,0.5013280374305082,0.4011097353446726
1997-09-12,False,5,0.3814004956533882,0.5524978998933722,0.4042674074213836
1997-09-15,False,5,0.3881236802884438,0.5120578541545454,0.40157370275460125
1997-09-16,False,5,0.3802232937537412,0.4666643529883896,0.3784356614577099
1997-09-17,False,5,0.35836930130462546,0.45762670647233594,0.35727031423594463
1997-09-18,False,5,0.3605011776030273,0.3609312950127158,0.33657432979355134
1997-09-19,False,5,0.35139745860703425,0.3379574221170347,0.32287749223273454
1997-09-22,False,5,0.3449757759719393,0.2854422483673328,0.3030411425740386
1997-09-23,False,5,0.3507378210321838,0.3449594791112103,0.32464663542141287
1997-09-24,False,5,0.35560765386588095,0.3855457643380125,0.3384689416511984
1997-09-25,False,5,0.36147405209444694,0.4297191265619556,0.35475923146360766
1997-09-26,False,5,0.3636576890991349,0.48101391764351725,0.3706488195332762
1997-09-29,False,5,0.364073778687821,0.5024813754803963,0.3767195936548003
1997-09-30,False,5,0.360831406026365,0.4826710721872847,0.36829987183495905
1997-10-01,False,5,0.36118242166150966,0.47987619467828496,0.367494878747388
1997-10-02,False,5,0.3488833598127003,0.41231123330930325,0.33910138456319927
1997-10-03,False,5,0.3517165816680227,0.3843594923172216,0.33507150607683844
1997-10-06,False,5,0.3515044327868847,0.34384099742399343,0.32401996852127035
1997-10-07,False,5,0.34916744766274677,0.36802555577481394,0.32746959743261583
1997-10-08,False,5,0.3601610592149294,0.3010700934048497,0.3200123950932332
1997-10-09,False,5,0.3672545278952605,0.29764962068643563,0.3257670898364437
1997-10-10,False,5,0.36183117767347395,0.3309854317847208,0.32999370689016894
1997-10-13,False,5,0.3486764252829752,0.29083961420933974,0.3082592831845824
1997-10-14,False,5,0.34200557520622576,0.3813523927558731,0.32629113567029816
1997-10-15,False,5,0.34671874911118145,0.369718909189502,0.3318709824375912
1997-10-16,False,5,0.36108327079073516,0.35574173167846973,0.34048057749581845
1997-10-17,False,5,0.3811151354126941,0.33824098750944204,0.35273925275269324
1997-10-20,False,5,0.3758583739528586,0.3380507999271205,0.34583980325014296
1997-10-21,False,5,0.3704686508860356,0.38012280167438744,0.3487711490501305
1997-10-22,False,5,0.3777773522792928,0.40893662667117026,0.36416318815716164
1997-10-23,False,5,0.4111679419395795,0.5034584717041599,0.41781635728853106
1997-10-24,False,5,0.4222848097716766,0.4609494249236454,0.41770182681353646
1997-10-27,False,5,0.6035427666229909,0.46785119752800064,0.5635866236243979
1997-10-28,False,5,0.6038368778573419,0.5095386501348179,0.5717489708184365
1997-10-29,False,5,0.6040615551157107,0.4971236202615619,0.5693593267477156
1997-10-30,False,5,0.6264832489987284,0.5020255676996932,0.5946498630973599
1997-10-31,False,5,0.6182910061501329,0.45504578626454206,0.5709651086707286
1997-11-03,False,5,0.5934747325831347,0.4814540605174898,0.5504429915145984
1997-11-04,False,5,0.5924724188666581,0.5270662817878917,0.5608930602138112
1997-11-05,False,5,0.582623009168237,0.49099342234936844,0.5411437072511858
1997-11-06,False,5,0.5825806345609345,0.5604592956359891,0.5595980043392146
1997-11-07,False,5,0.6011255739447184,0.5530512206355555,0.5754054629863987
1997-11-10,False,5,0.5842205628385908,0.5191098942675182,0.5498703604712825
1997-11-11,False,5,0.5866913824684761,0.5331278595230896,0.555918544325105
1997-11-12,False,5,0.6173608332093351,0.5370454434616073,0.5881487404390322
1997-11-13,False,5,0.6199373330834416,0.4067218527798883,0.5571770043597885
1997-11-14,False,5,0.605053583643672,0.4839069150280578,0.5623140525523547
1997-11-17,False,5,0.5948018915095644,0.4751246506669912,0.5477872845321372
1997-11-18,False,5,0.6029459067471832,0.5272377385332893,0.5699886316868488
1997-11-19,False,5,0.599381937457219,0.4846206215725895,0.5567036886396676
1997-11-20,False,5,0.5924372685661151,0.5228175024915573,0.5588282113374754
1997-11-21,False,5,0.5839540952040371,0.5211403270980333,0.5499019095621872
1997-11-24,False,5,0.5986942718125149,0.5341209882953264,0.5678642418968722
1997-11-25,False,5,0.6048205124002216,0.4328819689867307,0.5490188467559916
1997-11-26,False,5,0.60602055697818,0.467258518179717,0.5600586798451235
1997-11-28,False,5,0.6048954086536483,0.4595270549613036,0.5561757497392202
1997-12-01,False,5,0.5973022819086389,0.5079757951357015,0.5610157992733075
1997-12-02,False,5,0.600157604308878,0.5070834203869685,0.5642709601642991
1997-12-03,False,5,0.5989252006875664,0.5068476649526478,0.5630117050501297
1997-12-04,False,5,0.5925922713168502,0.5161644930418441,0.5592607752653307
1997-12-05,False,5,0.5790363435869662,0.5290235292157439,0.5481252657404331
1997-12-08,False,5,0.5856186012305591,0.5369867095182054,0.5579107188962398
1997-12-09,False,5,0.5914216817129125,0.4890427493128819,0.5507692950127387
1997-12-10,False,5,0.607031905639456,0.5408576306308189,0.5824756588257565
1997-12-11,False,5,0.6234657142194733,0.582921345536793,0.6096361834384751
1997-12-12,False,5,0.628401841997959,0.5805312506703235,0.6144377481428788
1997-12-15,False,5,0.6269394000273982,0.5608782556901359,0.6080369152351984
1997-12-16,False,5,0.6254244308492002,0.5242508494014523,0.5973933492870407
1997-12-17,False,5,0.6222477843524447,0.5235302950006697,0.594476947532378
1997-12-18,False,5,0.6305330720242751,0.5208137045860821,0.6021251800858833
1997-12-19,False,5,0.6349441140239742,0.5215004846193874,0.6068560259805572
1997-12-22,False,5,0.6342678284371134,0.5499626036822998,0.6135134994486833
1997-12-23,False,5,0.6471185013320271,0.533159150036482,0.6226714028476837
1997-12-24,False,5,0.6499164578542079,0.5278312054888241,0.6242426428743224
1997-12-26,False,5,0.652929142802066,0.5241532595775196,0.6265996144624758
1997-12-29,False,5,0.6496366045061388,0.4736082831365359,0.6094508529147599
1997-12-30,False,5,0.6436600096121932,0.4992115248217276,0.6078177111658319
1997-12-31,False,5,0.6435416713337573,0.5068871434570845,0.6100605386720406
1998-01-02,False,5,0.6464613501561761,0.5336751624600764,0.6205150058926792
1998-01-05,False,5,0.6396039613018106,0.5401076225096303,0.6154794738946558
1998-01-06,False,5,0.64551264981467,0.49679411348237384,0.6105262236077964
1998-01-07,False,5,0.6471584002290021,0.545406705402876,0.6255348683909062
1998-01-08,False,5,0.6569573523073222,0.5128457130366247,0.6279494685057914
1998-01-09,False,5,0.6968894677447596,0.5432559687130777,0.6736523213861174
1998-01-12,False,5,0.694060987789251,0.5461040241973529,0.6715975335394248
1998-01-13,False,5,0.67916697678737,0.554435210053634,0.6575264439629063
1998-01-14,False,5,0.6635892121898258,0.5540946680409413,0.6422397217225544
1998-01-15,False,5,0.6740835548662998,0.5931217728888318,0.6632054198398355
1998-01-16,False,5,0.6743782862252456,0.5977755209562682,0.6645170701783556
1998-01-20,False,5,0.6654342261788898,0.5949349822729465,0.6547446637488107
1998-01-21,False,5,0.6486330065115028,0.5578575568925482,0.6297940529875965
1998-01-22,False,5,0.6476867118026716,0.5241569076835638,0.6204612691210865
1998-01-23,False,5,0.49461119333200654,0.5454056455287628,0.4965092942559639
1998-01-26,False,5,0.4962325056453301,0.5446172655403277,0.5046901131500222
1998-01-27,False,5,0.49368059397580333,0.588129360103235,0.5134033064357375
1998-01-28,False,5,0.46746709982094914,0.5615169916403399,0.4815597778829575
1998-01-29,False,5,0.4688091067403965,0.5550339118684277,0.4818767933834998
1998-01-30,False,5,0.4768691041435961,0.5469656415193712,0.49274423105760967
1998-02-02,False,5,0.47241944251364854,0.5333599815752772,0.48159555354161426
1998-02-03,False,5,0.4717072190356124,0.5349637893377545,0.4812098462999677
1998-02-04,False,5,0.46496198924669846,0.5348207472558024,0.47450615276244634
1998-02-05,False,5,0.44504490614631564,0.5366452770905175,0.45758446415864457
1998-02-06,False,5,0.43643502327271433,0.5491001869372665,0.4517299869567949
1998-02-09,False,5,0.436450477201928,0.5453260553245383,0.45088272773681565
1998-02-10,False,5,0.40251788491401186,0.5388704302875422,0.41770880062719146
1998-02-11,False,5,0.4045065344084339,0.5610621496215066,0.42619522478542815
1998-02-12,False,5,0.4070526515882777,0.5671854726746924,0.4310363621585024
1998-02-13,False,5,0.414143900016334,0.542406994007133,0.4350185577394248
1998-02-17,False,5,0.404263448419746,0.5484553112619635,0.4274901879923507
1998-02-18,False,5,0.4010198557464003,0.5227336207789494,0.41615991750160747
1998-02-19,False,5,0.40999590812362124,0.49665473191887904,0.42018282512343935
1998-02-20,False,5,0.4090882663991591,0.5056046037106466,0.42150354723773437
1998-02-23,False,5,0.38728302435796236,0.4793150705837336,0.39546974365479937
1998-02-24,False,5,0.3974308475900853,0.4965071144393665,0.40949057202781247
1998-02-25,False,5,0.3924244340462449,0.48033544545431434,0.3986495393513989
1998-02-26,False,5,0.3898808237192236,0.4792300466017095,0.3958667293663091
1998-02-27,False,5,0.39387370294559837,0.5316048902602502,0.41458879192888665
1998-03-02,False,5,0.39310447426059913,0.4678854753681676,0.3968822687408926
1998-03-03,False,5,0.39317801185505674,0.4564666193766774,0.3936348659730619
1998-03-04,False,5,0.39256597433662116,0.5070041386242204,0.40602889724476054
1998-03-05,False,5,0.40864316248078664,0.4733558122480824,0.4133263884552641
1998-03-06,False,5,0.40325255945834926,0.4483874965540356,0.39763019219412676
1998-03-09,False,5,0.39597677104834816,0.47494074274157194,0.3984846028528752
1998-03-10,False,5,0.3816314102714339,0.4576109961615149,0.37904597522044886
1998-03-11,False,5,0.35781318315923655,0.5178107096223675,0.37300867506646485
1998-03-12,False,5,0.355052964910197,0.4541142936662537,0.3542068609717634
1998-03-13,False,5,0.3585577593104734,0.5343689196646221,0.3774367024974769
1998-03-16,False,5,0.35793921000305523,0.5225971801553235,0.3731083896996979
1998-03-17,False,5,0.35843647003040496,0.4761155766232022,0.36190914305305405
1998-03-18,False,5,0.34105516854602924,0.4215557796156371,0.33250610573553635
1998-03-19,False,5,0.3314305654289413,0.4597969666387986,0.33274458983182975
1998-03-20,False,5,0.33187788655033795,0.4199706187127016,0.32387598009833235
1998-03-23,False,5,0.3218587607456674,0.42209403606124385,0.31560200313655523
1998-03-24,False,5,0.3129844553799036,0.522542189577646,0.3304482777533388
1998-03-25,False,5,0.31501680077552213,0.5193754595827828,0.33220711053087437
1998-03-26,False,5,0.3199909734135811,0.46418066693511223,0.32601937748520043
1998-03-27,False,5,0.32737936825342234,0.46592220340091833,0.33780540308569185
1998-03-30,False,5,0.3327048432285432,0.373939999253469,0.32048544920023125
1998-03-31,False,5,0.3302864310188995,0.33898847454823816,0.30892364789120696
1998-04-01,False,5,0.3281284946520551,0.36938761321635716,0.31400339025873397
1998-04-02,False,5,0.31401714084152815,0.35727984054329565,0.29829907362292907
1998-04-03,False,5,0.30984623032638114,0.39797823155083917,0.30402008146792536
1998-04-06,False,5,0.301960455196149,0.2500954040345462,0.26065303592806266
1998-04-07,False,5,0.2561603610982396,0.09686272240148673,0.1813572322923495
1998-04-08,False,5,0.2600110528356568,0.07986392896207065,0.1753243727714176
1998-04-09,False,5,0.26029613296231746,0.06604402047974434,0.16837767188038327
1998-04-13,False,5,0.2642819013498519,0.08830113707971847,0.18360527009753588
1998-04-14,False,5,0.252861962934915,0.12201358044891741,0.19006081964102492
1998-04-15,False,5,0.25410559199370736,0.14260371500162583,0.20020574479680264
1998-04-16,False,5,0.2709001970288568,0.11160305473039536,0.2017521489919797
1998-04-17,False,5,0.26207823231117444,0.19874758832066924,0.22479827446934428
1998-04-20,False,5,0.252229193556367,0.15639550053112647,0.2042924631743162
1998-04-21,False,5,0.24673320155394673,0.1772743192625663,0.20733840895063538
1998-04-22,False,5,0.24210713479846918,0.14245192956404523,0.19264729407879386
1998-04-23,False,5,0.25755653081477337,0.1783109572831831,0.21615031537336585
1998-04-24,False,5,0.2776317952802484,0.2023941620386013,0.23876861461375512
1998-04-27,False,5,0.31742652580826236,0.4234356468055549,0.32762655325284695
1998-04-28,False,5,0.3125087524228458,0.3141274403935082,0.29584828577565725
1998-04-29,False,5,0.31139160462693977,0.35853444225141007,0.3091144476425293
1998-04-30,False,5,0.3091215018623239,0.41785940064000265,0.3190437638381947
1998-05-01,False,5,0.3093902132308735,0.2960783115239663,0.2885618080898626
1998-05-04,False,5,0.3069010724805873,0.3617424067000523,0.3031623724011654
1998-05-05,False,5,0.31703875598082887,0.3682051379398204,0.31446964507780106
1998-05-06,False,5,0.3238693960975439,0.3433619079542504,0.31392843114218677
1998-05-07,False,5,0.3392103344366399,0.2774768447900525,0.3102107255001844
1998-05-08,False,5,0.3363097759074926,0.3082155446578478,0.3147672130361862
1998-05-11,False,5,0.3392903219953381,0.3531739958988438,0.33029954363403946
1998-05-12,False,5,0.3369644983462432,0.36301189882601803,0.33041592542693454
1998-05-13,False,5,0.33627978323232005,0.3790645431232516,0.33358677182593865
1998-05-14,False,5,0.3405808479909785,0.44338093157640857,0.3545023264183165
1998-05-15,False,5,0.3472128088428529,0.4169796633808217,0.35363755266890345
1998-05-18,False,5,0.35839387242117443,0.3634401823287255,0.35052595170494133
1998-05-19,False,5,0.35713423022372814,0.37937922074742353,0.35318662608628837
1998-05-20,False,5,0.346996225005849,0.4030701723940554,0.3506016058779706
1998-05-21,False,5,0.35306769833967705,0.37933510010505667,0.3526055979037478
1998-05-22,False,5,0.3628834866737901,0.40681252584182226,0.3696418036683189
1998-05-26,False,5,0.38786316156314304,0.4015263220730032,0.3893261453807476
1998-05-27,False,5,0.3968876879275663,0.3652243250737377,0.3875238277145587
1998-05-28,False,5,0.39504910425990575,0.36620640406572513,0.38533794598474624
1998-05-29,False,5,0.3951524687425412,0.3165680636999995,0.3715386568728124
1998-06-01,False,5,0.3915458173990913,0.3706428252183696,0.384681116321446
1998-06-02,False,5,0.3937076330254272,0.30645148989128895,0.3737482853580655
1998-06-03,False,5,0.39918950686099375,0.3492884112042152,0.39053456469177217
1998-06-04,False,5,0.4003664297906158,0.28515620862492147,0.37400697386525533
1998-06-05,False,5,0.399590538860148,0.34426493862240637,0.38679278617176954
1998-06-08,False,5,0.3979213171755286,0.3963400571668022,0.39951937865212256
1998-06-09,False,5,0.39658407166824294,0.4224665963735165,0.40541044193037246
1998-06-10,False,5,0.41240126349142275,0.42957033854913346,0.4230205034943503
1998-06-11,False,5,0.4371143927884639,0.4116862961722258,0.43892979369823915
1998-06-12,False,5,0.4428648999587931,0.35952003922703657,0.43052426868966615
1998-06-15,False,5,0.4741488421810175,0.30306936475120644,0.4393886150384033
1998-06-16,False,5,0.472535070350578,0.2991778932556794,0.43600649012990267
1998-06-17,False,5,0.46748865742916157,0.3769926842093824,0.45028069081380734
1998-06-18,False,5,0.47608531993014624,0.4231275567176089,0.4730403109128594
1998-06-19,False,5,0.4810731783940692,0.3043703999260482,0.44290100909387914
1998-06-22,False,5,0.48092955827257833,0.22338434628759576,0.41507897174810127
1998-06-23,False,5,0.47396960762806456,0.22858358764633369,0.40866372252360667
1998-06-24,False,5,0.46723420201862126,0.27751888578719797,0.4186896699321671
1998-06-25,False,5,0.4721563718987716,0.276721209673742,0.4233614834944858
1998-06-26,False,5,0.4733576526187218,0.20597247919632405,0.3991360216245036
1998-06-29,False,5,0.4752716986050328,0.19977876803852246,0.39907132445691135
1998-06-30,False,5,0.47509988448755996,0.1848171134338184,0.3932576251332134
1998-07-01,False,5,0.4667097468141425,0.24295104644359108,0.4059266548443705
1998-07-02,False,5,0.45822896614130865,0.3001363164015169,0.41718377764931297
1998-07-06,False,5,0.4526274279010164,0.2119210339645252,0.3805894329107067
1998-07-07,False,5,0.45853895059026945,0.20895451116947147,0.38601729774807547
1998-07-08,False,5,0.4549038465125352,0.15922174006121942,0.36127139810203435
1998-07-09,False,5,0.4643990435438867,0.1954886894269713,0.3872461871830524
1998-07-10,False,5,0.4676933300747849,0.1566350727271296,0.37342704923011044
1998-07-13,False,5,0.45719419775288633,0.16693083909551626,0.3681533031137412
1998-07-14,False,5,0.4582434775750703,0.23523638988713552,0.3979222332419494
1998-07-15,False,5,0.4592902691409878,0.3582315274799616,0.4379561915155098
1998-07-16,False,5,0.45774692066256195,0.3722861313573423,0.439487121235286
1998-07-17,False,5,0.4581394135156605,0.3374958119908012,0.42961058830199017
1998-07-20,False,5,0.44824886608643216,0.28738529150190506,0.40576630285821336
1998-07-21,False,5,0.44665508234689,0.36692862114564084,0.4292098221222026
1998-07-22,False,5,0.4189941969417617,0.3347933431705002,0.3993708632365452
1998-07-23,False,5,0.45478030569878974,0.3190805652055215,0.4244279120015387
1998-07-24,False,5,0.4632462476815093,0.39541630101436664,0.4566613822721425
1998-07-27,False,5,0.4686867209674845,0.3325411810417562,0.4472640960804805
1998-07-28,False,5,0.48872735775260634,0.34408896362145064,0.4690254181517954
1998-07-29,False,5,0.4941712783542336,0.2368675739517148,0.4398589750128766
1998-07-30,False,5,0.4846209569029187,0.29691411797788,0.4494069627402577
1998-07-31,False,5,0.5080234186456447,0.33540376942850364,0.4802342198399225
1998-08-03,False,5,0.5104615398019448,0.41797733156530803,0.5068563827481454
1998-08-04,False,5,0.5756240431109225,0.37617723623697835,0.5506773435013272
1998-08-05,False,5,0.5752678675236714,0.35793809062084025,0.5455729945950953
1998-08-06,False,5,0.5724189233033036,0.3657607006385397,0.5453228829778927
1998-08-07,False,5,0.5696901331848978,0.36032123217334316,0.5408854775748174
1998-08-10,False,5,0.5741609517742736,0.322221013828451,0.5342045717554647
1998-08-11,False,5,0.5915309660538325,0.3437623118215363,0.5561912779464862
1998-08-12,False,5,0.5798945380260885,0.4235033017088512,0.5641059027612829
1998-08-13,False,5,0.5938154646071716,0.4048335927388561,0.572937445235407
1998-08-14,False,5,0.602348880867736,0.4053676120307595,0.5816601815345039
1998-08-17,False,5,0.5970003759747339,0.36834585214166427,0.5651006742047209
1998-08-18,False,5,0.5873870277936148,0.38678804031169745,0.5586238242610138
1998-08-19,False,5,0.5723867150395628,0.39054129872139176,0.5460729129894832
1998-08-20,False,5,0.5680656438580083,0.3779432309059344,0.5386666934798789
1998-08-21,False,5,0.5886263390501848,0.4070480439875475,0.5675661670527773
1998-08-24,False,5,0.58584195494197,0.3870358420732597,0.5592959473706623
1998-08-25,False,5,0.5794823546933806,0.41973201591808673,0.5613336237139671
1998-08-26,False,5,0.6022697169133672,0.3849951981672795,0.5732551408491487
1998-08-27,False,5,0.669210369503932,0.45627380974895815,0.6497281303716044
1998-08-28,False,5,0.690696192657755,0.43460663239678304,0.6666880492660444
1998-08-31,False,5,0.7941883039420619,0.5417954936101963,0.786363129790755
1998-09-01,False,5,0.794238520401277,0.5415369206420755,0.7840776218334391
1998-09-02,False,5,0.7940591628803227,0.4921603912701769,0.7755010389510533
1998-09-03,False,5,0.7942267838206467,0.4348931123496832,0.7658207612820095
1998-09-04,False,5,0.7828282449809016,0.47700800958083633,0.7628785374328034
1998-09-08,False,5,0.7839909776946742,0.43737777445787474,0.7494012991592832
1998-09-09,False,5,0.7831772065710415,0.45260188189462625,0.752354960847968
1998-09-10,False,5,0.8057359391479705,0.48363724887099774,0.7828891133776998
1998-09-11,False,5,0.8053060621518684,0.47064803869759864,0.7798433936714099
1998-09-14,False,5,0.797837641894797,0.4689188447847255,0.7705285334336661
1998-09-15,False,5,0.7926597546646781,0.5263663540658948,0.775964691874155
1998-09-16,False,5,0.7902085583842735,0.5261316207113571,0.7734293759654417
1998-09-17,False,5,0.8088340711528714,0.5556768059335208,0.7983512994839618
1998-09-18,False,5,0.8097356238583803,0.5215162671805113,0.7935943340112089
1998-09-21,False,5,0.8109935337276979,0.5371482504447598,0.7979105866975659
1998-09-22,False,5,0.8105544608752394,0.5340477242875339,0.797440642414678
1998-09-23,False,5,0.8069285448159896,0.5504131948349597,0.7949319070994133
1998-09-24,False,5,0.8175233552733744,0.5583934361619781,0.8072564360500968
1998-09-25,False,5,0.8204689381267004,0.5543161552448626,0.8101189117726287
1998-09-28,False,5,0.817084506015774,0.5937271387576969,0.81348889167867
1998-09-29,False,5,0.8243894044713913,0.5565355236251625,0.8161722651187864
1998-09-30,False,5,0.8368389677692083,0.5606937841982937,0.829727672921648
1998-10-01,False,5,0.8571050981581388,0.5962673207917907,0.8552290710389403
1998-10-02,False,5,0.851332639795226,0.578478327076404,0.8464310994400022
1998-10-05,False,5,0.8617398706397909,0.48977288887710885,0.8457055631765521
1998-10-06,False,5,0.8626515129782579,0.5133273042237377,0.8503838382558736
1998-10-07,False,5,0.871469433593492,0.5254110328056061,0.8623933037860295
1998-10-08,False,5,0.8824234190856847,0.4763966458408484,0.8683182044429236
1998-10-09,False,5,0.8809174459567679,0.5112178410201237,0.871233081927618
1998-10-12,False,5,0.8778595592992631,0.4820319725349745,0.864201801076812
1998-10-13,False,5,0.8805205230284338,0.5308754507152202,0.8734690502444616
1998-10-14,False,5,0.8740517420524673,0.5405913578770408,0.8676643945905443
1998-10-15,False,5,0.8682714980754945,0.5402451244544358,0.8594690153234772
1998-10-16,False,5,0.8530304670192451,0.46640632677491733,0.8331031772903811
1998-10-19,False,5,0.8470543376955006,0.4983797270856618,0.8312809909644048
1998-10-20,False,5,0.8424038949720472,0.45715645877012334,0.8203121073184503
1998-10-21,False,5,0.8324717251778897,0.4223779766382669,0.8038366256213522
1998-10-22,False,5,0.8273523316037006,0.46980518626060364,0.8062867129838939
1998-10-23,False,5,0.8336308471479671,0.43251334187671414,0.8073881488775367
1998-10-26,False,5,0.8184676499259417,0.4564981495839977,0.7950373061003733
1998-10-27,False,5,0.8127450595903509,0.41954012968338544,0.7819723023981527
1998-10-28,False,5,0.7840116073592448,0.3905185739360813,0.7460117796379487
1998-10-29,False,5,0.7787640279257687,0.430065346838488,0.7478718057714502
1998-10-30,False,5,0.7773669279925943,0.4783491676494716,0.7559272754191864
1998-11-02,False,5,0.7741519937978436,0.4789020324932195,0.7518452299435111
1998-11-03,False,5,0.7700410792782403,0.5078014429475232,0.7536238645136024
1998-11-04,False,5,0.7472576040791007,0.49928318583973924,0.7283921683057303
1998-11-05,False,5,0.7482328930010873,0.48504069697053476,0.7266694577547682
1998-11-06,False,5,0.7360988275881172,0.48514439917468893,0.7141165760126406
1998-11-09,False,5,0.736453486152803,0.49391431098158767,0.7162341647537769
1998-11-10,False,5,0.744187145273445,0.5364253167431045,0.7338601411103857
1998-11-11,False,5,0.7579145280986043,0.5284802238505959,0.7467723658883392
1998-11-12,False,5,0.7534512568733683,0.5010829103629366,0.7365610860511159
1998-11-13,False,5,0.7483565518998442,0.5213951871077116,0.7355155951450496
1998-11-16,False,5,0.7334803892206789,0.5107010698936516,0.7180224059982546
1998-11-17,False,5,0.734954087893612,0.5104097406934607,0.7195380202149968
1998-11-18,False,5,0.7334576909939561,0.5218858376575772,0.7205043386089808
1998-11-19,False,5,0.7122541686678786,0.5133482844354739,0.696887822820951
1998-11-20,False,5,0.6512069059456342,0.5011333078524627,0.6351230680798957
1998-11-23,False,5,0.6208120804539026,0.5038173751248426,0.6049423773580132
1998-11-24,False,5,0.49931681259637184,0.4885597820985809,0.48992119445205184
1998-11-25,False,5,0.5098893982054787,0.4435840062973933,0.48983446797851293
1998-11-27,False,5,0.5088943833969293,0.47478725063425753,0.49685179380086114
1998-11-30,False,5,0.523590210802034,0.4329303977285145,0.499221471375993
1998-12-01,False,5,0.5188280950700261,0.3778581533465505,0.47924329133986315
1998-12-02,False,5,0.5282788213182971,0.35471344210458505,0.49121894007687833
1998-12-03,False,5,0.5238218854571535,0.372583037084678,0.4920779995323585
1998-12-04,False,5,0.4783735482240364,0.39285581942073194,0.4558649290460347
1998-12-07,False,5,0.48385590880700097,0.4256890549347006,0.4718940583839336
1998-12-08,False,5,0.5002961204469459,0.4189148648597298,0.4876895103379645
1998-12-09,False,5,0.5025682456977193,0.3697312207612538,0.47613337816596546
1998-12-10,False,5,0.5272354024362641,0.3819653551833764,0.5028293320006628
1998-12-11,False,5,0.5062778037898582,0.3962010550506731,0.4886545856555037
1998-12-14,False,5,0.5411407241832272,0.4299892370724458,0.5309345843280869
1998-12-15,False,5,0.5297145758808867,0.4612692009312428,0.5281777043581896
1998-12-16,False,5,0.533436307355916,0.5314673608289011,0.5507599967127268
1998-12-17,False,5,0.5345595104835865,0.4424839103184753,0.5310083134168917
1998-12-18,False,5,0.5120646825335338,0.4173354161182981,0.503110693616235
1998-12-21,False,5,0.505411051358267,0.41910801944005716,0.4961475858091831
1998-12-22,False,5,0.508848180315718,0.4517748999970422,0.5086861460452635
1998-12-23,False,5,0.4891655182527638,0.4828241866742747,0.4954416840434115
1998-12-24,False,5,0.4574977717751461,0.3227966447236322,0.42167399102024417
1998-12-28,False,5,0.40748211307103444,0.2947082176100107,0.37001896387755123
1998-12-29,False,5,0.40902497794992926,0.29509821858168944,0.3717885746233536
1998-12-30,False,5,0.38297135152412104,0.4274371753539046,0.3835813376882679
1998-12-31,False,5,0.3711720507857066,0.4420219965285734,0.3752207194889284
1999-01-04,False,5,0.35350942539361796,0.41062124846152004,0.35037962035496323
1999-01-05,False,5,0.31191188726495267,0.2719176285467938,0.2770184606133844
1999-01-06,False,5,0.3118064671153438,0.1472422948858075,0.237170405429815
1999-01-07,False,5,0.32500678846150144,0.1662448435902999,0.2563364846388167
1999-01-08,False,5,0.310836001512577,0.16676332923908913,0.24471905252257797
1999-01-11,False,5,0.31951580878152475,0.23720687855284073,0.27585913682454277
1999-01-12,False,5,0.3372366918443294,0.11736054517469965,0.2534204577985253
1999-01-13,False,5,0.3548006462751029,0.1386111265421005,0.27825673837815124
1999-01-14,False,5,0.38319345422641066,0.21552549809940064,0.33315859656319036
1999-01-15,False,5,0.3833569964856614,0.2967540707038604,0.3551965182502495
1999-01-19,False,5,0.38752730719434203,0.30713112992692493,0.36252383011869815
1999-01-20,False,5,0.39320367834707093,0.34563622287008916,0.37922227621333804
1999-01-21,False,5,0.40612763508832933,0.3251969030186962,0.3849527084915881
1999-01-22,False,5,0.4174531305740849,0.27491317408396987,0.3806621233989986
1999-01-25,False,5,0.4114170060042749,0.1777042048843944,0.34001874361197976
1999-01-26,False,5,0.40719312856548584,0.15350603153789455,0.3266757442193634
1999-01-27,False,5,0.42501968474320717,0.22179064751441827,0.3719763017959437
1999-01-28,False,5,0.4255828693432164,0.1271937542769635,0.3315026264562834
1999-01-29,False,5,0.42759645732886586,0.17793354479557014,0.36104524002530053
1999-02-01,False,5,0.42763230241078637,0.16703275401408085,0.3559170917782603
1999-02-02,False,5,0.4420242448407796,0.14943100679773233,0.3615198673065301
1999-02-03,False,5,0.4422717187423764,0.13299573358038444,0.3540253330614658
1999-02-04,False,5,0.4590162598374925,0.12459333260831194,0.36503031555085336
1999-02-05,False,5,0.45741594529625296,0.1327927028977907,0.3692855016798704
1999-02-08,False,5,0.4533031773901544,0.15254916491057077,0.3755999293865626
1999-02-09,False,5,0.46981216106535006,0.19680941140548475,0.4096379843951808
1999-02-10,False,5,0.4742406438431551,0.18871191100820167,0.41100183197624657
1999-02-11,False,5,0.4701070686364814,0.3036362612013013,0.4472141498259018
1999-02-12,False,5,0.49273895398592876,0.32469332357818004,0.4748227768208083
1999-02-16,False,5,0.48995986002750164,0.3051123530979338,0.4663147735007968
1999-02-17,False,5,0.5126390546175715,0.28066945818787176,0.4797454793562546
1999-02-18,False,5,0.5129763631768672,0.251862913736035,0.47069249212051806
1999-02-19,False,5,0.5136132187817356,0.24059553713867107,0.4676316033571441
1999-02-22,False,5,0.5137224563336573,0.27124454252036717,0.4774962138682932
1999-02-23,False,5,0.5120854414239487,0.2549423276702952,0.4702885811828698
1999-02-24,False,5,0.5243636097118437,0.21530848428614713,0.46742426884271016
1999-02-25,False,5,0.532726097490721,0.20185487636839108,0.47039885762820854
1999-02-26,False,5,0.5119928078877254,0.21760417225026452,0.45834534626051154
1999-03-01,False,5,0.5166130148580202,0.21209480822312743,0.46060486723081745
1999-03-02,False,5,0.5153741197526567,0.19334694943678357,0.45123267891008056
1999-03-03,False,5,0.49448108636884297,0.235112802806269,0.44895373744619965
1999-03-04,False,5,0.4946525506781872,0.2128124313933029,0.4410295751430904
1999-03-05,False,5,0.49258580116316114,0.22361176305534708,0.4401373781406111
1999-03-08,False,5,0.48450797722576816,0.14708355170592563,0.39874871668003337
1999-03-09,False,5,0.4890438106974665,0.15725517245852985,0.40798178982270444
1999-03-10,False,5,0.4653085906080097,0.13086947861061088,0.3737004468022877
1999-03-11,False,5,0.45449717986205634,0.18620290657619482,0.3898603448046569
1999-03-12,False,5,0.4205370778052479,0.09553128987714206,0.31513994462708966
1999-03-15,False,5,0.42147707620411473,0.1327503488250101,0.33792313697623383
1999-03-16,False,5,0.42133324547326234,0.20900778405744502,0.37115083941235355
1999-03-17,False,5,0.4322171009989031,0.09236981452225879,0.3233124109376557
1999-03-18,False,5,0.42916754854425787,0.13241533856891582,0.34425920237077673
1999-03-19,False,5,0.4475338041947959,0.10445970163959471,0.344593021072787
1999-03-22,False,5,0.45237850298150706,0.12709282425647148,0.36251557831885356
1999-03-23,False,5,0.4988328299261647,0.14272317656670683,0.41164627635946655
1999-03-24,False,5,0.49556629592963114,0.2022044346452371,0.43624834927473144
1999-03-25,False,5,0.4898107541301542,0.16377918349410772,0.41146556535679213
1999-03-26,False,5,0.5023142591826458,0.22474457677315962,0.45051772531703704
1999-03-29,False,5,0.4933300981739446,0.22761358206526106,0.4405174040371894
1999-03-30,False,5,0.5129556113788638,0.24996607074679564,0.46848462250607903
1999-03-31,False,5,0.5148745512811198,0.22657468767205302,0.461661150623867
1999-04-01,False,5,0.51936796165217,0.24575023501783008,0.4738662775244493
1999-04-05,False,5,0.5194153248902941,0.21335466853306592,0.4626214153317581
1999-04-06,False,5,0.5197018659763984,0.21760197712813853,0.46497963342108006
1999-04-07,False,5,0.5229005493532544,0.15745558738251073,0.4418834517347515
1999-04-08,False,5,0.5152564204491797,0.16816767429795745,0.43797071726181613
1999-04-09,False,5,0.49098734340457156,0.15517865660202904,0.4084998380935399
1999-04-12,False,5,0.47480841591459877,0.18315990238573754,0.4056025152570898
1999-04-13,False,5,0.4533897062085685,0.19256478371741287,0.3914430250348875
1999-04-14,False,5,0.4573395230848364,0.10833696649482384,0.3605396949487626
1999-04-15,False,5,0.45152611682536964,0.08552090087430857,0.3388806153696539
1999-04-16,False,5,0.446917113657114,0.07198159498478632,0.32350156812422964
1999-04-19,False,5,0.4375215214386502,0.08826714890943874,0.3312569989707354
1999-04-20,False,5,0.42673803574644564,0.17858304916346895,0.3716537755204873
1999-04-21,False,5,0.4247560591008373,0.18796759698664112,0.37128662567344944
1999-04-22,False,5,0.4247213432705998,0.29855083478776834,0.4102731109257082
1999-04-23,False,5,0.41319651764391263,0.2998356503735791,0.3996799217555534
1999-04-26,False,5,0.41806393054745883,0.15964600785486477,0.3535146783755956
1999-04-27,False,5,0.4199080671634393,0.07305785248225662,0.3031044820881143
1999-04-28,False,5,0.4180945322315441,0.11947093959905612,0.3334764352164703
1999-04-29,False,5,0.4097246227677324,0.0995602615112681,0.3142668467081224
1999-04-30,False,5,0.42028207796316647,0.09805309665482562,0.32329353582125214
1999-05-03,False,5,0.3998586893376702,0.03685535184994165,0.248307578181117
1999-05-04,False,5,0.4021672275673349,0.04731163659954473,0.2635462566239322
1999-05-05,False,5,0.39707453733443265,0.08847059336371443,0.29552994543843725
1999-05-06,False,5,0.37538998062961343,0.08334005623263555,0.2747907314748774
1999-05-07,False,5,0.36892124671580656,0.07162297759147179,0.2606354263669768
1999-05-10,False,5,0.37768199571883393,0.055590539023049876,0.2547505136518045
1999-05-11,False,5,0.35218029244280985,0.046094216092431715,0.22634054826540032
1999-05-12,False,5,0.3519019848688656,0.03794141245766983,0.21646787931599515
1999-05-13,False,5,0.33139039795125363,0.04129093574380303,0.2063531189107734
1999-05-14,False,5,0.3605147906187533,0.039843154541112535,0.22453654607721799
1999-05-17,False,5,0.3669286492391115,0.03929770327034222,0.22899196887855727
1999-05-18,False,5,0.3780470325520217,0.043242474262661444,0.2441414825268942
1999-05-19,False,5,0.370692075779126,0.04384803471661972,0.23875493378078116
1999-05-20,False,5,0.35870961792807443,0.07224901095035398,0.2563832764411406
1999-05-21,False,5,0.35385586071317504,0.05546441883662384,0.23839977814189472
1999-05-24,False,5,0.36698079123903254,0.08095227693837553,0.2689424521543694
1999-05-25,False,5,0.3857919139161028,0.09674720518699555,0.29521944747299433
1999-05-26,False,5,0.3751452602289237,0.059032606302292276,0.2571061413126664
1999-05-27,False,5,0.3924460956050197,0.07017357283187997,0.2798242146581196
1999-05-28,False,5,0.39306881746392397,0.07381377897370525,0.28347451945578267
1999-06-01,False,5,0.40062053283110793,0.08505232596212027,0.30058308969093483
1999-06-02,False,5,0.4017914355549102,0.05065280350296619,0.2707568256123007
1999-06-03,False,5,0.39639667760333125,0.07774944801827038,0.29129324654498717
1999-06-04,False,5,0.3939825031946491,0.06486720274864208,0.27749269542399163
1999-06-07,False,5,0.39348814778997565,0.08034353782286005,0.2898374239029958
1999-06-08,False,5,0.40847447241043827,0.08855592887356396,0.30789635127655335
1999-06-09,False,5,0.41412100255647216,0.10828783496760533,0.325964748690628
1999-06-10,False,5,0.4253137626904738,0.13989715810194991,0.3536118837467413
1999-06-11,False,5,0.4271854018737775,0.10491530709512699,0.33517262437336465
1999-06-14,False,5,0.4360320187079609,0.08395615190331578,0.3291938641719766
1999-06-15,False,5,0.4221998375612601,0.11983065824750024,0.340757982609157
1999-06-16,False,5,0.41011036894183456,0.1671685781265179,0.35258711280103056
1999-06-17,False,5,0.3647190976080854,0.0911789279467366,0.2756278265029771
1999-06-18,False,5,0.3676950949244593,0.10422934843153764,0.2864444220556249
1999-06-21,False,5,0.3745585499974815,0.10781735142947899,0.2960335350647767
1999-06-22,False,5,0.37806068117626607,0.08194663541722931,0.28234615332178825
1999-06-23,False,5,0.38291742975390664,0.061457127018594536,0.27106197269240573
1999-06-24,False,5,0.38442638465311646,0.07936612220016034,0.2871372649803931
1999-06-25,False,5,0.37818947708622974,0.0987823383963448,0.29507492987233885
1999-06-28,False,5,0.3736753424604724,0.08792422271930926,0.2834170113813701
1999-06-29,False,5,0.37368691521886727,0.0838512142359858,0.2803464161964347
1999-06-30,False,5,0.36410100872876683,0.1226439215178679,0.29570415041176024
1999-07-01,False,5,0.361407668521113,0.10277445470413263,0.28232892667060866
1999-07-02,False,5,0.3642939612089458,0.09386734821994458,0.2795703491974778
1999-07-06,False,5,0.374456009918939,0.13221010559166926,0.310207140322415
1999-07-07,False,5,0.38466599552870967,0.11445924446676276,0.3112017771674595
1999-07-08,False,5,0.38726689756903365,0.1706991995162893,0.34087421971747284
1999-07-09,False,5,0.38453689833764976,0.167774939151897,0.3368247619931173
1999-07-12,False,5,0.3939003608079181,0.11783685221807269,0.3213200206628352
1999-07-13,False,5,0.40262048442079196,0.14100393638399955,0.34189200065355624
1999-07-14,False,5,0.392856898953793,0.2148870126544781,0.36312293705463555
1999-07-15,False,5,0.3924853832842504,0.23285242605110806,0.3683920648739795
1999-07-16,False,5,0.39308876062341475,0.22178864447465108,0.3681406522693125
1999-07-19,False,5,0.40734355734263494,0.28305949791643464,0.4013719278331079
1999-07-20,False,5,0.426117400206833,0.26811348225862514,0.41346859190254964
1999-07-21,False,5,0.42559476278068814,0.30672029574325604,0.4250299233023076
1999-07-22,False,5,0.4368068770667216,0.3115502451464477,0.43721512851060473
1999-07-23,False,5,0.4437315170945265,0.2121245429696077,0.40833285997551927
1999-07-26,False,5,0.4556846958274034,0.13323297889359897,0.38235932853862037
1999-07-27,False,5,0.4473786980962496,0.1442774919388673,0.37945201826281416
1999-07-28,False,5,0.4527222130504746,0.11036302542632577,0.36778715455334043
1999-07-29,False,5,0.46506131120686406,0.13555427319698302,0.39182046123101977
1999-07-30,False,5,0.4743258262689242,0.14784542366979841,0.4081662110638999
1999-08-02,False,5,0.47143505070771113,0.1268909643336646,0.39390776566926045
1999-08-03,False,5,0.48111164735482775,0.14083502773035547,0.41139058165556014
1999-08-04,False,5,0.4931133724515532,0.20816628599606712,0.4533183317914662
1999-08-05,False,5,0.4962948696268513,0.11765881798177091,0.4122863410065591
1999-08-06,False,5,0.5059849103977903,0.1396879893751359,0.43463570959397385
1999-08-09,False,5,0.5057855339001465,0.2554555331729724,0.48466731729213813
1999-08-10,False,5,0.4990900020331676,0.2865336510930373,0.4902104224247817
1999-08-11,False,5,0.49268950507493736,0.35094205885922103,0.5011220905971485
1999-08-12,False,5,0.49156161666893816,0.26309068349754494,0.4719784866163511
1999-08-13,False,5,0.4917138115831266,0.2992480131788862,0.4831080359019793
1999-08-16,False,5,0.4904830747146703,0.3505706044689811,0.4973165111131721
1999-08-17,False,5,0.48441798382468315,0.30844010677290723,0.477203084577587
1999-08-18,False,5,0.47502506466444766,0.26397855719549923,0.45477607232924316
1999-08-19,False,5,0.45883882226410516,0.18827734802142107,0.41104810551504234
1999-08-20,False,5,0.4583914892825447,0.15623255819138537,0.3949158616411764
1999-08-23,False,5,0.43582479620366216,0.21246326491967235,0.3985800942284125
1999-08-24,False,5,0.4455825895888938,0.11987175736660001,0.3657993100596816
1999-08-25,False,5,0.4404883006391051,0.24554082222896584,0.4156368509545368
1999-08-26,False,5,0.4500738769080094,0.2767862113620541,0.43522817136532577
1999-08-27,False,5,0.4641851994669861,0.3262117521748259,0.46378622062765135
1999-08-30,False,5,0.4911665455534836,0.2518525788739573,0.46657032944066623
1999-08-31,False,5,0.49701241629205895,0.30661810493730124,0.4914328448799679
1999-09-01,False,5,0.48084668336956393,0.3161433867425374,0.47786148073899753
1999-09-02,False,5,0.48751778634328924,0.36617812201835337,0.49793904717653453
1999-09-03,False,5,0.4746115346751346,0.48743787834059016,0.5135038358373228
1999-09-07,False,5,0.47123614993499796,0.4104595665727872,0.4900501652114761
1999-09-08,False,5,0.4717860235012305,0.40533156684535393,0.4871651635524887
1999-09-09,False,5,0.47208462109100036,0.44354530857479013,0.49844511810406594
1999-09-10,False,5,0.4768965642047146,0.38660448004232517,0.48873923932876967
1999-09-13,False,5,0.4844652477664077,0.3893019457580667,0.49753241843042456
1999-09-14,False,5,0.49640826115763925,0.2949926083656473,0.47988485185973356
1999-09-15,False,5,0.5055476787859671,0.28173068490936104,0.4837460126304454
1999-09-16,False,5,0.5037166785929056,0.3678545038369659,0.5085087085791137
1999-09-17,False,5,0.5006179263459946,0.29872323876698054,0.4826602691345735
1999-09-20,False,5,0.4880735666659575,0.3049238674508106,0.4733973212670676
1999-09-21,False,5,0.5098089362120473,0.2925560024005827,0.4874301481975108
1999-09-22,False,5,0.5157117720135541,0.2519137402200898,0.48093915204215126
1999-09-23,False,5,0.5476471214387972,0.28505672312048025,0.5232427594021599
1999-09-24,False,5,0.5568522590060438,0.16072980733324163,0.48340429537577584
1999-09-27,False,5,0.5557622420097946,0.16382474895556381,0.48209483147135046
1999-09-28,False,5,0.5640308787731275,0.1470449610515296,0.48196623458980054
1999-09-29,False,5,0.5617018472141304,0.14735074072606583,0.4805873649105735
1999-09-30,False,5,0.5548971463311813,0.16783850264085073,0.48185013085770695
1999-10-01,False,5,0.5584560673423746,0.1302032710069246,0.4660690526741842
1999-10-04,False,5,0.5579734064690627,0.111917491486074,0.4542681476252366
1999-10-05,False,5,0.5563128021823951,0.1267789139088617,0.46242316315043025
1999-10-06,False,5,0.5483669676058728,0.11679475882317057,0.4459684339913245
1999-10-07,False,5,0.5513765978652341,0.14265893477275104,0.4649425676373987
1999-10-08,False,5,0.5523420062544578,0.1410870041839699,0.4657400611521292
1999-10-11,False,5,0.5527141097553808,0.14605265647149013,0.4693022130359048
1999-10-12,False,5,0.5644603917743757,0.15288704832399022,0.4837155467427534
1999-10-13,False,5,0.5745409701196507,0.08062773794592275,0.44316992949131534
1999-10-14,False,5,0.5764427215371004,0.10175620712379146,0.4635510146988961
1999-10-15,False,5,0.6050277864236333,0.19908151100045415,0.5407971471999401
1999-10-18,False,5,0.6013871744456889,0.24396236523710188,0.5551433291186821
1999-10-19,False,5,0.5898565164631082,0.10380058915903885,0.47421941448590726
1999-10-20,False,5,0.5900098534464436,0.07525306587085474,0.4523717120585743
1999-10-21,False,5,0.5934450060332274,0.07864294954645361,0.45965565217465576
1999-10-22,False,5,0.5706388673531763,0.06050706518097631,0.4184289459265698
1999-10-25,False,5,0.5685581456261316,0.09160809791677385,0.44589287567657004
1999-10-26,False,5,0.578028497473097,0.1060850727866455,0.466212038839811
1999-10-27,False,5,0.5676176621178509,0.07144110981143202,0.426289803455041
1999-10-28,False,5,0.5545207063797893,0.11933446957335807,0.44466683494557085
1999-10-29,False,5,0.5501487936982222,0.121403017012213,0.44110328473038457
1999-11-01,False,5,0.5470467454069596,0.10343689005358048,0.4266565828910656
1999-11-02,False,5,0.5462325592483331,0.0805967844136411,0.40761983985225186
1999-11-03,False,5,0.5256450093537115,0.14637085894420693,0.4328521478001866
1999-11-04,False,5,0.5325336849515618,0.18548198575144886,0.4609833100910637
1999-11-05,False,5,0.5271461303643886,0.1410260804465339,0.43396536152206144
1999-11-08,False,5,0.5306381952574817,0.1327016953369663,0.43460062650024855
1999-11-09,False,5,0.5386459334522058,0.13438158393023078,0.4440120943720516
1999-11-10,False,5,0.5419833180063875,0.13744529724531981,0.45019899587630996
1999-11-11,False,5,0.5314141715845768,0.24584506360860503,0.48829177274015323
1999-11-12,False,5,0.5230745278216036,0.24492412263775032,0.4788123400828835
1999-11-15,False,5,0.5249445723031255,0.3123970487912829,0.5044127708527291
1999-11-16,False,5,0.5246794702642575,0.3072837643252942,0.5015959724882351
1999-11-17,False,5,0.5222028898318788,0.3272264536971827,0.5061845619496584
1999-11-18,False,5,0.5220675569971526,0.20489931092756458,0.46310800911428474
1999-11-19,False,5,0.5176985114385978,0.20804535939343113,0.4603891952106561
1999-11-22,False,5,0.5116665828297754,0.2430495371542054,0.4696040668288618
1999-11-23,False,5,0.4992559744313671,0.19116861291170817,0.43850562897163436
1999-11-24,False,5,0.49331867897689685,0.3024138323424473,0.47308802152726276
1999-11-26,False,5,0.49913345228967654,0.29168837047224844,0.4759346200517252
1999-11-29,False,5,0.5014267900138248,0.28525518234273306,0.47643332064513655
1999-11-30,False,5,0.509881233245915,0.15820439847063572,0.43959114385839465
1999-12-01,False,5,0.5054823321627459,0.17342352331033173,0.442415500207482
1999-12-02,False,5,0.4993825249514579,0.13973583827387445,0.4200048221130716
1999-12-03,False,5,0.4947011704465713,0.15284182099112592,0.420379167882265
1999-12-06,False,6,0.5026492369725543,0.0795784132889114,0.30972120225208727
1999-12-07,False,6,0.5065174241388269,0.03391645183806333,0.24299799079811477
1999-12-08,False,6,0.49858436634370085,0.0339585505134725,0.23812864534949738
1999-12-09,False,6,0.49168927301848897,0.018573597321020364,0.19368790578822445
1999-12-10,False,6,0.4813121546958311,0.026146179849499462,0.2093877213036028
1999-12-13,False,6,0.48804481267623373,0.021293865125724037,0.20079238535487884
1999-12-14,False,6,0.4910885950375019,0.018430605821292433,0.1940884546053692
1999-12-15,False,6,0.46812400620015204,0.01592969520349521,0.17390679300537254
1999-12-16,False,6,0.4652248610199541,0.015751901812830323,0.17184759261222957
1999-12-17,False,6,0.4344529714504931,0.030165018693254702,0.1948395070248273
1999-12-20,False,6,0.43101541009286254,0.021648170494884645,0.17346394407491542
1999-12-21,False,6,0.4325334365043272,0.0346614277125839,0.20332396124065344
1999-12-22,False,6,0.4227732408764968,0.036535064170882016,0.20105087522226736
1999-12-23,False,6,0.4146234239700897,0.07950096039382391,0.24930374807505357
1999-12-27,False,6,0.4194520293316364,0.07733649241930447,0.2512542993568155
1999-12-28,False,6,0.4094289023076787,0.08089325772124062,0.24732470152774538
1999-12-29,False,6,0.40963014694738437,0.053199949066873434,0.21617736886859298
1999-12-30,False,6,0.4055803399521572,0.050225947042289144,0.2095103339463322
1999-12-31,False,6,0.4061170289860509,0.02959163942572405,0.1768988306498704
2000-01-03,False,6,0.4310019305581358,0.026603036742904342,0.18311276014645297
2000-01-04,False,6,0.4821647390528163,0.0314041927421904,0.2215179352061053
2000-01-05,False,6,0.479220494226045,0.012788762582372397,0.16483922089189607
2000-01-06,False,6,0.4518644989583082,0.014772374020731604,0.15962508291184682
2000-01-07,False,6,0.4199546358716969,0.07588165873632527,0.2437586617483086
2000-01-10,False,6,0.41318032851572634,0.04486711014854049,0.202167300322284
2000-01-11,False,6,0.3830916666843276,0.05370320669553501,0.19746453117940035
2000-01-12,False,6,0.38542472699091346,0.059926158471817995,0.20635842250573108
2000-01-13,False,6,0.38148958764793134,0.0819730693319533,0.2249281832570421
2000-01-14,False,6,0.3849589876690738,0.07021367112700473,0.21655369424776102
2000-01-18,False,6,0.3812262915202165,0.07041682945613743,0.21448079788627947
2000-01-19,False,6,0.3851229071205748,0.08545089391961283,0.23191894748707267
2000-01-20,False,6,0.39263737170791213,0.12103589977161018,0.26534797556413403
2000-01-21,False,6,0.3772028130141919,0.08048986104110056,0.22285616325713223
2000-01-24,False,6,0.4164299136082595,0.056108790107574164,0.22168855922733868
2000-01-25,False,6,0.42576728222853955,0.01832515111764713,0.16149157147964951
2000-01-26,False,6,0.4319389716042672,0.0411360801997983,0.21493610499619623
2000-01-27,False,6,0.4275538692499831,0.029461986291746144,0.1907138249270018
2000-01-28,False,6,0.46401557327982923,0.0369666554080019,0.22678147834755036
2000-01-31,False,6,0.4627828125004717,0.027273756687142787,0.20558133557855593
2000-02-01,False,6,0.4578701803322105,0.03624006209393996,0.22124934277217506
2000-02-02,False,6,0.4589428162116968,0.037178563798229015,0.2238796609495222
2000-02-03,False,6,0.456131297371528,0.04755378760776137,0.23925238181669176
2000-02-04,False,6,0.446524252886266,0.04928917290842815,0.2354017081436417
2000-02-07,False,6,0.45347959767519047,0.05419088789695846,0.2472844106007195
2000-02-08,False,6,0.4530889490111366,0.03476658274910913,0.21543852475441738
2000-02-09,False,6,0.4730221943964177,0.02309367510457026,0.20091479673177878
2000-02-10,False,6,0.48014196215043925,0.05554527536860893,0.2689967679997679
2000-02-11,False,6,0.5048884051450693,0.02367077117478195,0.22329494548701917
2000-02-14,False,6,0.49970183933850515,0.031948280988167696,0.24097452370413977
2000-02-15,False,6,0.4993662911219624,0.033405799787802136,0.24400973975871865
2000-02-16,False,6,0.5040406504769663,0.032057735029320036,0.24433214568629744
2000-02-17,False,6,0.4946415737477468,0.08083870420076818,0.31290224162047364
2000-02-18,False,6,0.516899904288074,0.06361433602827579,0.30714538707195044
2000-02-22,False,6,0.5174211606863378,0.07281002899063294,0.3200117470333402
2000-02-23,False,6,0.5188583021449934,0.0474331066878039,0.284288370920186
2000-02-24,False,6,0.5199115892737589,0.07875525408748679,0.329482120298631
2000-02-25,False,6,0.5314934176725682,0.06058265823652639,0.3146657904801244
2000-02-28,False,6,0.5290463884175,0.10107586444738784,0.3602701764082133
2000-02-29,False,6,0.525973046882464,0.08139920944307541,0.33542552464151587
2000-03-01,False,6,0.526963714309913,0.0702051232513031,0.32350875354277525
2000-03-02,False,6,0.5252139092059425,0.05942291240238715,0.3074373104578587
2000-03-03,False,6,0.5108564012263938,0.089362546410724,0.33153221124843096
2000-03-06,False,6,0.5208463775499316,0.04553284420895845,0.2801660463094822
2000-03-07,False,6,0.5460480377760639,0.10176266112503402,0.37312096197507644
2000-03-08,False,6,0.5483306947659928,0.10028649000338359,0.37429475868230405
2000-03-09,False,6,0.5399938560654634,0.09305295977991736,0.35786252556926956
2000-03-10,False,6,0.5400859952454059,0.11702848811528692,0.38070325431095897
2000-03-13,False,6,0.5481951141661133,0.13582894406319088,0.40419782059044407
2000-03-14,False,6,0.568018744618849,0.07019487434840979,0.3547138057004139
2000-03-15,False,6,0.5663766504333374,0.25265088172874656,0.4892957602366458
2000-03-16,False,6,0.574146176801294,0.307774057458976,0.5115410281731294
2000-03-17,False,6,0.580198012203206,0.3332055368633788,0.5292152772886621
2000-03-20,False,6,0.5899680759077417,0.2613370736738928,0.5054635646959041
2000-03-21,False,6,0.5901319459758629,0.2842100514286325,0.5172992957139394
2000-03-22,False,6,0.5894493963314776,0.32922893880457293,0.5373441934206166
2000-03-23,False,6,0.5862526291438503,0.3450495795259431,0.5405596540745022
2000-03-24,False,6,0.5912397844451515,0.37176493742475186,0.5571712596804291
2000-03-27,False,6,0.5998885684118637,0.35789272477809,0.5600406837660041
2000-03-28,False,6,0.6135913224546126,0.2776328859137547,0.5384318766845564
2000-03-29,False,6,0.5889445841256247,0.3204848694476772,0.5356903177830349
2000-03-30,False,6,0.545149828918358,0.2135759337859541,0.4436976196630367
2000-03-31,False,6,0.5428822527306527,0.3241256754477265,0.49557203293604685
2000-04-03,False,6,0.5458583832724341,0.3286748750265573,0.5007246792422113
2000-04-04,False,6,0.5642593340865493,0.2218557543439796,0.4693951222243846
2000-04-05,False,6,0.5693010744681403,0.28566838518192395,0.5070594720406292
2000-04-06,False,6,0.5535755009273294,0.27491201182194847,0.48658983388323557
2000-04-07,False,6,0.5487439111821595,0.23701754875709452,0.462481855550075
2000-04-10,False,6,0.5609920863086867,0.2753189619189496,0.49504181541880693
2000-04-11,False,6,0.5617162064940213,0.21046332449326133,0.46158752398537495
2000-04-12,False,6,0.5710567006128996,0.22656225716229406,0.4795078348783639
2000-04-13,False,6,0.5860313088544317,0.2455621545041829,0.5042208210664539
2000-04-14,False,6,0.6745686156148692,0.2671771987546858,0.5933319588766434
2000-04-17,False,6,0.6687043032559477,0.29749482928778037,0.6006369415119323
2000-04-18,False,6,0.6360315382307928,0.20661469888285844,0.521141312089391
2000-04-19,False,6,0.6280973334979099,0.21758877045233124,0.5189971598998454
2000-04-20,False,6,0.6214869158688983,0.2120294762800368,0.5085642616210438
2000-04-24,False,6,0.6201610073191294,0.2109512784544272,0.5070373702140604
2000-04-25,False,6,0.5823204740473302,0.23559868390916136,0.4814669538665212
2000-04-26,False,6,0.5985767066092419,0.18783122537408484,0.4693972055990765
2000-04-27,False,6,0.6026773060638353,0.2446007671686395,0.5063367950875337
2000-04-28,False,6,0.6020742593539662,0.17359464003529831,0.4639047409275098
2000-05-01,False,6,0.600830058613708,0.19645014139829403,0.47716075561683485
2000-05-02,False,6,0.6130665461926542,0.2565848364832816,0.5224031003580872
2000-05-03,False,6,0.6300706380965969,0.23453133174769464,0.5270996386184829
2000-05-04,False,6,0.627135694321103,0.22819879750551442,0.5203214203561113
2000-05-05,False,6,0.6077832031630809,0.2421543107614736,0.5083047083023712
2000-05-08,False,6,0.6085204471386676,0.3008872917295076,0.5378853993117411
2000-05-09,False,6,0.5945721798468454,0.2772075747284297,0.5135843667744813
2000-05-10,False,6,0.6156600148219595,0.2844407739789318,0.5371537141744122
2000-05-11,False,6,0.6129557741977102,0.3043506104645876,0.5427111915104494
2000-05-12,False,6,0.6018131218952185,0.2877558446126832,0.5238948208854668
2000-05-15,False,6,0.5961351812317142,0.2614114221873817,0.5043065005909474
2000-05-16,False,6,0.563414394622255,0.33914374232347655,0.510876727566801
2000-05-17,False,6,0.5804246204001373,0.41711250430982616,0.5589103323036783
2000-05-18,False,6,0.5846621122084708,0.3909503037110381,0.5523429491621517
2000-05-19,False,6,0.5966801353093082,0.36059798287802086,0.550831371270306
2000-05-22,False,6,0.590233128609143,0.2869195236698806,0.5122480423003918
2000-05-23,False,6,0.6080738287615951,0.2711864004335454,0.5223780482232081
2000-05-24,False,6,0.6095513147693984,0.20638078997241724,0.48977371881599346
2000-05-25,False,6,0.6265668284003092,0.2390809074141746,0.5248976780287663
2000-05-26,False,6,0.6258203585160754,0.20196122305790462,0.503090086665495
2000-05-30,False,6,0.6250340316051447,0.2337387782182263,0.5189473677078376
2000-05-31,False,6,0.6168312753709551,0.25200466978081804,0.5205172194623504
2000-06-01,False,6,0.5826350458427577,0.2040603045275077,0.4603599602219167
2000-06-02,False,6,0.5733831798017364,0.3438003272091844,0.519806056739077
2000-06-05,False,6,0.5886405156309796,0.2560291280384341,0.4945903164289174
2000-06-06,False,6,0.5865569563100034,0.33318722164654446,0.5286502816701901
2000-06-07,False,6,0.5780501711993569,0.2642377685707122,0.48854026477750256
2000-06-08,False,6,0.5681634775944244,0.2666841770528293,0.4804888354686796
2000-06-09,False,6,0.5758280334074534,0.23728395425590665,0.4761026819984902
2000-06-12,False,6,0.5754190541572417,0.15445258488417496,0.4352086430298189
2000-06-13,False,6,0.5694850129117341,0.1541195917100922,0.4290585082774277
2000-06-14,False,6,0.5606697473008994,0.18491658646837184,0.44160620904578374
2000-06-15,False,6,0.5652001199822877,0.15955488204377344,0.4296452098079641
2000-06-16,False,6,0.5747603156671939,0.14227678689379042,0.4255983538579564
2000-06-19,False,6,0.5811521113926071,0.10728163351111353,0.40233551879140805
2000-06-20,False,6,0.5894630348976485,0.1390887116964703,0.4380161408431736
2000-06-21,False,6,0.5841203449118882,0.10103844180461875,0.3987195849254752
2000-06-22,False,6,0.593367640085052,0.11031700133889283,0.41617644667532044
2000-06-23,False,6,0.5990563796704275,0.1038103636185426,0.4149058565391201
2000-06-26,False,6,0.5946257965174735,0.14114887522582276,0.4428327891025076
2000-06-27,False,6,0.6027707475252944,0.1755281990896866,0.47706316791972625
2000-06-28,False,6,0.6007965943869451,0.2628170183975226,0.5244656590383561
2000-06-29,False,6,0.5926899524093484,0.3091654042913234,0.5383037407264963
2000-06-30,False,6,0.5978368592021109,0.2591713096405165,0.5210547203353959
2000-07-03,False,6,0.5964633289239483,0.14355317654135397,0.448056873112179
2000-07-05,False,6,0.603207321485298,0.21053956251583458,0.49987315384684405
2000-07-06,False,6,0.5945921175538765,0.13808419379925108,0.441503114465602
2000-07-07,False,6,0.5904059348584905,0.15799695175320144,0.45203082627114965
2000-07-10,False,6,0.5781193559831335,0.1490479230937906,0.43275862561436296
2000-07-11,False,6,0.5618933045492753,0.0789149631300714,0.35202666942059857
2000-07-12,False,6,0.4417850021318493,0.017096312248333346,0.16456813184308364
2000-07-13,False,6,0.44631844320051867,0.02924570341956338,0.1988418365875815
2000-07-14,False,6,0.44940695035617434,0.02730017905453294,0.19719306877479698
2000-07-17,False,6,0.4516631165916218,0.026073466639565508,0.19554827752306497
2000-07-18,False,6,0.46479145113489845,0.03584546206224033,0.22501225538516637
2000-07-19,False,6,0.4710291472798724,0.04172182884454516,0.23952641984634046
2000-07-20,False,6,0.46746449594995626,0.034482418050163284,0.22642399235505495
2000-07-21,False,6,0.47300438465161077,0.05228266765548264,0.2613709432662668
2000-07-24,False,6,0.48608975959677003,0.05124169841390298,0.269187228534569
2000-07-25,False,6,0.48577536774046415,0.06774617655653728,0.2922159677733888
2000-07-26,False,6,0.4990704911413817,0.02908052813560083,0.23621179068127726
2000-07-27,False,6,0.4921646760228174,0.06225450651200693,0.2909401961287799
2000-07-28,False,6,0.4823996401028554,0.046082211546875904,0.25976463122591575
2000-07-31,False,6,0.4812539201425527,0.04382426434151391,0.2546327937728654
2000-08-01,False,6,0.48148523326397036,0.03127989443793784,0.23019709939485386
2000-08-02,False,6,0.4748394942592587,0.03915030130596824,0.24181677084122483
2000-08-03,False,6,0.47040217682139296,0.03970115676072703,0.2396911491361344
2000-08-04,False,6,0.444033946429042,0.028356448321067356,0.19973296088891387
2000-08-07,False,6,0.44404344333710727,0.06411836621631734,0.258745663506813
2000-08-08,False,6,0.4437206011021563,0.05851875576652356,0.25137191150798555
2000-08-09,False,6,0.45453538146728323,0.060117782925583355,0.26272444232303416
2000-08-10,False,6,0.46338337135305935,0.07717497333228417,0.29025615758666284
2000-08-11,False,6,0.44308234174855304,0.03678896004433552,0.21764094092927502
2000-08-14,False,6,0.429305834494078,0.04793992124968274,0.22646005737745806
2000-08-15,False,6,0.41092508275525097,0.01638215997348121,0.15186028144886132
2000-08-16,False,6,0.4033626367007257,0.025927980199305357,0.17264133744884555
2000-08-17,False,6,0.38404082221016744,0.036230057563453204,0.18094855493033984
2000-08-18,False,6,0.3916433643652133,0.03434314263138088,0.182384277023137
2000-08-21,False,6,0.37634374074074495,0.013643990203652362,0.1273512445237131
2000-08-22,False,6,0.3703107742385985,0.03978924669624418,0.17909632858392946
2000-08-23,False,6,0.3703724337574318,0.02804002371256885,0.16171581394462467
2000-08-24,False,6,0.3653203774692824,0.022583089869749697,0.14766732181776437
2000-08-25,False,6,0.36808036097998553,0.01583390805218889,0.13297312791963392
2000-08-28,False,6,0.37253861637864794,0.026428767090788414,0.16191893397596016
2000-08-29,False,6,0.36578666294083245,0.003137100657482565,0.0755891875620073
2000-08-30,False,6,0.36384792420753154,0.006205315463897344,0.09565661873607116
2000-08-31,False,6,0.36191146428200677,0.008932456625556638,0.10783430006090314
2000-09-01,False,6,0.3495313284774314,0.008435714146425577,0.10103953242328173
2000-09-05,False,6,0.3528962201458147,0.01149087368597118,0.11401607456247112
2000-09-06,False,6,0.3472518135541001,0.01262909218533988,0.11572714700126245
2000-09-07,False,6,0.3489356613033227,0.008547151259057199,0.10176178648277599
2000-09-08,False,6,0.35590360321559256,0.01165469710760351,0.11633434416038642
2000-09-11,False,6,0.3592155894972701,0.022674322887281714,0.14781339985097422
2000-09-12,False,6,0.35180932439677415,0.024396305731764444,0.14788567660682853
2000-09-13,False,6,0.35446705207825263,0.01861185278048871,0.1361501320342641
2000-09-14,False,6,0.34997122416543686,0.01110181917381313,0.11228017022531919
2000-09-15,False,6,0.3643476349557445,0.014269572850226562,0.12864286952564324
2000-09-18,False,6,0.3651391271143777,0.02439583237261814,0.15441060370141713
2000-09-19,False,6,0.3609771723430489,0.03524119017387827,0.17223919307159585
2000-09-20,False,6,0.3792162928105321,0.032633201846535745,0.1785229334902237
2000-09-21,False,6,0.3796391484402492,0.03312029369663286,0.17953693450681993
2000-09-22,False,6,0.37872751451420633,0.029976494130371806,0.17291297901521965
2000-09-25,False,6,0.3795747320398635,0.015580955554017164,0.13936927712377647
2000-09-26,False,6,0.38137149694557904,0.028484251805385278,0.17143482297574272
2000-09-27,False,6,0.3824714768681266,0.013776554046246335,0.13582278536018463
2000-09-28,False,6,0.37433178058926775,0.03112668179474582,0.17173947964958697
2000-09-29,False,6,0.3835584847728448,0.03058116472597982,0.1762718119127777
2000-10-02,False,6,0.3935153655870238,0.06705073031693838,0.2347082655824288
2000-10-03,False,6,0.3979550894400928,0.03155383063662659,0.18705982319875858
2000-10-04,False,6,0.39958523243653093,0.023531369043967156,0.17107949401769462
2000-10-05,False,6,0.40753052602855555,0.05321629638921085,0.22851015819667816
2000-10-06,False,6,0.43480005013938217,0.07089981551292496,0.2691014521558342
2000-10-09,False,6,0.43526499598047963,0.054102115965120656,0.2482721894610738
2000-10-10,False,6,0.4435741171283076,0.0329832094371837,0.21794188126960787
2000-10-11,False,6,0.4517938799760105,0.025556903062431864,0.20603938842684635
2000-10-12,False,6,0.47920369787078904,0.030191399857358272,0.2327559446278925
2000-10-13,False,6,0.48092417796498294,0.05302311940051639,0.27491140289935256
2000-10-16,False,6,0.46283825900320114,0.03694667605001967,0.23425550514667454
2000-10-17,False,6,0.470566518792349,0.04115775469616115,0.24685699339465567
2000-10-18,False,6,0.4761912286955145,0.041075437384013785,0.25097630290137146
2000-10-19,False,6,0.46748911932931436,0.07962137385575727,0.29606722154154824
2000-10-20,False,6,0.4601589405001308,0.07764819313159842,0.28798360659726857
2000-10-23,False,6,0.4411336261851362,0.04361553494656963,0.22952616395548217
2000-10-24,False,6,0.4429016500235102,0.04754284387714167,0.23756922082664939
2000-10-25,False,6,0.46983349004478053,0.04978544268001047,0.2601388552402117
2000-10-26,False,6,0.4698164573654193,0.08575746064837382,0.30604855400037206
2000-10-27,False,6,0.46642554812248027,0.07345815472781375,0.28909645824558555
2000-10-30,False,6,0.4664470312648137,0.06006384518042837,0.27100606731945476
2000-10-31,False,6,0.4677450340800439,0.0384965404613604,0.23652508445243497
2000-11-01,False,6,0.4765328444837983,0.04838108319929507,0.26007182186456623
2000-11-02,False,6,0.4664936757290809,0.047497489516018766,0.2510922976792842
2000-11-03,False,6,0.4658865125993314,0.05270420315385239,0.2589148034746063
2000-11-06,False,6,0.46778833055117697,0.0562836351768202,0.2662175550329114
2000-11-07,False,6,0.47424307521058556,0.055906800768293616,0.2709798117177393
2000-11-08,False,6,0.4715239746596659,0.03691514428384591,0.23736840886171698
2000-11-09,False,6,0.47680004525703307,0.05336460280954161,0.26928512582551833
2000-11-10,False,6,0.503624186988469,0.07227759874671011,0.31551059281309374
2000-11-13,False,6,0.507240735877357,0.0338012027986239,0.2555963657959832
2000-11-14,False,6,0.5038101955077119,0.03800704408466194,0.26108545851266923
2000-11-15,False,6,0.4989670498171017,0.05422312153109465,0.2858175659667206
2000-11-16,False,6,0.5120717106992245,0.06805252911088273,0.31575188309261243
2000-11-17,False,6,0.5148900153949348,0.07393708055230747,0.32585448250926896
2000-11-20,False,6,0.5343515230825658,0.03463627707056475,0.27618609553328116
2000-11-21,False,6,0.5299456369478441,0.04473224934970415,0.2937418353174119
2000-11-22,False,6,0.545645959068871,0.06829010953651735,0.3437795128882886
2000-11-24,False,6,0.5388297169423358,0.0800885120178131,0.35166546720328856
2000-11-27,False,6,0.5412454174767127,0.07086380291597079,0.3425298234791779
2000-11-28,False,6,0.5563435208997773,0.0732806145494312,0.35875787374432266
2000-11-29,False,6,0.5517376127079827,0.07018364228192488,0.3503331192084338
2000-11-30,False,6,0.5681248065593791,0.09768326568904091,0.39614883968887465
2000-12-01,False,6,0.5656330071063022,0.1945189026826074,0.46950744913270326
2000-12-04,False,6,0.5562966427582764,0.1437291443448505,0.42544456349739335
2000-12-05,False,6,0.5533348162509103,0.2102413415656123,0.46306784025994524
2000-12-06,False,6,0.5656821553210067,0.24701401907192017,0.4945039817801659
2000-12-07,False,6,0.5673188399904999,0.2561991224520281,0.5007268533461906
2000-12-08,False,6,0.5578581196971955,0.19407263356689675,0.4548362688220736
2000-12-11,False,6,0.5418884728177763,0.21561495408958603,0.4525741005793675
2000-12-12,False,6,0.5291465098483396,0.17666776558798017,0.4177872564995959
2000-12-13,False,6,0.5404406966790327,0.17145411407292932,0.42480711739132354
2000-12-14,False,6,0.5411493242908318,0.19347185835825703,0.4395367366590012
2000-12-15,False,6,0.5572708382573923,0.12601103064508942,0.405923219024244
2000-12-18,False,6,0.5575478120240095,0.19667868581121897,0.45640219579117747
2000-12-19,False,6,0.5599557237802942,0.18511971643088504,0.4517440394827229
2000-12-20,False,6,0.5836370672640537,0.14476149978253286,0.4447588107299604
2000-12-21,False,6,0.5817040920111042,0.11435882456855088,0.41683810748979544
2000-12-22,False,6,0.5830554468071528,0.10874667570201296,0.41153140537510535
2000-12-26,False,6,0.5717499829116254,0.0873853447441217,0.3779630241261265
2000-12-27,False,6,0.5587787074435168,0.1342687481330383,0.4083047160749856
2000-12-28,False,6,0.5479607943196209,0.14865651496597032,0.4076124480371975
2000-12-29,False,6,0.5575091947328307,0.15749321699461552,0.42272149977924856
2001-01-02,False,6,0.5935942886125358,0.20936342911257905,0.4877130947810418
2001-01-03,False,6,0.5678626757260217,0.18756952787491493,0.4465274475029092
2001-01-04,False,6,0.5779527745812728,0.15714681648723644,0.4360723603016277
2001-01-05,False,6,0.5929836903570833,0.10237865346209009,0.4032742713070313
2001-01-08,False,6,0.5775920126065196,0.1537785708184521,0.432669553992563
2001-01-09,False,6,0.5472294674253246,0.10364651692189399,0.3646777114526507
2001-01-10,False,6,0.5497603391246543,0.14906196915237352,0.40618079189161416
2001-01-11,False,6,0.5473975575976191,0.16895225728470906,0.41766212016155974
2001-01-12,False,6,0.5311741017806078,0.13787717898616417,0.3814146197020283
2001-01-16,False,6,0.520837424789602,0.13802919683444528,0.3718286672544465
2001-01-17,False,6,0.5299670778631822,0.0833462799553025,0.3307569261449344
2001-01-18,False,6,0.5299361453651439,0.0851799694741728,0.33238808816672766
2001-01-19,False,6,0.5443243539230274,0.09957976570586562,0.3593415053112087
2001-01-22,False,6,0.5443937523642467,0.099637011354792,0.3587270892259832
2001-01-23,False,6,0.5157622827684183,0.18540974148281594,0.39822953276321776
2001-01-24,False,6,0.5194418010876642,0.2834365310450229,0.45375018330484984
2001-01-25,False,6,0.5269273345479671,0.33895830094022716,0.48621864482741706
2001-01-26,False,6,0.5408257493767609,0.3170278062711743,0.49063627457008074
2001-01-29,False,6,0.5444111305665428,0.27256246954508206,0.47504957525055674
2001-01-30,False,6,0.5330807526895416,0.21110990007015162,0.43196030163604215
2001-01-31,False,6,0.5385749461893231,0.25254008990852883,0.4598124774687885
2001-02-01,False,6,0.5282211988833464,0.20347950101982756,0.423446739786792
2001-02-02,False,6,0.5447969103720073,0.17756823713025816,0.42293622224147176
2001-02-05,False,6,0.5411853032272198,0.1646936762061676,0.4109582038744766
2001-02-06,False,6,0.5346755897449023,0.16350169487547075,0.4039100911431932
2001-02-07,False,6,0.5303632764043719,0.18032676611272502,0.4110188582272442
2001-02-08,False,6,0.5125217429297985,0.17621120845927843,0.39301138987416134
2001-02-09,False,6,0.5195228674017939,0.20730082699168964,0.4174235138843323
2001-02-12,False,6,0.5218335453388077,0.18304201553383453,0.4055964155442779
2001-02-13,False,6,0.5293793343500492,0.21668300941225635,0.4328514295022763
2001-02-14,False,6,0.519028126396172,0.2737922332680282,0.45304780451605503
2001-02-15,False,6,0.5112027400429664,0.3163040125218795,0.4647733540331602
2001-02-16,False,6,0.5066329901767401,0.26326723861961177,0.4353547824732733
2001-02-20,False,6,0.5212578769850532,0.1842496609765125,0.405584333198421
2001-02-21,False,6,0.5213069663781776,0.20250020405267313,0.41657508380684277
2001-02-22,False,6,0.5340313216984213,0.1625275076078037,0.40397374869185165
2001-02-23,False,6,0.5408849205001054,0.13101524377156734,0.38650525875668373
2001-02-26,False,6,0.5201919375402719,0.13338638857861426,0.3689338896205116
2001-02-27,False,6,0.5318137878925004,0.10363207153014246,0.3535841079535966
2001-02-28,False,6,0.5287805248864361,0.10043501424784257,0.34795512911039583
2001-03-01,True,6,0.5348118280699454,0.12197536787363038,0.3729132807511259
2001-03-02,True,6,0.5363477307634512,0.10526373246112393,0.35920118816603613
2001-03-05,True,6,0.5370062005723371,0.0800544276490901,0.3354483877414554
2001-03-06,True,6,0.5172191026959015,0.11341433555046758,0.35242775663286735
2001-03-07,True,6,0.5084597048569909,0.0867651048143356,0.31939102577623923
2001-03-08,True,6,0.5117348697970964,0.12351544707258061,0.35773100764522947
2001-03-09,True,6,0.5347318660382324,0.09523952015230164,0.351338419269739
2001-03-12,True,6,0.5882858383687932,0.16263430393995842,0.4530345756757755
2001-03-13,True,6,0.5778505048699882,0.15899097667512202,0.4406193954538284
2001-03-14,True,6,0.5938128078865937,0.14471405125798864,0.44367081215858584
2001-03-15,True,6,0.5765553329807357,0.19441241020115235,0.46162437915636845
2001-03-16,True,6,0.6084289949999684,0.17278435962312416,0.4782057632686488
2001-03-19,True,6,0.5957947600613901,0.20466197164070263,0.4841945200240042
2001-03-20,True,6,0.5866767558955486,0.19371266522670638,0.46979849083989783
2001-03-21,True,6,0.6125549435085434,0.2522385567807205,0.5272196527964043
2001-03-22,True,6,0.6304564574279531,0.17252014472793004,0.5013682801857775
2001-03-23,True,6,0.6293527273112369,0.1706296717143545,0.4980895873612873
2001-03-26,True,6,0.6294904246676162,0.15035274271591448,0.4845880254569846
2001-03-27,True,6,0.6294994228500342,0.1789074325026119,0.5052318760133038
2001-03-28,True,6,0.6422048428474952,0.19127015198059275,0.5255652461121985
2001-03-29,True,6,0.6064625058063956,0.10259327199719133,0.422335760480032
2001-03-30,True,6,0.6011943233592998,0.09242318673482222,0.409500108580876
2001-04-02,True,6,0.6114049398247605,0.39235948193629505,0.5935928927024928
2001-04-03,True,6,0.6315779021743159,0.34611279129022243,0.5908630226474634
2001-04-04,True,6,0.6314763057450062,0.4101718622277976,0.6159501484220498
2001-04-05,True,6,0.6354947837008464,0.4165398284862651,0.6157643010484763
2001-04-06,True,6,0.6623054251835033,0.330599829319616,0.607492444824566
2001-04-09,True,6,0.6606117490088981,0.2797570610364472,0.581797504599048
2001-04-10,True,6,0.6526691683122969,0.36599724876627304,0.607536438051739
2001-04-11,True,6,0.665149085724555,0.348481295799272,0.6134072161457969
2001-04-12,True,6,0.6588389840016619,0.29055230177637886,0.580590601267841
2001-04-16,True,6,0.663479335587841,0.2973767224219154,0.5885921110015893
2001-04-17,True,6,0.6481231865038193,0.2714358317023502,0.5602142427848058
2001-04-18,True,6,0.6449125045372436,0.32095240393592867,0.5773619675632177
2001-04-19,True,6,0.6475060437653292,0.3587328139875451,0.5971364820589683
2001-04-20,True,6,0.6534340235306396,0.4025789358304871,0.6197467264161307
2001-04-23,True,6,0.6631900303675433,0.4343205171296219,0.6406853649510226
2001-04-24,True,6,0.6605493679589806,0.38383379473129126,0.6193515725423068
2001-04-25,True,6,0.6577166867829537,0.348351944806224,0.6008719470476535
2001-04-26,True,6,0.6580791502356421,0.4137756045026838,0.6266760788755997
2001-04-27,True,6,0.6517329299457997,0.3708858421759694,0.602806934047788
2001-04-30,True,6,0.6574189417180539,0.380560499312205,0.6126693670278006
2001-05-01,True,6,0.6401816318908133,0.36669930146715884,0.5892409350795437
2001-05-02,True,6,0.6406669430842187,0.41720468746110134,0.609804821439141
2001-05-03,True,6,0.6574205804389409,0.44940587067295273,0.6373638757503785
2001-05-04,True,6,0.6495649887320997,0.43427642223205426,0.6231945471013071
2001-05-07,True,6,0.6472918258457591,0.45717427152747514,0.6291002304473229
2001-05-08,True,6,0.6369044808319857,0.4249065617799614,0.606951013951946
2001-05-09,True,6,0.6419399658442452,0.3960487984111392,0.6012753095978985
2001-05-10,True,6,0.6382579290564809,0.37392645499979194,0.5885760731737623
2001-05-11,True,6,0.640543273637314,0.37111828898327937,0.5893396154988924
2001-05-14,True,6,0.6441060483385497,0.3545579131771953,0.5860897695980173
2001-05-15,True,6,0.6306451631741393,0.42200319675531917,0.5985985313905986
2001-05-16,True,6,0.6134467337883941,0.4383237300036513,0.5839605200813252
2001-05-17,True,6,0.5941584159715295,0.4528838854367799,0.5710548223695106
2001-05-18,True,6,0.5871734062478406,0.44741070222897955,0.5622551866421762
2001-05-21,True,6,0.5743665010647392,0.4363763575387741,0.545279165752708
2001-05-22,True,6,0.5873475012967811,0.42462833970818364,0.5547053044477168
2001-05-23,True,6,0.5979748302754546,0.319311969434164,0.5204538206316366
2001-05-24,True,6,0.5852513280606289,0.3606099131793727,0.5262832171565779
2001-05-25,True,6,0.5902177265734373,0.40389082019969874,0.5482022846197485
2001-05-29,True,6,0.5999713645755465,0.4262151830541228,0.566256467294707
2001-05-30,True,6,0.6225858813115864,0.3702913230909121,0.5657430402588067
2001-05-31,True,6,0.6235494152918435,0.41146334400380113,0.5829746778817302
2001-06-01,True,6,0.623890089922589,0.4552982098594529,0.5996887585866184
2001-06-04,True,6,0.6249451761715001,0.49538302380032684,0.6153173923506736
2001-06-05,True,6,0.5995006978328978,0.4566099733000629,0.5759398522122541
2001-06-06,True,6,0.5552031421680279,0.45553170243441754,0.5374535379004945
2001-06-07,True,6,0.5548989973212851,0.43372875137617717,0.5277064475217905
2001-06-08,True,6,0.5320305812623474,0.4167051208443207,0.5014998134434648
2001-06-11,True,6,0.5426496181283089,0.3880614894601817,0.4993342870422687
2001-06-12,True,6,0.5136295623840332,0.39239965458371034,0.47500206384887944
2001-06-13,True,6,0.5284608080206172,0.45798608398643686,0.51559939024922
2001-06-14,True,6,0.5358782397900524,0.3769104522369076,0.4886931722340339
2001-06-15,True,6,0.5185188430028376,0.28936179549969865,0.43582547503313557
2001-06-18,True,6,0.5099361611834003,0.2812275433491582,0.42468145480326797
2001-06-19,True,6,0.5219709501353589,0.30853038417007905,0.4497193488866986
2001-06-20,True,6,0.524037279004049,0.29596052178346527,0.44669188617652644
2001-06-21,True,6,0.5279781089817144,0.3168350464208995,0.46147596295194426
2001-06-22,True,6,0.5159914845444243,0.2504781081609381,0.4190537436157084
2001-06-25,True,6,0.5167333429531825,0.197243403832981,0.3900246591739558
2001-06-26,True,6,0.5226938974540108,0.17576433800660288,0.3829956256136249
2001-06-27,True,6,0.5040149692851688,0.22867194108585975,0.3967824192897078
2001-06-28,True,6,0.44819651792257964,0.24794120098790104,0.3614269132629947
2001-06-29,True,6,0.4454067974108092,0.39050380223279413,0.4202002611597534
2001-07-02,True,6,0.4448780189645123,0.3217813451975885,0.3983724499434014
2001-07-03,True,6,0.41688627349790736,0.2978873420697515,0.3654532174397475
2001-07-05,True,6,0.43269724287565076,0.2370507630606839,0.351836945855123
2001-07-06,True,6,0.4671535691191275,0.28115758270162133,0.4039892273889631
2001-07-09,True,6,0.4561831000167024,0.263756720315127,0.38644939843455084
2001-07-10,True,6,0.472316953490502,0.21939085451959264,0.3799232277791223
2001-07-11,True,6,0.472620548904217,0.2675563545622887,0.40515934136017434
2001-07-12,True,6,0.47257715336385564,0.3162929778689997,0.4252379285228032
2001-07-13,True,6,0.47061536802573445,0.3362048009310906,0.4345306603670739
2001-07-16,True,6,0.48689332363886556,0.2926370574197294,0.42987496427818
2001-07-17,True,6,0.4735390866268397,0.33614549309911906,0.4369336931080562
2001-07-18,True,6,0.461118817484677,0.3250251623660773,0.4214751301884312
2001-07-19,True,6,0.45481716058149313,0.29469338160679764,0.40162684108142677
2001-07-20,True,6,0.4662475170298749,0.2988593712148799,0.41635112269271896
2001-07-23,True,6,0.4849675653445223,0.3488559892284558,0.4547285529419524
2001-07-24,True,6,0.5133732461505471,0.4246053225543864,0.5115625963195022
2001-07-25,True,6,0.5075881180546623,0.486945390222547,0.528532506500946
2001-07-26,True,6,0.5076651998661249,0.5028916297889621,0.5348084963092185
2001-07-27,True,6,0.5101558948152645,0.5102718132559787,0.5396950926024323
2001-07-30,True,6,0.4923990568960982,0.5321903543872013,0.5330205196905359
2001-07-31,True,6,0.49388164156335573,0.4972325524713081,0.5217670398123636
2001-08-01,True,6,0.49021451538832317,0.5007949921198144,0.5200494320404595
2001-08-02,True,6,0.48883166104592085,0.4818560865639805,0.5116577798051397
2001-08-03,True,6,0.4933107437726597,0.44333360909488245,0.5005032505672075
2001-08-06,True,6,0.5091137414519935,0.42341734878007176,0.5065423072222033
2001-08-07,True,6,0.5034368477509888,0.4567093897374353,0.5141967082682514
2001-08-08,True,6,0.5212825526913331,0.42017585485688963,0.5156072387815623
2001-08-09,True,6,0.5213621623791809,0.4183947499892457,0.5150604312093168
2001-08-10,True,6,0.5153938056352256,0.2738667235891036,0.45352385034075277
2001-08-13,True,6,0.5172613096173367,0.29560279837855136,0.46575130935885584
2001-08-14,True,6,0.5182807924893545,0.28086917980558984,0.45963137749507754
2001-08-15,True,6,0.5267686319250645,0.1404037109380697,0.3865958230804001
2001-08-16,True,6,0.5211482565833707,0.1817315581352855,0.4092748391078762
2001-08-17,True,6,0.5150136059512272,0.21220411739221792,0.42233426244449673
2001-08-20,True,6,0.5118135539300483,0.2553697781651262,0.4415526984242083
2001-08-21,True,6,0.5148958200317914,0.21815364686832056,0.4249598765201981
2001-08-22,True,6,0.5050682283085011,0.2349493237885586,0.4242390452497569
2001-08-23,True,6,0.48554940682926,0.21466887163226397,0.3957464161015084
2001-08-24,True,6,0.4843092590686893,0.32288749980323067,0.444915755143973
2001-08-27,True,6,0.4907943239600655,0.3057289749160771,0.4436306778072763
2001-08-28,True,6,0.5073587927380055,0.31678009782307115,0.46341874333775657
2001-08-29,True,6,0.5187351034034393,0.3380563105841829,0.48502112612417225
2001-08-30,True,6,0.5200983589683551,0.3827732499394449,0.5051730715517433
2001-08-31,True,6,0.5186469972224955,0.32595643471872127,0.4796770331662845
2001-09-04,True,6,0.5108903167050587,0.36149399525164594,0.48782237077622076
2001-09-05,True,6,0.5039880283974252,0.33918589057214027,0.47232674315798384
2001-09-06,True,6,0.5284594609223556,0.3279723445214503,0.4886018176065467
2001-09-07,True,6,0.5504204501697384,0.2629558156004899,0.4760495863917084
2001-09-10,True,6,0.5249565589885118,0.19101488393891206,0.4164391623174248
2001-09-17,True,6,0.6376132600601604,0.09836942584363005,0.4341730703844881
2001-09-18,True,6,0.6433409839415642,0.13478027866388198,0.47425009166919985
2001-09-19,True,6,0.6655735251765328,0.12189225031231286,0.48481927803222324
2001-09-20,True,6,0.7171083347109429,0.06749877453663303,0.4758019361575809
2001-09-21,True,6,0.735409376767268,0.10461925111715029,0.5446650843717096
2001-09-24,True,6,0.7331757785088807,0.10627726832092764,0.5362329809119838
2001-09-25,True,6,0.7289531484992576,0.07638194363269292,0.4961467145715488
2001-09-26,True,6,0.7364903630250075,0.09487610083244466,0.528796083029804
2001-09-27,True,6,0.7324524834644288,0.1000055287173722,0.5290646147468673
2001-09-28,True,6,0.732605773904659,0.12381935167422099,0.5501729394505659
2001-10-01,True,6,0.7431476743992402,0.11770102790397945,0.5573189230244291
2001-10-02,True,6,0.73874760622298,0.11847371860503436,0.5515488166717606
2001-10-03,True,6,0.733954037708969,0.1410594412238711,0.563186155352771
2001-10-04,True,6,0.7274637452133299,0.1509285466676415,0.5634752926664334
2001-10-05,True,6,0.7062285881889658,0.09928082264758038,0.4936898904992531
2001-10-08,True,6,0.7118423502669193,0.14031834911576818,0.538475739833717
2001-10-09,True,6,0.7081477577846397,0.20538770186631006,0.5783922305082164
2001-10-10,True,6,0.7009559777707347,0.27308971325311887,0.6011372609518721
2001-10-11,True,6,0.7010748593583137,0.3944102350930817,0.6517362770031979
2001-10-12,True,6,0.7102837513941349,0.3982277638352919,0.6629288752696695
2001-10-15,True,6,0.7035309259760165,0.3651805426618753,0.6434924363439779
2001-10-16,True,6,0.7022861975697525,0.3166222593851343,0.6218958615562414
2001-10-17,True,6,0.7216464051538235,0.27418018161416446,0.6231662669772
2001-10-18,True,6,0.7310370378611175,0.322883273922258,0.6549342879137219
2001-10-19,True,6,0.7240717055663226,0.3586596789415881,0.6608838521135652
2001-10-22,True,6,0.7084374724032558,0.3736613090371717,0.649089234069846
2001-10-23,True,6,0.6980418621293377,0.30792687916944855,0.6126684684708448
2001-10-24,True,6,0.7037374464249738,0.2698227670312297,0.602669745895339
2001-10-25,True,6,0.703354324236177,0.24626477109873215,0.5904821218237618
2001-10-26,True,6,0.6983578555111307,0.318740601844595,0.6178381001907248
2001-10-29,True,6,0.7187567842417022,0.33604150787148424,0.6458546761823746
2001-10-30,True,6,0.7363465650227341,0.3057534369099363,0.6527881337201044
2001-10-31,True,6,0.7355686315731773,0.4007092326172715,0.6874727275923224
2001-11-01,True,6,0.7301506385874954,0.4043968858624968,0.681704292030812
2001-11-02,False,6,0.7247246008774045,0.3696728670978164,0.6635406887692767
2001-11-05,False,6,0.7099884533735261,0.35778278348597986,0.6430684317582828
2001-11-06,False,6,0.7054480905987756,0.3335925490205458,0.6283140724213634
2001-11-07,False,6,0.6959263539747648,0.3546750254337276,0.6271739504715785
2001-11-08,False,6,0.7001593192156399,0.3831562740337805,0.642722263959884
2001-11-09,False,6,0.7038006547643614,0.38729270872216637,0.6483118334404899
2001-11-12,False,6,0.7059521633135253,0.3906213224033156,0.6518641819074257
2001-11-13,False,6,0.6998979592747848,0.35283499669243495,0.629881479954839
2001-11-14,False,6,0.6933513066040048,0.36820910688024794,0.6290503022335414
2001-11-15,False,6,0.6971525608925176,0.37708784067779666,0.6370954028012601
2001-11-16,False,6,0.6862813059798769,0.3844378278212576,0.628748951812633
2001-11-19,False,6,0.6840084940221957,0.4683164194835544,0.6568100773901411
2001-11-20,False,6,0.6827838339065105,0.4871440027681397,0.6626304189275888
2001-11-21,False,6,0.6914390676252553,0.4733077893176098,0.6666005371718032
2001-11-23,False,6,0.6847121171104761,0.48147960519078614,0.6620791838310549
2001-11-26,False,6,0.6902066364339153,0.441588359412563,0.6543935550317416
2001-11-27,False,6,0.691657079076375,0.4412880524942112,0.6557230674752302
2001-11-28,False,6,0.693985058196188,0.4471003574064965,0.660276821990185
2001-11-29,False,6,0.6822251838576734,0.44374874543173093,0.6467682556362967
2001-11-30,False,6,0.6693330438807237,0.44531858353247633,0.634442591114091
2001-12-03,False,6,0.67714785061107,0.4412290404568422,0.6407834211020349
2001-12-04,False,6,0.6714471954290003,0.4599209040971086,0.6409298948860985
2001-12-05,False,6,0.6598989898228672,0.47905700184350425,0.6346107144912818
2001-12-06,False,6,0.6407183945340447,0.4748850983312668,0.615059576877074
2001-12-07,False,6,0.6229569092899893,0.45072295201240964,0.5897700210380329
2001-12-10,False,6,0.6336114164622815,0.5135462238432646,0.6225969378009265
2001-12-11,False,6,0.5360130626269937,0.3741879216172398,0.48179481721411477
2001-12-12,False,6,0.5225136783046102,0.4730979575399928,0.5083741740910557
2001-12-13,False,6,0.5063932809063862,0.4811312100190409,0.4982393734821233
2001-12-14,False,6,0.4407579653739939,0.44111989023640513,0.426636493712512
2001-12-17,False,6,0.4102508330896218,0.33039077535606887,0.3557310826154311
2001-12-18,False,6,0.40443499912414776,0.18997592875681504,0.2936699655862892
2001-12-19,False,6,0.407512609516348,0.15584007710406367,0.277319522370674
2001-12-20,False,6,0.4042217215619874,0.2103993965175533,0.3036552999628493
2001-12-21,False,6,0.4065829719146031,0.3412597139434651,0.3627552392643555
2001-12-24,False,6,0.41090646774240897,0.29942074854918255,0.3523475706226538
2001-12-26,False,6,0.3940680892839017,0.3507276731797939,0.3577976167459416
2001-12-27,False,6,0.39673423366760846,0.3323379086638651,0.3534335663834804
2001-12-28,False,6,0.40064424230673357,0.3015011124832818,0.34657891887395637
2001-12-31,False,6,0.4093106480491008,0.25112175548553484,0.3312671458383988
2002-01-02,False,6,0.4124928251835887,0.2924063583840188,0.3521505032190831
2002-01-03,False,6,0.39996427233204296,0.29802986709067086,0.3433796853505455
2002-01-04,False,6,0.3895175382345556,0.31413167877493176,0.3401955146034079
2002-01-07,False,6,0.4011435610048436,0.292041256994747,0.3457138743992293
2002-01-08,False,6,0.40910358443518774,0.23534949684274134,0.3277541207769951
2002-01-09,False,6,0.4027257613566695,0.2581549566867563,0.33328263581566947
2002-01-10,False,6,0.40326958250228584,0.25500254538235945,0.33231791599640464
2002-01-11,False,6,0.4200188146174556,0.260773315627214,0.34967621214882527
2002-01-14,False,6,0.40106249582903164,0.2656752273643284,0.3381762481535149
2002-01-15,False,6,0.38737991320464177,0.34990555878431007,0.36060575340722045
2002-01-16,False,6,0.4133430609663067,0.35510271571984353,0.3845192948154207
2002-01-17,False,6,0.4145311090260409,0.3651749761535916,0.39065268758517385
2002-01-18,False,6,0.4139697028344261,0.40059882215962067,0.4041200472639301
2002-01-22,False,6,0.41638990080370897,0.42921358158923595,0.41778751490906724
2002-01-23,False,6,0.4181537300958587,0.3031406540953273,0.3704813822979794
2002-01-24,False,6,0.4193144021233554,0.3070741414465591,0.3740863160544485
2002-01-25,False,6,0.381642292218895,0.21774534070805546,0.3044998631263586
2002-01-28,False,6,0.3549277649878658,0.18925405815844995,0.27012027336213423
2002-01-29,False,6,0.38610679233934775,0.23240896929035632,0.3135935123092035
2002-01-30,False,6,0.3861058904725614,0.28336275991587473,0.33728154609656186
2002-01-31,False,6,0.3834189978527053,0.2985719084970738,0.3391258823450317
2002-02-01,False,6,0.39282903431008726,0.21757873247777035,0.3121175467780427
2002-02-04,False,6,0.4223561009148118,0.2175375172751843,0.3352307881402388
2002-02-05,False,6,0.4213080392361101,0.19813947565654028,0.32448628729376355
2002-02-06,False,6,0.4254189512629653,0.25807992020932613,0.3576353680362405
2002-02-07,False,6,0.43140860432310835,0.19590439693186382,0.33176504437566556
2002-02-08,False,6,0.4250298873352866,0.29832513260164745,0.3740274402291682
2002-02-11,False,6,0.4249253216326427,0.24784320419962846,0.3510486695384144
2002-02-12,False,6,0.4308211066048261,0.2730344215001359,0.3674295342762961
2002-02-13,False,6,0.42376251528829734,0.375620135064506,0.40227154510749935
2002-02-14,False,6,0.42501247642927065,0.3396923223323637,0.38877674678088225
2002-02-15,False,6,0.4343247647453816,0.3507790423706929,0.4032227899803305
2002-02-19,False,6,0.446921760031043,0.34040054998088204,0.4082145921587296
2002-02-20,False,6,0.43412432182319943,0.30226906835736417,0.3784942907737842
2002-02-21,False,6,0.45119547371366453,0.2496188083199852,0.37073078432099027
2002-02-22,False,6,0.448205098773989,0.2126121638908191,0.34886828721751323
2002-02-25,False,6,0.43717711841820966,0.3291124996912617,0.39184707733289253
2002-02-26,False,6,0.41611844433207473,0.25192185528384836,0.34043804688891255
2002-02-27,False,6,0.4206474055385574,0.29087515814055653,0.36275653221441856
2002-02-28,False,6,0.42596123875836833,0.2357535891444921,0.3419056220240206
2002-03-01,False,6,0.4131203564454929,0.32615519556863076,0.3684364406972019
2002-03-04,False,6,0.4141842810519123,0.30195719352855377,0.3585487668906976
2002-03-05,False,6,0.4294444289838917,0.29292805671600847,0.37144521491021465
2002-03-06,False,6,0.42276395993117216,0.3560655212531274,0.3896049003171775
2002-03-07,False,6,0.4209087543736025,0.4361972523375976,0.4193688042313165
2002-03-08,False,6,0.40092432819338125,0.4821258754191075,0.4193260711883568
2002-03-11,False,6,0.3947669213400207,0.39498271878446467,0.38049133834164567
2002-03-12,False,6,0.3971855046274054,0.4207563749278086,0.3923888050999518
2002-03-13,False,6,0.39281595338899034,0.4840811313239636,0.4120999693005759
2002-03-14,False,6,0.3945463408984421,0.5001300779380656,0.41970060827367783
2002-03-15,False,6,0.39416512655962954,0.4776994176041708,0.4106416321553562
2002-03-18,False,6,0.39883245888823504,0.4917419736416159,0.4209208147585152
2002-03-19,False,6,0.39509270817166686,0.43613737276520387,0.39544713784857954
2002-03-20,False,6,0.3999036102805829,0.4832083358053998,0.4171298018273803
2002-03-21,False,6,0.40372345290396294,0.441878303852631,0.40603209043555827
2002-03-22,False,6,0.40886254496917607,0.47149297000847173,0.42255746010287343
2002-03-25,False,6,0.4288908138695863,0.4650243187965353,0.43806753273455795
2002-03-26,False,6,0.4272123279682302,0.44780309883163616,0.4292085763318615
2002-03-27,False,6,0.42411773697462957,0.44985119778043,0.4267375657952323
2002-03-28,False,6,0.4149303766206727,0.4490505579214463,0.41837553554900997
2002-04-01,False,6,0.415206564142648,0.4397501728578757,0.41474348026801106
2002-04-02,False,6,0.4277305089423969,0.43181770588854657,0.4234893181513772
2002-04-03,False,6,0.4466255351519457,0.44192982709854545,0.4446040846960568
2002-04-04,False,6,0.4379258446893938,0.4225132064145846,0.42921134321416865
2002-04-05,False,6,0.43652663784068985,0.3986552387385632,0.4184374222381634
2002-04-08,False,6,0.42890229422272996,0.4334950392319789,0.4244633301471855
2002-04-09,False,6,0.4278054947400862,0.43881437422634856,0.42547998565030837
2002-04-10,False,6,0.41054044950537794,0.413275513365825,0.39811063119186585
2002-04-11,False,6,0.41999214310473953,0.38938392100602404,0.3964795240553124
2002-04-12,False,6,0.4193526924115833,0.44794509120550147,0.41874665818072104
2002-04-15,False,6,0.4054563816201988,0.5298783874389248,0.43824018694157163
2002-04-16,False,6,0.4040738182112747,0.4831999747017237,0.4180623801206415
2002-04-17,False,6,0.3996724584442167,0.5148823012137912,0.42643521230694814
2002-04-18,False,6,0.40010416509536917,0.5233469964453892,0.4302239086653375
2002-04-19,False,6,0.40194583433616426,0.557260031782104,0.44461608938133185
2002-04-22,False,6,0.4203730978215715,0.5506539580424731,0.4583908773386643
2002-04-23,False,6,0.4240908306977353,0.5076636666054483,0.44579923861480625
2002-04-24,False,6,0.4334977876355695,0.5616391704364005,0.4754489740197484
2002-04-25,False,6,0.4079889890597714,0.5092456479270435,0.43429266093555247
2002-04-26,False,6,0.42732006549990253,0.5145502018084004,0.45444005691917155
2002-04-29,False,6,0.44264759493363137,0.5118558498463341,0.470158824741703
2002-04-30,False,6,0.4329284464280303,0.49670334617467465,0.4534863236359347
2002-05-01,False,6,0.40407637575953065,0.5367949154688784,0.44358130468706664
2002-05-02,False,6,0.3994850919669316,0.49388129054307756,0.42293913704460784
2002-05-03,False,6,0.3957846933403598,0.5023511484679397,0.42253380504441174
2002-05-06,False,6,0.4086972587481712,0.5168387555437923,0.4384159066828627
2002-05-07,False,6,0.42002433288208774,0.4902625358093802,0.4406767597022256
2002-05-08,False,6,0.4224299184391743,0.5156205971499007,0.45287615850786184
2002-05-09,False,6,0.43104520798990015,0.48641684831113097,0.44926515165464653
2002-05-10,False,6,0.45462441148691923,0.5267231810272653,0.48637240235840024
2002-05-13,False,6,0.4468744687926131,0.5177235871423632,0.47448580523994816
2002-05-14,False,6,0.4360437855654522,0.5326884326423199,0.46740679414760694
2002-05-15,False,6,0.4182523860849454,0.4890139022547727,0.43528054429899593
2002-05-16,False,6,0.42481522202138045,0.47281742465344806,0.4372562757868914
2002-05-17,False,6,0.40951678350949344,0.40978693919047054,0.39953654591371285
2002-05-20,False,6,0.4256816205668109,0.4257131134428892,0.42021141149699054
2002-05-21,False,6,0.4442860932058294,0.42168695039522014,0.4364611774876218
2002-05-22,False,6,0.4456445640155923,0.41340782767492995,0.4345277565735513
2002-05-23,False,6,0.44148127256305814,0.3564627783915628,0.40724629111082555
2002-05-24,False,6,0.4489289174937232,0.39458217207520346,0.4289554093197134
2002-05-28,False,6,0.46253732697155175,0.38418237002920513,0.43932639308306126
2002-05-29,False,6,0.4745706958225878,0.3422927924214693,0.4357012241500812
2002-05-30,False,6,0.4675020538534519,0.36602394706771196,0.4387908077247475
2002-05-31,False,6,0.469732133581659,0.4303180512448183,0.46829744098570153
2002-06-03,False,6,0.49859265919780976,0.41300313230221525,0.4839789633919841
2002-06-04,False,6,0.50661255645886,0.3870225354044455,0.48099950025463073
2002-06-05,False,6,0.5049737439892286,0.36338179399173426,0.468502505352166
2002-06-06,False,6,0.5243490364477102,0.4021410072504787,0.5008126052081163
2002-06-07,False,6,0.5136560464317349,0.38303612193084724,0.48290378791504407
2002-06-10,False,6,0.5147625837708981,0.3563708794411188,0.47301202361767636
2002-06-11,False,6,0.5321945480210193,0.439393080808074,0.523321611090166
2002-06-12,False,6,0.531080835063682,0.4630276014123235,0.5322563698894982
2002-06-13,False,6,0.5460867030548766,0.3876320645194074,0.5171363634517543
2002-06-14,False,6,0.5362218938491516,0.3422385852708776,0.48953408224397293
2002-06-17,False,6,0.5344900397454716,0.374787481843849,0.4950130673392782
2002-06-18,False,6,0.5301566290782043,0.43487307135235287,0.5145403029104921
2002-06-19,False,6,0.5277130856031214,0.33675876541097005,0.47289770430569783
2002-06-20,False,6,0.5387755316269803,0.17362829154188814,0.4011574173764063
2002-06-21,False,6,0.5552555381326252,0.41293922802909017,0.5333565607788097
2002-06-24,False,6,0.5594038486989739,0.42457885689255587,0.5423002159116551
2002-06-25,False,6,0.5819000085044818,0.4301682689709355,0.5641765862595209
2002-06-26,False,6,0.5776211148304123,0.36944763944339454,0.53581334476607
2002-06-27,False,6,0.5607882547710518,0.414341003008217,0.5368394819081832
2002-06-28,False,6,0.5616045547103005,0.4871899336363959,0.5669173999398202
2002-07-01,False,6,0.5856857018005222,0.5094482433461639,0.5966512303330213
2002-07-02,False,6,0.6252484260165678,0.445709998632477,0.608332597442717
2002-07-03,False,6,0.6242828725041659,0.46740870806959295,0.6165459909542753
2002-07-05,False,6,0.631701687753215,0.5278890668935562,0.6399741125493132
2002-07-08,False,6,0.6233087243389956,0.5240197878436965,0.6310869969547132
2002-07-09,False,6,0.647505354211764,0.4949549955513916,0.6425888663840453
2002-07-10,False,6,0.6795135080593703,0.4532231111631629,0.6550515637014559
2002-07-11,False,6,0.6874972152105214,0.47717890622628173,0.6743048141424468
2002-07-12,False,6,0.6925539536238058,0.5192133582666123,0.6933792592465915
2002-07-15,False,6,0.698933740735351,0.5354605750908127,0.7044225160331676
2002-07-16,False,6,0.720080258456601,0.5292363261314821,0.7226554613226455
2002-07-17,False,6,0.7089402444597165,0.5010969152025244,0.7035812791587921
2002-07-18,False,6,0.7330915900020992,0.44293349082275846,0.7073730933905565
2002-07-19,False,6,0.7790223070286793,0.43481065714630446,0.7472839097690256
2002-07-22,False,6,0.8026871969579057,0.4171627579825267,0.7668301853886559
2002-07-23,False,6,0.8138518754888282,0.4105328521785042,0.778349259128936
2002-07-24,False,6,0.8184083165221637,0.4112458548877739,0.7757104632781089
2002-07-25,False,6,0.8223846316093628,0.22847558903184337,0.7209856412454968
2002-07-26,False,6,0.8220557656798815,0.264663644363729,0.7357730557767416
2002-07-29,False,6,0.8300532371496623,0.2614672736848846,0.7362157511744489
2002-07-30,False,6,0.8284295741087337,0.31437482211066625,0.7538339293623064
2002-07-31,False,6,0.8199650796550157,0.24910228044180371,0.7194747230178687
2002-08-01,False,6,0.8274592033870368,0.2727243420158233,0.7388792000132423
2002-08-02,False,6,0.850376433387622,0.4772180223217272,0.824408495883945
2002-08-05,False,6,0.8654551667027204,0.4667391023615629,0.8377330751730937
2002-08-06,False,6,0.8558055737865063,0.509984422795259,0.8346746717865169
2002-08-07,False,6,0.8552852060464134,0.5051165743687938,0.8328361023950512
2002-08-08,False,6,0.8550587128602801,0.4963125179524242,0.829536480439264
2002-08-09,False,6,0.8529803200138002,0.46031804334958604,0.8190641866644536
2002-08-12,False,6,0.85498017719175,0.4627633305803034,0.8219125221967489
2002-08-13,False,6,0.8669775238030877,0.45115692429652304,0.8330371170927703
2002-08-14,False,6,0.8591088966825511,0.46101826740144564,0.8246862359220368
2002-08-15,False,6,0.8508663248025787,0.4208614759665638,0.8054159886819965
2002-08-16,False,6,0.8505762453688598,0.46148158007232215,0.8150584122563325
2002-08-19,False,6,0.8490413368427276,0.40789824083583515,0.799719673667424
2002-08-20,False,6,0.8489689414955336,0.38862336445585877,0.7946197619271503
2002-08-21,False,6,0.8424165643598872,0.43210840026944036,0.7980349528463838
2002-08-22,False,6,0.8353069633359554,0.47158441364641296,0.7995845129201349
2002-08-23,False,6,0.8476186624700459,0.4807021937550261,0.814912092602045
2002-08-26,False,6,0.8460823864697066,0.4174948886644426,0.7975492851496694
2002-08-27,False,6,0.8389939536712135,0.43284010149072344,0.7938040237631557
2002-08-28,False,6,0.8462474091580032,0.4129235275247534,0.796833972152716
2002-08-29,False,6,0.8489061291534368,0.39318812846655193,0.7952295450071725
2002-08-30,False,6,0.8401730526299807,0.40171198904467703,0.7872657316843098
2002-09-03,False,6,0.8641699336495179,0.4073775136087557,0.816113679593971
2002-09-04,False,6,0.8599712473380963,0.3707314255635081,0.80103276663275
2002-09-05,False,6,0.86153123999095,0.35073627383052275,0.7977231085988046
2002-09-06,False,6,0.8583552146487152,0.4450947387915021,0.8170159490099347
2002-09-09,False,6,0.8501971918136271,0.43626416469573337,0.8049079612479706
2002-09-10,False,6,0.8470573111974788,0.4657050268036312,0.8083183803584224
2002-09-11,False,6,0.8522648680478094,0.4603384108394598,0.814010862244775
2002-09-12,False,6,0.8638365801853677,0.4706520020414187,0.8295139464235285
2002-09-13,False,6,0.8587756268339407,0.45256198626924926,0.8197184438585771
2002-09-16,False,6,0.8556254827771939,0.4505426042186644,0.8154531195205988
2002-09-17,False,6,0.8625199321380049,0.40671373726788923,0.8125764727328578
2002-09-18,False,6,0.8630600914293023,0.36329365375068307,0.8021790830070851
2002-09-19,False,6,0.8689435406916783,0.42905570284364064,0.8251605181102031
2002-09-20,False,6,0.8665983511836548,0.4488823833531001,0.8267988850850699
2002-09-23,False,6,0.8781681598215838,0.46525559387743476,0.8440980602310385
2002-09-24,False,6,0.885789469422008,0.4453967630804153,0.8489302785650867
2002-09-25,False,6,0.8734534582417386,0.46687563415138394,0.8378882788649153
2002-09-26,False,6,0.8552648243372062,0.46389488506226423,0.8161422844887514
2002-09-27,False,6,0.869802004370028,0.46755338932464746,0.8332428762668614
2002-09-30,False,6,0.8783084759657435,0.4490574013346875,0.8411058392638271
2002-10-01,False,6,0.8701451871386702,0.45697932914903716,0.8315246647356808
2002-10-02,False,6,0.8736782769168946,0.4839995425008882,0.8411065987270682
2002-10-03,False,6,0.8621685941176408,0.5379001180108279,0.8403348161380149
2002-10-04,False,6,0.8730238012461368,0.49602419313251533,0.8429571384355705
2002-10-07,False,6,0.8788623746302068,0.49086237402140875,0.8483325904009732
2002-10-08,False,6,0.8733077280360456,0.466531123401509,0.8375261588851707
2002-10-09,False,6,0.8806270395643754,0.5436953678732741,0.8605053506632289
2002-10-10,False,6,0.8770921489463851,0.5243385666701867,0.8522420019434397
2002-10-11,False,6,0.8599481530882365,0.5254568036763352,0.8319539728997727
2002-10-14,False,6,0.829759694333671,0.4965736228288792,0.793145950880245
2002-10-15,False,6,0.801420742299274,0.47436195985945934,0.7539657436246486
2002-10-16,False,6,0.8060725441293652,0.5328356739437574,0.7742949755406182
2002-10-17,False,6,0.803497765342398,0.5274188085927961,0.7731327504645027
2002-10-18,False,6,0.8027052579591926,0.4999096183861888,0.763343221555541
2002-10-21,False,6,0.7988778229754184,0.4970560943412261,0.7574143672024801
2002-10-22,False,6,0.8108401829229744,0.5252056322091447,0.7824686357929834
2002-10-23,False,6,0.8066001235585694,0.5324476370401919,0.7792698045733346
2002-10-24,False,6,0.8146147401699116,0.5228438088808763,0.7846967350566725
2002-10-25,False,6,0.7978583525295637,0.5473407836309095,0.7728361471829502
2002-10-28,False,6,0.7845813480885536,0.5060498441907771,0.747918250457028
2002-10-29,False,6,0.7583203030434317,0.5040626856919477,0.7210084712775352
2002-10-30,False,6,0.762444328119424,0.52930014383921,0.7345963625891976
2002-10-31,False,6,0.7722210695903071,0.5308132738627693,0.7459344048327835
2002-11-01,False,6,0.7733760927692175,0.543376100904156,0.752230682868302
2002-11-04,False,6,0.7739727842430038,0.543720870016772,0.7535593539432648
2002-11-05,False,6,0.7685319682214538,0.5298644762636845,0.7440403124315955
2002-11-06,False,6,0.7438718099114922,0.4379615890534183,0.6894999348448108
2002-11-07,False,6,0.7692093441908662,0.5284214149934838,0.7461302183240496
2002-11-08,False,6,0.7837658171163012,0.5205683141168109,0.759005852536729
2002-11-11,False,6,0.8020131628549527,0.49573975680400784,0.7704838085267207
2002-11-12,False,6,0.8055747155160969,0.4918461518088408,0.7744635191063896
2002-11-13,False,6,0.7989892096898017,0.4787333440192644,0.7639099826491422
2002-11-14,False,6,0.7967091872759833,0.4805021841803731,0.7613038622225987
2002-11-15,False,6,0.7979445993929534,0.49233732979694794,0.7661189414957148
2002-11-18,False,6,0.7856072710043416,0.5292830288255805,0.7642477606122596
2002-11-19,False,6,0.7925124559398081,0.5234301481678237,0.7698674387366032
2002-11-20,False,6,0.7792227886025686,0.4942802133079343,0.7473848802709722
2002-11-21,False,6,0.7575631706815956,0.47969340681505906,0.7205643350588689
2002-11-22,False,6,0.7594782628649582,0.5110707838843397,0.7321163597583239
2002-11-25,False,6,0.757531969594368,0.5353086598861824,0.7375513342910849
2002-11-26,False,6,0.7335920341670125,0.4508471062050642,0.6887254048041153
2002-11-27,False,6,0.7324484382431943,0.5042137210537323,0.7035658867289702
2002-11-29,False,6,0.7219337560059819,0.5305088900369516,0.7016719493292386
2002-12-02,False,6,0.7290709430431161,0.483460156809772,0.6940852259162293
2002-12-03,False,6,0.7492912180508023,0.5533472697409769,0.7366692351242442
2002-12-04,False,6,0.7527396222761961,0.5418533064270782,0.7370061520101776
2002-12-05,False,6,0.7603725899897439,0.5396739576767281,0.7438358185273538
2002-12-06,False,6,0.7397537604768157,0.49501936793899565,0.7098233011022107
2002-12-09,False,6,0.7594747201101305,0.5147179216656004,0.7351394409227662
2002-12-10,False,6,0.7546054007400442,0.44260990922705007,0.7066988262232778
2002-12-11,False,6,0.7339634333327283,0.42740952162046714,0.680260962434235
2002-12-12,False,6,0.7295286150988294,0.40386813938355376,0.6672284992285097
2002-12-13,False,6,0.7123365157304504,0.38165049989735716,0.6425094326975352
2002-12-16,False,6,0.7062568222531855,0.42545784031976974,0.6509395530767991
2002-12-17,False,6,0.6970162126801865,0.39316407945551735,0.629487778306706
2002-12-18,False,6,0.6895542881596054,0.3855262996028448,0.6192228067884813
2002-12-19,False,6,0.702811920865475,0.3883343413579764,0.6360785126537498
2002-12-20,False,6,0.7043729479872092,0.4487414346904764,0.659843932002672
2002-12-23,False,6,0.6717454404156402,0.3920980842079924,0.6068978123844884
2002-12-24,False,6,0.6668175901313358,0.396362053302774,0.6032067407145464
2002-12-26,False,6,0.6749449850363402,0.4065008560436268,0.6185820682338987
2002-12-27,False,6,0.6613917750637168,0.3855932804108105,0.5970586706503136
2002-12-30,False,6,0.6506050669394345,0.460831572617855,0.6143481272799909
2002-12-31,False,6,0.6170714455054994,0.4674278561813385,0.5850762803159916
2003-01-02,False,6,0.5808246157392236,0.4321295360226769,0.5338217077077887
2003-01-03,False,6,0.588013641061559,0.4936807275540773,0.5624857043550715
2003-01-06,False,6,0.5317469464664468,0.5156996337431093,0.5189474651079957
2003-01-07,False,6,0.5545331363611957,0.5713339052928628,0.5633881044431444
2003-01-08,False,6,0.5775701053762814,0.5922954986896631,0.5967745876431397
2003-01-09,False,6,0.5685078394996605,0.537618345955092,0.5653835231645703
2003-01-10,False,6,0.5688349422924718,0.4792610522597638,0.5489537467312359
2003-01-13,False,6,0.5293684334722417,0.4767984504217098,0.5132528229570513
2003-01-14,False,6,0.5356791540365479,0.5042197715456257,0.5320508456811233
2003-01-15,False,6,0.5498435028122985,0.5265291285449842,0.5527361484226287
2003-01-16,False,6,0.5568010398801969,0.4948598981983663,0.5500786083103306
2003-01-17,False,6,0.5577680015950288,0.49640396540432663,0.5511839991970668
2003-01-21,False,6,0.5837894161270741,0.5252756485688362,0.5857028874082107
2003-01-22,False,6,0.5821933905761615,0.5112250725236133,0.5791961127379359
2003-01-23,False,6,0.5832456585521733,0.5132020556380802,0.5817125069162475
2003-01-24,False,6,0.5994101468390629,0.5445507175606694,0.6068651241482428
2003-01-27,False,6,0.6169235556088762,0.5371936264443847,0.6187117225691886
2003-01-28,False,6,0.6161119690757233,0.5440128445425688,0.6197898996237651
2003-01-29,False,6,0.6104764509576865,0.5438219805811003,0.6143437517034265
2003-01-30,False,6,0.640267296990441,0.6025656896871568,0.6636323608324597
2003-01-31,False,6,0.6358643946597773,0.5451285405830092,0.6367447495654391
2003-02-03,False,6,0.6384697294425437,0.5479371070706426,0.6400461235321616
2003-02-04,False,6,0.652036393617716,0.5812063849655843,0.6655848108229692
2003-02-05,False,6,0.6341747791866547,0.5319789271295517,0.6315098683385499
2003-02-06,False,6,0.6307363988473793,0.5240969825195084,0.6248524452545898
2003-02-07,False,6,0.6150099674630106,0.5240660101418044,0.6109041277609316
2003-02-10,False,6,0.6142747104669747,0.5048487638364066,0.601772232262469
2003-02-11,False,6,0.6220395080040108,0.5391250793066955,0.6214086186226904
2003-02-12,False,6,0.6412699663278882,0.5594926132561749,0.6488279790608728
2003-02-13,False,6,0.64724130371222,0.5481945165674286,0.65088301330397
2003-02-14,False,6,0.633394224179028,0.5342334648212982,0.6308105947798718
2003-02-18,False,6,0.6231398387141039,0.5756357505339362,0.6344276872020118
2003-02-19,False,6,0.6360072201028789,0.5063521172530432,0.6222758071568791
2003-02-20,False,6,0.6477586034506684,0.5739461292692648,0.6577295897154918
2003-02-21,False,6,0.6408271107330149,0.5083175159842529,0.6258097372102094
2003-02-24,False,6,0.6632916050408189,0.5954963502976338,0.6766390071940432
2003-02-25,False,6,0.6420801081059867,0.5809960900934177,0.651495207233323
2003-02-26,False,6,0.6541310259305684,0.5756202310159688,0.6658187399063977
2003-02-27,False,6,0.6478322826953181,0.5739710549925303,0.6581973519620227
2003-02-28,False,6,0.6467459574850083,0.5618838095571377,0.6526122918973993
2003-03-03,False,6,0.6348490962721836,0.5952228375653498,0.6535728006345298
2003-03-04,False,6,0.6524253624502445,0.5636952333600977,0.6571288567362495
2003-03-05,False,6,0.6436416878174582,0.5666141885137355,0.6512742740615342
2003-03-06,False,6,0.655932552143193,0.5520910970729296,0.6578396037444528
2003-03-07,False,6,0.62728090700941,0.5445992178353806,0.6288824159972163
2003-03-10,False,6,0.6604683402809978,0.49247298857956734,0.6412726117449389
2003-03-11,False,6,0.6671218908667549,0.49877735673769563,0.6500810103290089
2003-03-12,False,6,0.6678052813695757,0.5077072455140071,0.6538018888858809
2003-03-13,False,6,0.6555420803538478,0.5524951997518857,0.65265744223969
2003-03-14,False,6,0.6596140398987749,0.530778813863003,0.6515053181618617
2003-03-17,False,6,0.6504492586887141,0.5017013768612986,0.6263705780900195
2003-03-18,False,6,0.637332880652268,0.5749602004557821,0.640385703198451
2003-03-19,False,6,0.6294875952914478,0.5466291254110023,0.6218249953349777
2003-03-20,False,6,0.63400023854397,0.5841011835273056,0.6406372139952945
2003-03-21,False,6,0.6295403127428756,0.6035812999063273,0.6412147661286248
2003-03-24,False,6,0.6692202976134821,0.6084799858695289,0.6769875980553993
2003-03-25,False,6,0.6652215320656053,0.6069291053895572,0.6721546130502211
2003-03-26,False,6,0.6574451865348431,0.6085915674138058,0.6658736225609145
2003-03-27,False,6,0.6594804585666632,0.6050918652168409,0.6664788727907242
2003-03-28,False,6,0.6629945733795257,0.6070965895355379,0.6710485847405391
2003-03-31,False,6,0.6824816849361505,0.600210611290033,0.6902825044604551
2003-04-01,False,6,0.6759989897830081,0.5910149139319667,0.680780137644241
2003-04-02,False,6,0.6763593765516946,0.5408894043156145,0.6617134672597091
2003-04-03,False,6,0.6720241615057715,0.5420306430081391,0.6576686621947422
2003-04-04,False,6,0.6610949821855017,0.5315509683147321,0.6437481773031918
2003-04-07,False,6,0.6637866844505798,0.5443641182667972,0.6524066824941719
2003-04-08,False,6,0.6675704119861912,0.545096452427813,0.6564106991798844
2003-04-09,False,6,0.6728501593210195,0.5373360392839388,0.6587228103655367
2003-04-10,False,6,0.6717902269878561,0.5572188007640272,0.664643339201419
2003-04-11,False,6,0.6620494254470477,0.5921756491481949,0.6680433312158459
2003-04-14,False,6,0.6561546584078429,0.5927694145056436,0.6604600081932871
2003-04-15,False,6,0.6390671397130926,0.6071677152217889,0.6502919561942209
2003-04-16,False,6,0.6312231329227983,0.6111756532828687,0.6456671506126812
2003-04-17,False,6,0.612322541211098,0.602714900457903,0.6240038338590437
2003-04-21,False,6,0.6179764251728742,0.5627181644487087,0.6146118787309796
2003-04-22,False,6,0.5771701166585926,0.5586016885750122,0.5746253115303549
2003-04-23,False,6,0.549556277384148,0.6038500802828101,0.5677308573937218
2003-04-24,False,6,0.5654542139571372,0.5564046235865755,0.5652098487927106
2003-04-25,False,6,0.5826327140921199,0.5628298287953234,0.5829936031616467
2003-04-28,False,6,0.5494866560674332,0.5591274983531365,0.5491318358244603
2003-04-29,False,6,0.5538334119624989,0.5617564486656934,0.5545724697276697
2003-04-30,False,6,0.553373004653339,0.589865648905829,0.5651363639688892
2003-05-01,False,6,0.5489818769711807,0.5769729296699689,0.5556114558713592
2003-05-02,False,6,0.53481133105857,0.5907559380276669,0.54611482775293
2003-05-05,False,6,0.5245992651642485,0.5879501839367567,0.535437515547971
2003-05-06,False,6,0.505017083101043,0.5913538287433519,0.5185054077902792
2003-05-07,False,6,0.5133562570050777,0.5888621831730451,0.5261660498802779
2003-05-08,False,6,0.5148449459107535,0.5839438124734598,0.5255492622536047
2003-05-09,False,6,0.4900306387543639,0.5925557806069651,0.5044751623897742
2003-05-12,False,6,0.4788536606473849,0.5697030966557427,0.4839745990115542
2003-05-13,False,6,0.4918497101775291,0.575294089787126,0.49958815450791416
2003-05-14,False,6,0.5019536853623634,0.5594970472846782,0.5036801088347277
2003-05-15,False,6,0.4877067505065446,0.47587995401485295,0.4577680468528395
2003-05-16,False,6,0.4863141740641483,0.5336506784252355,0.4791095677832089
2003-05-19,False,6,0.5226096488515904,0.486832608339829,0.4941764982779857
2003-05-20,False,6,0.4990709793747846,0.5302313886576997,0.4902087350930965
2003-05-21,False,6,0.5003438315878694,0.47036681788199664,0.4687420679238581
2003-05-22,False,6,0.48061635120728813,0.4172674106095286,0.42977039914116677
2003-05-23,False,6,0.48493355450856623,0.366033880448073,0.4143035161087841
2003-05-27,False,6,0.4782513395708427,0.494700492473414,0.4567583784243774
2003-05-28,False,6,0.46866842909351464,0.45697095287584055,0.4337283416274458
2003-05-29,False,6,0.4461079884059831,0.4433178114626418,0.40899705671154635
2003-05-30,False,6,0.43580483568681605,0.44451694958351146,0.3969413535932219
2003-06-02,False,6,0.4182723744128899,0.4358632190839986,0.3782738915060195
2003-06-03,False,6,0.4225037437139312,0.408941354138084,0.37200870346507053
2003-06-04,False,6,0.3786096420980858,0.4602706001436548,0.3526169039896416
2003-06-05,False,6,0.36535136527293266,0.35575216903311535,0.303994001878239
2003-06-06,False,6,0.36861884987191623,0.3607218075064855,0.3086042541117188
2003-06-09,False,6,0.39256880320700716,0.5099292867240642,0.38650002912361836
2003-06-10,False,6,0.38742400769713525,0.5064489139864983,0.37971531444412876
2003-06-11,False,6,0.383594700831561,0.48665794225004744,0.37340169211796914
2003-06-12,False,6,0.3849291305941323,0.43125076578930016,0.35449889296001175
2003-06-13,False,6,0.4044901261653549,0.4590111726277689,0.3815745372755877
2003-06-16,False,6,0.3972810834219383,0.5023264095076546,0.38827960198918715
2003-06-17,False,6,0.4049656009019313,0.4882592359163184,0.39239344640316903
2003-06-18,False,6,0.3493993895800385,0.5221023932294321,0.3597410152913247
2003-06-19,False,6,0.37298737622786815,0.4217663018564509,0.34519931619626615
2003-06-20,False,6,0.36781177319627817,0.4381038601741054,0.3470584273394815
2003-06-23,False,6,0.3910464809780695,0.4849339765468467,0.3835434036425937
2003-06-24,False,6,0.38775554601856577,0.47707136897550356,0.3778954907141968
2003-06-25,False,6,0.3746927472711826,0.4662671411952417,0.3624803717342821
2003-06-26,False,6,0.37291954874169586,0.4979953465165953,0.3716306619486142
2003-06-27,False,6,0.3875271917764647,0.5677237541031956,0.4142669335341363
2003-06-30,False,6,0.38293208546826735,0.5281146401204655,0.39480223095493444
2003-07-01,False,6,0.3760609043104488,0.5553095772276142,0.397948511080033
2003-07-02,False,6,0.37359869977990146,0.545752731207484,0.39068824231111104
2003-07-03,False,6,0.3787192375584484,0.5820513664542856,0.4085019786897675
2003-07-07,False,6,0.36000466655627267,0.5785128686376941,0.38864597527136363
2003-07-08,False,6,0.3581274977285447,0.5461080289533807,0.3749977636341038
2003-07-09,False,6,0.3603502360058993,0.5434754111526332,0.3761478257877992
2003-07-10,False,6,0.38562892704251195,0.5925467707495318,0.42042200078489644
2003-07-11,False,6,0.3845792020426965,0.5757284974949024,0.4117333752343546
2003-07-14,False,6,0.3688006669188249,0.577566908241998,0.39745493665586057
2003-07-15,False,6,0.3819030286516422,0.5858941643442518,0.41386917149454355
2003-07-16,False,6,0.38771364651025897,0.5869939163533757,0.41985448296677375
2003-07-17,False,6,0.40746667255930097,0.5830104998985349,0.4404256090610769
2003-07-18,False,6,0.404810948233395,0.5875686710370517,0.43775688323113754
2003-07-21,False,6,0.409500413539102,0.523483248724042,0.4164403227217868
2003-07-22,False,6,0.38540738940433994,0.5308777570846559,0.396909130787787
2003-07-23,False,6,0.38970883091621433,0.5341638193561805,0.40545895843029695
2003-07-24,False,6,0.3957981827353843,0.5828714285487259,0.43004322436186265
2003-07-25,False,6,0.3896791675812235,0.5737980804882963,0.4192566182541003
2003-07-28,False,6,0.3845325990878645,0.5359655458849315,0.4000628012615984
2003-07-29,False,6,0.39663714415106843,0.5314370950762367,0.4119911918988947
2003-07-30,False,6,0.3991977829702638,0.492944513906693,0.39986429923681577
2003-07-31,False,6,0.40281156183758215,0.4920847059068814,0.40538868630928704
2003-08-01,False,6,0.4110290984030549,0.4203805176609443,0.38490207463870213
2003-08-04,False,6,0.4018320865866958,0.4505618231527504,0.38798516861358373
2003-08-05,False,6,0.4306591303838659,0.4584985070089278,0.41769416291458533
2003-08-06,False,6,0.4379727016787413,0.4633339949381358,0.4280343848199371
2003-08-07,False,6,0.43204541227483534,0.4764710927713466,0.4278761903705033
2003-08-08,False,6,0.4267538766661731,0.4492983751291794,0.4124448342831946
2003-08-11,False,6,0.42882954348615965,0.4168983133294336,0.4022017501793117
2003-08-12,False,6,0.4164090535170051,0.4423799481715613,0.3994232857548595
2003-08-13,False,6,0.388986844228363,0.46259900573712476,0.3845349384954769
2003-08-14,False,6,0.383072972058531,0.4617686449504874,0.37780356544794297
2003-08-15,False,6,0.3855621674026938,0.44048310172597627,0.3719915927273414
2003-08-18,False,6,0.3854061580150715,0.41868655928611137,0.3639793789403591
2003-08-19,False,6,0.38264367620116513,0.3952649630376049,0.3520188318257608
2003-08-20,False,6,0.3897447747047961,0.43028573347456284,0.3740871665905802
2003-08-21,False,6,0.3864258375678651,0.44554615385387364,0.37608097030847343
2003-08-22,False,6,0.4029995077725804,0.427163455358621,0.3827376930542293
2003-08-25,False,6,0.41121894616225896,0.4155150494679901,0.3891458002107892
2003-08-26,False,6,0.4126781162084748,0.4479455813516271,0.40260386079159294
2003-08-27,False,6,0.40973444708445006,0.4412159255089087,0.39700757093664035
2003-08-28,False,6,0.41076936710381173,0.43455590052569776,0.39696487096697
2003-08-29,False,6,0.41042406027936673,0.44362514352014076,0.399496277981391
2003-09-02,False,6,0.40161154387102266,0.4306783462777985,0.38443947119831695
2003-09-03,False,6,0.3822885118730371,0.4464776284900174,0.3740253931227196
2003-09-04,False,6,0.3863650400993546,0.411649785248972,0.3658675697009157
2003-09-05,False,6,0.40066865822053127,0.4213921439462201,0.3839533703842305
2003-09-08,False,6,0.39849967231180106,0.4358113724033065,0.3866673921470621
2003-09-09,False,6,0.3920317636911974,0.4455590262652538,0.3847976721242779
2003-09-10,False,6,0.41597529717225684,0.4775359969448778,0.42312489159691463
2003-09-11,False,6,0.41291441942911816,0.5297403010193238,0.4389268940425787
2003-09-12,False,6,0.4095405727909928,0.49808355580917174,0.42284645766556883
2003-09-15,False,6,0.394986177786635,0.5041395748699593,0.41267071539597067
2003-09-16,False,6,0.38687709372621826,0.40576518262835365,0.36694885832864627
2003-09-17,False,6,0.36234463019042024,0.3827491021507729,0.33914169956466245
2003-09-18,False,6,0.35925195066025734,0.4000889847036819,0.3414127178569099
2003-09-19,False,6,0.35279059302231636,0.39188270024629446,0.33330022432408973
2003-09-22,False,6,0.3730385062293935,0.37054534399426264,0.3428956953336427
2003-09-23,False,6,0.362179105363845,0.36586942939492895,0.3319615583367007
2003-09-24,False,6,0.3834854785231562,0.41728245233093775,0.36840451962043136
2003-09-25,False,6,0.4025608456173772,0.4385135860703502,0.39300783245709053
2003-09-26,False,6,0.4207622640793171,0.3728340074999657,0.3854321740588683
2003-09-29,False,6,0.40747574518767027,0.4302565271451116,0.3947485054210927
2003-09-30,False,6,0.4204181488533925,0.40707805544691633,0.40012252158747347
2003-10-01,False,6,0.4223018589719057,0.46826551313145215,0.4192028507858859
2003-10-02,False,6,0.4151478660828306,0.42897326758325605,0.3973396473079724
2003-10-03,False,6,0.3925706176652044,0.42908125087936794,0.37715774835460375
2003-10-06,False,6,0.3930556984765706,0.47752065044614783,0.39564364138155644
2003-10-07,False,6,0.3919111628536933,0.4617463439289281,0.3880753759908668
2003-10-08,False,6,0.38989957081992177,0.48614752114622506,0.39465193361218953
2003-10-09,False,6,0.38093474698999114,0.5235224185598824,0.39949255381073756
2003-10-10,False,6,0.369020349442126,0.5582341866340862,0.400165412662028
2003-10-13,False,6,0.3692805422257701,0.5447495434638799,0.3958838651959113
2003-10-14,False,6,0.35175657485292566,0.38643092570125737,0.32358740082703147
2003-10-15,False,6,0.3612424760791273,0.5079785758969841,0.3770507285280453
2003-10-16,False,6,0.3617846752291196,0.5294823549353547,0.3846469756876997
2003-10-17,False,6,0.3737995185315718,0.5247825678672583,0.392606042090223
2003-10-20,False,6,0.37697359566553956,0.46312857784396555,0.3744744691200209
2003-10-21,False,6,0.3775575903969001,0.4807673174830306,0.38156324633290634
2003-10-22,False,6,0.3930226403443209,0.46949204325755944,0.38950943512054026
2003-10-23,False,6,0.3886990884273798,0.4566354993757241,0.38104225628906574
2003-10-24,False,6,0.392955849129313,0.4554039582864492,0.3825712248597975
2003-10-27,False,6,0.377864669971704,0.44306772708818076,0.3646505708038676
2003-10-28,False,6,0.3722518015395599,0.4131781104241571,0.3471119368462155
2003-10-29,False,6,0.34560919484438113,0.4706517762528991,0.34545238370584697
2003-10-30,False,6,0.3435166672620835,0.4727303940720162,0.3443025374970312
2003-10-31,False,6,0.3444356163555708,0.5033599043238202,0.35554654923175655
2003-11-03,False,6,0.3433110407075418,0.4827389683131578,0.3465691245215813
2003-11-04,False,6,0.34835310906451644,0.4363555862490151,0.3352202722915235
2003-11-05,False,6,0.3540721579748612,0.37692336141067456,0.3203572440697848
2003-11-06,False,6,0.3469283682900662,0.422499772710143,0.3297678082637883
2003-11-07,False,6,0.35244990391606607,0.400468278127081,0.3278500658247397
2003-11-10,False,6,0.3657325412878217,0.3966210289377064,0.33773555059242183
2003-11-11,False,6,0.3741806039528176,0.4802846267233258,0.3760294966591801
2003-11-12,False,6,0.37341140316809857,0.4157037290321127,0.3495445833166346
2003-11-13,False,6,0.3721505222126931,0.4115619689074621,0.3471584657716601
2003-11-14,False,6,0.38587533822351466,0.44066169002778977,0.3700368212232076
2003-11-17,False,6,0.37930544397860866,0.41757010783380705,0.35686583330329885
2003-11-18,False,6,0.38454671171561877,0.4592017490758135,0.37636940352702297
2003-11-19,False,6,0.3837916341061408,0.46309248959299676,0.37702401983586803
2003-11-20,False,6,0.39375520306546025,0.5001946753556403,0.3996335316986061
2003-11-21,False,6,0.39591022434307593,0.4742019318771041,0.3926584231538931
2003-11-24,False,6,0.39457722930713945,0.47666564156431734,0.3899440376353971
2003-11-25,False,6,0.396548110276129,0.44210250024169484,0.3800740905920597
2003-11-26,False,6,0.39506246792077404,0.3945128293246661,0.36008822378180366
2003-11-28,False,6,0.39436812500945556,0.5098737966030323,0.4016580066773615
2003-12-01,False,6,0.38001854442645144,0.479089837057792,0.37544936911788085
2003-12-02,False,6,0.3874063304760345,0.43504239426727676,0.3666546203162354
2003-12-03,False,6,0.38133373939510545,0.39098454193800214,0.34633819926035453
2003-12-04,False,6,0.3596194053144,0.44285447193478494,0.34665207093298217
2003-12-05,False,6,0.3699742081449497,0.4611038317154882,0.36330429220657023
2003-12-08,False,6,0.367221874519833,0.40754883296144434,0.3410523789128064
2003-12-09,False,6,0.37728717355535774,0.3879843649903825,0.34258775916400125
2003-12-10,False,6,0.3900209192265334,0.32350887743976897,0.3301101399806249
2003-12-11,False,6,0.3829877152555075,0.39635726437578545,0.3479999630025905
2003-12-12,False,6,0.384375802320061,0.4723981129100429,0.37742906337280135
2003-12-15,False,6,0.3902326659497495,0.45791283725342025,0.37698042063670417
2003-12-16,False,6,0.3727364742928879,0.4464223669777389,0.35829677387266123
2003-12-17,False,6,0.373580045960688,0.49880384820635676,0.3779110695140475
2003-12-18,False,6,0.3455419905412917,0.4850061728432418,0.34814394987707986
2003-12-19,False,6,0.3309880769665975,0.4770471670480417,0.3333605523798308
2003-12-22,False,6,0.3149147425710466,0.4232488707891696,0.3019088196809495
2003-12-23,False,6,0.31795487389302074,0.3560340177548125,0.2826724334225433
2003-12-24,False,6,0.31281573103852117,0.3440795979534785,0.27444143069867794
2003-12-26,False,6,0.312600459199568,0.30782689842389216,0.2669088189896882
2003-12-29,False,6,0.310208673778592,0.28471710703961556,0.254870413672234
2003-12-30,False,6,0.3155851060564498,0.3804604185383682,0.2928040039978584
2003-12-31,False,6,0.3214034494165605,0.3973691861466897,0.3040375371595544
2004-01-02,False,6,0.3277518618543636,0.46065380647812365,0.33203015982654793
2004-01-05,False,6,0.3191630771513013,0.5087333326860716,0.33996229197281025
2004-01-06,False,6,0.32244047583985763,0.40517976851839516,0.30767776945963793
2004-01-07,False,6,0.32170436850592143,0.4088184085231153,0.3087394304888407
2004-01-08,False,6,0.32370787631181475,0.5328547280562975,0.354699744332584
2004-01-09,False,6,0.33294441731630753,0.5036088869764218,0.35295013150523813
2004-01-12,False,6,0.3264401480120694,0.5398634533204549,0.3594551694780854
2004-01-13,False,6,0.33392636786942964,0.5401629170520492,0.3665003658573942
2004-01-14,False,6,0.3141297515855469,0.4819847442819113,0.3282174722678198
2004-01-15,False,6,0.3184231411389905,0.4663107995597162,0.32750369219211906
2004-01-16,False,6,0.3149051446223482,0.500580663837115,0.33565169791861754
2004-01-20,False,6,0.29265049290593215,0.42039426324156637,0.2915051012398374
2004-01-21,False,6,0.29022011231385186,0.3913538431837058,0.27943242368140986
2004-01-22,False,6,0.29158737599932755,0.48618673642528265,0.3118364681808605
2004-01-23,False,6,0.2988123307872047,0.4613506389300412,0.3106724191058973
2004-01-26,False,6,0.2988769633090011,0.41039112329677147,0.2953727786217006
2004-01-27,False,6,0.3100119806562952,0.3901050010658533,0.2983177175534646
2004-01-28,False,6,0.3380713882315461,0.3855509704796812,0.3181248114850899
2004-01-29,False,6,0.3393530698526624,0.4519911683159775,0.34424642709127795
2004-01-30,False,6,0.34423689332647617,0.42488073828411693,0.3402789985162798
2004-02-02,False,6,0.3420430070990841,0.4865952765050589,0.36049053431198486
2004-02-03,False,6,0.34337599652963574,0.4213207274311048,0.3387362210200578
2004-02-04,False,6,0.35873908528096166,0.4175920464659034,0.35163522515796763
2004-02-05,False,6,0.3544739529355887,0.4859588241453048,0.37210892013371993
2004-02-06,False,6,0.3378980314629689,0.4991071370503866,0.35953211176091093
2004-02-09,False,6,0.33433091252246205,0.4960321204519443,0.3556172722819341
2004-02-10,False,6,0.335968880898555,0.4609347360012374,0.34754369793047196
2004-02-11,False,6,0.3314157485940033,0.5151148193003406,0.36121894118386977
2004-02-12,False,6,0.3257325916478256,0.49977223200081416,0.350566330480982
2004-02-13,False,6,0.32295642842099465,0.47898953829219576,0.34077798480109894
2004-02-17,False,6,0.3101982748053273,0.4282752127817745,0.3107037405530241
2004-02-18,False,6,0.3179644008894799,0.45485721961263215,0.32734990828235794
2004-02-19,False,6,0.31662144535688225,0.4821000116779314,0.3358007626858273
2004-02-20,False,6,0.32476297491146144,0.5055787052356192,0.35146194657933333
2004-02-23,False,6,0.33673068978085446,0.5092184631910054,0.36775559171560024
2004-02-24,False,6,0.34185295845548036,0.5347232765387712,0.38240674029553623
2004-02-25,False,6,0.3417862377494315,0.535175530017939,0.3827764236804872
2004-02-26,False,6,0.3406392119456038,0.5734455989490148,0.39598781713796255
2004-02-27,False,6,0.34291500922803075,0.48813405008259275,0.36959660221851615
2004-03-01,False,6,0.33595644698231264,0.5058129265800445,0.36744215857504664
2004-03-02,False,6,0.34122985416631924,0.4827317321002448,0.3628271088606635
2004-03-03,False,6,0.3429842048145795,0.44732432216767787,0.35144086064013463
2004-03-04,False,6,0.33395956398167626,0.4755816238015848,0.35324379033715575
2004-03-05,False,6,0.33593702869945397,0.4133556643314109,0.33383974460888477
2004-03-08,False,6,0.3325292898113799,0.4657327377891709,0.3491613106898233
2004-03-09,False,6,0.33477478143910755,0.43546018154125854,0.34001171728596513
2004-03-10,False,6,0.3642622794266705,0.30699360648488977,0.3188111288937226
2004-03-11,False,6,0.3860148390113567,0.3078425027361516,0.33573921992131694
2004-03-12,False,6,0.37466734383767236,0.2871459623290733,0.3151107003193753
2004-03-15,False,6,0.4023512339513019,0.3234516093841962,0.3510027511229191
2004-03-16,False,6,0.4026750129939935,0.33139388495061817,0.3543057878531725
2004-03-17,False,6,0.4028996730789746,0.3176050257134329,0.3476720195555812
2004-03-18,False,6,0.4048818455868053,0.30553428073592653,0.3444399652939366
2004-03-19,False,6,0.41672510458496775,0.2964209039633343,0.3504237273861097
2004-03-22,False,6,0.4400929028973657,0.291103819697884,0.36671986012959734
2004-03-23,False,6,0.4373431393242175,0.28020450940524044,0.3592692427753864
2004-03-24,False,6,0.44318538310062816,0.29467905651592063,0.37154007661222027
2004-03-25,False,6,0.44402665738374936,0.3321664301888545,0.38756399593850865
2004-03-26,False,6,0.44230755423252305,0.2741830327609526,0.36133024519740425
2004-03-29,False,6,0.4349791301911577,0.28078966221472373,0.3556906921072412
2004-03-30,False,6,0.42833341922119994,0.28894467540843427,0.35248254558429737
2004-03-31,False,6,0.4323474391054645,0.24142093446193996,0.3352735345923017
2004-04-01,False,6,0.4286160463300112,0.22020402186096588,0.3212496709498626
2004-04-02,False,6,0.4235015930475462,0.22517497325540792,0.31858010985331586
2004-04-05,False,6,0.4227816816353223,0.23351698111711303,0.32155994831893
2004-04-06,False,6,0.41718851080805636,0.2968064692687997,0.3451429311662321
2004-04-07,False,6,0.4251836273768427,0.3098480687449123,0.3572998447484709
2004-04-08,False,6,0.4226159172054487,0.25260966379944827,0.3304617253817883
2004-04-12,False,6,0.42462120581379886,0.2540667099499562,0.3338934347286134
2004-04-13,False,6,0.4479605197702309,0.24116996375922098,0.3445885863081464
2004-04-14,False,6,0.45557892317388515,0.2186763396944497,0.3406030603944763
2004-04-15,False,6,0.4577748721063152,0.30045970488968526,0.3803815787668046
2004-04-16,False,6,0.45719655817182653,0.29730852842888406,0.37800367373572735
2004-04-19,False,6,0.4526949901021548,0.28168523395454903,0.3673146052490455
2004-04-20,False,6,0.47005021656268237,0.21789621500070963,0.3499578383691124
2004-04-21,False,6,0.470890636407441,0.25339308385383097,0.3689030775705924
2004-04-22,False,6,0.45917467319238137,0.3105605862349248,0.3813311219137512
2004-04-23,False,6,0.43592569412022103,0.4018238987192799,0.39914092402753637
2004-04-26,False,6,0.4404044327568093,0.42976976669252737,0.4126441676377226
2004-04-27,False,6,0.4395514982542867,0.3828122952779308,0.39333475359817976
2004-04-28,False,6,0.4673461818065799,0.37162502427454125,0.411684563106985
2004-04-29,False,6,0.47671904137929577,0.3286254967210197,0.40311455669181
2004-04-30,False,6,0.47053826909912727,0.3487637523569643,0.40594430964881584
2004-05-03,False,6,0.4694314903056125,0.4248988121158945,0.4344153021059295
2004-05-04,False,6,0.47275851292289706,0.4093045562192983,0.43379266453967685
2004-05-05,False,6,0.47251442964674106,0.39665893161180066,0.4282583380537306
2004-05-06,False,6,0.48582154740995764,0.33519958703822167,0.4154750186523939
2004-05-07,False,6,0.519313229086046,0.36805535170985787,0.45860058366614564
2004-05-10,False,6,0.5352089219608461,0.36555407825534825,0.4711391226036696
2004-05-11,False,6,0.5243563781265295,0.3416324615804401,0.45039818107478485
2004-05-12,False,6,0.529849030001068,0.36274986674540155,0.4666031074599197
2004-05-13,False,6,0.5274418710244584,0.3575299718009732,0.4619316195312511
2004-05-14,False,6,0.52272234867507,0.41086990734629436,0.47967931521342577
2004-05-17,False,6,0.5341149625479438,0.42835133598931785,0.4961854119633752
2004-05-18,False,6,0.5226171150089913,0.35435443926429944,0.45400066135222084
2004-05-19,False,6,0.5226542982527582,0.3609254959365239,0.45657951917107037
2004-05-20,False,6,0.5267492359976558,0.36729472640742833,0.4633193753659615
2004-05-21,False,6,0.5259932876663282,0.3951453793677885,0.47358385141287146
2004-05-24,False,6,0.5248004269858505,0.40041603757357974,0.474877827901897
2004-05-25,False,6,0.5259231912585199,0.38334166260676433,0.46614509360329714
2004-05-26,False,6,0.5176964844082758,0.40496918151343886,0.4671457423579021
2004-05-27,False,6,0.513171951740679,0.3855942934471364,0.4545269883122829
2004-05-28,False,6,0.5157143644416772,0.45619546568788527,0.48488202123256796
2004-06-01,False,6,0.517072668834321,0.38848142415314135,0.4594008030460182
2004-06-02,False,6,0.5056405244605657,0.37194555574730004,0.4417233026103249
2004-06-03,False,6,0.5097441189238658,0.38593597466371726,0.4507117718030984
2004-06-04,False,6,0.48290305074526224,0.3588397547437241,0.41587340499758196
2004-06-07,False,6,0.4598845290048325,0.41030739009198064,0.4136442742998243
2004-06-08,False,6,0.4656106397686549,0.35491687998805155,0.39852922947937636
2004-06-09,False,6,0.45644738684339053,0.34198096290283964,0.3860014532403626
2004-06-10,False,6,0.4558296104600819,0.30793586846096105,0.37103101261029275
2004-06-14,False,6,0.4758367151403302,0.22783169102649345,0.3529681375194587
2004-06-15,False,6,0.46832764376294383,0.22376186948550653,0.34363342046951145
2004-06-16,False,6,0.45820683658651357,0.25357801289862897,0.3495050510056443
2004-06-17,False,6,0.4372345857188085,0.1851696704036127,0.2998865930057465
2004-06-18,False,6,0.43515246423040804,0.20296561652744102,0.3078344178198663
2004-06-21,False,6,0.43459519965157434,0.16688859005432863,0.287735042577268
2004-06-22,False,6,0.4367461431653348,0.2088311847331914,0.3141153762723666
2004-06-23,False,6,0.4326035644219074,0.29760680023882985,0.3507235823058806
2004-06-24,False,6,0.4396020434708496,0.24717153898693286,0.33652003015052695
2004-06-25,False,6,0.4426528339032459,0.3302151511953165,0.37697710827597924
2004-06-28,False,6,0.4492191564481498,0.34303338660998434,0.3884193889493893
2004-06-29,False,6,0.4501111601705455,0.386381271008115,0.40723763520156203
2004-06-30,False,6,0.4515354107735291,0.3677859815911923,0.4010459845851676
2004-07-01,False,6,0.47084632329225434,0.38096417050226933,0.42384576787516753
2004-07-02,False,6,0.47230496470772243,0.42057908779582737,0.4406994081151174
2004-07-06,False,6,0.47709633553919134,0.4254840801429768,0.44704567776884474
2004-07-07,False,6,0.472186721093737,0.42171417158736496,0.4412713021337464
2004-07-08,False,6,0.4847105735745402,0.48904041857584873,0.4788114618023139
2004-07-09,False,6,0.4575792129921853,0.4966630253920189,0.45878795472689243
2004-07-12,False,6,0.4552715503754109,0.46671134581743484,0.4445731676263009
2004-07-13,False,6,0.45462675508983574,0.46582258280330824,0.44287432621715406
2004-07-14,False,6,0.46108287248256674,0.3928078181283246,0.42200169123738424
2004-07-15,False,6,0.4625825568857204,0.38960003126236636,0.4221218015777528
2004-07-16,False,6,0.4461216869641015,0.32832405375897833,0.3845926249930157
2004-07-19,False,6,0.45154222393940846,0.34612427103983606,0.3971337956180412
2004-07-20,False,6,0.4506165535589512,0.4630817637328215,0.4458645652251782
2004-07-21,False,6,0.4748682935572103,0.45429298901771914,0.4619197804502619
2004-07-22,False,6,0.474096952367333,0.4668932437954348,0.46653204523092584
2004-07-23,False,6,0.48869672302871087,0.4782615679810771,0.4841669441351967
2004-07-26,False,6,0.4699617152609589,0.5621182051197632,0.5016783355974558
2004-07-27,False,6,0.45443184288601335,0.5319923622035944,0.4732609021810308
2004-07-28,False,6,0.45057062803435083,0.5296227640671097,0.4690965127334466
2004-07-29,False,6,0.4515102068665902,0.511097612482258,0.464995668844525
2004-07-30,False,6,0.4511759028879593,0.5387244970209941,0.47527526078294197
2004-08-02,False,6,0.4496389219024532,0.5318813706046294,0.4712829870430369
2004-08-03,False,6,0.44917413776167864,0.48716048203762663,0.4535956762737563
2004-08-04,False,6,0.42127364089862773,0.5300125242311331,0.44723033098709225
2004-08-05,False,6,0.42512031111080073,0.526762830088827,0.4486741273602096
2004-08-06,False,6,0.4540527998244952,0.5012967623032384,0.464820518122606
2004-08-09,False,6,0.4543739300557794,0.5629988562216058,0.4887559711125139
2004-08-10,False,6,0.4487331234206362,0.536280659448018,0.4695752965557134
2004-08-11,False,6,0.4515188440112832,0.5496982200362349,0.4781267744552035
2004-08-12,False,6,0.451891749922705,0.5237845277067463,0.46832326424527304
2004-08-13,False,6,0.4558468877596293,0.5265823786418663,0.4742180660909069
2004-08-16,False,6,0.4499904442068195,0.5111155435079778,0.45933588794432056
2004-08-17,False,6,0.44671402290758017,0.5063536558203956,0.4542950474412285
2004-08-18,False,6,0.44534225615074163,0.49533247963135857,0.4470677028838185
2004-08-19,False,6,0.45260403272508404,0.5172491024436918,0.4615866663079585
2004-08-20,False,6,0.45101288595936445,0.5139168241888374,0.4625718199624372
2004-08-23,False,6,0.4565733972699166,0.49958739932918517,0.4621920756360732
2004-08-24,False,6,0.45981551687770805,0.4890847871276992,0.46179396913749965
2004-08-25,False,6,0.4562909016857823,0.48039994976896133,0.4542391701015357
2004-08-26,False,6,0.45723574486826957,0.4728222701770964,0.4520753902811128
2004-08-27,False,6,0.4572678009956025,0.4830005772513028,0.4559077143028729
2004-08-30,False,6,0.45481208682517266,0.4517456170729243,0.44177804375156515
2004-08-31,False,6,0.45491265712620743,0.5001585679158932,0.46025633475683414
2004-09-01,False,6,0.45515067546013094,0.5007360396167744,0.4645865970487577
2004-09-02,False,6,0.45106380349103553,0.5137268166771468,0.4635494959081205
2004-09-03,False,6,0.4396278919741283,0.5297096521758844,0.4601555509736579
2004-09-07,False,6,0.43781559803434444,0.5322938906271439,0.45875766553791597
2004-09-08,False,6,0.4319558252001038,0.5183187117233898,0.4487150591785983
2004-09-09,False,6,0.43387583455401896,0.4545026269835518,0.4274735972731252
2004-09-10,False,6,0.43348175136520917,0.5038924365104945,0.4464682881671577
2004-09-13,False,6,0.4319934036158672,0.4619958549711087,0.4287291901477411
2004-09-14,False,6,0.43357531457742077,0.4560581871055154,0.4279125086004234
2004-09-15,False,6,0.4393090299035297,0.4470243082683454,0.42929228409857373
2004-09-16,False,6,0.4396979753125637,0.41187901695839857,0.4160044266232027
2004-09-17,False,6,0.442785965270832,0.45111631723361656,0.4354686574011524
2004-09-20,False,6,0.4480170215961637,0.4906354960784002,0.455618925781649
2004-09-21,False,6,0.4451246514717518,0.4388321079851795,0.4316347871902349
2004-09-22,False,6,0.45620206873128877,0.44073837255424,0.44051949096612186
2004-09-23,False,6,0.4621396099002187,0.4563644748819505,0.45214723647525623
2004-09-24,False,6,0.4637920750853722,0.5014922758638359,0.47175852367711446
2004-09-27,False,6,0.45655127623728947,0.46573692282096696,0.45115640950607294
2004-09-28,False,6,0.45015642242863146,0.48817227466047713,0.45252669049212435
2004-09-29,False,6,0.43727475934400484,0.4741896298928065,0.4354048510956972
2004-09-30,False,6,0.4361638492724688,0.42504119063739076,0.4152010069721444
2004-10-01,False,6,0.4209325481709422,0.40925252503169185,0.392689394934255
2004-10-04,False,6,0.4221052619538865,0.4563499383399386,0.4121010796817711
2004-10-05,False,6,0.4228745492121404,0.4885670243313901,0.42504015218344426
2004-10-06,False,6,0.4192265973600104,0.4751429201769148,0.4158134643679729
2004-10-07,False,6,0.4333727229345153,0.5001726157088257,0.4358731832609281
2004-10-08,False,6,0.44134389635120796,0.4972759009935208,0.4414189844844353
2004-10-11,False,6,0.4367282387303256,0.4652264914689019,0.42425277685270607
2004-10-12,False,6,0.43900121735114406,0.5080378818328034,0.4424360681205672
2004-10-13,False,6,0.4569150920538759,0.525448766976134,0.466207404971653
2004-10-14,False,6,0.43795495747779173,0.3988601268233628,0.4036296472575929
2004-10-15,False,6,0.4310078659004858,0.3884596153868964,0.39257075096846644
2004-10-18,False,6,0.4149394912784549,0.35935427443319057,0.36809772479292724
2004-10-19,False,6,0.4179140107755966,0.34924928283820245,0.3669081606154554
2004-10-20,False,6,0.4204943750583385,0.32961605037273345,0.362610103367833
2004-10-21,False,6,0.4149865567265914,0.3356810576500706,0.35938005714109306
2004-10-22,False,6,0.42723234482182887,0.3848602427492548,0.3880518484425622
2004-10-25,False,6,0.4275840686790403,0.41560588389436326,0.4004764015737181
2004-10-26,False,6,0.4250963405801393,0.4874126606748968,0.4233880730460737
2004-10-27,False,6,0.4097359072483165,0.536931869878716,0.42718639984136964
2004-10-28,False,6,0.4069032560668651,0.41785917007213436,0.3814470408537298
2004-10-29,False,6,0.379300826306453,0.4266333548393156,0.36234272387784067
2004-11-01,False,6,0.3531296962269194,0.4038566711400723,0.3331662056109004
2004-11-02,False,6,0.35421700047574234,0.3655129888955564,0.3206388737426551
2004-11-03,False,6,0.35438261619942213,0.3453581879548765,0.3135068317639262
2004-11-04,False,6,0.3464574369938188,0.34918683216087704,0.30445188471713497
2004-11-05,False,6,0.32466758081267877,0.2411257706916694,0.24806427664063904
2004-11-08,False,6,0.32646742529188233,0.2836682129062064,0.2658060202708031
2004-11-09,False,6,0.3301873108169702,0.23910485376754415,0.2539319390970626
2004-11-10,False,6,0.3314861232786249,0.2621700949658415,0.2642508437126383
2004-11-11,False,6,0.33165821034007265,0.29430559338050427,0.27747719438797536
2004-11-12,False,6,0.32291112878200945,0.31266284541506145,0.2762489089707116
2004-11-15,False,6,0.32765589943439,0.3172910865392124,0.2831836107686925
2004-11-16,False,6,0.329946487311173,0.3301377269060833,0.2895081037378038
2004-11-17,False,6,0.32604862326826206,0.29610031721587543,0.27356391036978445
2004-11-18,False,6,0.3307267339498199,0.2516483146690501,0.2611575653047084
2004-11-19,False,6,0.3446162164042927,0.26720816902876604,0.27709091508766465
2004-11-22,False,6,0.3428698501476619,0.26983631000788433,0.2765677483206654
2004-11-23,False,6,0.33193823662763866,0.25416349813967215,0.2625910290538108
2004-11-24,False,6,0.33170326712246173,0.24970992368370473,0.26059555988807476
2004-11-26,False,6,0.332714315502873,0.20145172518809057,0.24130800652862494
2004-11-29,False,6,0.33900310877127027,0.2543272230552242,0.2699306954694754
2004-11-30,False,6,0.3393234321332245,0.24752366893185557,0.26727910537509364
2004-12-01,False,6,0.3388828110426004,0.25784933720594205,0.2698070881695335
2004-12-02,False,6,0.33324938290289585,0.3354079451704193,0.29496212642614444
2004-12-03,False,6,0.33423824752480535,0.344833624571408,0.2988827927854675
2004-12-06,False,6,0.34073528754457544,0.3799462627433668,0.31666448640032824
2004-12-07,False,6,0.36044028735740735,0.31394806139237497,0.30782407874065876
2004-12-08,False,6,0.3581938529423036,0.3697333149618513,0.3267369364382374
2004-12-09,False,6,0.3462117950114137,0.3686634444233453,0.31597216161050284
2004-12-10,False,7,0.3453123846275222,0.32825158413300026,0.2877977929660875
2004-12-13,False,7,0.34170819441552475,0.3542979209006246,0.29400616949501185
2004-12-14,False,7,0.3317250712448148,0.3968895066901059,0.3020148039832697
2004-12-15,False,7,0.33326373718559515,0.3975725152559129,0.30383837075838854
2004-12-16,False,7,0.3210409138196969,0.37624573409741063,0.28695564907968596
2004-12-17,False,7,0.3213077312974088,0.39744896406036073,0.2956177015834794
2004-12-20,False,7,0.32494542860115017,0.35490626564229505,0.2821072779784026
2004-12-21,False,7,0.3111503067197431,0.413966700753595,0.2929451402140253
2004-12-22,False,7,0.31329384054862824,0.4241112236420404,0.2995710727150409
2004-12-23,False,7,0.3158002372381893,0.41718482885684494,0.2990432198969451
2004-12-27,False,7,0.3253431398739495,0.42335915880023267,0.30982189170500574
2004-12-28,False,7,0.32554520270990295,0.3662170316926031,0.28848203691558394
2004-12-29,False,7,0.32796301975456765,0.37853940848577516,0.29500666182281643
2004-12-30,False,7,0.32590103315609037,0.3257350611197851,0.2718409890387058
2004-12-31,False,7,0.3310966639402834,0.35750307864074155,0.28930576194801844
2005-01-03,False,7,0.33377898498264724,0.32577690818836663,0.2784374811407307
2005-01-04,False,7,0.34555841949405547,0.3075413027877204,0.27838217152468975
2005-01-05,False,7,0.3559257542974649,0.30074408489315446,0.28374587934555867
2005-01-06,False,7,0.3493172795241014,0.30681253061779507,0.2805804155659151
2005-01-07,False,7,0.3379088272572555,0.23735771646018852,0.24160566467365072
2005-01-10,False,7,0.3261442096607314,0.3416069021661782,0.27512672717964337
2005-01-11,False,7,0.33615124737743896,0.3760247476213804,0.29724110109395985
2005-01-12,False,7,0.33423707257389773,0.4178345052163956,0.31178293985782807
2005-01-13,False,7,0.3276406367362035,0.4698452693587911,0.3263755065627864
2005-01-14,False,7,0.325261220145483,0.46102536375635106,0.3185371934239956
2005-01-18,False,7,0.3248628949733119,0.5063429152548526,0.3346618829097673
2005-01-19,False,7,0.3253429185295755,0.49999437632473376,0.3321960687106402
2005-01-20,False,7,0.3372169001063194,0.47668267981828927,0.33257983447584133
2005-01-21,False,7,0.34855621801683206,0.4475781929312661,0.33273217588433557
2005-01-24,False,7,0.3611953435193214,0.5436821603357892,0.38522135003370994
2005-01-25,False,7,0.3591794070006406,0.5884262526047281,0.4006059821216827
2005-01-26,False,7,0.3572453823929137,0.5331934319446328,0.37475535050477693
2005-01-27,False,7,0.35549290771128855,0.5435213806855433,0.3779594620392616
2005-01-28,False,7,0.35559138321957884,0.5088526072298556,0.3647021516279413
2005-01-31,False,7,0.3550682614735418,0.525451267610039,0.3729704709152986
2005-02-01,False,7,0.3541319771677542,0.5401099025207529,0.38321067607201387
2005-02-02,False,7,0.35373008158667885,0.5410960627405179,0.38240391573624455
2005-02-03,False,7,0.35489936383155446,0.5282297122822228,0.3782372782222861
2005-02-04,False,7,0.3514227616383446,0.4839909466729245,0.3537975678185045
2005-02-07,False,7,0.35388773976258936,0.5622934155122468,0.3885197794699451
2005-02-08,False,7,0.3573955303939819,0.4826138332121301,0.3603067195571862
2005-02-09,False,7,0.37694581845180586,0.4942866779374775,0.3828635689563312
2005-02-10,False,7,0.3740659713690481,0.45699955554034183,0.36378588960282876
2005-02-11,False,7,0.3630044420158763,0.47686713274111114,0.3608629819507716
2005-02-14,False,7,0.3673793338922274,0.5338893951056103,0.38964422334410764
2005-02-15,False,7,0.3657688087379087,0.5196053834420246,0.38149371022721795
2005-02-16,False,7,0.35015136143347164,0.5768256810555984,0.3935670212601715
2005-02-17,False,7,0.36311061454675253,0.5039554573832459,0.37460454381736524
2005-02-18,False,7,0.36311996269638674,0.5805708638318358,0.40759347945349444
2005-02-22,False,7,0.39051430145339106,0.5313512209105307,0.40891149629520684
2005-02-23,False,7,0.38939496982271893,0.5337881795886884,0.4087259608274126
2005-02-24,False,7,0.38358340337990815,0.4849368036061891,0.3798978868972905
2005-02-25,False,7,0.3747163158701959,0.5061468365752073,0.3780277198450956
2005-02-28,False,7,0.38550455735483885,0.4859616247437374,0.3822593137224185
2005-03-01,False,7,0.3795307170234544,0.45249324025907467,0.3616611371916659
2005-03-02,False,7,0.3813160890784248,0.46410722324977133,0.36822656935776593
2005-03-03,False,7,0.37642087858429385,0.43266756255459343,0.3501881494742127
2005-03-04,False,7,0.3536964311503512,0.4718561005530686,0.34618601485665573
2005-03-07,False,7,0.3552045085883822,0.45347250671226214,0.34067353967207875
2005-03-08,False,7,0.3647076135017909,0.49373811791348554,0.36599682644405485
2005-03-09,False,7,0.378761209722608,0.4543128034864286,0.3617672899564969
2005-03-10,False,7,0.38636733342464796,0.4562968181885058,0.3719367200295962
2005-03-11,False,7,0.3915706721077173,0.400692465185231,0.3540891943896512
2005-03-14,False,7,0.39083122762875544,0.38802623088421884,0.34727151336041456
2005-03-15,False,7,0.3916135744833997,0.4417072323526368,0.3706146963474151
2005-03-16,False,7,0.3999403373226797,0.4411379950776591,0.37702843134878156
2005-03-17,False,7,0.3962179899640139,0.4201885797102152,0.36451685739255635
2005-03-18,False,7,0.40249799504164757,0.401719458047384,0.36369203785857085
2005-03-21,False,7,0.4092856883599541,0.39842518293626766,0.36886036350035467
2005-03-22,False,7,0.41760421331184394,0.3890213157360262,0.37282284120325343
2005-03-23,False,7,0.41852010143403584,0.33636824714657304,0.35117123189530314
2005-03-24,False,7,0.42156812569524377,0.3627181000021816,0.3681302376492483
2005-03-28,False,7,0.42131651464651404,0.364263242968246,0.36902747381648776
2005-03-29,False,7,0.43498560504830874,0.3087710632299785,0.3557914130940324
2005-03-30,False,7,0.4301689224384115,0.3039968952165882,0.345570237195819
2005-03-31,False,7,0.41039823588816154,0.32813220142464317,0.3419109103799414
2005-04-01,False,7,0.3946119363701271,0.2941420879715373,0.3156463813311584
2005-04-04,False,7,0.38334649842697494,0.38268957323183217,0.3456721397480173
2005-04-05,False,7,0.38305771124629073,0.42403547788466184,0.3630461586181184
2005-04-06,False,7,0.37957443341436936,0.43964410903220985,0.3664970509093265
2005-04-07,False,7,0.3796967856697057,0.44579345643712337,0.3692898408065431
2005-04-08,False,7,0.3854987961631602,0.395843049182406,0.35245023370703543
2005-04-11,False,7,0.3913942163593498,0.34559454958066965,0.33594267218397117
2005-04-12,False,7,0.3822637042572399,0.3571577184215859,0.3323666347033555
2005-04-13,False,7,0.407403477742381,0.35365207730142634,0.3527215027575026
2005-04-14,False,7,0.4348024020458931,0.3594779380800861,0.37918906037054506
2005-04-15,False,7,0.4558170362160485,0.46778854553137317,0.4434969889184476
2005-04-18,False,7,0.443705026131791,0.4486360927878176,0.424713013006582
2005-04-19,False,7,0.43326625167318433,0.4481782695699683,0.4130940762707491
2005-04-20,False,7,0.4467314978145953,0.40316490191623217,0.4031469831209765
2005-04-21,False,7,0.4460219021149116,0.3962943177197807,0.39283240554370663
2005-04-22,False,7,0.46236849468077923,0.4341283139689215,0.42479259877114095
2005-04-25,False,7,0.4601302289128628,0.4347430172037857,0.4204397377891451
2005-04-26,False,7,0.4726520885975812,0.40919523281846426,0.4191253530783867
2005-04-27,False,7,0.4786373001531192,0.3846436368304306,0.41694567753048245
2005-04-28,False,7,0.49991613824198994,0.45244605249420505,0.4676090237298956
2005-04-29,False,7,0.4985227742902627,0.5010857985800752,0.4874907344166496
2005-05-02,False,7,0.4927324603869666,0.4048763724240507,0.4379012645341778
2005-05-03,False,7,0.4975395390071644,0.42542134381106866,0.45439700256426535
2005-05-04,False,7,0.4912639625877701,0.38032760191168796,0.425355547123296
2005-05-05,False,7,0.49431447578116033,0.35478125021059953,0.4165901539939355
2005-05-06,False,7,0.47879863071449097,0.33825651952042574,0.39538910239591946
2005-05-09,False,7,0.4781824664038949,0.3206493572045466,0.38571648034894895
2005-05-10,False,7,0.4974640375146808,0.346249729014511,0.4159449546370488
2005-05-11,False,7,0.4948584505128632,0.4146508669494053,0.44493776757419207
2005-05-12,False,7,0.5131488021050155,0.4063908700769051,0.4581346030392896
2005-05-13,False,7,0.5252614503533735,0.41587245628158775,0.474208745751278
2005-05-16,False,7,0.5121567069704993,0.3963180759823942,0.45069947544357397
2005-05-17,False,7,0.5075873411493304,0.4340035068439138,0.46222501520786685
2005-05-18,False,7,0.4805835751151352,0.42153397131952053,0.4298249850227317
2005-05-19,False,7,0.4817163435785464,0.40646537096961827,0.42399979332660515
2005-05-20,False,7,0.4883812207628838,0.4028089649063079,0.43008618011041366
2005-05-23,False,7,0.489970761467636,0.39919767519953525,0.4313146902927378
2005-05-24,False,7,0.48452471779652456,0.38101416870685534,0.41791564374973517
2005-05-25,False,7,0.4951691898971462,0.38955871984700596,0.43131529059092794
2005-05-26,False,7,0.4902050381863675,0.4142911488925963,0.43661869017049393
2005-05-27,False,7,0.4887066654917369,0.3962647998960013,0.4266005453172935
2005-05-31,False,7,0.4978567215072823,0.3550787801007634,0.4173411252652086
2005-06-01,False,7,0.4940615812327131,0.3988124550290686,0.43253481542945865
2005-06-02,False,7,0.4865444123421907,0.38557285812664566,0.4188313300216299
2005-06-03,False,7,0.48062092536219647,0.33309129296431567,0.3887537808202958
2005-06-06,False,7,0.4766639989353405,0.4124996379070558,0.42099395283549923
2005-06-07,False,7,0.4735982512650866,0.48484775177286515,0.449817686826047
2005-06-08,False,7,0.4812567098421981,0.46114151762402295,0.44728333212214355
2005-06-09,False,7,0.47277954717988135,0.5060066338721382,0.45881122188490375
2005-06-10,False,7,0.46121920249411263,0.42859735528139925,0.41456467986592177
2005-06-13,False,7,0.46071598404535613,0.4892771505208616,0.4405057496204988
2005-06-14,False,7,0.4566498772959238,0.4838765693446756,0.43444094856482657
2005-06-15,False,7,0.4502651579153349,0.5199390608109214,0.4443515844855828
2005-06-16,False,7,0.43837141276311725,0.5115209859070121,0.4284595897338411
2005-06-17,False,7,0.42959907532431896,0.49812128680336554,0.413202092623297
2005-06-20,False,7,0.4335953380196025,0.4669342514347557,0.40360488409664647
2005-06-21,False,7,0.43491027131836385,0.541362606943955,0.436962197692071
2005-06-22,False,7,0.42185976576300555,0.5540156649368103,0.42988937545553535
2005-06-23,False,7,0.4436379752521522,0.5669842422805697,0.4578697986182654
2005-06-24,False,7,0.45620534586818606,0.5622134386226689,0.4667282752011952
2005-06-27,False,7,0.452058035111998,0.511882822374384,0.44036557448758135
2005-06-28,False,7,0.44708032890833077,0.5344542040570986,0.4431036600784112
2005-06-29,False,7,0.4504095996749714,0.5234699100243371,0.44175003247752664
2005-06-30,False,7,0.45803053721652165,0.5287148705018451,0.45149569611718554
2005-07-01,False,7,0.45971778583471234,0.5250551023571275,0.45173889728547767
2005-07-05,False,7,0.44302463004188364,0.519869222717715,0.433849044179691
2005-07-06,False,7,0.4487933928205475,0.49064370697415516,0.42594413227358824
2005-07-07,False,7,0.4510635925061993,0.5326912597279448,0.4462068442282294
2005-07-08,False,7,0.42506446727066916,0.5106084489992374,0.41049564425707563
2005-07-11,False,7,0.39730169766875273,0.5076453411891794,0.38385502880197325
2005-07-12,False,7,0.3682014914055151,0.5093917362794148,0.36025696135020896
2005-07-13,False,7,0.37216063066553173,0.4840380592120988,0.35336217731266184
2005-07-14,False,7,0.3781503543810234,0.4996656422006712,0.3666530960956812
2005-07-15,False,7,0.3559208668186185,0.457612468695394,0.33213249094603253
2005-07-18,False,7,0.3644567869124159,0.3444148882944375,0.2997654134226782
2005-07-19,False,7,0.34674218806711454,0.3564767317024942,0.2899642077897236
2005-07-20,False,7,0.3469731518156944,0.35024734891488696,0.29003061587372314
2005-07-21,False,7,0.3401142765233374,0.39537625841300944,0.30259592210339153
2005-07-22,False,7,0.33486438744117464,0.44321558508029446,0.31493122555950825
2005-07-25,False,7,0.3239661712840443,0.4325542404640039,0.30234695262533723
2005-07-26,False,7,0.32689790348465386,0.425562358552683,0.3037245858913631
2005-07-27,False,7,0.3287162741522175,0.4310005601739041,0.3078747527180282
2005-07-28,False,7,0.32381523544675533,0.4733474477621492,0.31815161917208507
2005-07-29,False,7,0.33607605762654963,0.49811842136616014,0.341335225514398
2005-08-01,False,7,0.3332257604036763,0.5049786188023276,0.3413949525474651
2005-08-02,False,7,0.3309494853346532,0.5071823405962158,0.33946640575222986
2005-08-03,False,7,0.33496783132379876,0.5408256917570374,0.35844289093743203
2005-08-04,False,7,0.33006447629991853,0.5470217769823695,0.35707066277119376
2005-08-05,False,7,0.3443274078850129,0.51980451474375,0.35833214306311656
2005-08-08,False,7,0.3281525129178031,0.5236144831126046,0.34619009178845705
2005-08-09,False,7,0.3141791527355642,0.49282086426525384,0.321010739809102
2005-08-10,False,7,0.3190742333242253,0.49310637318985684,0.32858623839808326
2005-08-11,False,7,0.3187772529261842,0.4922926861812625,0.32759654640096847
2005-08-12,False,7,0.32939027957430306,0.43837037702095205,0.3201106799261208
2005-08-15,False,7,0.3289691132715856,0.44876838283257076,0.32377035267510024
2005-08-16,False,7,0.3453656060720816,0.48530446774799896,0.350909609218398
2005-08-17,False,7,0.3497198603804388,0.4525568462326071,0.34320195437135786
2005-08-18,False,7,0.35062617399438883,0.43697101685946416,0.33919385574252026
2005-08-19,False,7,0.3413741482019812,0.4594344488231582,0.3408158599741886
2005-08-22,False,7,0.3438313188737121,0.42547708128065553,0.33114109483161414
2005-08-23,False,7,0.350104411642972,0.429042400869073,0.3386913140769608
2005-08-24,False,7,0.35272642601582793,0.47254653101844246,0.35913891204719167
2005-08-25,False,7,0.35505473745100136,0.48013461618025005,0.36595657132324266
2005-08-26,False,7,0.3646607836659436,0.4297257807217087,0.35297168669074314
2005-08-29,False,7,0.3546049522528,0.4486697607922903,0.35081450228377253
2005-08-30,False,7,0.3591531652648494,0.4434101695286017,0.3530943359260588
2005-08-31,False,7,0.35625563628575685,0.3675540683625198,0.31557952222661706
2005-09-01,False,7,0.35213256398070797,0.4055836440119856,0.32853768228640823
2005-09-02,False,7,0.35982650526989046,0.4129186743053946,0.338221601645941
2005-09-06,False,7,0.35590858133501335,0.4202296395991486,0.3335585345971257
2005-09-07,False,7,0.3563953667678321,0.43963402166250587,0.34223191150451565
2005-09-08,False,7,0.3644031331698242,0.3989616957591663,0.33270344236405597
2005-09-09,False,7,0.3623388658141896,0.3678402361934682,0.3166870068590006
2005-09-12,False,7,0.36501623369194097,0.3611462847972853,0.3171542917390993
2005-09-13,False,7,0.37880709808347063,0.3954297463217948,0.3426898313880568
2005-09-14,False,7,0.38189033884080803,0.3832200380919606,0.33983085913420047
2005-09-15,False,7,0.3790589649562061,0.40874775768531224,0.34810614125264416
2005-09-16,False,7,0.37450671063088803,0.3624524494503388,0.3237435979305859
2005-09-19,False,7,0.3670914735087345,0.37233354600955954,0.3230715090761557
2005-09-20,False,7,0.36776685383352875,0.4270432632841515,0.3462504047082575
2005-09-21,False,7,0.38031700195852136,0.3765364353706629,0.3345238525504012
2005-09-22,False,7,0.38184052647885003,0.36052777983522694,0.33235879601476975
2005-09-23,False,7,0.37873952692679014,0.4282614133437437,0.3579411077715979
2005-09-26,False,7,0.36993176935605593,0.44933904621815746,0.35825570163075365
2005-09-27,False,7,0.37173529905094677,0.4539126231127365,0.362690665790956
2005-09-28,False,7,0.3752381141603601,0.49512456054413434,0.38491102874350674
2005-09-29,False,7,0.3624811116532966,0.4845836989232088,0.3681309738264925
2005-09-30,False,7,0.36169644526401157,0.5292072532784451,0.38578645514502075
2005-10-03,False,7,0.3649888208915627,0.5150258313676194,0.3869101113577388
2005-10-04,False,7,0.38198110410436564,0.4750519243512555,0.3870527975088254
2005-10-05,False,7,0.4146272317238689,0.4098585074437116,0.3831931037616898
2005-10-06,False,7,0.4195583698110214,0.29424603059268495,0.335588698219092
2005-10-07,False,7,0.4158628261646592,0.43144109018468935,0.39304025238346274
2005-10-10,False,7,0.4270260338701923,0.4349132141806277,0.4049951036974064
2005-10-11,False,7,0.4259841721030999,0.38955303273351716,0.3847146910068427
2005-10-12,False,7,0.44083734742191366,0.3812972907791978,0.3956393992747642
2005-10-13,False,7,0.44663192522080675,0.48238327151837473,0.44739200002712864
2005-10-14,False,7,0.43478853881106927,0.42636294915393025,0.4085151133548068
2005-10-17,False,7,0.43510561934492503,0.45723947533636256,0.4234439339370386
2005-10-18,False,7,0.4424764403414014,0.47009618709426854,0.4361952350746501
2005-10-19,False,7,0.4405302356405739,0.5113547703501573,0.4484528729292502
2005-10-20,False,7,0.464694688159852,0.5751994641280803,0.497678020115566
2005-10-21,False,7,0.46705959662529745,0.4867410497942253,0.46294706321049983
2005-10-24,False,7,0.457501045239578,0.5352494348079382,0.4702364917350829
2005-10-25,False,7,0.46211071537522624,0.5130367895365847,0.46594780832211946
2005-10-26,False,7,0.4721526551738866,0.5134831552191093,0.47738847937207535
2005-10-27,False,7,0.4933050054770095,0.5091485249602716,0.49322070001609614
2005-10-28,False,7,0.4791484619770677,0.4972273437903215,0.4702358111901665
2005-10-31,False,7,0.4637096991157606,0.5488149149628018,0.4783958170680801
2005-11-01,False,7,0.4635615647369722,0.47423367299353153,0.4452285463778923
2005-11-02,False,7,0.4612568530687831,0.511142770333397,0.4565303872988471
2005-11-03,False,7,0.45943035824513917,0.5296446987936879,0.46350255866698215
2005-11-04,False,7,0.4655507388074177,0.49503640591093256,0.45562261227442047
2005-11-07,False,7,0.45579424129785,0.4731787538955203,0.43677829483001906
2005-11-08,False,7,0.46632911929690185,0.47405714051899583,0.4475571963334083
2005-11-09,False,7,0.4489091843655761,0.42372545158332225,0.4106288767682754
2005-11-10,False,7,0.44402389263695335,0.42849827437748733,0.4073555587790347
2005-11-11,False,7,0.44034101418968774,0.4531525816969417,0.4131727055248168
2005-11-14,False,7,0.44359719561696265,0.47674187330604473,0.4272142810184656
2005-11-15,False,7,0.45053393831729444,0.44430314505523766,0.41998449047415276
2005-11-16,False,7,0.44472594865909065,0.45137957997898054,0.4179740783967624
2005-11-17,False,7,0.43278571272702465,0.530184541629201,0.4388860686281564
2005-11-18,False,7,0.4319099144100763,0.5294175845933938,0.43829214318292353
2005-11-21,False,7,0.41927639178843285,0.513721600123958,0.41930755671692227
2005-11-22,False,7,0.42050483107867714,0.4750849548518633,0.404739947606398
2005-11-23,False,7,0.41495402171615886,0.4704754534956358,0.39738187107038453
2005-11-25,False,7,0.41885500651996965,0.517633207315556,0.4234081043563884
2005-11-28,False,7,0.43142846904210164,0.4955314126957682,0.4240612282256793
2005-11-29,False,7,0.42453895428471916,0.46730316710687,0.4056124790869919
2005-11-30,False,7,0.4332278571502002,0.5089086341256684,0.43530145474061777
2005-12-01,False,7,0.43025155057663733,0.5372121817987638,0.4407027594706748
2005-12-02,False,7,0.4253941914830625,0.5354398335002544,0.4349880376336663
2005-12-05,False,7,0.43393239699986,0.48484216026934684,0.4220782799071958
2005-12-06,False,7,0.43338132972366133,0.47290367544171436,0.4163604133646571
2005-12-07,False,7,0.42691358968482673,0.38621963255304403,0.3735477829342688
2005-12-08,False,7,0.4214149882397554,0.3935611373562849,0.37200588979534205
2005-12-09,False,7,0.421017570447885,0.41314108048480847,0.3800266718673913
2005-12-12,False,7,0.4243827696470278,0.3953709553086569,0.37592256291577253
2005-12-13,False,7,0.41331787062507686,0.3649622538909064,0.35369090476212395
2005-12-14,False,7,0.3988038099824318,0.42556384457337576,0.3673150713452839
2005-12-15,False,7,0.3877014087129617,0.3196296870550291,0.3133053961623991
2005-12-16,False,7,0.3930354893379217,0.39957867023461224,0.3526204698772705
2005-12-19,False,7,0.4068189760842766,0.36923160693595525,0.35133249595148014
2005-12-20,False,7,0.40968943886677056,0.349513072549931,0.34529076341765497
2005-12-21,False,7,0.4065057966297839,0.3792479035012873,0.35504999215160327
2005-12-22,False,7,0.40348200971806336,0.42982670581813337,0.37289485158480973
2005-12-23,False,7,0.407461708941055,0.40251544391892485,0.36543225440367766
2005-12-27,False,7,0.42208070546892484,0.3958273274862663,0.37476912014127095
2005-12-28,False,7,0.41989132397432594,0.40639864792796887,0.37690112646216717
2005-12-29,False,7,0.40906896207359156,0.35956046785684853,0.3469615277385587
2005-12-30,False,7,0.38265998312998223,0.3801649197169059,0.33701374997076394
2006-01-03,False,7,0.371211814211884,0.39953246578021423,0.3320330372573624
2006-01-04,False,7,0.37109935516590664,0.39686369632687096,0.33069010536046195
2006-01-05,False,7,0.3614172013967943,0.37632786883775693,0.315007157940493
2006-01-06,False,7,0.3520199535628803,0.3346910920430931,0.2882581578330066
2006-01-09,False,7,0.33686804292550093,0.3897710543332278,0.2976135466451744
2006-01-10,False,7,0.3344987739152424,0.3777473649806822,0.2904785705429003
2006-01-11,False,7,0.33909827092734124,0.3488076055499485,0.2847160616471996
2006-01-12,False,7,0.3521679341117492,0.36953427071925227,0.3029611309215712
2006-01-13,False,7,0.3352440776357364,0.3333772011329174,0.27465513839398703
2006-01-17,False,7,0.34551796215295055,0.3115943210419214,0.2767113292582199
2006-01-18,False,7,0.32589235970478525,0.34485311605356916,0.2777956880912128
2006-01-19,False,7,0.3235128311374487,0.2819023920221053,0.24942088240450064
2006-01-20,False,7,0.351470422206868,0.3273359337642107,0.2917069965126677
2006-01-23,False,7,0.3455276944160299,0.3783261059431636,0.30658653704179006
2006-01-24,False,7,0.3339290259116342,0.33844405130348826,0.27980841472700013
2006-01-25,False,7,0.31328013504122015,0.3831573048182026,0.2834939516651379
2006-01-26,False,7,0.31284612988168836,0.45133079788549074,0.3137956003040282
2006-01-27,False,7,0.31318897783448085,0.38775407873916884,0.2898942701218011
2006-01-30,False,7,0.3091497312787566,0.4531622546330804,0.3117430023441481
2006-01-31,False,7,0.3142677778970534,0.44136185268257677,0.31591411312207984
2006-02-01,False,7,0.31292987713553677,0.47284379108149266,0.32601196995520293
2006-02-02,False,7,0.3226432001441063,0.4371304778375704,0.3194375074845672
2006-02-03,False,7,0.3306517145541855,0.44459177702598285,0.3297605620526142
2006-02-06,False,7,0.32033031476986956,0.5112846492286441,0.347938430892504
2006-02-07,False,7,0.33760035590353293,0.47194947031262313,0.34741697115594206
2006-02-08,False,7,0.3380718849581553,0.5048598152949524,0.3613593484781571
2006-02-09,False,7,0.3399585432379492,0.514395001412424,0.3678161766963137
2006-02-10,False,7,0.3377374495122712,0.485084038944246,0.35333843907818113
2006-02-13,False,7,0.3397783219764132,0.44800266231851904,0.33960245708787484
2006-02-14,False,7,0.3366300668556779,0.3900908849601059,0.3106045613498643
2006-02-15,False,7,0.3387142232741983,0.38049448876332775,0.31179597706687573
2006-02-16,False,7,0.33696083800908533,0.4213605388588876,0.32490189869480857
2006-02-17,False,7,0.3412030117527215,0.4221754352686495,0.33047403031264083
2006-02-21,False,7,0.34619321299811573,0.4179321188396424,0.33328197517096003
2006-02-22,False,7,0.3439551160198515,0.4308825858895685,0.33552836465510694
2006-02-23,False,7,0.3474603864210334,0.45113634129441266,0.34742263222666936
2006-02-24,False,7,0.3323273088054633,0.43418773527598964,0.3280593955342761
2006-02-27,False,7,0.33395681829100665,0.45638904621759757,0.33922783405499124
2006-02-28,False,7,0.3467926548868152,0.4470144182766273,0.344179944873909
2006-03-01,False,7,0.3455414652592835,0.3627577848126183,0.31260331995516516
2006-03-02,False,7,0.34503204074747157,0.41500549414753146,0.3337805476653225
2006-03-03,False,7,0.34229986483990543,0.4189272067978798,0.3328506029079308
2006-03-06,False,7,0.3533656347621486,0.4285483058544038,0.34692465394488947
2006-03-07,False,7,0.35594679906008264,0.4625079945619817,0.36363186386563945
2006-03-08,False,7,0.3555598278069509,0.4663034323847142,0.3649742795501974
2006-03-09,False,7,0.36049479824151837,0.48756959894501795,0.37891832084216764
2006-03-10,False,7,0.3573336083238063,0.4743576767063697,0.36786703336623744
2006-03-13,False,7,0.3585198829152013,0.4341225785595771,0.3515285608775993
2006-03-14,False,7,0.355727060296554,0.5362210050875611,0.38968768164142903
2006-03-15,False,7,0.34997859306116513,0.5182197720454387,0.37531184386028454
2006-03-16,False,7,0.34635956722186984,0.4992404766305311,0.36398508394201196
2006-03-17,False,7,0.33379109862637035,0.5155413168399763,0.3602087912334697
2006-03-20,False,7,0.33402231343439165,0.5627075674376583,0.38020292520500626
2006-03-21,False,7,0.34668851372576515,0.5737737977014299,0.39660753418179456
2006-03-22,False,7,0.3459781624213234,0.5330503194160819,0.37763018335634857
2006-03-23,False,7,0.3462313450383898,0.5597396542755154,0.39002773095911164
2006-03-24,False,7,0.33178073809675734,0.5311609130730228,0.36560085307101087
2006-03-27,False,7,0.3343158319302115,0.5273174759910101,0.3669824854999699
2006-03-28,False,7,0.3383657282331391,0.5334808844474026,0.37310260824497316
2006-03-29,False,7,0.3279998665394926,0.525446507789864,0.358075093649366
2006-03-30,False,7,0.333481399608132,0.5264871370660262,0.36656100805079006
2006-03-31,False,7,0.3393681330597914,0.5261450396058263,0.3728926486306837
2006-04-03,False,7,0.33819075387577563,0.5026430371758352,0.36159107746545227
2006-04-04,False,7,0.3396081200153711,0.5325376924165242,0.3772104488659475
2006-04-05,False,7,0.33985898119847835,0.4792070776426492,0.3559969035473008
2006-04-06,False,7,0.34051697146371523,0.4912188243860994,0.3619885909140197
2006-04-07,False,7,0.35358168872988893,0.4944490764621874,0.37315719058982755
2006-04-10,False,7,0.34537261690174453,0.41965324229210765,0.33562866751318865
2006-04-11,False,7,0.3598916137078579,0.48479015558899907,0.37384701180672053
2006-04-12,False,7,0.35282171900305237,0.42463653087030206,0.3420108755703223
2006-04-13,False,7,0.34896367969158176,0.5030213683463352,0.370275731686678
2006-04-17,False,7,0.35358064581144016,0.4695289843573959,0.3617425610206262
2006-04-18,False,7,0.32818440996220555,0.4710023938922104,0.3352213656542367
2006-04-19,False,7,0.32613993658583,0.5173177335267494,0.35228287320817975
2006-04-20,False,7,0.33118482166075075,0.5222999989250297,0.3609452891902459
2006-04-21,False,7,0.32854093361496983,0.4899063081400149,0.34568923512536337
2006-04-24,False,7,0.3343938336497055,0.420543327978175,0.32475876533765485
2006-04-25,False,7,0.3427653047830896,0.3295225041210115,0.2958578989667096
2006-04-26,False,7,0.3428041985685592,0.3872424948012132,0.3200758964142101
2006-04-27,False,7,0.3449144577259293,0.34876850019548017,0.30919725062983267
2006-04-28,False,7,0.3474114558526929,0.3443421473098261,0.31199887175143715
2006-05-01,False,7,0.33755625218877566,0.31080656996776657,0.2907511785909248
2006-05-02,False,7,0.32893721395679854,0.3295253011581782,0.2913669747355783
2006-05-03,False,7,0.33286650126606104,0.34326474994387296,0.30037151951840085
2006-05-04,False,7,0.3128983411258478,0.36582310871716495,0.29270369472313135
2006-05-05,False,7,0.31193982225471534,0.3218593973193869,0.2721852059583276
2006-05-08,False,7,0.31223347301107846,0.37391827461824584,0.29315272606053605
2006-05-09,False,7,0.31071297797142194,0.4027574330946028,0.30315843318413294
2006-05-10,False,7,0.3044226924519344,0.42180592857220367,0.30609519158407683
2006-05-11,False,7,0.32828516814031,0.4723145801416923,0.3467680070825463
2006-05-12,False,7,0.35243341112486287,0.4902766939887908,0.37360648834485816
2006-05-15,False,7,0.3597054520799669,0.4636834547309476,0.3731720982074612
2006-05-16,False,7,0.362506952102489,0.41968946878215063,0.3577858091823624
2006-05-17,False,7,0.3889472576390805,0.4911898854314926,0.4073805711614798
2006-05-18,False,7,0.4025209133627765,0.43301560784426324,0.3956510168071851
2006-05-19,False,7,0.39897283063909483,0.43138093753312606,0.3914864910137153
2006-05-22,False,7,0.40911636712407873,0.3982126909081025,0.3868034381054196
2006-05-23,False,7,0.4130835499758008,0.5106888219475207,0.43938077537290293
2006-05-24,False,7,0.3997646879633945,0.4897840096938987,0.42140231177413306
2006-05-25,False,7,0.40043710802699223,0.45612957250507097,0.40465060499465133
2006-05-26,False,7,0.3962543251118717,0.4356304010616509,0.39021960483903373
2006-05-30,False,7,0.4190965171935734,0.4342327594070532,0.4071458374821874
2006-05-31,False,7,0.40525176763421816,0.42399019014233114,0.38675453066145893
2006-06-01,False,7,0.39298766153688164,0.44599858762813505,0.3810575487568311
2006-06-02,False,7,0.392037955302862,0.44137387765175345,0.3778493177463226
2006-06-05,False,7,0.42650994376983953,0.4948520979059239,0.4252317232304262
2006-06-06,False,7,0.43818668202619393,0.480508845842954,0.4324463873871168
2006-06-07,False,7,0.4475965581133532,0.4866609047979068,0.44536224749162673
2006-06-08,False,7,0.453718541381085,0.47727969306574464,0.44969570048574387
2006-06-09,False,7,0.46139545962933776,0.49801633151940666,0.46706808005372913
2006-06-12,False,7,0.48884036085082466,0.5134346531950448,0.49639298895902595
2006-06-13,False,7,0.5053275711474415,0.5230545254722068,0.5156364725727505
2006-06-14,False,7,0.5007440906469733,0.5233145795265237,0.5108953740708334
2006-06-15,False,7,0.494211003547035,0.5140459705008174,0.4892311410312173
2006-06-16,False,7,0.5031238410546282,0.5042159515756789,0.49490728669561285
2006-06-19,False,7,0.5191653036743513,0.5131453796694864,0.512803361439491
2006-06-20,False,7,0.523292205293272,0.5080341124550835,0.5151175386603399
2006-06-21,False,7,0.5182892711152435,0.5134279156674315,0.5092371319553999
2006-06-22,False,7,0.5171761953983598,0.5002150176377689,0.5024105507740472
2006-06-23,False,7,0.5209604249312139,0.5176632580033542,0.5159719797162261
2006-06-26,False,7,0.5164214599698127,0.5181947544963765,0.5109224852140654
2006-06-27,False,7,0.5282702485213151,0.5149988145342654,0.5197706983146863
2006-06-28,False,7,0.5266876881699032,0.5354619163031341,0.5269700490819768
2006-06-29,False,7,0.529319787217617,0.5234155986449559,0.5143736788508498
2006-06-30,False,7,0.5309687012913376,0.5473140778839438,0.5269641179352386
2006-07-03,False,7,0.5257689722895491,0.5632363043593167,0.5275615402737458
2006-07-05,False,7,0.5258861454300198,0.5192811778191558,0.5081448025028109
2006-07-06,False,7,0.5220297983981341,0.49409147055701796,0.4936802966409333
2006-07-07,False,7,0.5231927387799807,0.5229649653984118,0.5085609697519661
2006-07-10,False,7,0.5247545657721581,0.5212935398422657,0.5097358650455727
2006-07-11,False,7,0.5221516395900443,0.4857567645060323,0.4912847427431215
2006-07-12,False,7,0.5360970012743227,0.4364136358314193,0.480951110590685
2006-07-13,False,7,0.5670594947500369,0.4702232381595122,0.5285400594183317
2006-07-14,False,7,0.5789667191383643,0.504182046707276,0.555361400803566
2006-07-17,False,7,0.582598211137714,0.442245548959004,0.5317490085344402
2006-07-18,False,7,0.5818460277383749,0.4791921347467083,0.5470880887211007
2006-07-19,False,7,0.5769031316602994,0.5178578062076117,0.553511237293302
2006-07-20,False,7,0.5953200558568317,0.4853452732050489,0.5573848615063042
2006-07-21,False,7,0.6107553921411479,0.4948730817677928,0.5762951993336811
2006-07-24,False,7,0.6022225341527478,0.5915516216374931,0.6039712774427523
2006-07-25,False,7,0.597071820878138,0.564575133304609,0.5848952088916387
2006-07-26,False,7,0.6003762074878881,0.5249239384259298,0.5711107412052834
2006-07-27,False,7,0.6108631939884164,0.5124305366224552,0.5773382541771891
2006-07-28,False,7,0.6030885457908474,0.5337082843301042,0.5765894107446208
2006-07-31,False,7,0.60678304506667,0.52966438524292,0.5791108973263184
2006-08-01,False,7,0.6177607760279265,0.5531005232591094,0.6018929025602113
2006-08-02,False,7,0.613368573166117,0.557550598684449,0.599401545477486
2006-08-03,False,7,0.6115969524655434,0.5660318052035375,0.6030107519613987
2006-08-04,False,7,0.6138293602184198,0.5422061040598856,0.5948752336392276
2006-08-07,False,7,0.6035824977353766,0.5440799307028176,0.587284338867253
2006-08-08,False,7,0.593975150216267,0.5591001476607516,0.5857101959823762
2006-08-09,False,7,0.5991490163618275,0.5509692647029873,0.5863833695220197
2006-08-10,False,7,0.593111785441662,0.5278198632945527,0.5694911876719736
2006-08-11,False,7,0.5771827667804347,0.5950100335212463,0.5851088500324558
2006-08-14,False,7,0.5686903234557663,0.5938900665332594,0.5769176045819967
2006-08-15,False,7,0.5635763693073504,0.5936785143276918,0.5696109689916764
2006-08-16,False,7,0.5490321116235092,0.599359013482004,0.5573248012178547
2006-08-17,False,7,0.5450248490982562,0.5960070259159223,0.5519015916250368
2006-08-18,False,7,0.5402818067177004,0.5589599816132363,0.5296920068356534
2006-08-21,False,7,0.5524162549552429,0.5648299005215884,0.5461567350376063
2006-08-22,False,7,0.5563278924513405,0.5651950956602271,0.5505592041031079
2006-08-23,False,7,0.5427792950133206,0.5848141890883096,0.5474933625502082
2006-08-24,False,7,0.5504715310533194,0.5969408300857849,0.5620079238524348
2006-08-25,False,7,0.5575607655082356,0.6010477142781547,0.5724425881104259
2006-08-28,False,7,0.5549549731778193,0.6014317391680182,0.5697604064443349
2006-08-29,False,7,0.5186981192498225,0.5992684959311682,0.5379572811986785
2006-08-30,False,7,0.5104072928375253,0.584278993296169,0.5230444382083871
2006-08-31,False,7,0.5002007091990245,0.5921151203702818,0.5160336408110681
2006-09-01,False,7,0.4942756921734698,0.595125477102969,0.5102295566914744
2006-09-05,False,7,0.48776941038112437,0.600149561193467,0.5063887945434434
2006-09-06,False,7,0.47881295030212534,0.6016105267351526,0.49969392549202035
2006-09-07,False,7,0.47169111148794085,0.60289382796543,0.4937564519425352
2006-09-08,False,7,0.4747314792617411,0.5934011017430346,0.4923310665006933
2006-09-11,False,7,0.48223443289642315,0.5816397238667464,0.5042328441958769
2006-09-12,False,7,0.47088961343469626,0.5797198389888937,0.4916880970257356
2006-09-13,False,7,0.45030408870668315,0.5897682597534375,0.478224512732695
2006-09-14,False,7,0.45217244850940136,0.5949927891013785,0.4827270539508093
2006-09-15,False,7,0.45706859129934685,0.5961424869556842,0.49059842902541473
2006-09-18,False,7,0.4523835374708594,0.5926005891102809,0.4852654256175833
2006-09-19,False,7,0.4592510649740464,0.5926169482411664,0.49177095407190874
2006-09-20,False,7,0.45984267214474805,0.5897247824648137,0.4915865301516221
2006-09-21,False,7,0.45056487573032566,0.5718437723240323,0.47586383376997726
2006-09-22,False,7,0.458548609796401,0.5871553560015778,0.49055510378283657
2006-09-25,False,7,0.454180193302517,0.5310916519875049,0.47043335458293534
2006-09-26,False,7,0.4508131372679142,0.5632099740414839,0.479697311795729
2006-09-27,False,7,0.45510940388399357,0.5571288366118319,0.48230644781622106
2006-09-28,False,7,0.4417550009167148,0.537893834729973,0.46139292848547675
2006-09-29,False,7,0.44977545480596337,0.5514300138942851,0.47505109089518405
2006-10-02,False,7,0.4387543133030844,0.5558294970861135,0.4669810257118669
2006-10-03,False,7,0.44315643302440033,0.5231560326699535,0.45762544214413203
2006-10-04,False,7,0.44041913372979485,0.5616109253486335,0.46945698972636984
2006-10-05,False,7,0.4191685630665799,0.5939071965461847,0.4646277367425572
2006-10-06,False,7,0.393435188934985,0.585633083571509,0.4394328972425143
2006-10-09,False,7,0.38195688425609925,0.5380005194349052,0.4075944714355679
2006-10-10,False,7,0.37426694231936547,0.5736913860871298,0.4150557513677606
2006-10-11,False,7,0.380181659569241,0.5676087804897509,0.4177256118618492
2006-10-12,False,7,0.3767171291797971,0.5352062437521529,0.4051311072695034
2006-10-13,False,7,0.3479887903037284,0.5077407758288192,0.3680558002652661
2006-10-16,False,7,0.32649156158499887,0.5387373485056012,0.36131989941307635
2006-10-17,False,7,0.3384124127996553,0.5087866781856101,0.36635787457593105
2006-10-18,False,7,0.34503683078392866,0.4742931808096624,0.3606192524823827
2006-10-19,False,7,0.3366421750369118,0.5314421853872524,0.37592977637995484
2006-10-20,False,7,0.33302479252655637,0.45772110952738476,0.3421329692798617
2006-10-23,False,7,0.33330189978888086,0.5229144723276594,0.37264242401597747
2006-10-24,False,7,0.33111467338825995,0.42243098582091543,0.32966665545943613
2006-10-25,False,7,0.3221313132729718,0.4535996342493276,0.33428179084878795
2006-10-26,False,7,0.32278172345849704,0.36676358303054524,0.3008014914037126
2006-10-27,False,7,0.3362402855851669,0.4402309059448794,0.33995844760545124
2006-10-30,False,7,0.3314698888613137,0.4397551859015977,0.3355367927243168
2006-10-31,False,7,0.32630184426372705,0.45098112210525476,0.33503200097918034
2006-11-01,False,7,0.3289510071304187,0.3498771457095526,0.29561662882589124
2006-11-02,False,7,0.32007963876656836,0.34451835499481953,0.28607281244499216
2006-11-03,False,7,0.3242718478643636,0.3636791645855858,0.2980565515000436
2006-11-06,False,7,0.3117055551471692,0.3799714977718867,0.29169289206386667
2006-11-07,False,7,0.3104673382976798,0.3994832228948451,0.2982518160841122
2006-11-08,False,7,0.31131605387284145,0.4070933732478415,0.3072693509141454
2006-11-09,False,7,0.31808506727764513,0.37764662147706335,0.3048880532955621
2006-11-10,False,7,0.31738078307734013,0.4165498826913633,0.3197222065957724
2006-11-13,False,7,0.3167537455787006,0.39294158265193974,0.30959868175658334
2006-11-14,False,7,0.3078476286334579,0.42148563242637027,0.3118381624538959
2006-11-15,False,7,0.3048983710422085,0.40133222240587957,0.30089216575075034
2006-11-16,False,7,0.2957195676641743,0.35782306779287626,0.27630465938771037
2006-11-17,False,7,0.2951286348523249,0.3283351994809637,0.2638992021007733
2006-11-20,False,7,0.29494424144716935,0.2677801798727068,0.23943917083377508
2006-11-21,False,7,0.2955828902235383,0.3208012570306198,0.26254459914424727
2006-11-22,False,7,0.29584117175343505,0.33223615130250805,0.26740006513553877
2006-11-24,False,7,0.2992157588570035,0.3122260598825231,0.26192640707604714
2006-11-27,False,7,0.3283975847985611,0.48497433536607326,0.35127168556920574
2006-11-28,False,7,0.3299706065218094,0.44228846240506,0.33630042323328146
2006-11-29,False,7,0.32746584288376157,0.43157656978346964,0.32750456315243703
2006-11-30,False,7,0.30726506805038967,0.39396908858309243,0.29662999571274473
2006-12-01,False,7,0.3019727185157461,0.388535523658717,0.29032336793027674
2006-12-04,False,7,0.2989789614703932,0.43428748749406887,0.30233867757501376
2006-12-05,False,7,0.29160399735609116,0.4108342400240646,0.2850157158961043
2006-12-06,False,7,0.2967851000583578,0.35264415314528125,0.26974946149435075
2006-12-07,False,7,0.30364557974282497,0.37321527665119325,0.2831950367066016
2006-12-08,False,7,0.29974597889037874,0.35369395795056907,0.271873741083298
2006-12-11,False,7,0.301533338030069,0.37274396511943164,0.2806758669849417
2006-12-12,False,7,0.30557108560976837,0.422372190722509,0.30349933605962404
2006-12-13,False,7,0.30046711887175337,0.3608960022418219,0.2752733616469018
2006-12-14,False,7,0.29966720849021655,0.3673755758893693,0.2764619040206165
2006-12-15,False,7,0.2950662737079411,0.32726513839273946,0.25810008379959887
2006-12-18,False,7,0.2962464773601535,0.33105154528787567,0.26079508238875493
2006-12-19,False,7,0.2981659870590917,0.36687217757001844,0.27729687959496974
2006-12-20,False,7,0.30340169750682744,0.32607151398156714,0.267760671201133
2006-12-21,False,7,0.3093996398130382,0.35898265889764397,0.2853589986232936
2006-12-22,False,7,0.31550076813878014,0.37088849587862016,0.2949255739815932
2006-12-26,False,7,0.30711682616116565,0.3964227832656515,0.29690927275818424
2006-12-27,False,7,0.3006286641598179,0.3918395456108993,0.28716941368841564
2006-12-28,False,7,0.29996823742244977,0.43220405995225786,0.30027705311228675
2006-12-29,False,7,0.310582198660413,0.4549490027079644,0.3221923099944936
2007-01-03,False,7,0.3172365287984085,0.4033753147001235,0.3104009963660226
2007-01-04,False,7,0.31437091177487253,0.40306856479532344,0.3086859316000744
2007-01-05,False,7,0.3249907182524467,0.4713160662528061,0.34466418482680006
2007-01-08,False,7,0.3251853524118531,0.45935614121046026,0.3398631561294711
2007-01-09,False,7,0.3197845129664492,0.4570141725887281,0.3337079829257355
2007-01-10,False,7,0.32045936818363935,0.3599235630385199,0.299033248553105
2007-01-11,False,7,0.3181952388251155,0.4115695876209491,0.31491957183118313
2007-01-12,False,7,0.31863427473828654,0.39634015266699674,0.3094142199733659
2007-01-16,False,7,0.31006220452218863,0.4368431613989549,0.3184109517007036
2007-01-17,False,7,0.30833350066333803,0.4091395502844971,0.30509667277864283
2007-01-18,False,7,0.3171360392236531,0.3079966305488983,0.27202856672935427
2007-01-19,False,7,0.3087142586483582,0.42955213163616923,0.31154848505159
2007-01-22,False,7,0.32015973315124424,0.45201906393979274,0.3309294240806369
2007-01-23,False,7,0.31847667045715544,0.4525632023372242,0.32844175251421304
2007-01-24,False,7,0.3170571245156951,0.42259940323794504,0.31390114388926926
2007-01-25,False,7,0.3349161573828884,0.45800883710806,0.3414344728108601
2007-01-26,False,7,0.32460586163497107,0.46208025570470973,0.334519359680542
2007-01-29,False,7,0.3248090365823109,0.46653910244577335,0.33593801350054525
2007-01-30,False,7,0.3214208899887496,0.5087820998560754,0.35021389941664294
2007-01-31,False,7,0.3055900640875722,0.400242294701093,0.2928963574818448
2007-02-01,False,7,0.30083371420373295,0.4901026554868502,0.3217119399917088
2007-02-02,False,7,0.29874993006925604,0.4741889130485306,0.3134213158712728
2007-02-05,False,7,0.30439148953618583,0.4654257106578348,0.3186221023537562
2007-02-06,False,7,0.30353652869224856,0.49857376411545185,0.32990459934853716
2007-02-07,False,7,0.304679079068733,0.4841355047977279,0.32521978016010755
2007-02-08,False,7,0.302725010145581,0.49693814900231165,0.3276426991564767
2007-02-09,False,7,0.31153684902779055,0.4927850207605063,0.3333277807759438
2007-02-12,False,7,0.3164817991987301,0.4636968218887717,0.3266957732775234
2007-02-13,False,7,0.3161538254065923,0.5019885341813951,0.3406393720485661
2007-02-14,False,7,0.3157880244564228,0.4887976700328195,0.3343529371189016
2007-02-15,False,7,0.3158334902114499,0.41739003038262423,0.3063285499322486
2007-02-16,False,7,0.3137594333228699,0.47939624782207746,0.32910350228481944
2007-02-20,False,7,0.310336894296095,0.48261143521574756,0.32623639445229047
2007-02-21,False,7,0.31164181720996165,0.47413441984942883,0.32410190986258913
2007-02-22,False,7,0.3140321151705536,0.43106291826153037,0.3098015966644666
2007-02-23,False,7,0.31365520586448087,0.45619489868771645,0.31982295106323144
2007-02-26,False,7,0.28969326937438894,0.356477753868098,0.2686786361854461
2007-02-27,False,7,0.3788917231845432,0.42074028003628866,0.3426124970181685
2007-02-28,False,7,0.3807286534188928,0.5036417437032107,0.38111759173081394
2007-03-01,False,7,0.3859254856109927,0.5132536450892532,0.3898898173610083
2007-03-02,False,7,0.4049179419550573,0.4776155620116792,0.38882417842044165
2007-03-05,False,7,0.4257817243938175,0.5020206044552952,0.42038517333979025
2007-03-06,False,7,0.4249866480188757,0.5011220357169658,0.4139333970100049
2007-03-07,False,7,0.42497691425014505,0.4898449038798157,0.4088975314668593
2007-03-08,False,7,0.41713822313662463,0.5159992635507923,0.4110377900384386
2007-03-09,False,7,0.41584645644189117,0.5108622496358434,0.4073142629834482
2007-03-12,False,7,0.4131922725270495,0.5231489858693025,0.4103362401338409
2007-03-13,False,7,0.44572011053547855,0.5204452391879916,0.4325448235026313
2007-03-14,False,7,0.4413064893260604,0.5177026859256093,0.42611792575745183
2007-03-15,False,7,0.4412832005024455,0.5199585333464101,0.4268209419424893
2007-03-16,False,7,0.44531964109336475,0.5125748114206546,0.42588107942675585
2007-03-19,False,7,0.43307921819625567,0.46728888017953757,0.3922621673193596
2007-03-20,False,7,0.4315763276194677,0.4708738258215665,0.3920333934033728
2007-03-21,False,7,0.42470977369109775,0.5157355401961976,0.40108176731141004
2007-03-22,False,7,0.4199975222519095,0.5070185839579829,0.3933978755295556
2007-03-23,False,7,0.4137411609914132,0.5027132847153085,0.386101513088101
2007-03-26,False,7,0.41785290849503554,0.5094646165362946,0.39376549914919295
2007-03-27,False,7,0.43235624641517745,0.5051691323703152,0.40632396862916226
2007-03-28,False,7,0.4373373854455617,0.5044010339745413,0.41062373631984955
2007-03-29,False,7,0.4289396247053834,0.4885177421930361,0.39651450236532504
2007-03-30,False,7,0.42595589923524446,0.5020189028624308,0.39724856789426877
2007-04-02,False,7,0.4221222219853598,0.3875750725488085,0.34456167508889307
2007-04-03,False,7,0.40811194695488573,0.3511094306826229,0.3159786529304806
2007-04-04,False,7,0.40816994668243867,0.4134115006993952,0.34203044442832103
2007-04-05,False,7,0.40723177653315684,0.41876438795065074,0.34309734435976647
2007-04-09,False,7,0.4081715653663983,0.4486281848816595,0.35599216783973864
2007-04-10,False,7,0.4125487100292477,0.4542980182686502,0.3635407680626996
2007-04-11,False,7,0.42441945475963744,0.44836264386985974,0.3711997294057984
2007-04-12,False,7,0.420151503220776,0.45772024444267817,0.36979184421214106
2007-04-13,False,7,0.41795634140786336,0.4830951095600047,0.37811038097102007
2007-04-16,False,7,0.40608385256665924,0.5400211406180488,0.38947691082178076
2007-04-17,False,7,0.41022683275692606,0.5295290582021902,0.3891977883997249
2007-04-18,False,7,0.40420317934590017,0.4743358688481599,0.3613570366441991
2007-04-19,False,7,0.41273901856173917,0.4469247818721223,0.3576312385592193
2007-04-20,False,7,0.41129213720397473,0.48838656317983714,0.37183590714483994
2007-04-23,False,7,0.3975330543488598,0.4506578856201727,0.3450055184530346
2007-04-24,False,7,0.3983971535608658,0.43652853736765557,0.34096892163715303
2007-04-25,False,7,0.3939881746154288,0.49921364586564054,0.3610859294899444
2007-04-26,False,7,0.3953658670217684,0.38499542045670443,0.3181869669823529
2007-04-27,False,7,0.40203705063141226,0.44429611720698137,0.34988949294340155
2007-04-30,False,7,0.4223771821379006,0.5181634958205006,0.39994386723753184
2007-05-01,False,7,0.4229442026192906,0.5307401151061952,0.40729372095331823
2007-05-02,False,7,0.41545074849436964,0.49487699758344245,0.3832540877553298
2007-05-03,False,7,0.4151666800301924,0.5372282605530756,0.40134769697124345
2007-05-04,False,7,0.41449948127730696,0.5248044927541621,0.3950477453023603
2007-05-07,False,7,0.41142258044226265,0.5283200101157938,0.39352693692407925
2007-05-08,False,7,0.40552579625828894,0.5219912771887373,0.3854712855472167
2007-05-09,False,7,0.39893489534867044,0.5099771596430547,0.3739647412339554
2007-05-10,False,7,0.42531614144915547,0.4891835794740589,0.3880959443823339
2007-05-11,False,7,0.42454270926907817,0.5246948028076344,0.40181601689355173
2007-05-14,False,7,0.4296740863264344,0.5182943778746057,0.40349588733700276
2007-05-15,False,7,0.43262305881461643,0.5228064204252424,0.40722826490068803
2007-05-16,False,7,0.4318446468445214,0.465126807407829,0.38176272099343156
2007-05-17,False,7,0.43507491341794496,0.49755289721629326,0.3979850208235566
2007-05-18,False,7,0.4309530144064708,0.49170922654170907,0.3908337823118303
2007-05-21,False,7,0.425836903669795,0.5372830005541999,0.4053041495419733
2007-05-22,False,7,0.4214076972236921,0.532520097373868,0.3992067955745931
2007-05-23,False,7,0.34382522072753025,0.5164405078923585,0.33926939213618496
2007-05-24,False,7,0.36054552187982974,0.5223607324373553,0.3556717407647374
2007-05-25,False,7,0.3536761008674459,0.5294549855037135,0.35134861682031127
2007-05-29,False,7,0.3289707246031827,0.5352153228554565,0.33414381949433264
2007-05-30,False,7,0.3080135379679736,0.4854849928462516,0.297119346117498
2007-05-31,False,7,0.31034349133856987,0.47049181154904285,0.2987006850423205
2007-06-01,False,7,0.30581102510789226,0.4765685954865031,0.2964684842817345
2007-06-04,False,7,0.30954656805490616,0.4983720109377801,0.30950735191028256
2007-06-05,False,7,0.31787257649818834,0.5014459108509014,0.31776748893376716
2007-06-06,False,7,0.3332401898088562,0.5254764213009631,0.33948165040922434
2007-06-07,False,7,0.32631592955643185,0.46570345985375555,0.31214563006262996
2007-06-08,False,7,0.32520852829862107,0.45605648010315636,0.3054947370916017
2007-06-11,False,7,0.32994583205729905,0.4776308968842667,0.3188893711579098
2007-06-12,False,7,0.33915600138482577,0.47501787328079487,0.3243069411792281
2007-06-13,False,7,0.33941729012235133,0.4652182711545333,0.31909262784186876
2007-06-14,False,7,0.3391278106584188,0.4737531494602779,0.3219328190515335
2007-06-15,False,7,0.33952580027705975,0.4915243953660017,0.33221379900823456
2007-06-18,False,7,0.34109473906629983,0.449670996270847,0.3168316108154555
2007-06-19,False,7,0.3407675535576463,0.3962618886223642,0.29621490470663764
2007-06-20,False,7,0.3577709061112099,0.3536436428380228,0.29169793643864844
2007-06-21,False,7,0.34474598245583027,0.37712401738543666,0.29079335660550726
2007-06-22,False,7,0.35107149868088483,0.4107480571319168,0.3078737561945735
2007-06-25,False,7,0.35902444404972605,0.4317629896805796,0.32334898123153105
2007-06-26,False,7,0.3642389210764073,0.4938017990923644,0.35363110164926925
2007-06-27,False,7,0.3627649061443656,0.5291517824379117,0.36517311119980855
2007-06-28,False,7,0.366318026392655,0.5238042564855984,0.36779717326401856
2007-06-29,False,7,0.36862674214208585,0.5263088531043268,0.3714231396304608
2007-07-02,False,7,0.3653883566406258,0.4944677329703887,0.3527125562707306
2007-07-03,False,7,0.3657528091961513,0.47850664817184,0.3464647120311413
2007-07-05,False,7,0.36456997447830847,0.4131795423504479,0.32003835760066435
2007-07-06,False,7,0.3524463957043661,0.4173717677345049,0.31158272351623667
2007-07-09,False,7,0.3561094350490043,0.44293275017046263,0.32616271485884324
2007-07-10,False,7,0.38105723222843263,0.469414929500807,0.3558109600548164
2007-07-11,False,7,0.3826276769248552,0.43392936838151497,0.3435576685182335
2007-07-12,False,7,0.3783465485159706,0.4086768336821191,0.3240311130253861
2007-07-13,False,7,0.3735704687430938,0.35198312484234023,0.29605944025383063
2007-07-16,False,7,0.3751009783943935,0.36555776419272046,0.3030316650001455
2007-07-17,False,7,0.38055391526766436,0.3736903062501795,0.3133810231774566
2007-07-18,False,7,0.38277798861389906,0.35676155963871065,0.30851635927924803
2007-07-19,False,7,0.3782481270879095,0.38789514748405285,0.31684446834314367
2007-07-20,False,7,0.4030694290341805,0.4646718524474872,0.36955343576309857
2007-07-23,False,7,0.4024715984586367,0.4459840896126509,0.35860774357546477
2007-07-24,False,7,0.43259538395390384,0.5676412093662133,0.4350984630016719
2007-07-25,False,7,0.41925682190349944,0.5173577051437368,0.40328471714288666
2007-07-26,False,7,0.46007139789530355,0.5275017692391194,0.4404883943458187
2007-07-27,False,7,0.486566485446869,0.5376067617635054,0.4696696663112931
2007-07-30,False,7,0.48337203702794695,0.5217591026910119,0.4578497002843129
2007-07-31,False,7,0.498069860886307,0.5027703609252805,0.46379252727666004
2007-08-01,False,7,0.4973371815621353,0.546349890168882,0.4838354756007447
2007-08-02,False,7,0.49242398205955057,0.5451574932583299,0.4787650562920459
2007-08-03,False,7,0.5416180105277878,0.5088288228962982,0.5040710986504144
2007-08-06,False,7,0.5165387186925477,0.5595706797292229,0.5030404465886845
2007-08-07,False,7,0.5186452910661302,0.599606891672817,0.5263052744266109
2007-08-08,False,7,0.5089685231290738,0.5972070764416525,0.5159941144864921
2007-08-09,False,7,0.5485210711467379,0.5995867018933445,0.5513882195955535
2007-08-10,False,7,0.5504655273724594,0.5927712541546433,0.5534144554605782
2007-08-13,False,7,0.5485642391880701,0.5517046801953033,0.5336901376488044
2007-08-14,False,7,0.5829546853089491,0.5293423406338609,0.5550548760259152
2007-08-15,False,7,0.6117278753874621,0.5626301455826106,0.5973721986943572
2007-08-16,False,7,0.6129407663063059,0.5639221699413799,0.6007943258069792
2007-08-17,False,7,0.6070076736760104,0.5861537355937204,0.6005146473615252
2007-08-20,False,7,0.5936668247031109,0.5406121422475378,0.5677525827800295
2007-08-21,False,7,0.5964701553665537,0.5259179736286375,0.5647786368182305
2007-08-22,False,7,0.5923061146507707,0.5677350937832703,0.5770155547739232
2007-08-23,False,7,0.6011654383012707,0.5662185964898061,0.5857262051430205
2007-08-24,False,7,0.5968114574317565,0.5490336249405549,0.5715145270294688
2007-08-27,False,7,0.6090097557382288,0.5539561499125124,0.5862448799611468
2007-08-28,False,7,0.6444195180182618,0.5994299668958787,0.6379075356502236
2007-08-29,False,7,0.6326037369159726,0.6011723583463731,0.6233031255761192
2007-08-30,False,7,0.625468700787319,0.6020514203928395,0.6169367818450431
2007-08-31,False,7,0.5949617424069061,0.6000464110068563,0.5863586803718701
2007-09-04,False,7,0.5958244166917906,0.5507679556469869,0.5657597573411458
2007-09-05,False,7,0.6071463838385611,0.5559618484818859,0.5788878560494632
2007-09-06,False,7,0.590969541290818,0.5542227396328528,0.5625326213391235
2007-09-07,False,7,0.6210146835477682,0.563728667238516,0.5971267343816411
2007-09-10,False,7,0.6297245668151455,0.5666723525528207,0.6078034923625414
2007-09-11,False,7,0.6275702805888672,0.5275823139874282,0.5876113343909003
2007-09-12,False,7,0.6259548182409753,0.5141135699511471,0.5804408535415547
2007-09-13,False,7,0.6233341723884585,0.5161802151019931,0.5786976986789757
2007-09-14,False,7,0.607441945587117,0.5050227683592008,0.5580208297515193
2007-09-17,False,7,0.6168609657622796,0.5119630364937936,0.5710113582918105
2007-09-18,False,7,0.6004116164557405,0.5424249828614299,0.5619910444791286
2007-09-19,False,7,0.5895968822327211,0.5081159152085765,0.535494300453487
2007-09-20,False,7,0.5917952574582395,0.5476194957591741,0.5550706931872741
2007-09-21,False,7,0.5952936970022045,0.5367425712244198,0.5550861258641323
2007-09-24,False,7,0.602634420253195,0.5377650447202025,0.5632105864528435
2007-09-25,False,7,0.6032506906342403,0.5335068453276313,0.5623953981015772
2007-09-26,False,7,0.6057235255780832,0.5311278017342447,0.5654210827479432
2007-09-27,False,7,0.602925970275366,0.5331255133718961,0.5633594587243933
2007-09-28,False,7,0.6075484386467113,0.5375630865500682,0.5695987215462261
2007-10-01,False,7,0.6040906441927223,0.5280610823501618,0.5607654720052394
2007-10-02,False,7,0.6039909112366048,0.504979013566655,0.5507465308508107
2007-10-03,False,7,0.5920708186321432,0.4902862025528582,0.5337856105622218
2007-10-04,False,7,0.5955082973901641,0.4937141452629367,0.5392104294704223
2007-10-05,False,7,0.5962456585711822,0.5191736874392039,0.5525889575000822
2007-10-08,False,7,0.6018174038796565,0.51373496431932,0.5561293913012175
2007-10-09,False,7,0.5915490026021001,0.511995090338656,0.5443797484975281
2007-10-10,False,7,0.5929034047518306,0.5170712913904975,0.5478691092549892
2007-10-11,False,7,0.5966508977926962,0.524135438355308,0.5548084266229758
2007-10-12,False,7,0.5959733004590664,0.5217026251850841,0.5529150600006648
2007-10-15,False,7,0.5894925092423573,0.4775534431002245,0.5279956499067826
2007-10-16,False,7,0.5976749185520724,0.48080619597387925,0.5376591850306751
2007-10-17,False,7,0.5713874963148509,0.5045453842387609,0.5235840725433526
2007-10-18,False,7,0.5680330837966258,0.5199072591568616,0.5262788675757514
2007-10-19,False,7,0.572505562928448,0.4877725055994318,0.515171600354151
2007-10-22,False,7,0.5496090917582596,0.47311948820208977,0.4872951655286573
2007-10-23,False,7,0.5501239027992202,0.46909284655362077,0.48661954001476504
2007-10-24,False,7,0.5389535277721716,0.49410894586514204,0.48754615866966
2007-10-25,False,7,0.5422128192774005,0.5026509611748187,0.4946767236357078
2007-10-26,False,7,0.5382593377479606,0.4914775986087026,0.4854143056814506
2007-10-29,False,7,0.4922500201766418,0.4736564353503102,0.437433746110585
2007-10-30,False,7,0.509399824468042,0.5042585249276127,0.4684331042869633
2007-10-31,False,7,0.504659997052816,0.4764661071973258,0.44903059918649024
2007-11-01,False,7,0.5575640745367241,0.5074409390049307,0.5095388219308489
2007-11-02,False,7,0.5162873699468823,0.4732616372931639,0.45725430913712656
2007-11-05,False,7,0.5258731370939006,0.5299864108431636,0.4894634842707551
2007-11-06,False,7,0.5181864379313658,0.5378073327156826,0.4839804540846767
2007-11-07,False,7,0.5305704792893149,0.5402757929430321,0.4954876659474468
2007-11-08,False,7,0.5000584602290323,0.5636664805763558,0.4808470228125614
2007-11-09,False,7,0.5166399056338563,0.5997033073684347,0.5119283347333237
2007-11-12,False,7,0.5459525452625685,0.5220657853496318,0.5101884987540112
2007-11-13,False,7,0.540445546764999,0.5962951096454024,0.5337931673959389
2007-11-14,False,7,0.5470205838421444,0.5262308692173242,0.5086415140159192
2007-11-15,False,7,0.571064173568985,0.5586050529446861,0.5487595231568239
2007-11-16,False,7,0.565413368519547,0.56062966250536,0.545122228951301
2007-11-19,False,7,0.6025912713696147,0.5467403990038425,0.5759869451260587
2007-11-20,False,7,0.5901184502543424,0.5421543865228853,0.5616272213017104
2007-11-21,False,7,0.5738175465586985,0.5140818453720203,0.5355980161291218
2007-11-23,False,7,0.5735908481133516,0.5189421440982511,0.5390861573989629
2007-11-26,False,7,0.5943502878945072,0.5191908754344332,0.5584204926917644
2007-11-27,False,7,0.5945745352368829,0.4534854847042782,0.5302569516271539
2007-11-28,False,7,0.59590741761139,0.4802695756058284,0.5373404779307356
2007-11-29,False,7,0.5842793560899995,0.5190085856040696,0.544100121634532
2007-11-30,False,7,0.5843985229239819,0.4865231299046531,0.5303620701655251
2007-12-03,True,7,0.5673511162398256,0.5809409170707927,0.5576655549434244
2007-12-04,True,7,0.5684164147148143,0.5252419556429817,0.5336252306650485
2007-12-05,True,7,0.5683093445800466,0.5917107543432891,0.5637028360686257
2007-12-06,True,7,0.5587154091510251,0.5907106009715495,0.5519322852439137
2007-12-07,True,7,0.5628878023809276,0.5895926683958072,0.555474983479102
2007-12-10,True,7,0.559868402028901,0.569376769663167,0.5432107461581438
2007-12-11,True,7,0.5991217205974617,0.5713240300475325,0.5785073980012083
2007-12-12,True,7,0.6006683869399604,0.5687365779338803,0.5854142764979666
2007-12-13,True,7,0.6058933110462257,0.5972662027983102,0.60388676405893
2007-12-14,True,7,0.6170041256417401,0.5598266174792146,0.5972977919908605
2007-12-17,True,7,0.6401626386153823,0.5537008727231861,0.6162235758145151
2007-12-18,True,7,0.6307036243763847,0.5453802618982472,0.6030737776198186
2007-12-19,True,7,0.6306281896295444,0.5447267433021418,0.6022358475235484
2007-12-20,True,7,0.6299058615263855,0.5490531765853881,0.6033806315689398
2007-12-21,True,7,0.6258783099891267,0.544857943586378,0.595304145101851
2007-12-24,True,7,0.6183158293166056,0.5772589686986599,0.6014065337581136
2007-12-26,True,7,0.6255012044392929,0.5433060879276794,0.5953138058687792
2007-12-27,True,7,0.6465088470106359,0.5394511725740357,0.6131113669026003
2007-12-28,True,7,0.6399944995613114,0.5785338701969922,0.6228886243321615
2007-12-31,True,7,0.6468108369027368,0.5145340595006644,0.6022764052359573
2008-01-02,True,7,0.6684515934345933,0.49845990906714205,0.6188244923900887
2008-01-03,True,7,0.6675339717655406,0.5409783528974611,0.6366820416398903
2008-01-04,True,7,0.7078371705632542,0.5315797971109233,0.672450986787859
2008-01-07,True,7,0.7071266481617589,0.5142036013911964,0.6667622967300587
2008-01-08,True,7,0.7197534208871058,0.49460721040841943,0.6727378301522319
2008-01-09,True,7,0.718463601821436,0.4779658390947186,0.6651907822236949
2008-01-10,True,7,0.7051570585483475,0.49241703549695276,0.6562244416315618
2008-01-11,True,7,0.7171995832537115,0.5524590251388396,0.6927011308203578
2008-01-14,True,7,0.7122454217891215,0.5729390467645846,0.6968247077722649
2008-01-15,True,7,0.7392665009941867,0.5309317954101401,0.7070632084010063
2008-01-16,True,7,0.7170392631704746,0.446458743229018,0.6549567097537718
2008-01-17,True,7,0.7565153512749822,0.4668152289426065,0.7035741662033934
2008-01-18,True,7,0.7628275682318164,0.4661572729025981,0.7124941360981368
2008-01-22,True,7,0.7658987703472712,0.4125806151590574,0.6992118505358008
2008-01-23,True,7,0.7597589712683407,0.5084500633996676,0.7278354886558218
2008-01-24,True,7,0.7594847816534723,0.4435194761925402,0.705009695125878
2008-01-25,True,7,0.7673917434464774,0.4437868463698894,0.7149231097307547
2008-01-28,True,7,0.7562306365052125,0.4509503788307057,0.7030056507329389
2008-01-29,True,7,0.7591024593948901,0.3947928261738226,0.6864656454693762
2008-01-30,True,7,0.7350145289817744,0.4397281979600356,0.6805600776429727
2008-01-31,True,7,0.729380094672201,0.39825653520890497,0.6558703706538285
2008-02-01,True,7,0.7170654564363571,0.4600982913838397,0.6655139008569547
2008-02-04,True,7,0.7333628397900508,0.4642949384007008,0.6859758677304505
2008-02-05,True,7,0.7369598161161138,0.5022746229776252,0.704107175021592
2008-02-06,True,7,0.7461741381297058,0.481030951227787,0.7052085377614209
2008-02-07,True,7,0.7295400408584637,0.5195906612649135,0.7013016695373068
2008-02-08,True,7,0.7156612051990466,0.4597562055656351,0.6633366091997901
2008-02-11,True,7,0.718022200236918,0.45007920175062627,0.6655650355499844
2008-02-12,True,7,0.7126913691558214,0.5070688171055071,0.6827379703533035
2008-02-13,True,7,0.6934830991750002,0.48912683724503897,0.6547475621549372
2008-02-14,True,7,0.7085050707843519,0.5194707635514981,0.6812831858050412
2008-02-15,True,7,0.6874635732461414,0.48548464959755455,0.6475392722552404
2008-02-19,True,7,0.6884167446766389,0.5481277425074632,0.6742273281310855
2008-02-20,True,7,0.6653407063804484,0.5328677523523394,0.6453719761177789
2008-02-21,True,7,0.6876533989107673,0.5059568314740067,0.6587659078672402
2008-02-22,True,7,0.6637098453704589,0.5236575866818749,0.6424820632819384
2008-02-25,True,7,0.6621794884950915,0.4919343942095825,0.6267813515623943
2008-02-26,True,7,0.6633637140737947,0.5040191915781723,0.638735884762612
2008-02-27,True,7,0.6642214459308577,0.4693764379907263,0.6251691009684837
2008-02-28,True,7,0.6766138659214425,0.4728648011035262,0.6398052759095185
2008-02-29,True,7,0.7050017490311399,0.48789271797659034,0.6719585102647385
2008-03-03,True,7,0.6991597574379,0.5177567445167278,0.6776538712407696
2008-03-04,True,7,0.7100687037657862,0.5213923878576268,0.6919376911822531
2008-03-05,True,7,0.7123235375461814,0.5111454791032948,0.6917932276597797
2008-03-06,True,7,0.7352666748860279,0.5298942206288321,0.720592465319621
2008-03-07,True,7,0.7487862385191386,0.5349964372692604,0.736768671000679
2008-03-10,True,7,0.7373176912912213,0.4893321438596824,0.7106444771033318
2008-03-11,True,7,0.7380246044292479,0.5519277535927318,0.7287616537443244
2008-03-12,True,7,0.7429910574563756,0.5621531431795712,0.737532557000891
2008-03-13,True,7,0.7244536843193919,0.5029517415645194,0.6971611807080687
2008-03-14,True,7,0.726890344636747,0.4966386882850468,0.6968651584369221
2008-03-17,True,7,0.7447207258097908,0.44589783524538984,0.6968927937224995
2008-03-18,True,7,0.7417687637411188,0.43194549094706675,0.6809632319749526
2008-03-19,True,7,0.7706095023630516,0.44770137618879086,0.7191316434910277
2008-03-20,True,7,0.7705808778239462,0.43396305672515945,0.7153780386188388
2008-03-24,True,7,0.7676864058943837,0.4497847725527058,0.7166151374702224
2008-03-25,True,7,0.7637311784424604,0.44037313471747125,0.7084893974129329
2008-03-26,True,7,0.7544348947236197,0.4347781696138471,0.6970753720250825
2008-03-27,True,7,0.7655447237801201,0.4144203803630008,0.7022048416897997
2008-03-28,True,7,0.7665810213450207,0.4531916937094892,0.7182300809252161
2008-03-31,True,7,0.7527082967195595,0.4432848317482365,0.6995057218392139
2008-04-01,True,7,0.7443444311059689,0.43701155798805685,0.6828655260383807
2008-04-02,True,7,0.7129939403922076,0.4281072780088009,0.6465128475719865
2008-04-03,True,7,0.7102851128407881,0.4934102247456688,0.6689077280465572
2008-04-04,True,7,0.6891853609047613,0.44480579527264735,0.6264186835223411
2008-04-07,True,7,0.6954048868476329,0.5014917231793763,0.656325834389017
2008-04-08,True,7,0.7044201930678999,0.5221196475515785,0.6746102752784864
2008-04-09,True,7,0.698717996314764,0.5328657203813846,0.672897529749998
2008-04-10,True,7,0.7004171091855215,0.536374738336582,0.675249789327836
2008-04-11,True,7,0.6946640880600454,0.5406052206570526,0.6723774788782146
2008-04-14,True,7,0.6909440292902408,0.553290166354118,0.6722586449909776
2008-04-15,True,7,0.6448822277140606,0.5566827418894902,0.630789526585028
2008-04-16,True,7,0.6316044383117141,0.5044036545360663,0.5914787444835604
2008-04-17,True,7,0.6288397658176146,0.5039538594335788,0.5858810942279885
2008-04-18,True,7,0.6298366169978358,0.5177616947714612,0.5911524697483562
2008-04-21,True,7,0.6396676251977989,0.5420217003993216,0.6107874866381167
2008-04-22,True,7,0.6459383640639923,0.5702438916088945,0.6282022383377293
2008-04-23,True,7,0.6541545728560182,0.5919320425091285,0.6478086250164199
2008-04-24,True,7,0.6556010245684197,0.5521414225097451,0.6336862614790917
2008-04-25,True,7,0.6430529563184294,0.49710759203113286,0.597372017737934
2008-04-28,True,7,0.6531745713611068,0.5231873547502017,0.6199445275908816
2008-04-29,True,7,0.6698978479922382,0.5170997295499864,0.6371163832265289
2008-04-30,True,7,0.6595941468471486,0.5126399512270227,0.6245663161639414
2008-05-01,True,7,0.6100874583717055,0.5151719313710897,0.5790452646814253
2008-05-02,True,7,0.5982802519409377,0.5173297386952113,0.568502024425678
2008-05-05,True,7,0.606307686965949,0.49824534198443965,0.5684634237621721
2008-05-06,True,7,0.5998342956251478,0.4903927151154237,0.5574891820145479
2008-05-07,True,7,0.6260157896781381,0.5105800338041677,0.5914432052200147
2008-05-08,True,7,0.6241187145257092,0.551980941540336,0.6068666508074646
2008-05-09,True,7,0.6379322135028311,0.6032981450110249,0.6433156479745946
2008-05-12,True,7,0.6134173862122403,0.5726595161681723,0.6056876275830386
2008-05-13,True,7,0.6067876253146153,0.6024544894323607,0.6116849022651275
2008-05-14,True,7,0.6072494093987947,0.6017210090870246,0.6112010936567639
2008-05-15,True,7,0.6063797831826455,0.5998523079514395,0.6091401283201592
2008-05-16,True,7,0.5885119760211641,0.5972028463572504,0.5913537260805579
2008-05-19,True,7,0.5946218216581058,0.5574465297228797,0.5800276268144073
2008-05-20,True,7,0.6116476401954924,0.5551575395281114,0.5976480182355131
2008-05-21,True,7,0.6382219434707316,0.577750588241215,0.6330508720588606
2008-05-22,True,7,0.6351150032917076,0.5592930131268984,0.6221640530849556
2008-05-23,True,7,0.63964628237423,0.5462946494726766,0.6205975932882357
2008-05-27,True,7,0.5957366283005985,0.5382492324490582,0.576727135739601
2008-05-28,True,7,0.5909056048969166,0.5554188310480614,0.5798631026929577
2008-05-29,True,7,0.5816795599519705,0.5402461550166276,0.5642827728561346
2008-05-30,True,7,0.5843253787299423,0.523649913494015,0.5599479800323225
2008-06-02,True,7,0.5648362276690537,0.5485728446023109,0.5539034682692014
2008-06-03,True,7,0.5545060480242547,0.5553903144899524,0.5475179273213336
2008-06-04,True,7,0.5225850184559071,0.5577229288608934,0.5196404929080614
2008-06-05,True,7,0.5187416075416008,0.538165469864852,0.5111733511383296
2008-06-06,True,7,0.5587467681132205,0.5323662851670977,0.5421075821320009
2008-06-09,True,7,0.5662641123299584,0.5377633578447498,0.5527106464199047
2008-06-10,True,7,0.5435079042095876,0.5317227490935228,0.5306847093236948
2008-06-11,True,7,0.5485980025742528,0.5481521988408935,0.5421367627649522
2008-06-12,True,7,0.5460521089374517,0.5533583981632406,0.5536599724562944
2008-06-13,True,7,0.49728993647747344,0.5844863621403655,0.5208659135452091
2008-06-16,True,7,0.5057194431383331,0.5945149972960475,0.5347757983381638
2008-06-17,True,7,0.5206780873453183,0.5769665334749765,0.5446895865041502
2008-06-18,True,7,0.5369167074037787,0.5579377821462425,0.5518560033361012
2008-06-19,True,7,0.5244699316475528,0.5486752750778825,0.5358303763449668
2008-06-20,True,7,0.5331003800740126,0.5223253507853222,0.5303377661708456
2008-06-23,True,7,0.5263293519877188,0.527277792126818,0.5262429054300167
2008-06-24,True,7,0.5413889526354174,0.49528219392909145,0.5267459715902463
2008-06-25,True,7,0.5382063370066889,0.4490194659449921,0.5129148287204981
2008-06-26,True,7,0.5864614787026852,0.45185442040293367,0.5551799239546701
2008-06-27,True,7,0.5938490840759348,0.4608466647571775,0.5666479604425636
2008-06-30,True,7,0.5987522046517498,0.4354209941284468,0.5620038691472531
2008-07-01,True,7,0.5997412270273741,0.5052115523125627,0.5943041467435423
2008-07-02,True,7,0.6348646181623184,0.5494130365462286,0.6457635175658235
2008-07-03,True,7,0.6228825274366675,0.5591706889711395,0.6390728259652405
2008-07-07,True,7,0.6320390210644181,0.5972042438688858,0.6646125979690399
2008-07-08,True,7,0.59951151485872,0.5910455000316879,0.6305475472935684
2008-07-09,True,7,0.6209638471391442,0.5692356036455702,0.6409917925852391
2008-07-10,True,7,0.6219896302422763,0.5617185918842125,0.6400014906721802
2008-07-11,True,7,0.6308778494197574,0.5340368162599409,0.6418750076136697
2008-07-14,True,7,0.6335692603501284,0.5361646670942286,0.6455634333884188
2008-07-15,True,7,0.6457229451552741,0.567747600346204,0.6735968018559464
2008-07-16,True,7,0.6418712886675583,0.5546406745789617,0.6614800132915509
2008-07-17,True,7,0.6220077887862165,0.4603913762960558,0.6042754916286548
2008-07-18,True,7,0.6246613823407545,0.5148196969417262,0.6299212718625967
2008-07-21,True,7,0.6238341451301863,0.5609529465300196,0.6471464341571354
2008-07-22,True,7,0.6226743372291915,0.5251957573650734,0.6287056903587529
2008-07-23,True,7,0.6199760160886817,0.5597324174330965,0.6413459528661077
2008-07-24,True,7,0.6507107001772728,0.538723289273122,0.6593885475295217
2008-07-25,True,7,0.6448937074758909,0.5349114057315796,0.6516807854995604
2008-07-28,True,7,0.669622221167927,0.507754708792324,0.6654506435634416
2008-07-29,True,7,0.6655109952258876,0.5490433003977855,0.6742794421724546
2008-07-30,True,7,0.658054899407141,0.5312819671247739,0.6595565514123932
2008-07-31,True,7,0.6769869474179708,0.5687188554075434,0.6933155404363863
2008-08-01,True,7,0.6634997203469399,0.596365245136993,0.6925618646857684
2008-08-04,True,7,0.6815721236330666,0.588810690905405,0.7073908091606158
2008-08-05,True,7,0.6710449410368918,0.5879095221006647,0.6936144090106691
2008-08-06,True,7,0.6733975813951327,0.5405839348278452,0.6787795170098142
2008-08-07,True,7,0.6929622121337565,0.5384186257539297,0.6966402582945931
2008-08-08,True,7,0.6886556504754329,0.5595868693795908,0.6970889643672589
2008-08-11,True,7,0.6903556696243848,0.5560949380915426,0.6974610833703774
2008-08-12,True,7,0.6975889107279257,0.5535319424603724,0.7038150058591284
2008-08-13,True,7,0.6951128915660393,0.5439942806517953,0.6982197701361406
2008-08-14,True,7,0.6841832572061882,0.529987542087775,0.6819082668874394
2008-08-15,True,7,0.6640311245542674,0.5315086960441758,0.6636438682980583
2008-08-18,True,7,0.6806897615493728,0.5335331565604402,0.6803083585446701
2008-08-19,True,7,0.6806037449405392,0.5412452209628026,0.6831032486940125
2008-08-20,True,7,0.6820503098038101,0.5339632331782119,0.6822928145129363
2008-08-21,True,7,0.6855916152397795,0.5418388508067054,0.6887919802266264
2008-08-22,True,7,0.6825082346152648,0.5462131052199717,0.6867532987489289
2008-08-25,True,7,0.7092442437242613,0.5526466294774051,0.7140629642327735
2008-08-26,True,7,0.6998373862987987,0.5520425834204934,0.7049833115347242
2008-08-27,True,7,0.6910459073178513,0.5535826285244989,0.6962842743206633
2008-08-28,True,7,0.6848196643309339,0.5587483930005396,0.6907306736957615
2008-08-29,True,7,0.7033827284307318,0.5592886249816118,0.7100830817215518
2008-09-02,True,7,0.670205263965503,0.551148412204699,0.6786817423602433
2008-09-03,True,7,0.6741776947578388,0.5505802714418616,0.6827130020206199
2008-09-04,True,7,0.7143428633674168,0.5485634340187393,0.7178365073702277
2008-09-05,True,7,0.6914149093145134,0.5462872198231778,0.6957801066917053
2008-09-08,True,7,0.6868532183211774,0.5557084802074397,0.693879626887995
2008-09-09,True,7,0.7426133594378345,0.5487580914676716,0.7442839982253262
2008-09-10,True,7,0.7382460027345286,0.524932974216327,0.7314203100977442
2008-09-11,True,7,0.7277208292701638,0.518962591283012,0.7176852045834669
2008-09-12,True,7,0.715962530910825,0.5526742751640134,0.7187580921279693
2008-09-15,True,7,0.7730133992260173,0.5700480430039739,0.7760917153537293
2008-09-16,True,7,0.7513346357170976,0.5627402065580723,0.7529099814942471
2008-09-17,True,7,0.7995657857833448,0.5691402959522526,0.7966171176591601
2008-09-18,True,7,0.7886731259122827,0.5945383215363943,0.7888895360646497
2008-09-19,True,7,0.7857816406499186,0.55412346158972,0.7712183221042247
2008-09-22,True,7,0.795322003495658,0.5795865278955049,0.7880290892060648
2008-09-23,True,7,0.8073965168180964,0.5811932933772492,0.800104055296795
2008-09-24,True,7,0.8111659565975291,0.5498374983451643,0.7944847618515314
2008-09-25,True,7,0.8054307618496829,0.5744129534348875,0.7955094500363532
2008-09-26,True,7,0.7858646659855338,0.5675640223706355,0.7738648006314668
2008-09-29,True,7,0.8693990666467852,0.6043607485262211,0.8615459293272926
2008-09-30,True,7,0.8610858170824903,0.568651866858346,0.8422394985384428
2008-10-01,True,7,0.8725009745692505,0.6075424638950135,0.8641884408543554
2008-10-02,True,7,0.9007378466809726,0.5848483751069792,0.8877263512792055
2008-10-03,True,7,0.9074082136935275,0.6180497303865254,0.9005802319547296
2008-10-06,True,7,0.9235103426989901,0.5885803052100136,0.9125467587064636
2008-10-07,True,7,0.9434871780476862,0.6231278841514987,0.9376035065644772
2008-10-08,True,7,0.9432000308594564,0.6180016145614655,0.9368598655576097
2008-10-09,True,7,0.966175436020435,0.604002846959163,0.9602414335567689
2008-10-10,True,7,0.9678327304499188,0.5492173038101512,0.9587353097661351
2008-10-13,True,7,0.9724423519812592,0.4613998862149627,0.9555344399211759
2008-10-14,True,7,0.9748076736816345,0.5320736386724826,0.9641310476938036
2008-10-15,True,7,0.9873824678121298,0.5521418013410796,0.9818253236826356
2008-10-16,True,7,0.9866292632223903,0.5180116698548471,0.9793417367928754
2008-10-17,True,7,0.9852761833101752,0.5660320911245326,0.9791438318365785
2008-10-20,True,7,0.9845065177937019,0.5582483040448168,0.9775390284979406
2008-10-21,True,7,0.9857735789767256,0.5506308943134672,0.9790739449915967
2008-10-22,True,7,0.9904726100603984,0.552185898362955,0.985854400285571
2008-10-23,True,7,0.9913166927044479,0.5374255280908153,0.9868454811300671
2008-10-24,True,7,0.9921915898012009,0.5134455651138893,0.9876120940975133
2008-10-27,True,7,0.993367119913506,0.46953358953852026,0.9885740974787603
2008-10-28,True,7,0.9930409959921646,0.5205226265587386,0.9885087671217478
2008-10-29,True,7,0.9931989527246784,0.5179566610873767,0.9887966853853868
2008-10-30,True,7,0.9928092755794315,0.48898365963517965,0.9874661566660417
2008-10-31,True,7,0.991872426071302,0.48254285656057605,0.985677179588307
2008-11-03,True,7,0.9924341324016166,0.5281627089323799,0.9877324734527971
2008-11-04,True,7,0.9920119969294873,0.5258895016315638,0.9869296201704568
2008-11-05,True,7,0.993606860853596,0.5338397881926006,0.9895978170056713
2008-11-06,True,7,0.9951412939491039,0.49639488142336513,0.9914744321506984
2008-11-07,True,7,0.9949861659707133,0.5311052309244649,0.9917042208000018
2008-11-10,True,7,0.99524778871186,0.5217380084464152,0.9920174095974342
2008-11-11,True,7,0.9955425167998364,0.5161537238489714,0.9924274562324653
2008-11-12,True,7,0.996490061562435,0.49368006774447015,0.9937325266541348
2008-11-13,True,7,0.996252123471744,0.5065394043725662,0.9933331651993073
2008-11-14,True,7,0.9970589007994621,0.5107794477427874,0.9947787121290745
2008-11-17,True,7,0.9974318390632482,0.515293946573779,0.9954801789839379
2008-11-18,True,7,0.9972315550958812,0.5236892356785929,0.9952109662230809
2008-11-19,True,7,0.998107771749503,0.5298038239431614,0.9967258820886449
2008-11-20,True,7,0.9986685928879148,0.5450312580367344,0.9977479912332505
2008-11-21,True,7,0.9986190514290791,0.5094219084306507,0.9974728658086824
2008-11-24,True,7,0.9984257702494059,0.5007653698370121,0.9970309982043122
2008-11-25,True,7,0.9983300949147762,0.5262904286155655,0.9969879064961347
2008-11-26,True,7,0.9981316749799665,0.5498558176907523,0.996743009213068
2008-11-28,True,7,0.9977678173110615,0.5391891442304407,0.9960387015737028
2008-12-01,True,7,0.9987377506531747,0.5427058790784723,0.9977253426334781
2008-12-02,True,7,0.9986717261537076,0.5536507983387335,0.9976370242663162
2008-12-03,True,7,0.9983444051920124,0.5552225189403158,0.9970624114529274
2008-12-04,True,7,0.9985640983027176,0.5684368039645202,0.9975158214996056
2008-12-05,True,7,0.998486958006091,0.6091471966682924,0.9975632123630427
2008-12-08,True,7,0.9983662654632393,0.5813260814857016,0.9972162600213256
2008-12-09,True,7,0.9981746484254875,0.5755449840833117,0.9968673559532343
2008-12-10,True,7,0.9981466518687577,0.5781118894518235,0.9968337910571522
2008-12-11,True,7,0.9980864541499498,0.5889085521933148,0.9967999121410462
2008-12-12,True,7,0.9981876501821193,0.5875421525060579,0.9969749928021366
2008-12-15,True,7,0.9984413640972959,0.5834921530288544,0.9973875565415316
2008-12-16,True,7,0.9979695038739307,0.5930053629525057,0.9966237759750147
2008-12-17,True,7,0.9977878629140025,0.5897976472853701,0.9963058144675779
2008-12-18,True,7,0.9978855870767114,0.5876337717402166,0.9964620381118162
2008-12-19,True,7,0.9979376373398947,0.6182908850638122,0.9967423745806772
2008-12-22,True,7,0.9980976302580695,0.5832954559143523,0.9967910623576606
2008-12-23,True,7,0.9972834546603396,0.5779106515820083,0.9954269756242734
2008-12-24,True,7,0.9974853801015003,0.5715376425395658,0.9957334289109041
2008-12-26,True,7,0.9972661222874082,0.5721594283353884,0.9953555940619553
2008-12-29,True,7,0.996537125635223,0.5682528813123842,0.9941081885887398
2008-12-30,True,7,0.996017041914829,0.600872025649366,0.9935958441310561
2008-12-31,True,7,0.994902715573973,0.5424239961993471,0.9909124182936201
2009-01-02,True,7,0.992562409841961,0.5765750203642125,0.9875936021540151
2009-01-05,True,7,0.9923416725916657,0.573090500181795,0.9871191426883963
2009-01-06,True,7,0.987927632601705,0.5847788611200931,0.9804570633278421
2009-01-07,True,7,0.9892613096069834,0.5209051275733912,0.9804044967970706
2009-01-08,True,7,0.9897213465079251,0.49717431618154084,0.9810550781252336
2009-01-09,True,7,0.9899871085405734,0.46542853037468707,0.9803883330605112
2009-01-12,True,7,0.9839656001344429,0.47096660997034456,0.9698775748321534
2009-01-13,True,7,0.985479946464408,0.5328466778942255,0.9755952954545429
2009-01-14,True,7,0.9876059933247554,0.4964691913031851,0.9776436504029775
2009-01-15,True,7,0.9883550858705985,0.5437522708123337,0.9807733318113195
2009-01-16,True,7,0.9859955512845932,0.5437373041202748,0.9769227595130776
2009-01-20,True,7,0.9851298279296938,0.5545818659511659,0.9760539996633503
2009-01-21,True,7,0.9825656305976492,0.5670326506500903,0.9723168944833237
2009-01-22,True,7,0.9806665898202492,0.505208688559809,0.9660222106001581
2009-01-23,True,7,0.9764416536596956,0.4759045723274574,0.9568764743415994
2009-01-26,True,7,0.9774696043343066,0.5606089324515126,0.9655011645552363
2009-01-27,True,7,0.9774818587555674,0.5182543901955293,0.9626770693117661
2009-01-28,True,7,0.9775635788235,0.47611357608712956,0.9601040444208958
2009-01-29,True,7,0.9821223908231124,0.5526387057751879,0.9719808207905591
2009-01-30,True,7,0.9840411531060383,0.48500521669003177,0.9717612135741257
2009-02-02,True,7,0.9856399732739672,0.48595508683971944,0.9747958084573154
2009-02-03,True,7,0.9804305591464194,0.4732287226420311,0.9652939702825416
2009-02-04,True,7,0.9743899252532949,0.4504111356137548,0.9535587261398342
2009-02-05,True,7,0.9746807165415114,0.475625898210568,0.9560575357766344
2009-02-06,True,7,0.971148086293861,0.4691013907466112,0.949299484524572
2009-02-09,True,7,0.9674156423687299,0.4829209138152983,0.9444638971682793
2009-02-10,True,7,0.9651350179864193,0.47293380710733574,0.9399324606453702
2009-02-11,True,7,0.9671223541665129,0.5298462227989789,0.9494792073345539
2009-02-12,True,7,0.956683216124813,0.5369084465977989,0.9353827261388562
2009-02-13,True,7,0.9528755549531316,0.5426812206034336,0.9306870841676962
2009-02-17,True,7,0.9619301608015421,0.5590840401020828,0.9447437400763723
2009-02-18,True,7,0.943194651591513,0.5891642085005204,0.9241381312203685
2009-02-19,True,7,0.9219311085653518,0.5581921577871863,0.8930419334050309
2009-02-20,True,7,0.9302628028120976,0.5695919191444655,0.9078392638198652
2009-02-23,True,7,0.9463055902300559,0.5432014752368806,0.9264256650438623
2009-02-24,True,7,0.944571502526541,0.5666519718061189,0.9264337682421763
2009-02-25,True,7,0.9523222493979759,0.5630461083409215,0.9369893091375823
2009-02-26,True,7,0.9567712126850659,0.5862143933109296,0.9452199443358935
2009-02-27,True,7,0.919288629600895,0.5508405691566043,0.8992178619501745
2009-03-02,True,7,0.9462300038904582,0.5262672124397137,0.9288465402884866
2009-03-03,True,7,0.950295473695722,0.5566166338865638,0.9376921938669921
2009-03-04,True,7,0.9403559533569743,0.6037004948579612,0.9307590908416488
2009-03-05,True,7,0.9560072556969156,0.5510166386135301,0.9438812934499808
2009-03-06,True,7,0.9589130652109701,0.5754330786147364,0.9504685427485351
2009-03-09,True,7,0.9577351207409773,0.5941701221550905,0.9507867071820725
2009-03-10,True,7,0.9588919645997493,0.5681636034065187,0.9484323107547833
2009-03-11,True,7,0.9501823289163029,0.5424880728232556,0.9353761851642292
2009-03-12,True,7,0.9487731734832588,0.5367785719869378,0.9319991224082531
2009-03-13,True,7,0.9442761251781092,0.5243558444147107,0.924717127880636
2009-03-16,True,7,0.9474980311852723,0.5295601928110291,0.9315321252062003
2009-03-17,True,7,0.944881427547479,0.5335779742715713,0.9280455788792196
2009-03-18,True,7,0.9370900104610478,0.5624431639539724,0.92144796883101
2009-03-19,True,7,0.9385387683581493,0.560940830762883,0.9232583048412619
2009-03-20,True,7,0.9379646654071693,0.5545368592584129,0.921821668222451
2009-03-23,True,7,0.9333719953193508,0.5774260760262191,0.9166810248507211
2009-03-24,True,7,0.9387989099412846,0.5778197365612701,0.9234268855149779
2009-03-25,True,7,0.93881776764498,0.5769695829578003,0.923409142446915
2009-03-26,True,7,0.9315402331221267,0.5785992417079312,0.9140476050160997
2009-03-27,True,7,0.9417747219753365,0.605725856676228,0.930212348806823
2009-03-30,True,7,0.9541778926039646,0.5754902598589052,0.9417133919990244
2009-03-31,True,7,0.9560229634428181,0.5762767388746544,0.9445688031940485
2009-04-01,True,7,0.9541449987331472,0.5756520708069328,0.942067304606959
2009-04-02,True,7,0.9526472558086294,0.5869970786260877,0.9408002650255907
2009-04-03,True,7,0.9431997387885968,0.5901807232285047,0.9294180702745429
2009-04-06,True,7,0.9460214489557479,0.5880271301881919,0.9327873609322722
2009-04-07,True,7,0.9472734616697953,0.5913308704777864,0.9345701840775903
2009-04-08,True,7,0.9377010065312056,0.6191526770942387,0.9265791778972491
2009-04-09,True,7,0.9327573180845435,0.591286526616609,0.9161448714405773
2009-04-13,True,7,0.9188957691585316,0.5913969956577668,0.9000677719890133
2009-04-14,True,7,0.927604571414314,0.5885892816533399,0.910028730304103
2009-04-15,True,7,0.9271464810325081,0.5775780753579803,0.9078503658371799
2009-04-16,True,7,0.8961509140570437,0.6055070640999587,0.8772505560808621
2009-04-17,True,7,0.9008061263675139,0.5783135110849271,0.878245067628893
2009-04-20,True,7,0.9156261361509631,0.537027383596059,0.8879249628960573
2009-04-21,True,7,0.91084974235538,0.5675102234690065,0.8871825235083817
2009-04-22,True,7,0.9109144182096856,0.5283628661822447,0.8801627365344208
2009-04-23,True,7,0.9127599986149024,0.560768166577837,0.888711280882306
2009-04-24,True,7,0.9133124813613659,0.5619414992409699,0.8900594634394092
2009-04-27,True,7,0.9031888230794329,0.5502069897833951,0.8760454811912523
2009-04-28,True,7,0.8914043726258012,0.5306628340862749,0.8578574849941404
2009-04-29,True,7,0.8810095578069634,0.5382359862488268,0.8454420195389046
2009-04-30,True,7,0.8850925629143537,0.5918591140549252,0.8628566285151366
2009-05-01,True,7,0.8807808424766206,0.5929198220922549,0.8580032087593901
2009-05-04,True,7,0.8772380973558983,0.5962149128360134,0.8538376744215
2009-05-05,True,7,0.8852030845077622,0.5939275148801509,0.8633297584530267
2009-05-06,True,7,0.8812099984799022,0.5983856477356085,0.8597679837280583
2009-05-07,True,7,0.8601150907686878,0.5598631097624177,0.8284616929849798
2009-05-08,True,7,0.8544155442420321,0.5679047841931512,0.8232549816067843
2009-05-11,True,7,0.8688890224432385,0.5748421492946898,0.8412572954359254
2009-05-12,True,7,0.8674107078212673,0.5814948236771049,0.841565643525966
2009-05-13,True,7,0.862996547280399,0.6122049033644646,0.844663008331162
2009-05-14,True,7,0.854030385194854,0.6100827761167009,0.8340937475358806
2009-05-15,True,7,0.8503642412038447,0.6187798726516998,0.8320838385647126
2009-05-18,True,7,0.8332102996315176,0.6175810359699994,0.8120633589051797
2009-05-19,True,7,0.7948155995285779,0.5842151107679535,0.7617247352570352
2009-05-20,True,7,0.8107173190837196,0.5511430072997279,0.7701600834083
2009-05-21,True,7,0.8130665921497251,0.5564175151499455,0.7743180544142794
2009-05-22,True,7,0.8033286349051035,0.555410213431039,0.762756913343153
2009-05-26,True,7,0.7763330747543706,0.5833407544259637,0.741065266235076
2009-05-27,True,7,0.7186851683516915,0.5191670908040016,0.6589770511896812
2009-05-28,True,7,0.7041185400451091,0.6104582944089295,0.6799562161288669
2009-05-29,True,7,0.7093854207913298,0.5795063983898762,0.6734820444824268
2009-06-01,True,7,0.6221470853903667,0.6131010252570503,0.6012697720946062
2009-06-02,False,7,0.6101295526090024,0.6134787626734947,0.5889055173208578
2009-06-03,False,7,0.6169526229701353,0.6080537869423497,0.5924555968241748
2009-06-04,False,7,0.622234834251024,0.5917514971916392,0.5969810554567173
2009-06-05,False,7,0.6274071578184277,0.5943470409964776,0.6021745429821116
2009-06-08,False,7,0.6531500342017991,0.560147842157148,0.6170008461476296
2009-06-09,False,7,0.6541014368308503,0.5442368133867014,0.6107242815603948
2009-06-10,False,7,0.656065806051971,0.5492724108966103,0.6134673986512561
2009-06-11,False,7,0.6699618041370324,0.559905262177661,0.6337506718240106
2009-06-12,False,7,0.6888949548007349,0.5717311848389373,0.6583528921584328
2009-06-15,False,7,0.7184862210221431,0.5604848885081226,0.6812890926357564
2009-06-16,False,7,0.7101247300913244,0.5685720420531162,0.6751816042348258
2009-06-17,False,7,0.7154411489874717,0.5604554451995614,0.688619863078548
2009-06-18,False,7,0.6935447026900036,0.5526027519910578,0.6637372875987905
2009-06-19,False,7,0.6985264670436931,0.5734635575006198,0.6773984748808305
2009-06-22,False,7,0.7558073277462019,0.5430084837790171,0.72599377649302
2009-06-23,False,7,0.7327350762850624,0.5722182079334633,0.7140816417787792
2009-06-24,False,7,0.6764176741655042,0.5716323923592277,0.6600400150396692
2009-06-25,False,7,0.6693947436233316,0.5790748808248727,0.6539520903152465
2009-06-26,False,7,0.6811921353526861,0.559285489663367,0.6576965773711898
2009-06-29,False,7,0.6894249146370285,0.5516253589375295,0.666776408047479
2009-06-30,False,7,0.7044492174466865,0.5234305113724259,0.6706551168145517
2009-07-01,False,7,0.6911017688059125,0.5431814992246233,0.6636464400120093
2009-07-02,False,7,0.695324432186503,0.5094086680944557,0.653120432084536
2009-07-06,False,7,0.7094309246939963,0.5261208858186666,0.6754544731752029
2009-07-07,False,7,0.7396635420779364,0.5138549708577796,0.7057106228603832
2009-07-08,False,7,0.744283995109194,0.5461016136731316,0.7219392717158408
2009-07-09,False,7,0.7226106154377598,0.5456553972055488,0.6999190666391201
2009-07-10,False,7,0.7326665037388291,0.544654580900544,0.7098264627979207
2009-07-13,False,7,0.7321568324663436,0.5526497389282802,0.7108641351680652
2009-07-14,False,7,0.7320347815573978,0.5521407218865035,0.709525977861444
2009-07-15,False,7,0.6575010598768709,0.5417633552225478,0.6280280046754821
2009-07-16,False,7,0.6609691960230111,0.5354320718481791,0.6282653054298273
2009-07-17,False,7,0.6660615255659689,0.524176526124443,0.627573952209764
2009-07-20,False,7,0.659293166611772,0.5178706394163283,0.6157128829802533
2009-07-21,False,7,0.6731904988541678,0.5909341743018947,0.6614069087413433
2009-07-22,False,7,0.6566234123104305,0.5557600885765821,0.6296051383441191
2009-07-23,False,7,0.6401115724468737,0.6002114068788427,0.6296291186302057
2009-07-24,False,7,0.6496187979224013,0.589806142917205,0.6370499084075896
2009-07-27,False,7,0.6503836939219088,0.5992394089334425,0.6409781825424492
2009-07-28,False,7,0.6582906262438936,0.5946043823159397,0.6456809234530269
2009-07-29,False,7,0.675534100082538,0.6044786784616737,0.6712689235989715
2009-07-30,False,7,0.6666491971667857,0.6043103891279304,0.6613016990327306
2009-07-31,False,7,0.6692738014564378,0.5931712987058361,0.6584569263583029
2009-08-03,False,7,0.6345010455995183,0.5988555974176607,0.6239822308868973
2009-08-04,False,7,0.6425455058851175,0.6039446406304132,0.6361663148766776
2009-08-05,False,7,0.6183000823109099,0.5379215678675909,0.5846561294695417
2009-08-06,False,7,0.6197679613915243,0.4672463007718471,0.5534856483483801
2009-08-07,False,7,0.5427271180359979,0.5081652596694269,0.49799534077138774
2009-08-10,False,7,0.5590359325845721,0.5344451235510052,0.5265342375348536
2009-08-11,False,7,0.5626757883045002,0.5060789209289569,0.5171319941953361
2009-08-12,False,7,0.5653231989194983,0.5351909830290964,0.5362436643493528
2009-08-13,False,7,0.5613933354198778,0.5597322073010897,0.5428857312067009
2009-08-14,False,7,0.5784514092513006,0.5162707504613914,0.538373208855797
2009-08-17,False,7,0.5915538949762766,0.5316745326464487,0.5569567381295698
2009-08-18,False,7,0.5798934910369113,0.5054598110254886,0.5326987983842741
2009-08-19,False,7,0.5868739471546742,0.48770444604314067,0.5353725074844766
2009-08-20,False,7,0.5518158516902364,0.476911497861218,0.49654323262500244
2009-08-21,False,7,0.5476478679718821,0.4906144884503708,0.4963646505271253
2009-08-24,False,7,0.5613233479662212,0.48510304846501,0.5083316763614601
2009-08-25,False,7,0.567277626698993,0.4844425688035413,0.5187480890489384
2009-08-26,False,7,0.5749587833053535,0.46200016343100625,0.5156906871744759
2009-08-27,False,7,0.5467971517551333,0.46893749496730874,0.49191335017290677
2009-08-28,False,7,0.557047973932794,0.4580128042683017,0.49705531265341824
2009-08-31,False,7,0.570577772573189,0.43058281995523007,0.49720229561775203
2009-09-01,False,7,0.5971496670731975,0.42430875416097047,0.518716130254481
2009-09-02,False,7,0.6038770190073376,0.414074685529337,0.5212805864051352
2009-09-03,False,7,0.5906608580881778,0.38243145663187184,0.49285979460264207
2009-09-04,False,7,0.5848583620705239,0.3781283649864563,0.4831581607444585
2009-09-08,False,7,0.573727159881108,0.4063473733815814,0.48486585004745775
2009-09-09,False,7,0.521021468362907,0.431760212479956,0.44906690848645164
2009-09-10,False,7,0.4919703183871086,0.4450490440245749,0.4284023861739471
2009-09-11,False,7,0.4893159401611526,0.38392971513933943,0.3976259689582105
2009-09-14,False,7,0.4874696314829232,0.47536001734715155,0.4352431952077655
2009-09-15,False,7,0.4841661191631623,0.5030961449781053,0.4441391548002444
2009-09-16,False,7,0.40531768897973114,0.4620154811006527,0.358318857821432
2009-09-17,False,7,0.4096628494161814,0.5199317262523285,0.3862710458093744
2009-09-18,False,7,0.4143952227793773,0.47311935600573807,0.370746547778289
2009-09-21,False,7,0.43231777873742455,0.49712761335968514,0.40194544906789426
2009-09-22,False,7,0.4257273715488363,0.4889914415695988,0.3922580373067992
2009-09-23,False,7,0.4473909741724267,0.5010241107390673,0.4169899811588791
2009-09-24,False,7,0.4595200303521642,0.48217039199878875,0.4187654839670447
2009-09-25,False,7,0.4756153083524231,0.5100202105614181,0.4456798434072319
2009-09-28,False,7,0.4096761392214693,0.5457874059579214,0.40339457332563905
2009-09-29,False,7,0.39975833314616493,0.5806428877556654,0.40781945969039546
2009-09-30,False,7,0.3742609978943382,0.5823148265830432,0.38669960943765996
2009-10-01,False,7,0.41890469406532926,0.5602378865129757,0.41316217878944633
2009-10-02,False,7,0.4332721035557538,0.53507197102358,0.4153210698516453
2009-10-05,False,7,0.4182868551380824,0.5609741837250146,0.41063071387469563
2009-10-06,False,7,0.41964368748456365,0.5512415486547745,0.4095272709549672
2009-10-07,False,7,0.42636977417529226,0.5579929109542257,0.4195094556493387
2009-10-08,False,7,0.42529367805657203,0.49747029544854393,0.39876135814515756
2009-10-09,False,7,0.4295573498022074,0.5029314768510343,0.40577865231541593
2009-10-12,False,7,0.42695060526618656,0.5129436286248863,0.4068926666389176
2009-10-13,False,7,0.43926766068636525,0.4906441340393821,0.410510425502113
2009-10-14,False,7,0.4276401900079928,0.532768597824985,0.41437957620689597
2009-10-15,False,7,0.4285784218708927,0.5420013699126468,0.4189429459330448
2009-10-16,False,7,0.4484565211842372,0.5499380368792899,0.4452165161724074
2009-10-19,False,7,0.44499306883584816,0.5398605920228553,0.43620802447802237
2009-10-20,False,7,0.4611316942390496,0.45712657257929656,0.41469510441078444
2009-10-21,False,7,0.46786411217268714,0.49585842541486286,0.43747907574647993
2009-10-22,False,7,0.45128509983801995,0.488651340722964,0.41793419097555984
2009-10-23,False,7,0.4815984002962132,0.4919796234096716,0.4475414373279917
2009-10-26,False,7,0.5058463430247135,0.5367304573690348,0.4888445031209208
2009-10-27,False,7,0.5282324189262272,0.45180098977860284,0.4754005465646716
2009-10-28,False,7,0.5816269607941514,0.4662134311994903,0.5291519226000693
2009-10-29,False,7,0.5682030709902086,0.6080071787788557,0.5742151512223685
2009-10-30,False,7,0.6047550156136537,0.6112538682802235,0.6063155243583888
2009-11-02,False,7,0.6104184612468229,0.5782936180164688,0.5983574008190449
2009-11-03,False,7,0.5972244372297214,0.5410571111870632,0.5690875049627401
2009-11-04,False,7,0.5852966366458927,0.5702592298299966,0.5707413098053903
2009-11-05,False,7,0.5838167550543105,0.5734241506906839,0.5669215422451108
2009-11-06,False,7,0.5891611632810223,0.5976349173670742,0.5829687278779813
2009-11-09,False,7,0.5594371365090868,0.6002656759888795,0.5518618168618485
2009-11-10,False,7,0.5153977678688462,0.5925612537755391,0.5089479780014066
2009-11-11,False,7,0.5191647959982931,0.5673412005052274,0.5016816322394825
2009-11-12,False,7,0.5422064569581708,0.6006518649219814,0.5384794910815324
2009-11-13,False,7,0.544005581061429,0.601205992359558,0.5407962277632854
2009-11-16,False,7,0.5440076867001069,0.6071012351198587,0.5434171395198218
2009-11-17,False,7,0.54083267642535,0.6050712994194094,0.5392582089134047
2009-11-18,False,7,0.5477902862520297,0.6077954086106797,0.5468962273944643
2009-11-19,False,7,0.5676721852934404,0.6124279985436667,0.5670907758997177
2009-11-20,False,7,0.574989942320746,0.6125138554784283,0.5743331846792452
2009-11-23,False,7,0.5659483899135593,0.6117340415702386,0.563909481732698
2009-11-24,False,7,0.5534728910781954,0.6123791414210651,0.5523599849852304
2009-11-25,False,7,0.5148482945006844,0.6060014316070115,0.5142442039785378
2009-11-27,False,7,0.5410855446287008,0.6094075205454254,0.5380206122747097
2009-11-30,False,7,0.5486214812153751,0.6109267676992324,0.5466827563402253
2009-12-01,False,7,0.5480401969518139,0.6081634797862093,0.5443406950890687
2009-12-02,False,7,0.5516079685167388,0.5757684315526679,0.53301213587865
2009-12-03,False,7,0.571450125909952,0.5742394272759767,0.5513713959858279
2009-12-04,False,7,0.5721423406075351,0.570201887080969,0.5504466919492363
2009-12-07,False,7,0.5730574322813778,0.5944578395671355,0.5624789051855681
2009-12-08,False,7,0.5912048695073416,0.548418395942787,0.5591346370922591
2009-12-09,False,7,0.5945774935604661,0.5304536425715877,0.5544313638978224
2009-12-10,False,7,0.5999284294440164,0.4930223468569985,0.5436081528962021
2009-12-11,False,8,0.589565322919081,0.54381278880916,0.5467423114287837
2009-12-14,False,8,0.5830396728771907,0.5605703378543451,0.5457407938988402
2009-12-15,False,8,0.5814796886069157,0.5681693174072976,0.5464042377150632
2009-12-16,False,8,0.5849090454350241,0.581609044673903,0.555144676302725
2009-12-17,False,8,0.5881133565768358,0.540086277491177,0.5401853295883104
2009-12-18,False,8,0.563465707444864,0.5298722617447902,0.5119940313758166
2009-12-21,False,8,0.5475784587594776,0.5306265500235974,0.4956609972192272
2009-12-22,False,8,0.553292297956596,0.5522642921125874,0.512611027785633
2009-12-23,False,8,0.549954456982518,0.5451246205551994,0.5049346008369991
2009-12-24,False,8,0.539799156756036,0.5450215656976531,0.4940036746484596
2009-12-28,False,8,0.4881362041124966,0.5408022056558667,0.44666759830398767
2009-12-29,False,8,0.4790327416028202,0.580096724602985,0.45353798892954444
2009-12-30,False,8,0.4908393482792468,0.5830944618607874,0.46825419048912836
2009-12-31,False,8,0.5150544126532558,0.5554106687445018,0.48116419463832577
2010-01-04,False,8,0.5064379779352742,0.6014081892901563,0.48940071262146784
2010-01-05,False,8,0.5113775236470887,0.6095911154882454,0.4988903526755578
2010-01-06,False,8,0.5134619184801384,0.5723306309845688,0.4855280977272298
2010-01-07,False,8,0.5111706595116825,0.5555235314760731,0.4772957510603596
2010-01-08,False,8,0.5050176934431376,0.5591831646150239,0.4731279619089765
2010-01-11,False,8,0.5144738178006485,0.5879969416986308,0.49806726905775256
2010-01-12,False,8,0.5324608804918455,0.5486730062296056,0.4989037295761726
2010-01-13,False,8,0.5154140285418238,0.5418121873629794,0.4773420936274368
2010-01-14,False,8,0.5228245835019742,0.5627912421514262,0.49469598074633836
2010-01-15,False,8,0.5259434786294422,0.5261501618167002,0.48028825934646924
2010-01-19,False,8,0.5068954329385833,0.5293454582752397,0.4609999731961886
2010-01-20,False,8,0.533300637540319,0.5313964162928714,0.48627758736135823
2010-01-21,False,8,0.5457042372530857,0.588850965342791,0.5221731804997057
2010-01-22,False,8,0.5537709181216294,0.5543863583816745,0.5151506304836139
2010-01-25,False,8,0.5378980019979608,0.59908561008237,0.5170572193481652
2010-01-26,False,8,0.4887363328969595,0.6026605399278494,0.4746338496600891
2010-01-27,False,8,0.49373235880405286,0.6065138166290815,0.48678429473585527
2010-01-28,False,8,0.4585498136429241,0.6099250773766027,0.4606434502298508
2010-01-29,False,8,0.48167274869613896,0.6039821851694408,0.4799373147428773
2010-02-01,False,8,0.48051887935710663,0.56507897338888,0.4579726311189452
2010-02-02,False,8,0.4705954613139294,0.5382399064345562,0.4353378630501524
2010-02-03,False,8,0.48323917819698736,0.5405033066214806,0.45485412564219235
2010-02-04,False,8,0.5526882653044982,0.5837775436163224,0.5303379911446819
2010-02-05,False,8,0.556373805337733,0.5355676339972556,0.5207433310524135
2010-02-08,False,8,0.5652229762640066,0.5443951543518882,0.5328696859039419
2010-02-09,False,8,0.5625736513160773,0.5344743865759228,0.5229944060476568
2010-02-10,False,8,0.5467242381341793,0.5401941901881195,0.5104875802291117
2010-02-11,False,8,0.5442253732311455,0.5542888852664598,0.5125305082426205
2010-02-12,False,8,0.5512301062271654,0.5941573299724134,0.5411258884578027
2010-02-16,False,8,0.5439556556580268,0.5608440453300265,0.5150996076750904
2010-02-17,False,8,0.5360911680024342,0.5833706897693955,0.5162643920069993
2010-02-18,False,8,0.506409008459203,0.5706866946556501,0.4828150090638374
2010-02-19,False,8,0.4992844498087178,0.5333697112553321,0.4593303120032571
2010-02-22,False,8,0.5081009918004797,0.5755746899795297,0.48773575124216745
2010-02-23,False,8,0.5250463792361608,0.5502992841144279,0.49174152000081167
2010-02-24,False,8,0.5245189807836022,0.5635329528145068,0.49701591570559084
2010-02-25,False,8,0.491553499255842,0.5639701882690011,0.473404567540599
2010-02-26,False,8,0.4901890015811565,0.557802705200007,0.4689745863794614
2010-03-01,False,8,0.49022358374571207,0.5999114058295267,0.48735206446534746
2010-03-02,False,8,0.4895276452862327,0.5592555032025887,0.4687538489042858
2010-03-03,False,8,0.47316994160389775,0.5913279584426903,0.46723338709672296
2010-03-04,False,8,0.47770651265002556,0.5952118237008975,0.4725060001520784
2010-03-05,False,8,0.4687980317257754,0.6024632094450064,0.46331060153494796
2010-03-08,False,8,0.4541704704228471,0.5705748482897995,0.4362787748801537
2010-03-09,False,8,0.45507858876141494,0.59524081220979,0.44695741893225993
2010-03-10,False,8,0.454817530707502,0.5792992604528933,0.4393026035463955
2010-03-11,False,8,0.4571281775195376,0.5347437813833911,0.4224577626823396
2010-03-12,False,8,0.46410117311641247,0.5389046719975218,0.4319550112206382
2010-03-15,False,8,0.46157779630987633,0.5296105507252978,0.42625962047803867
2010-03-16,False,8,0.4574782878092846,0.5449728938207173,0.4275559516907422
2010-03-17,False,8,0.431794675238812,0.5719595197906924,0.41520640628339417
2010-03-18,False,8,0.4376448292211629,0.5165495163920465,0.39822427400139027
2010-03-19,False,8,0.4545458986362789,0.5095385452450698,0.41247380327616007
2010-03-22,False,8,0.4519228359322924,0.5237903860541402,0.4157318985341025
2010-03-23,False,8,0.4513223934143052,0.5328590162387379,0.418611564819718
2010-03-24,False,8,0.4654981434716258,0.5257191990777157,0.42955822602180205
2010-03-25,False,8,0.47201897125150727,0.5371613707551702,0.44102275904572613
2010-03-26,False,8,0.4683238468500546,0.5358143310087171,0.43707124302605876
2010-03-29,False,8,0.4605496505938808,0.5842798713316952,0.4495677707678112
2010-03-30,False,8,0.44555023470198707,0.5934907417359767,0.44062029753098864
2010-03-31,False,8,0.46161669473499223,0.4960478723385681,0.41875649926505965
2010-04-01,False,8,0.45863415972120913,0.5372073857393014,0.4312392825432402
2010-04-05,False,8,0.45363282897745755,0.4532770114883993,0.3902899500479804
2010-04-06,False,8,0.45731602546482436,0.5462501210876751,0.4302615825256793
2010-04-07,False,8,0.46897123007742314,0.5487426860678739,0.4415506955299719
2010-04-08,False,8,0.4667003413248808,0.5590202908860308,0.4432232486999755
2010-04-09,False,8,0.4446687418032649,0.5971362794689365,0.43732960170686447
2010-04-12,False,8,0.44946018788587566,0.5569979087367728,0.42585718436438597
2010-04-13,False,8,0.4485019898530654,0.5476601993762287,0.42048239916936336
2010-04-14,False,8,0.42302875178341265,0.5448668073071083,0.3968189943658198
2010-04-15,False,8,0.42996067172550845,0.5157834222057303,0.39330348546696303
2010-04-16,False,8,0.43233538544646327,0.5254996775917291,0.39957955721972965
2010-04-19,False,8,0.39539417588375586,0.5386195990057604,0.373500647846208
2010-04-20,False,8,0.357284778410339,0.530002189830497,0.33634359646734147
2010-04-21,False,8,0.3568278160537377,0.48831460895887807,0.3219788037179368
2010-04-22,False,8,0.34597298590908787,0.4280324545486961,0.2913312275158676
2010-04-23,False,8,0.34292937896183906,0.4008480578308486,0.27757323878966
2010-04-26,False,8,0.3271507663198417,0.37976744689317665,0.25737205495591975
2010-04-27,False,8,0.35241549778108,0.5143193985505111,0.32147176494149876
2010-04-28,False,8,0.35661982526489344,0.47347517721235777,0.31251650708192985
2010-04-29,False,8,0.35659659937222066,0.5206663296598957,0.3310397367599225
2010-04-30,False,8,0.38378929808602785,0.5192118778378454,0.3529542302651726
2010-05-03,False,8,0.3043876678341239,0.4565190405490507,0.2705636671434162
2010-05-04,False,8,0.3625833374368761,0.46338500537180727,0.3149098236205057
2010-05-05,False,8,0.36494924614167296,0.4188746724380809,0.3012048492440557
2010-05-06,False,8,0.43375501188705545,0.4418789936534925,0.3662421974219022
2010-05-07,False,8,0.46667304990408487,0.37927500959342914,0.3688550101421558
2010-05-10,False,8,0.49302837768680835,0.5383664973332868,0.44199144914988253
2010-05-11,False,8,0.4953080791038061,0.509664179570627,0.43300075214074113
2010-05-12,False,8,0.4951009986509058,0.5219189163454331,0.4379759636973058
2010-05-13,False,8,0.5157381352301201,0.5622136126691265,0.47484347190094306
2010-05-14,False,8,0.5533948094402477,0.5645108251778552,0.511318340847612
2010-05-17,False,8,0.554684503070809,0.5529648091819882,0.5094801402624273
2010-05-18,False,8,0.5736724613064835,0.5846061675166196,0.5410088351751611
2010-05-19,False,8,0.5671244558408349,0.5314327003949401,0.5132234518665614
2010-05-20,False,8,0.6561977494591622,0.5687507215597285,0.6101746642913393
2010-05-21,False,8,0.6494997236514201,0.569747564206164,0.5992240360017957
2010-05-24,False,8,0.6645070510296797,0.6012859527599898,0.6276804367501144
2010-05-25,False,8,0.6722368165149212,0.5708281434483153,0.6254397775939504
2010-05-26,False,8,0.6779566930248727,0.5671405095203441,0.6306689569662292
2010-05-27,False,8,0.6745742077092448,0.5801212275043206,0.6268100115729293
2010-05-28,False,8,0.6904283152385089,0.5903203516137593,0.647713479491835
2010-06-01,False,8,0.7285099658074207,0.5902109175680608,0.6893761147815172
2010-06-02,False,8,0.7203992484696328,0.6167426723986628,0.6872753337514502
2010-06-03,False,8,0.7189560451009375,0.6167082037754935,0.6860263952117515
2010-06-04,False,8,0.7740882391984649,0.6244558894238796,0.7447496763110791
2010-06-07,False,8,0.7931833924858707,0.5864754711747653,0.7538848212549365
2010-06-08,False,8,0.7892251562268819,0.610046463888001,0.7571520575636707
2010-06-09,False,8,0.7892697862638883,0.5762654952613497,0.745957786776503
2010-06-10,False,8,0.7871398644677258,0.5797444640863021,0.7417021425651102
2010-06-11,False,8,0.7864140432280043,0.591353520646542,0.7449963203917741
2010-06-14,False,8,0.7844355458747234,0.6235330300159622,0.7535431648253312
2010-06-15,False,8,0.7701131965032004,0.6246859542076953,0.7360131845551486
2010-06-16,False,8,0.7774343587045675,0.6250833551908594,0.7445037737335517
2010-06-17,False,8,0.782793883517474,0.589604240948048,0.7389296754019058
2010-06-18,False,8,0.7762543827555775,0.6189346078791425,0.7414016016915734
2010-06-21,False,8,0.7747512422081141,0.6143698030704743,0.738186466490827
2010-06-22,False,8,0.7948335614377631,0.620421559223067,0.762367048554361
2010-06-23,False,8,0.7993716937785984,0.5926730726494032,0.7590319822997723
2010-06-24,False,8,0.8128786394361021,0.599954239302598,0.776691673035959
2010-06-25,False,8,0.805696869254678,0.600685158281571,0.7694927054595574
2010-06-28,False,8,0.8127295598669821,0.6294087235621484,0.7873639745187682
2010-06-29,False,8,0.8477793380452685,0.6400357173229626,0.8280972867725318
2010-06-30,False,8,0.8533759195666919,0.6421711891978109,0.8349340671297328
2010-07-01,False,8,0.8528746028933265,0.6422874937845785,0.8347189995915479
2010-07-02,False,8,0.8575577118727327,0.6400142858967316,0.839444924754065
2010-07-06,False,8,0.8604994112932843,0.6374992646453858,0.8426376995607799
2010-07-07,False,8,0.8560872542560712,0.6362392967919968,0.8352636913448209
2010-07-08,False,8,0.8524165565176659,0.6378219914362403,0.8311390866385132
2010-07-09,False,8,0.8525434472691399,0.6047910862287311,0.8224282882947128
2010-07-12,False,8,0.856188550106919,0.6393139997139022,0.835524100515846
2010-07-13,False,8,0.8414418011360579,0.6398023315267962,0.8181812899793649
2010-07-14,False,8,0.841968374594952,0.6407727920872389,0.8190192797376664
2010-07-15,False,8,0.8462784443245946,0.6417120258967624,0.824203197574295
2010-07-16,False,8,0.8699578019146538,0.6031729067819895,0.8408097157268677
2010-07-19,False,8,0.8705016682243133,0.609101290057492,0.8426327957488852
2010-07-20,False,8,0.8684829157032496,0.6068708314834527,0.8393600836091426
2010-07-21,False,8,0.8734565439891931,0.6433673735211012,0.8538777873571886
2010-07-22,False,8,0.8519702930416304,0.6428872459542988,0.8290462762856992
2010-07-23,False,8,0.849034725086648,0.6449038833557299,0.8260606207406904
2010-07-26,False,8,0.8493622132678063,0.6445793411341717,0.8260148102965043
2010-07-27,False,8,0.8402462354759405,0.6412894146487944,0.8150601181772346
2010-07-28,False,8,0.849830964805009,0.6425147209056826,0.8266391540077449
2010-07-29,False,8,0.8294780678519742,0.6342750575710064,0.8025698570435678
2010-07-30,False,8,0.8218531371386804,0.6341066466875273,0.7937207930234977
2010-08-02,False,8,0.7857238488653101,0.6295626438959221,0.7515874120730804
2010-08-03,False,8,0.7725897603466927,0.6302442420602667,0.7379423449032444
2010-08-04,False,8,0.7706187847949483,0.6252827880429098,0.7397418083979352
2010-08-05,False,8,0.7719064447442976,0.6268620375364955,0.7413177288088016
2010-08-06,False,8,0.7814329937483377,0.631195432849278,0.7543849767436002
2010-08-09,False,8,0.7680508605818978,0.6328057344431168,0.7401951800493759
2010-08-10,False,8,0.7561554397058159,0.6347802635557716,0.728637278389801
2010-08-11,False,8,0.792503010880785,0.6343588022826957,0.7649418168461531
2010-08-12,False,8,0.783150089372141,0.6264105718680735,0.7526803816089592
2010-08-13,False,8,0.7802700684355344,0.6278193111742691,0.7495497695479842
2010-08-16,False,8,0.7209401574706493,0.6234349849417475,0.6886728579277485
2010-08-17,False,8,0.7204725635865499,0.6239204830838666,0.6871777320610382
2010-08-18,False,8,0.7057197140555141,0.6204328972998054,0.6700512729065402
2010-08-19,False,8,0.728804253530394,0.6252330892090793,0.6950039656012598
2010-08-20,False,8,0.7299891475887702,0.6275618657352635,0.6967509427780659
2010-08-23,False,8,0.7443383552136935,0.6285476199371628,0.7162619717030456
2010-08-24,False,8,0.7495184298526295,0.6309735881585419,0.7228233436485871
2010-08-25,False,8,0.7171083656713123,0.6277846931283587,0.6874314702078695
2010-08-26,False,8,0.732340270094343,0.6258803243689728,0.7062176807050417
2010-08-27,False,8,0.7268555258646517,0.6301053119762946,0.6998176201398979
2010-08-30,False,8,0.6872830704410375,0.6234410567423636,0.6600006856565039
2010-08-31,False,8,0.6637990139347171,0.6210643272735186,0.6351166476892878
2010-09-01,False,8,0.6621434154710383,0.6262771710594078,0.6309642013007479
2010-09-02,False,8,0.6519530644363899,0.6225190838976986,0.6178140681936352
2010-09-03,False,8,0.6520950558010622,0.6106636394529902,0.6168143390991245
2010-09-07,False,8,0.6720994192183234,0.568608206223831,0.6203431320429584
2010-09-08,False,8,0.6686521578421624,0.6060915993575197,0.6312337781819644
2010-09-09,False,8,0.6765651463672688,0.5778611519970069,0.6318998501168547
2010-09-10,False,8,0.6699104046817547,0.5776036017365869,0.6240812119797671
2010-09-13,False,8,0.66084653791613,0.5717195496372317,0.6113348452191852
2010-09-14,False,8,0.6629545240537544,0.6139201916392102,0.6313672356971333
2010-09-15,False,8,0.6565163630750217,0.61950799161911,0.6270019964388958
2010-09-16,False,8,0.6300369284780756,0.6168869178672455,0.5998388980568711
2010-09-17,False,8,0.6277759310903394,0.6015422560563514,0.5907800335993986
2010-09-20,False,8,0.5947840481894184,0.612127562554467,0.5609243068085465
2010-09-21,False,8,0.6035840068336272,0.6115837876685771,0.567809414900841
2010-09-22,False,8,0.6055279878880292,0.6201458177319803,0.5721361956944039
2010-09-23,False,8,0.5547960913172917,0.6119280131995781,0.5217065024040771
2010-09-24,False,8,0.5305565954198609,0.57185825408445,0.47648771249959404
2010-09-27,False,8,0.5295878120612855,0.5732407988978118,0.4757685635210435
2010-09-28,False,8,0.5148683886497312,0.5749775445040551,0.4625848402376116
2010-09-29,False,8,0.5153997226056656,0.5754739881219942,0.46223444339014613
2010-09-30,False,8,0.527039751599759,0.5623295955200183,0.4739471750225959
2010-10-01,False,8,0.5318134883301042,0.5638535825942322,0.4804252779644633
2010-10-04,False,8,0.5540934248455321,0.5612241736743703,0.5015152968487459
2010-10-05,False,8,0.5358649481964938,0.5555989842959561,0.476830826676297
2010-10-06,False,8,0.5474097320180139,0.5525999026365858,0.4894915580910474
2010-10-07,False,8,0.5504089790525675,0.566991881499257,0.49859201329212127
2010-10-08,False,8,0.5408104625204133,0.5773232595844642,0.49327136098335816
2010-10-11,False,8,0.4806869881772664,0.5668779323644886,0.4343177671587266
2010-10-12,False,8,0.482730912584529,0.5682030854069694,0.4366597187075767
2010-10-13,False,8,0.4847949434636981,0.538871529223222,0.4268860491523584
2010-10-14,False,8,0.47478462036977165,0.5419890086397235,0.42020449472926336
2010-10-15,False,8,0.48511977934761547,0.536320565462013,0.43239544127232127
2010-10-18,False,8,0.49003603168167464,0.5768028097084644,0.4554297829980663
2010-10-19,False,8,0.525089353959533,0.5774628215353403,0.48926615660645956
2010-10-20,False,8,0.5071448118556693,0.608725308883149,0.48289166309938464
2010-10-21,False,8,0.4964856239652772,0.6069606370000993,0.47179910348796356
2010-10-22,False,8,0.49035830059176727,0.6103017314189338,0.46616488817416096
2010-10-25,False,8,0.48731607012480016,0.6106884617522459,0.46338814432600706
2010-10-26,False,8,0.4979153074925707,0.607163146051498,0.47580095560424834
2010-10-27,False,8,0.4927127725001607,0.5836515900833413,0.45993884448163314
2010-10-28,False,8,0.49891392414597824,0.5920273990880399,0.4713447061102113
2010-10-29,False,8,0.49374406893898926,0.5992546036391002,0.4694807030783852
2010-11-01,False,8,0.4908734818590053,0.6094958236602407,0.4705070704808314
2010-11-02,False,8,0.4886107682737788,0.595111160076712,0.46206088865851824
2010-11-03,False,8,0.47467328385247304,0.6092911025193408,0.4550882988366403
2010-11-04,False,8,0.40024420706449815,0.5916384564968489,0.3804561870372831
2010-11-05,False,8,0.39100895673513403,0.5774085365959807,0.36580495544379826
2010-11-08,False,8,0.38347546222620615,0.5921377997195073,0.36498287619317044
2010-11-09,False,8,0.3992722256093984,0.6057699873368142,0.38505670223000094
2010-11-10,False,8,0.4047592071102339,0.6011722933539888,0.3910133430330572
2010-11-11,False,8,0.40917263902480877,0.6014218399755545,0.3965441211637933
2010-11-12,False,8,0.398944937274373,0.5939066449086777,0.385418747802581
2010-11-15,False,8,0.39599455019299484,0.6012833510741055,0.3856840328697643
2010-11-16,False,8,0.4137980044345884,0.60910163676679,0.4035905757078344
2010-11-17,False,8,0.38522096827687446,0.6151749615090888,0.3800561931567873
2010-11-18,False,8,0.38145355910039974,0.6135651440642393,0.3729936343672097
2010-11-19,False,8,0.36695907695693175,0.6021933718185367,0.3547441384006232
2010-11-22,False,8,0.37539520830871975,0.5937770426958059,0.3632600701689513
2010-11-23,False,8,0.36764661828756745,0.5902101900380348,0.35558926521709827
2010-11-24,False,8,0.3575913662613783,0.5938535232591615,0.3436964171416597
2010-11-26,False,8,0.3693636749109825,0.521968945150686,0.3358609171620283
2010-11-29,False,8,0.3797003476839701,0.521583190987092,0.34701990193370075
2010-11-30,False,8,0.3923908675312474,0.5174801013586631,0.35992214370757947
2010-12-01,False,8,0.3664653599575428,0.5670550529304025,0.34976052091636367
2010-12-02,False,8,0.3632209969830804,0.5879290694144825,0.3540066087083813
2010-12-03,False,8,0.36045375376975786,0.5908801245956806,0.35129954276317865
2010-12-06,False,8,0.36453258808706657,0.5906713773592048,0.3554591588575937
2010-12-07,False,8,0.3718354978939938,0.5890114741630272,0.3629907830436049
2010-12-08,False,8,0.37109280447454057,0.5939537616503294,0.36474798049700974
2010-12-09,False,8,0.3704944254536652,0.5475335349641346,0.34492043293854735
2010-12-10,False,8,0.36268631681802155,0.5483158681020548,0.33753877567424884
2010-12-13,False,8,0.3660450290220896,0.5898679365045644,0.3570830577087692
2010-12-14,False,8,0.3738273083043148,0.5501977217204008,0.3524583853849636
2010-12-15,False,8,0.37614917636443596,0.5724252337652338,0.3631907407487437
2010-12-16,False,8,0.3621171933539116,0.5831039134745558,0.3526076314252839
2010-12-17,False,8,0.34699228620562367,0.594474514526471,0.34346027470929985
2010-12-20,False,8,0.350198035419804,0.5915091626737873,0.35263701344514975
2010-12-21,False,8,0.33941612823331413,0.6042810912557659,0.34711513015137807
2010-12-22,False,8,0.34408610402809303,0.596655023702665,0.3487189985851882
2010-12-23,False,8,0.344724365679862,0.5632522828535694,0.33621042855691613
2010-12-27,False,8,0.34290043639458656,0.558407584965933,0.33254155353806475
2010-12-28,False,8,0.3481420419177838,0.5954117984363693,0.35150855400312403
2010-12-29,False,8,0.3313879504772089,0.5931058721722573,0.33542445299956297
2010-12-30,False,8,0.33756757509035995,0.5784407822854319,0.343088972073347
2010-12-31,False,8,0.33912877425721955,0.5838453375037767,0.34620685518095634
2011-01-03,False,8,0.32882497062788635,0.571732790722677,0.32995203005333074
2011-01-04,False,8,0.34462318867378877,0.5381188704564072,0.3339243476662187
2011-01-05,False,8,0.341291569785176,0.5494942589049477,0.33494060819316224
2011-01-06,False,8,0.34598641659068985,0.5499765708201446,0.3403138583924661
2011-01-07,False,8,0.35407579995439015,0.5674173327467152,0.3572055668229937
2011-01-10,False,8,0.34698999662060726,0.5263510763593328,0.33327191862262506
2011-01-11,False,8,0.342338489995713,0.5768175799291863,0.346324482498263
2011-01-12,False,8,0.34088038764895073,0.5627234290443484,0.3384612143259553
2011-01-13,False,8,0.31502332395546806,0.5984456725758022,0.33157014379569205
2011-01-14,False,8,0.3181429162586333,0.583542158665606,0.3313371783013645
2011-01-18,False,8,0.315683044582315,0.563879892428113,0.3209839688222076
2011-01-19,False,8,0.34076090192043257,0.5193043878975647,0.3261472896619225
2011-01-20,False,8,0.35026877765799297,0.5241641761038986,0.33837831666142837
2011-01-21,False,8,0.3508016493756561,0.5436629569953116,0.3468912292618413
2011-01-24,False,8,0.339321018560591,0.5164550568735553,0.3250197553060419
2011-01-25,False,8,0.3393680836275355,0.5542875918755861,0.3378207654892001
2011-01-26,False,8,0.3345238291264359,0.5445168424087409,0.329439901550065
2011-01-27,False,8,0.33444068151485284,0.5919364121747371,0.3495509271422471
2011-01-28,False,8,0.3768149643898938,0.5963658636595793,0.38853236610461833
2011-01-31,False,8,0.37216878920753693,0.5975601250228284,0.3838241470254692
2011-02-01,False,8,0.37039133400784235,0.5725432882040005,0.37514291145940887
2011-02-02,False,8,0.37868657524364513,0.5729419688855847,0.3832529201353037
2011-02-03,False,8,0.37550938835467756,0.5373213420824919,0.36684676689385565
2011-02-04,False,8,0.3586463265618376,0.5199975682920482,0.3463910536428522
2011-02-07,False,8,0.35686041023833237,0.506731546613786,0.3388851615612077
2011-02-08,False,8,0.35182185757340506,0.49667068953911236,0.3285737154954882
2011-02-09,False,8,0.33162352180325866,0.48268743659883023,0.30856030231919074
2011-02-10,False,8,0.32971460410676773,0.5112971910916387,0.31757312849107194
2011-02-11,False,8,0.29460219081311523,0.5073607466152329,0.28814162945805427
2011-02-14,False,8,0.294098892852121,0.5051456042001495,0.28716371442726674
2011-02-15,False,8,0.3054091843262006,0.491801985433533,0.2988859859995319
2011-02-16,False,8,0.3043059852545985,0.525691770279016,0.30901091090916133
2011-02-17,False,8,0.300582353589559,0.5020121161857636,0.29634004154624477
2011-02-18,False,8,0.28032366667365083,0.4899084176244302,0.277870841317728
2011-02-22,False,8,0.3320842119230094,0.5372757180080334,0.34076503734917557
2011-02-23,False,8,0.337836461268997,0.5532001168676743,0.35377263514153656
2011-02-24,False,8,0.3351971572830632,0.556203334149213,0.3529195404524563
2011-02-25,False,8,0.3241820904385741,0.5968036442491722,0.3539123329887753
2011-02-28,False,8,0.3248109740030516,0.5487252897304498,0.3462779442381836
2011-03-01,False,8,0.358316006648715,0.5787965252389791,0.3893811792188792
2011-03-02,False,8,0.35893150950247005,0.5547267971283123,0.3804333721896193
2011-03-03,False,8,0.3546599912338356,0.5708498738368236,0.37487621348925443
2011-03-04,False,8,0.3632405842645316,0.5025114830904971,0.35526948382997436
2011-03-07,False,8,0.37954725999521577,0.5807990279695477,0.39996465739657744
2011-03-08,False,8,0.3759261256657423,0.5690906416226779,0.3896701584389107
2011-03-09,False,8,0.38380130944777524,0.5282813501959311,0.3826913248375168
2011-03-10,False,8,0.4187138707954227,0.5742920122073274,0.43032950039055573
2011-03-11,False,8,0.41403232437443177,0.5725998309849644,0.4234515539903013
2011-03-14,False,8,0.41608802646904786,0.5709898049795921,0.42460710066828355
2011-03-15,False,8,0.43247187682534477,0.5700928124547885,0.44167371549513257
2011-03-16,False,8,0.45916033600693645,0.5296811544813954,0.44722657016830214
2011-03-17,False,8,0.4549195521966761,0.5234079819996765,0.4391327245906795
2011-03-18,False,8,0.4559069562064548,0.5678659963344174,0.4597583998317755
2011-03-21,False,8,0.44968210661083863,0.5308200431042859,0.4327013337635375
2011-03-22,False,8,0.4518898919289123,0.5762443067440512,0.4543836095824171
2011-03-23,False,8,0.44723202820655245,0.5739635296829093,0.448771045728337
2011-03-24,False,8,0.43970081623392904,0.5799507852913939,0.44329386092564577
2011-03-25,False,8,0.43860970665543997,0.580766045578563,0.44231206865679285
2011-03-28,False,8,0.4416832209459273,0.5823602852494383,0.44705775439509926
2011-03-29,False,8,0.4338181160963361,0.5849844830776064,0.4394559470976251
2011-03-30,False,8,0.43493342040267163,0.5383649167499371,0.42123177667838463
2011-03-31,False,8,0.4252749849146413,0.5621167302205522,0.420868734289261
2011-04-01,False,8,0.4253539392778049,0.5557866065918771,0.41868460826933523
2011-04-04,False,8,0.42114869297706437,0.517723420183428,0.3981191996694192
2011-04-05,False,8,0.41794618759208857,0.5178814078274812,0.3941546786901588
2011-04-06,False,8,0.41922557182527903,0.5530196231705766,0.40936554599506125
2011-04-07,False,8,0.42717679390607344,0.559968076603015,0.4195282879831333
2011-04-08,False,8,0.44315530801730935,0.5354932698092194,0.4251437419131666
2011-04-11,False,8,0.4475900226967174,0.5832352675703272,0.4511567527510922
2011-04-12,False,8,0.46174856072578924,0.537964584629491,0.4462026414089698
2011-04-13,False,8,0.4637286312673553,0.5350841228678374,0.4472496074933835
2011-04-14,False,8,0.4416642766731541,0.537795524247358,0.42831262874810405
2011-04-15,False,8,0.43174990991700013,0.5218890591556207,0.41068937986218296
2011-04-18,False,8,0.4484944272567739,0.5406294688435839,0.43221856299685724
2011-04-19,False,8,0.44910478191577097,0.5365215965991142,0.43073138400815814
2011-04-20,False,8,0.4418165071247537,0.5521661726228293,0.42824221968020737
2011-04-21,False,8,0.443863546205693,0.5491740476817061,0.4285467254562692
2011-04-25,False,8,0.4486557009846201,0.5144074972867204,0.4168392385135005
2011-04-26,False,8,0.40731989912039074,0.5166648865479981,0.3819010512348543
2011-04-27,False,8,0.40851400501813634,0.5566523643505853,0.3993771154737954
2011-04-28,False,8,0.41329373980724327,0.5606350142459402,0.40964892026406424
2011-04-29,False,8,0.4069793901325648,0.5541404038391239,0.4005854200644233
2011-05-02,False,8,0.4138700347764782,0.5671900462449568,0.4118848780193881
2011-05-03,False,8,0.4261920701107096,0.5755965859925661,0.4273638307580499
2011-05-04,False,8,0.4424704126878992,0.5859554606276178,0.4481615390521252
2011-05-05,False,8,0.4546623402362197,0.5757886328857935,0.4569454750672326
2011-05-06,False,8,0.44770808852539834,0.5833736563392381,0.4525846685384266
2011-05-09,False,8,0.44323757671696246,0.5742659354892063,0.44303695471129373
2011-05-10,False,8,0.44273590905898,0.5700462168098447,0.4403154525959918
2011-05-11,False,8,0.46255993326580797,0.5846717105258118,0.4645675620482626
2011-05-12,False,8,0.45327215087182454,0.576927401630133,0.45124463632372774
2011-05-13,False,8,0.47162227766483394,0.5884282725881971,0.47423959184196657
2011-05-16,False,8,0.4849023916567211,0.5867111575348376,0.48684945706813576
2011-05-17,False,8,0.4894760140766179,0.5305991913143663,0.4673404694189813
2011-05-18,False,8,0.43749177935124656,0.5534218484456603,0.4296057219866747
2011-05-19,False,8,0.42033931458378704,0.5576721953842795,0.41420452323207807
2011-05-20,False,8,0.4315385426642195,0.5426513156895173,0.4172042088732558
2011-05-23,False,8,0.4596748715802608,0.5311861774501142,0.44117849185977864
2011-05-24,False,8,0.4640342766980719,0.5177910763918951,0.4396882399112367
2011-05-25,False,8,0.4328354722508084,0.5177308853897947,0.41297476235961433
2011-05-26,False,8,0.4314125536965655,0.5326793365207144,0.4170992214268972
2011-05-27,False,8,0.431937078051807,0.5300309497686958,0.4228272334555073
2011-05-31,False,8,0.4184044428967341,0.4928546384781239,0.3926116974150735
2011-06-01,False,8,0.44848383365424244,0.5547233771712462,0.44090018365659445
2011-06-02,False,8,0.45533754843309393,0.563755804881994,0.45560727932164524
2011-06-03,False,8,0.4706966495847718,0.5611858585600564,0.4665721715110492
2011-06-06,False,8,0.45275548632945894,0.5884189347869043,0.4637839684096933
2011-06-07,False,8,0.45766254140879037,0.5899839112069868,0.47029525981924153
2011-06-08,False,8,0.4600394645773885,0.5470509096161533,0.4538245820209307
2011-06-09,False,8,0.4445301997082326,0.5504479038566743,0.43836169441989115
2011-06-10,False,8,0.4436386646979425,0.5618664316769244,0.44260050570133075
2011-06-13,False,8,0.45021728444703973,0.5455389816438185,0.44435397995745274
2011-06-14,False,8,0.4485873450205675,0.597801575388495,0.45910567133875774
2011-06-15,False,8,0.4838935496429061,0.5407163322870668,0.4703083449470791
2011-06-16,False,8,0.48036395625343753,0.5556594433405785,0.47353023604253214
2011-06-17,False,8,0.4821768258331879,0.5608013467384609,0.47767227496622594
2011-06-20,False,8,0.4826511408146807,0.562475416426238,0.4787936556811848
2011-06-21,False,8,0.4802893368373392,0.593806098404446,0.4864362882131359
2011-06-22,False,8,0.4832164280237277,0.560095453058475,0.4737659160659326
2011-06-23,False,8,0.48896574652409713,0.5597433557187514,0.4817970502723159
2011-06-24,False,8,0.5065129156005612,0.5955896457626128,0.5156484789693314
2011-06-27,False,8,0.5024519486009249,0.6033411335814427,0.5136015782059165
2011-06-28,False,8,0.5006515777771146,0.5860285999078382,0.5011938374523832
2011-06-29,False,8,0.4974882205165373,0.5850268502296387,0.4978004056659849
2011-06-30,False,8,0.4929288253310834,0.571986684854138,0.4850479911424996
2011-07-01,False,8,0.4857515554117187,0.564269718436994,0.4698642721986457
2011-07-05,False,8,0.4828874191484126,0.5606827344605303,0.46561281585667075
2011-07-06,False,8,0.47029213068877657,0.5737091144659131,0.4591647935820242
2011-07-07,False,8,0.4573873471829264,0.5875618845552832,0.45051883965394923
2011-07-08,False,8,0.45489883515043766,0.5866099001079144,0.4464159883703093
2011-07-11,False,8,0.4913690946268891,0.5934301464316762,0.479710455934964
2011-07-12,False,8,0.49581828141834783,0.5871166294414867,0.4812506309366512
2011-07-13,False,8,0.4958095914936609,0.5835552139070365,0.4794344214694879
2011-07-14,False,8,0.4920594850062933,0.581808918443441,0.47544753381773985
2011-07-15,False,8,0.4930568567377322,0.5516766297776333,0.4642789365539015
2011-07-18,False,8,0.5144408178094563,0.5340334451554772,0.47914234380121146
2011-07-19,False,8,0.5123398245260026,0.5515239628924515,0.48075351728720334
2011-07-20,False,8,0.5095026799119475,0.5552468415645632,0.4804344698448908
2011-07-21,False,8,0.5082733056836359,0.510425231364665,0.45900493641377477
2011-07-22,False,8,0.5127888585949315,0.5484985707942871,0.4800508376987921
2011-07-25,False,8,0.5238333727144053,0.5886100761222575,0.509019503699156
2011-07-26,False,8,0.5350458095497906,0.5899005980933092,0.5218032020610878
2011-07-27,False,8,0.573032676196094,0.5796241929643895,0.5505064595023125
2011-07-28,False,8,0.5701179596117762,0.5666584072199465,0.5417393448337918
2011-07-29,False,8,0.5660655584542893,0.6002503164338782,0.5517472254015519
2011-08-01,False,8,0.5657768475214741,0.5919502354131325,0.5480466021802389
2011-08-02,False,8,0.6189663007834173,0.5963309063746602,0.6000126920507788
2011-08-03,False,8,0.619777091930881,0.6080499914812918,0.6064029551652415
2011-08-04,False,8,0.737641590521024,0.581460781501317,0.7011738612595049
2011-08-05,False,8,0.7300488734411993,0.6178804020297467,0.7087946370196143
2011-08-08,False,8,0.8514772552359978,0.626205104041864,0.828857200008581
2011-08-09,False,8,0.849399878445134,0.6404793448735352,0.8250854212528759
2011-08-10,False,8,0.8769811682082502,0.643604643202119,0.8566283562729482
2011-08-11,False,8,0.873848291784208,0.6420582882161499,0.8490097735596068
2011-08-12,False,8,0.8748360896020984,0.6397845727729801,0.8501280103221329
2011-08-15,False,8,0.8706748126197474,0.6121107677478934,0.8379361014805853
2011-08-16,False,8,0.873232191713958,0.6447154038898771,0.8489312118502651
2011-08-17,False,8,0.8664003345822233,0.6474774545359576,0.8419684053943743
2011-08-18,False,8,0.9014122749739649,0.6112908316477358,0.8744775099855028
2011-08-19,False,8,0.9090154146015078,0.6145824250881324,0.8848118777912949
2011-08-22,False,8,0.9106560783617089,0.6137635778417453,0.8869662781356853
2011-08-23,False,8,0.9082958656119574,0.6184817646137574,0.8838315647476301
2011-08-24,False,8,0.9071813376144233,0.6184536417213061,0.88258652405009
2011-08-25,False,8,0.9042640461518664,0.6172279552351064,0.8788981350060786
2011-08-26,False,8,0.8996184896447428,0.6184001480891407,0.8724592111067561
2011-08-29,False,8,0.8889736883611281,0.6198180782246678,0.8585534479447507
2011-08-30,False,8,0.8812695102304284,0.6160813259997098,0.8480068710911256
2011-08-31,False,8,0.8803111903764217,0.5818559422489847,0.8388332620511023
2011-09-01,False,8,0.8845414421814579,0.5845109700848303,0.8448163709628214
2011-09-02,False,8,0.9020173464552242,0.5854684271950966,0.8678818150239006
2011-09-06,False,8,0.898524081994818,0.6557899973888632,0.877712301097031
2011-09-07,False,8,0.8925238849964587,0.6591536698434276,0.8704289777871959
2011-09-08,False,8,0.9032907285951141,0.6588657969583899,0.8836552594615167
2011-09-09,False,8,0.908744581367794,0.6881931126934497,0.895352995786915
2011-09-12,False,8,0.9073549753174773,0.6266576234304431,0.882259429597073
2011-09-13,False,8,0.9047353053215658,0.6577077608090252,0.8847887827039326
2011-09-14,False,8,0.9028747327167087,0.6583500240416534,0.8825609656143016
2011-09-15,False,8,0.9033622672362903,0.6586357450098093,0.8833379568736397
2011-09-16,False,8,0.9004449532138927,0.6584918539615606,0.8798795432574292
2011-09-19,False,8,0.9045177051826933,0.6569821369609383,0.8845147916659093
2011-09-20,False,8,0.9050818203906034,0.6569015135026375,0.8855293910869004
2011-09-21,False,8,0.9224084900769275,0.657228265553961,0.9060906879666634
2011-09-22,False,8,0.9385741080542122,0.6553982171645976,0.9252854675934218
2011-09-23,False,8,0.9385720729938137,0.6555974160013583,0.92548956728241
2011-09-26,False,8,0.937320611108685,0.6534714862254006,0.9234924227788791
2011-09-27,False,8,0.937354830095312,0.6529824133618191,0.9235589619458214
2011-09-28,False,8,0.9460630033385525,0.652245212902411,0.9339371123771911
2011-09-29,False,8,0.9454414507834926,0.6542042217756023,0.9335790684212639
2011-09-30,False,8,0.9537581440397638,0.6523004844493678,0.9435319538363821
2011-10-03,False,8,0.9610235648920099,0.6516949606886688,0.9522764688191633
2011-10-04,False,8,0.9547349489626749,0.6519461473934983,0.9444531675797424
2011-10-05,False,8,0.9515894599359684,0.6536107855825919,0.940641478318737
2011-10-06,False,8,0.9497934493500011,0.6540809891212022,0.9383109726987866
2011-10-07,False,8,0.9501520165641417,0.6525397324890211,0.9387346745526043
2011-10-10,False,8,0.9476890204830942,0.6556639673469844,0.9353868238607592
2011-10-11,False,8,0.9448652275224401,0.6548634566371612,0.9317777267447391
2011-10-12,False,8,0.945356524606005,0.6562431816718262,0.9326286364378991
2011-10-13,False,8,0.9457141651525293,0.687120056253258,0.9366731502266128
2011-10-14,False,8,0.9451028768098689,0.6874477705022147,0.935848596110609
2011-10-17,False,8,0.9513748042959473,0.6877009618017667,0.9431588764432922
2011-10-18,False,8,0.947082795065395,0.6562351038998886,0.93436519508807
2011-10-19,False,8,0.9491836632958681,0.6563133008864539,0.9369765358159755
2011-10-20,False,8,0.9422436824522473,0.657759173877437,0.9286021614142204
2011-10-21,False,8,0.9375637044746657,0.6588454149671512,0.9226469681555505
2011-10-24,False,8,0.9326298316467255,0.6574865890228224,0.9163277016559737
2011-10-25,False,8,0.9378577568224438,0.687330022047804,0.9267271437193282
2011-10-26,False,8,0.9256550436758253,0.6864429321335083,0.9123220249330815
2011-10-27,False,8,0.9215116033610297,0.6557258474095774,0.9018967505094238
2011-10-28,False,8,0.889577311444879,0.6524435121578448,0.8637809787193099
2011-10-31,False,8,0.9012633464752527,0.6518597274775416,0.8772235658990652
2011-11-01,False,8,0.8584385841018132,0.6512202419472626,0.8282919846852962
2011-11-02,False,8,0.8598422287374987,0.6506831541801127,0.8318027264091238
2011-11-03,False,8,0.81680645695909,0.6793963385301562,0.7909181372964695
2011-11-04,False,8,0.8291551934860157,0.6476847137762562,0.7982943720015114
2011-11-07,False,8,0.8320093878813114,0.6463929679133491,0.8010790424662501
2011-11-08,False,8,0.834775250870983,0.6478152054800913,0.8049232489921669
2011-11-09,False,8,0.8604541006289153,0.6797789074238443,0.8413017818163689
2011-11-10,False,8,0.856109616423039,0.68002504064495,0.8362053623595941
2011-11-11,False,8,0.7973719657792337,0.6780100981478456,0.7716066355681636
2011-11-14,False,8,0.7919250181066424,0.6779508309289223,0.7652225780559736
2011-11-15,False,8,0.7878625313924402,0.6777298704035174,0.7604754717111988
2011-11-16,False,8,0.8139328991422129,0.6764815574897427,0.7902858382954749
2011-11-17,False,8,0.8352956622402082,0.6767389555884341,0.813891979362813
2011-11-18,False,8,0.820732759153444,0.6392985997550574,0.7862818869182165
2011-11-21,False,8,0.8429283108258034,0.6377561707127295,0.8120154589586864
2011-11-22,False,8,0.8536925549118047,0.6067274729688005,0.8179265459621377
2011-11-23,False,8,0.8720522151185099,0.6034729554388146,0.838903235307303
2011-11-25,False,8,0.8749058445149928,0.6024103626581496,0.8421764961917718
2011-11-28,False,8,0.8589682905907121,0.6046610359966668,0.821612913237994
2011-11-29,False,8,0.8375590411825313,0.6029943421311361,0.7958379736999055
2011-11-30,False,8,0.8250993888539844,0.6016156346872054,0.7766325167576066
2011-12-01,False,8,0.83734721294171,0.604123712931289,0.7935497634608069
2011-12-02,False,8,0.8276562194308277,0.5979218431098668,0.780269779717103
2011-12-05,False,8,0.7971543693714251,0.6026270523698283,0.7456865886215248
2011-12-06,False,8,0.7996415222854905,0.5995270028324756,0.7475275450081906
2011-12-07,False,8,0.8068393685404546,0.6022168299122524,0.7572370986812733
2011-12-08,False,8,0.8353183749582767,0.6060033496462366,0.7922883738077244
2011-12-09,False,8,0.8337004622358493,0.6379479444015902,0.7991406325060165
2011-12-12,False,8,0.8462088462297174,0.639729840815102,0.813953139318281
2011-12-13,False,8,0.8502669416900196,0.6335597114668684,0.8167712851862733
2011-12-14,False,8,0.8517348787185749,0.6017018353163975,0.809320662877755
2011-12-15,False,8,0.820017114524282,0.6283263250552312,0.7798618868308579
2011-12-16,False,8,0.7797271903580524,0.5941283296291148,0.7220879568766805
2011-12-19,False,8,0.7967888305994721,0.6283478479085117,0.7530457551966949
2011-12-20,False,8,0.7956501598502227,0.6370013190181972,0.7533351341806499
2011-12-21,False,8,0.8007871267626512,0.5976214835744442,0.7469495236910382
2011-12-22,False,8,0.7651696437324548,0.5972336878127672,0.7063065488829782
2011-12-23,False,8,0.7648320025525067,0.5954276860191992,0.7043632847049066
2011-12-27,False,8,0.7327391241913538,0.5637960346760136,0.6557857351332028
2011-12-28,False,8,0.7016800010772556,0.5957526074896626,0.6340607066913274
2011-12-29,False,8,0.7072518626364117,0.5958043571092979,0.6407721450356921
2011-12-30,False,8,0.7228532235639629,0.6000423633175744,0.6600433598699885
2012-01-03,False,8,0.7249945401655784,0.6396031267763551,0.6798158719432642
2012-01-04,False,8,0.7130070666710489,0.6352070827288882,0.6643745621130768
2012-01-05,False,8,0.7219004363200827,0.6331061483892912,0.6772544249917141
2012-01-06,False,8,0.7251598603454248,0.6343004661995779,0.6814309422062722
2012-01-09,False,8,0.7308101966712908,0.6357867125634925,0.688278103571429
2012-01-10,False,8,0.720185604108836,0.6338240006764458,0.6751822298817441
2012-01-11,False,8,0.7271347633678092,0.6051325734461305,0.6728117507378514
2012-01-12,False,8,0.691194104246553,0.6295581799318752,0.6441001108384365
2012-01-13,False,8,0.7104969025712579,0.626427393608793,0.6642797998058627
2012-01-17,False,8,0.6902751444992827,0.6290669168876105,0.6434074191230553
2012-01-18,False,8,0.684585811262552,0.6332844376166917,0.6388588912708926
2012-01-19,False,8,0.692007693948243,0.6367267304253331,0.649530783095268
2012-01-20,False,8,0.7063526398795379,0.6324262551443727,0.6638336761878978
2012-01-23,False,8,0.6785582615757303,0.6327453561584717,0.6345379159333756
2012-01-24,False,8,0.6851011005251477,0.6367118705773849,0.6430338316684481
2012-01-25,False,8,0.6853497474185412,0.6279659734448769,0.6430788595030943
2012-01-26,False,8,0.6907937236025901,0.629120860486269,0.6487988586964025
2012-01-27,False,8,0.652450143374398,0.6244683616125387,0.6073126244122793
2012-01-30,False,8,0.6118887665189874,0.5901457461993408,0.5527936523127034
2012-01-31,False,8,0.6245178171907171,0.5881419335694238,0.5666611161957464
2012-02-01,False,8,0.6265213751356908,0.5959288905755433,0.5732199082937487
2012-02-02,False,8,0.6214162034029221,0.6276735674229184,0.5815356651206737
2012-02-03,False,8,0.6132421365146791,0.6214147631905265,0.5692075650641067
2012-02-06,False,8,0.6240030408434695,0.6217647026366723,0.5815482605570998
2012-02-07,False,8,0.5466662571748478,0.6152337130636946,0.5074592776409644
2012-02-08,False,8,0.5518872001105548,0.58629846049742,0.49986111426457874
2012-02-09,False,8,0.5614469369464666,0.577870116179803,0.5095437776855574
2012-02-10,False,8,0.5630691397764559,0.579816046519675,0.5119875761338957
2012-02-13,False,8,0.5622663546378688,0.5862827367600499,0.5135922187254911
2012-02-14,False,8,0.5405576847230901,0.6197950219165067,0.5082337652178237
2012-02-15,False,8,0.5189444745018243,0.5834401108435104,0.47246798795959577
2012-02-16,False,8,0.5096772050820196,0.6142228296325121,0.47583752634131354
2012-02-17,False,8,0.4788180197571433,0.6110195422310083,0.44632879465623965
2012-02-21,False,8,0.47374092634278064,0.6099905944831309,0.44149886182889814
2012-02-22,False,8,0.4335718883720001,0.5999341613884172,0.4026317110609217
2012-02-23,False,8,0.4233502450915227,0.6038507202902034,0.39485978825825657
2012-02-24,False,8,0.4300844272604881,0.6037879481796529,0.4101442679961772
2012-02-27,False,8,0.4316340847876764,0.60480548726088,0.41094885125090896
2012-02-28,False,8,0.4129389758311791,0.551942090968095,0.39388198734700086
2012-02-29,False,8,0.41689159630591294,0.5601203827598839,0.40124587639410114
2012-03-01,False,8,0.4109456022183072,0.5578391705178941,0.3927092615182355
2012-03-02,False,8,0.42849261164644,0.5625555816505954,0.41265509331543004
2012-03-05,False,8,0.43435872584756346,0.5301908132176694,0.4052648311442154
2012-03-06,False,8,0.46708603400896415,0.5165240498485543,0.42708560940249823
2012-03-07,False,8,0.41274390980921943,0.5039966068545982,0.375811696902352
2012-03-08,False,8,0.41259871794022107,0.5394203700492847,0.39353574793885876
2012-03-09,False,8,0.3805431921586406,0.5314101104399228,0.36211235138944387
2012-03-12,False,8,0.35736862116370394,0.5301502118676432,0.342294424443228
2012-03-13,False,8,0.33043463114819355,0.44098978629208435,0.28316004424349756
2012-03-14,False,8,0.3412608652370661,0.4633643469294539,0.3007562449228731
2012-03-15,False,8,0.3395091656521461,0.4681107601841311,0.3008687306962874
2012-03-16,False,8,0.3169160650795068,0.4382726360910579,0.27297415713830725
2012-03-19,False,8,0.3094245348512652,0.37095720549449485,0.2584797781270274
2012-03-20,False,8,0.32104886987199316,0.39059024169512513,0.2733837310165047
2012-03-21,False,8,0.3271459940174265,0.415942411596734,0.2871275125146787
2012-03-22,False,8,0.3451549232380633,0.4030040445585549,0.29943498519708406
2012-03-23,False,8,0.34178866890947573,0.41268629069788815,0.2998764180444059
2012-03-26,False,8,0.30669488574034426,0.4090929044855319,0.269382774197306
2012-03-27,False,8,0.3170149805344616,0.36357343910018364,0.26500961970182574
2012-03-28,False,8,0.3216911804608142,0.4306119574694025,0.29299886297052063
2012-03-29,False,8,0.3280615537954093,0.4703753290954196,0.31399377009872503
2012-03-30,False,8,0.32577333141418613,0.5497831533561436,0.34070724642939987
2012-04-02,False,8,0.323461408777875,0.48267738239412517,0.3113225535555371
2012-04-03,False,8,0.32672048402240517,0.5127377414050821,0.3247489425300528
2012-04-04,False,8,0.3470288921347103,0.5707750149944532,0.3640624449609268
2012-04-05,False,8,0.35508478566200025,0.5172334107591197,0.35310000024312493
2012-04-09,False,8,0.3790558172723204,0.5355847137900382,0.37862734924777786
2012-04-10,False,8,0.4190405374319288,0.5528769257921461,0.41721923304826863
2012-04-11,False,8,0.40312774242943666,0.5031289536535716,0.3801554076264198
2012-04-12,False,8,0.3991582708725333,0.5088255832569828,0.37494363432086986
2012-04-13,False,8,0.422473010595934,0.45987597956319626,0.378211981402391
2012-04-16,False,8,0.4292920582774613,0.46967080875728084,0.3904630768546752
2012-04-17,False,8,0.41886900737610655,0.49526034758531173,0.38562702443086305
2012-04-18,False,8,0.4235422380677638,0.5084833102402678,0.39493310920543023
2012-04-19,False,8,0.4333881237009785,0.55768538659961,0.4232998221236947
2012-04-20,False,8,0.43749493204364737,0.5761104339561306,0.4369111171652851
2012-04-23,False,8,0.45151571988753103,0.6022665882971319,0.4590131965272208
2012-04-24,False,8,0.4498644071754624,0.6071252957611525,0.4608249844625358
2012-04-25,False,8,0.4368910160645087,0.5432057708671387,0.41806126091348805
2012-04-26,False,8,0.4299686393252989,0.5442314922105509,0.4116676202120554
2012-04-27,False,8,0.43348014167857635,0.5492802791331938,0.4205185854329529
2012-04-30,False,8,0.442288687282798,0.5539684625599359,0.43040873380060735
2012-05-01,False,8,0.445321244452562,0.54897021470914,0.43462727898453374
2012-05-02,False,8,0.4436552986124422,0.5751321909278986,0.4446680831635547
2012-05-03,False,8,0.4597528276639026,0.570869602343899,0.4574493221416672
2012-05-04,False,8,0.4854557560011611,0.4916197642479957,0.4466725074365746
2012-05-07,False,8,0.4882401607115084,0.4902045805671454,0.447401868256997
2012-05-08,False,8,0.48094678293340754,0.4402043526996237,0.42090214420053446
2012-05-09,False,8,0.49363036536079763,0.46564584105294626,0.4456806010461266
2012-05-10,False,8,0.4877745910677811,0.536223686602189,0.46988746048618635
2012-05-11,False,8,0.48380429926877616,0.5374514552595716,0.4663368842284989
2012-05-14,False,8,0.5084344747343077,0.5537200492429162,0.4978784373886384
2012-05-15,False,8,0.5174186206845721,0.5864109391664349,0.520734502159947
2012-05-16,False,8,0.5245901513101131,0.5753695587554032,0.5231415875809745
2012-05-17,False,8,0.5542803520830397,0.5615410749241179,0.5425683809262163
2012-05-18,False,8,0.5680869720353378,0.5323855383132866,0.5439778653424759
2012-05-21,False,8,0.5642099414967385,0.477569955636393,0.5108374631461259
2012-05-22,False,8,0.5654449964586582,0.5065770583412065,0.5246487298623134
2012-05-23,False,8,0.5625285363937812,0.502340348612768,0.5196451877023638
2012-05-24,False,8,0.55294929153582,0.5035280379307141,0.5105029188501672
2012-05-25,False,8,0.5589143378738234,0.4999728898849683,0.5154441825010598
2012-05-29,False,8,0.5438252226139039,0.5048897449287277,0.4994711178697631
2012-05-30,False,8,0.5622218750512215,0.5115432555761563,0.5185893671157237
2012-05-31,False,8,0.5356042513335909,0.5013914933329789,0.4913998614763415
2012-06-01,False,8,0.5862882960722384,0.5283343726385131,0.5496759960469262
2012-06-04,False,8,0.593979085549377,0.5239061835188858,0.5585376229837269
2012-06-05,False,8,0.5937155176016039,0.5541111293826865,0.5714754258093518
2012-06-06,False,8,0.5871930783009599,0.5601105224815393,0.5602610844831253
2012-06-07,False,8,0.5941858903962062,0.5609672274531102,0.571235027660032
2012-06-08,False,8,0.5840399433554626,0.5304573089439025,0.5464617268600908
2012-06-11,False,8,0.6129419256328544,0.5170478354722076,0.5691063269925117
2012-06-12,False,8,0.6064472295361016,0.5223796151371726,0.5621296553108676
2012-06-13,False,8,0.6221207863543373,0.49215171757444753,0.5661136940670992
2012-06-14,False,8,0.609759256733804,0.5233117883209152,0.5646397697528222
2012-06-15,False,8,0.6034596770773295,0.5117308205487338,0.5524630009795147
2012-06-18,False,8,0.590166912737311,0.5224361066599253,0.5430400789400934
2012-06-19,False,8,0.5864166244450227,0.5218058339594819,0.538166911186054
2012-06-20,False,8,0.5962990366786084,0.5378279839609441,0.5577839343907046
2012-06-21,False,8,0.6310396351947009,0.5407568543509541,0.5907449162432646
2012-06-22,False,8,0.6201501042767581,0.5407767014493693,0.5786653624046062
2012-06-25,False,8,0.6424272064003883,0.5447967354065636,0.6018724905279549
2012-06-26,False,8,0.6418223883873978,0.5717655067527531,0.6126295175317963
2012-06-27,False,8,0.6411536316598996,0.5830943549139569,0.6176120101241893
2012-06-28,False,8,0.6368763291792917,0.5457669204779821,0.5990779673102514
2012-06-29,False,8,0.6182841401212783,0.6132317146398886,0.6025662330080965
2012-07-02,False,8,0.6150019495411247,0.5653881078110463,0.5792343274607585
2012-07-03,False,8,0.591314088929032,0.5596718808064335,0.5528835728233318
2012-07-05,False,8,0.5627510399753626,0.5920092654681841,0.540980699757225
2012-07-06,False,8,0.5841713095162875,0.5767051595977836,0.5564315741639416
2012-07-09,False,8,0.5968195155864431,0.5172973940475027,0.5465002698111127
2012-07-10,False,8,0.5959951854786015,0.5249954311892855,0.5486147151025427
2012-07-11,False,8,0.5971134121269889,0.559802434470735,0.5632325529573675
2012-07-12,False,8,0.6088360279577351,0.5369993360893117,0.5693460216173256
2012-07-13,False,8,0.597444264393949,0.5773531382920954,0.571690159778193
2012-07-16,False,8,0.5966476575046219,0.5315616629689482,0.5513381123598764
2012-07-17,False,8,0.5943080997306205,0.5693612871816092,0.5653102516302022
2012-07-18,False,8,0.5719571921959538,0.5229759055187853,0.524600751921992
2012-07-19,False,8,0.5720115764107805,0.49990629423172456,0.5151111048331928
2012-07-20,False,8,0.5949687829019967,0.5091618005039971,0.5434059145426262
2012-07-23,False,8,0.6151701834163108,0.545082672393543,0.5788656709857399
2012-07-24,False,8,0.6337796353733093,0.55705574887338,0.6024880456184449
2012-07-25,False,8,0.6292973230146713,0.4626123917050118,0.5601635743568777
2012-07-26,False,8,0.6253740203876429,0.5387852075545592,0.5866166122335672
2012-07-27,False,8,0.6181833512006272,0.5848047164566109,0.5939336367917216
2012-07-30,False,8,0.606367298340621,0.4598507102157469,0.5302430639115027
2012-07-31,False,8,0.5925987050385119,0.46758927959443725,0.5207367179050045
2012-08-01,False,8,0.5997091706739787,0.4602387491696944,0.5252650865265309
2012-08-02,False,8,0.6013137806648,0.49601393061324695,0.5421573337982106
2012-08-03,False,8,0.5867018551514132,0.5060977044531534,0.5264153426817947
2012-08-06,False,8,0.5844861940988111,0.4879153047537812,0.5156697513542436
2012-08-07,False,8,0.5753517507473196,0.47713734062460944,0.5022550242731305
2012-08-08,False,8,0.5577550898304691,0.47331906546487884,0.4839501106163238
2012-08-09,False,8,0.5457520686486041,0.4463616315460627,0.46089538695329896
2012-08-10,False,8,0.5364350817608763,0.4466728021041655,0.4510682143858401
2012-08-13,False,8,0.506486515443343,0.47595566581915366,0.43595538140788836
2012-08-14,False,8,0.49778401930944144,0.5029202110727653,0.4389777211946746
2012-08-15,False,8,0.5040793748226373,0.5081793572613289,0.45022743036298213
2012-08-16,False,8,0.49464978961300765,0.5196068930192799,0.44476925566197334
2012-08-17,False,8,0.49611398698563175,0.493888733530456,0.43500476252701853
2012-08-20,False,8,0.4995583272862681,0.5035217024226933,0.4422131517766557
2012-08-21,False,8,0.49910794943275527,0.5103652264864007,0.4447236920028858
2012-08-22,False,8,0.5084973991520404,0.5027581522120596,0.45269502898929703
2012-08-23,False,8,0.4949552591622376,0.5309820910138312,0.45209547736776606
2012-08-24,False,8,0.48644094980681357,0.5226421061420142,0.43992522751193763
2012-08-27,False,8,0.44112649372216134,0.4084447517689506,0.3547347631966912
2012-08-28,False,8,0.4389753483583859,0.5288961086364429,0.39999846946368145
2012-08-29,False,8,0.4442909959135149,0.509863959724663,0.39733190553083697
2012-08-30,False,8,0.4620451138643632,0.4912759831407036,0.41232557973882805
2012-08-31,False,8,0.456153241588601,0.48704172175187954,0.4045666111137911
2012-09-04,False,8,0.4628475139525534,0.4583631360170589,0.400730390245886
2012-09-05,False,8,0.4361711393957306,0.4755505695246667,0.3853544811526481
2012-09-06,False,8,0.4365999027798901,0.48492769361084587,0.3854132477503384
2012-09-07,False,8,0.4147288503984042,0.4802879833832086,0.3653798843671075
2012-09-10,False,8,0.4279020663055539,0.4877184041235375,0.381677036990349
2012-09-11,False,8,0.4319356380333745,0.4817580470637536,0.3838952923480723
2012-09-12,False,8,0.43259682934324495,0.5053002858849912,0.394297210773576
2012-09-13,False,8,0.43222736191948274,0.5018288050609262,0.39047433963845685
2012-09-14,False,8,0.42231636034646547,0.5122740035553068,0.3859900446332887
2012-09-17,False,8,0.38569641797307197,0.5404372699984354,0.36906260099416616
2012-09-18,False,8,0.392558579059911,0.5095329182274627,0.36397342506298264
2012-09-19,False,8,0.36199854561370104,0.5371789749048586,0.3491083320329848
2012-09-20,False,8,0.3693895794415723,0.5433411651949084,0.358989031553652
2012-09-21,False,8,0.3768806880706172,0.5169974904934627,0.3562266099170847
2012-09-24,False,8,0.3811595953377705,0.5589337737970195,0.3758003648270987
2012-09-25,False,8,0.4032397024740125,0.4814952135014206,0.37515752521820306
2012-09-26,False,8,0.4104914132868742,0.4545548035105483,0.37063759106465805
2012-09-27,False,8,0.41044257688255587,0.4553648186477628,0.36986366463901604
2012-09-28,False,8,0.41474232304808917,0.4461049179692193,0.36920941705221944
2012-10-01,False,8,0.39628405862317617,0.39605869474010086,0.33365075843191366
2012-10-02,False,8,0.3902082452616055,0.394510065569239,0.3274869169198705
2012-10-03,False,8,0.3729832060311377,0.38175495475937915,0.3086674975895942
2012-10-04,False,8,0.3630884976017156,0.3758966626298713,0.29621703464348315
2012-10-05,False,8,0.35697919374981474,0.38854741311281266,0.2948281954850726
2012-10-08,False,8,0.3669612587990027,0.40301167403449756,0.3129758210855289
2012-10-09,False,8,0.3744380100220201,0.40881390179259725,0.3211418810464996
2012-10-10,False,8,0.3872934987483631,0.4018661458021122,0.32897368555994977
2012-10-11,False,8,0.38920202366409146,0.44292138162419803,0.346138818344849
2012-10-12,False,8,0.39583637722963433,0.5321615053323705,0.38622090815254995
2012-10-15,False,8,0.3725987788749525,0.538547713249926,0.36751559638240633
2012-10-16,False,8,0.34827064823043624,0.4593018141685877,0.315131631248613
2012-10-17,False,8,0.3246099710731597,0.4293282658913862,0.28503277646479935
2012-10-18,False,8,0.32331845013718247,0.3887122905218234,0.2685409786585439
2012-10-19,False,8,0.3576328021264403,0.4461985063372421,0.316368981391496
2012-10-22,False,8,0.3606503747917727,0.44454338736468174,0.3262980695735259
2012-10-23,False,8,0.3785134927964639,0.32691608658210203,0.29364713741442366
2012-10-24,False,8,0.3740530243111306,0.3820679457824471,0.31187144324494853
2012-10-25,False,8,0.3627165919915881,0.38050508871053257,0.30270858387168337
2012-10-26,False,8,0.35484419608664247,0.3650642747562253,0.29040872063698686
2012-10-31,False,8,0.35258663637006715,0.33094085794378847,0.2867753624870821
2012-11-01,False,8,0.35110307850266576,0.42951715709279353,0.32133173338880866
2012-11-02,False,8,0.3755997403195749,0.4410790754466296,0.34754851193394865
2012-11-05,False,8,0.37277178882379447,0.34474523517656,0.30817952680407035
2012-11-06,False,8,0.3705825912816956,0.3495545028087189,0.3064317898779859
2012-11-07,False,8,0.41044950915359435,0.390472996675885,0.3522116575558143
2012-11-08,False,8,0.4274503518467595,0.42706960043750813,0.38051368357169657
2012-11-09,False,8,0.4248514091840453,0.3229385734576274,0.3348247482146854
2012-11-12,False,8,0.4283789443443336,0.3810715295898065,0.3635677128841571
2012-11-13,False,8,0.438086431428395,0.3720883784261976,0.3709852338834685
2012-11-14,False,8,0.4699673448455116,0.376970433484613,0.398367878082853
2012-11-15,False,8,0.4723087174520392,0.37485194021427115,0.39939786017943274
2012-11-16,False,8,0.46587647285504896,0.37840968039345907,0.39365993112232345
2012-11-19,False,8,0.461305866607063,0.3088728768603097,0.35104066673664336
2012-11-20,False,8,0.4489536028987859,0.32741559535966736,0.34904143392327935
2012-11-21,False,8,0.44952968115572584,0.3075252147086097,0.3406718939902223
2012-11-23,False,8,0.4404217685278598,0.32135778024177214,0.3356023926538145
2012-11-26,False,8,0.4430001704394955,0.3244164291906768,0.3398887055590573
2012-11-27,False,8,0.44748276752086497,0.2975478767077538,0.33224694844735697
2012-11-28,False,8,0.4311918491787548,0.29515073306921497,0.31665230580382747
2012-11-29,False,8,0.43078150528813236,0.37363062263500346,0.3491739010588643
2012-11-30,False,8,0.4305048709604301,0.40093618772314743,0.35928855815637184
2012-12-03,False,8,0.4371445402725471,0.43053695170654105,0.37710567553340796
2012-12-04,False,8,0.4419397681048303,0.36813221408652885,0.36422922531702623
2012-12-05,False,8,0.4478803486055023,0.32688893608575376,0.35250692723561444
2012-12-06,False,8,0.4392344783321179,0.3408786784500888,0.3505557695868031
2012-12-07,False,8,0.4387172381757632,0.35141559014756235,0.35444039824037943
2012-12-10,False,8,0.43799889934499,0.4538521524355152,0.39512832052297286
2012-12-11,False,8,0.4392840438246444,0.4721357809166336,0.4086337573566101
2012-12-12,False,8,0.44441812823220156,0.4786511309732165,0.415823496324937
2012-12-13,False,8,0.443138380039586,0.4709127108920297,0.410617385771094
2012-12-14,False,8,0.44207954191200644,0.4000747270895434,0.38043874215193413
2012-12-17,False,8,0.4390003935007282,0.4755290842804137,0.40673571427915145
2012-12-18,False,8,0.42892565367605695,0.4955797671883589,0.4015972190522068
2012-12-19,False,8,0.4337791186990149,0.4836723720410418,0.4011472758218682
2012-12-20,False,8,0.42640868215714767,0.48676260979089025,0.3943583120994736
2012-12-21,False,8,0.4156344178490138,0.4584245817290115,0.3744792186187495
2012-12-24,False,8,0.41318364249925543,0.4878346041695635,0.38349773083058997
2012-12-26,False,8,0.4251735980385825,0.485904543118734,0.39651820799068704
2012-12-27,False,8,0.41993660400083554,0.48270044769571113,0.39026061122844236
2012-12-28,False,8,0.43525123884350536,0.4967091145578633,0.4089999777001399
2012-12-31,False,8,0.43068814159035707,0.48576519296476645,0.3931257890966791
2013-01-02,False,8,0.4294543867676959,0.5036906246586552,0.3901180848549926
2013-01-03,False,8,0.43559662681564837,0.49934503898032623,0.3956255299251875
2013-01-04,False,8,0.43188895105652464,0.5391039775608143,0.40785771635672735
2013-01-07,False,8,0.43278610292043285,0.5501630517435573,0.41339785610128904
2013-01-08,False,8,0.421289913514434,0.5400736561638034,0.39887492615653014
2013-01-09,False,8,0.40970704398781216,0.53922959437856,0.3875766180105721
2013-01-10,False,8,0.40932562061145306,0.4924706762702552,0.3679856626948202
2013-01-11,False,8,0.4067840040682831,0.45190506374385697,0.3494144777341181
2013-01-14,False,8,0.4126155851023443,0.45651925245369523,0.35728055636302086
2013-01-15,False,8,0.41632344344393973,0.4842200672704066,0.3724504517783522
2013-01-16,False,8,0.4237314138335296,0.5328317534084706,0.39855823092616777
2013-01-17,False,8,0.41695328399879905,0.5864239153964457,0.41181319608733724
2013-01-18,False,8,0.38589182834207236,0.5660152794469545,0.3765816244362799
2013-01-22,False,8,0.3824422226143552,0.5455399497434054,0.3644091338974782
2013-01-23,False,8,0.36327465328202324,0.5905404055066324,0.3664833745510599
2013-01-24,False,8,0.3577333409731954,0.5303288188860976,0.33802823525296294
2013-01-25,False,8,0.3561338560181335,0.5773171984347177,0.3541426259541093
2013-01-28,False,8,0.3583675781534748,0.5215319422309482,0.33477887895859804
2013-01-29,False,8,0.3592456364036266,0.5526734004903004,0.34680367818349084
2013-01-30,False,8,0.37438220568987574,0.5624720424180517,0.36496789646336875
2013-01-31,False,8,0.35517055317322666,0.5695713250673462,0.3515994698959262
2013-02-01,False,8,0.3524175343770132,0.5764072562879218,0.3491675263445056
2013-02-04,False,8,0.37542042132592585,0.5483693065794211,0.36068537272009993
2013-02-05,False,8,0.33214554888745873,0.5476418398440952,0.3238412584192638
2013-02-06,False,8,0.3101359439629442,0.5712246841950269,0.31433956077179637
2013-02-07,False,8,0.3116729152844979,0.5620013692907401,0.31276204675439084
2013-02-08,False,8,0.3070297479615129,0.5194278424373551,0.2921624060511277
2013-02-11,False,8,0.3038467834839362,0.5217857861658389,0.28980675061499095
2013-02-12,False,8,0.2727414767425216,0.5393282086971966,0.2732057860034666
2013-02-13,False,8,0.2675464634272166,0.4806736067059715,0.24963902901978213
2013-02-14,False,8,0.27074097029862493,0.5634960746522921,0.2815030877894078
2013-02-15,False,8,0.2737379336624834,0.5532847298121738,0.29010066895295206
2013-02-19,False,8,0.2705917545147282,0.5407745896607432,0.28274952537438486
2013-02-20,False,8,0.3050145180506324,0.5367909146262893,0.30955854953494183
2013-02-21,False,8,0.3191008682169497,0.5177293406322586,0.3196349065701655
2013-02-22,False,8,0.3111566477707323,0.5057808698424221,0.30548379670460224
2013-02-25,False,8,0.34125578297097786,0.4960959754390423,0.32391559036395695
2013-02-26,False,8,0.3416637882997996,0.4942173283201366,0.32400547110781913
2013-02-27,False,8,0.34019974222805976,0.49928386537627506,0.3226114554085394
2013-02-28,False,8,0.3395775311159479,0.5016932013983543,0.32353322512381927
2013-03-01,False,8,0.33274380890774424,0.507830943440107,0.3202988574927706
2013-03-04,False,8,0.3305536082051119,0.5097033809760854,0.31922232449393617
2013-03-05,False,8,0.3241898320729889,0.5353973579622214,0.3186154419461786
2013-03-06,False,8,0.3242042901980084,0.5465284586563796,0.3227056243131282
2013-03-07,False,8,0.32490671811837957,0.5418004698993145,0.3215703465865912
2013-03-08,False,8,0.3228596896582236,0.5387626916149791,0.3179080366775622
2013-03-11,False,8,0.32481892560654624,0.4972782048475209,0.30479842711607713
2013-03-12,False,8,0.32733530643874964,0.5286069931818973,0.3181681111581357
2013-03-13,False,8,0.317981591876765,0.5370150967089847,0.31327376196519513
2013-03-14,False,8,0.3121917313282358,0.5908871869140162,0.3269189025573783
2013-03-15,False,8,0.3192796781487185,0.5649868043258693,0.3254226558980579
2013-03-18,False,8,0.3309149818669882,0.6032450985283051,0.3532226294770581
2013-03-19,False,8,0.3283879201053775,0.6069794270442218,0.3522452539093801
2013-03-20,False,8,0.3267179952400021,0.5709915757880354,0.33539620138676873
2013-03-21,False,8,0.32839767760962874,0.604010130960081,0.3491935379873078
2013-03-22,False,8,0.3214837883095892,0.603877028430665,0.3424850928763172
2013-03-25,False,8,0.3183797875961189,0.5602866779113805,0.3227121346155231
2013-03-26,False,8,0.3123778150997213,0.5953349146386363,0.32968689810924345
2013-03-27,False,8,0.2987458734079276,0.5956060392654329,0.3186301281047042
2013-03-28,False,8,0.29996059417978077,0.5999264196815428,0.32780043138167086
2013-04-01,False,8,0.3112441874964685,0.5746926833179575,0.34053545257200324
2013-04-02,False,8,0.3131117756045154,0.5718700755937006,0.3427709751438606
2013-04-03,False,8,0.3385935909884504,0.4916830175591321,0.33421452238142135
2013-04-04,False,8,0.33152590959999034,0.5108232890578251,0.33428891797005944
2013-04-05,False,8,0.3318216094403106,0.5804070575725913,0.36163236935346565
2013-04-08,False,8,0.3301981614131018,0.524359262921149,0.3359546938000793
2013-04-09,False,8,0.3312281833421994,0.5762842354521867,0.3578821011875995
2013-04-10,False,8,0.3246072901755315,0.5336447934886824,0.3326216041755187
2013-04-11,False,8,0.3214203360842161,0.5767531707233688,0.3461531244056256
2013-04-12,False,8,0.32996065128999397,0.5380837053911137,0.3400828247452092
2013-04-15,False,8,0.39902514893382357,0.556709294159134,0.39681553020392407
2013-04-16,False,8,0.398468908493973,0.5321208390247226,0.3833386028002363
2013-04-17,False,8,0.4286906984403693,0.5615456916060445,0.4209471150406268
2013-04-18,False,8,0.4390448614746684,0.4858542623720453,0.40146114392664545
2013-04-19,False,8,0.4323340987537428,0.5258379262424487,0.4097133547838189
2013-04-22,False,8,0.4310801668890363,0.5273861620837532,0.40734605459115436
2013-04-23,False,8,0.4285709003438506,0.5306571817567038,0.40426071553427806
2013-04-24,False,8,0.4215737074422085,0.6054153801152258,0.43315521770481524
2013-04-25,False,8,0.4197665428704072,0.5993114216726334,0.4284595035526787
2013-04-26,False,8,0.4172107831800054,0.5673930152199811,0.4129107052015386
2013-04-29,False,8,0.4123576086567427,0.5999683572914393,0.42066959359226536
2013-04-30,False,8,0.41519532677546955,0.5963943831736356,0.4234329872346916
2013-05-01,False,8,0.41629644521404807,0.6030333056102934,0.4272434671021292
2013-05-02,False,8,0.4151673206266192,0.5651117459779385,0.4080525748151763
2013-05-03,False,8,0.4110088182299773,0.5603381240357307,0.4003839574883299
2013-05-06,False,8,0.4072643013021831,0.5509099295777207,0.3933886449981774
2013-05-07,False,8,0.40718225618649634,0.555102497067452,0.3947876315727622
2013-05-08,False,8,0.401147302710094,0.5619420554329241,0.3917917189011183
2013-05-09,False,8,0.4075979880047429,0.5457242168837653,0.39120268512419204
2013-05-10,False,8,0.404717202574609,0.548982353182642,0.3889730847429871
2013-05-13,False,8,0.41016457830307296,0.5810335950240157,0.4069510025192617
2013-05-14,False,8,0.4030569837144654,0.5349226062806691,0.379276223182718
2013-05-15,False,8,0.40397075342508276,0.5224479105734515,0.3750193265918791
2013-05-16,False,8,0.3797617269591288,0.5349357207095466,0.3599347548108759
2013-05-17,False,8,0.36445611583267845,0.5473609144665208,0.3496492928858369
2013-05-20,False,8,0.3703504769603613,0.5430686199854472,0.35541000192213923
2013-05-21,False,8,0.3371078776928844,0.5503474633986826,0.33157804821773695
2013-05-22,False,8,0.3576592486609769,0.5724359779416079,0.35930955741548337
2013-05-23,False,8,0.36705775704216037,0.5455875996915133,0.3601517740886857
2013-05-24,False,8,0.3690836146263578,0.5248509180852913,0.3539087094717561
2013-05-28,False,8,0.36250131785033535,0.5250026066315755,0.34682564680029254
2013-05-29,False,8,0.37604010330432397,0.4941799255581236,0.3470570225588024
2013-05-30,False,8,0.3781575293707359,0.5442961740136725,0.3705673371524296
2013-05-31,False,8,0.3989716634661176,0.535551457913833,0.3852052307331092
2013-06-03,False,8,0.39811097312365457,0.48524183072678245,0.36482711481854074
2013-06-04,False,8,0.4096651461028254,0.5348071197003219,0.39627243555770325
2013-06-05,False,8,0.4354474717592207,0.5009398072862672,0.4045381527386086
2013-06-06,False,8,0.4271477088922689,0.4986048030818718,0.3946815062878584
2013-06-07,False,8,0.42273267604464226,0.5074652117612297,0.3920567696502442
2013-06-10,False,8,0.42635619384617984,0.5143236664828216,0.399288217851985
2013-06-11,False,8,0.4425034268616955,0.5099776036736624,0.4110771363219248
2013-06-12,False,8,0.4469986229723569,0.5213166042134333,0.4198814246452447
2013-06-13,False,8,0.43721415056833324,0.5159921235220695,0.40539557646695035
2013-06-14,False,8,0.4511873883514292,0.5081941640216904,0.41628798550538737
2013-06-17,False,8,0.43500420076644164,0.541310026626726,0.414209625930551
2013-06-18,False,8,0.43398694784725944,0.5650118860167829,0.42206495183518644
2013-06-19,False,8,0.45127701787919383,0.5603815851172678,0.43488288341413256
2013-06-20,False,8,0.5100932147396323,0.547565554551792,0.47944460089447055
2013-06-21,False,8,0.5111706023156151,0.5353481324781584,0.4765058844154237
2013-06-24,False,8,0.5364555124990449,0.5318256002431498,0.498911110194733
2013-06-25,False,8,0.5183995400750083,0.5690812479243543,0.49613952998528604
2013-06-26,False,8,0.5120212072079213,0.5165952511562707,0.46605551357525443
2013-06-27,False,8,0.48499737965239414,0.4924423778299199,0.42946260861819624
2013-06-28,False,8,0.4902731916860913,0.5107499485608825,0.4429730670549635
2013-07-01,False,8,0.4806587173573072,0.5496286029861401,0.44869485844415097
2013-07-02,False,8,0.49175330483961066,0.5477868480124314,0.4603262091872913
2013-07-03,False,8,0.4946806804225309,0.545624102428174,0.4622837121528246
2013-07-05,False,8,0.4956201232397852,0.5378348115194639,0.4606512189419748
2013-07-08,False,8,0.49564496497128013,0.5384764441482849,0.4610130914618407
2013-07-09,False,8,0.4830714938679449,0.5329760878541999,0.4454865438208962
2013-07-10,False,8,0.41721017080030864,0.5341102435011702,0.39194574756057343
2013-07-11,False,8,0.41725020406178254,0.5380517249922427,0.39309100163110877
2013-07-12,False,8,0.39054651669955265,0.5743946067092206,0.3851521583221833
2013-07-15,False,8,0.38291983263310103,0.5320370048912728,0.3594482764104257
2013-07-16,False,8,0.39534628903130203,0.5329206088768743,0.37194165934752554
2013-07-17,False,8,0.3965280925614547,0.5675669498521494,0.3881398387699471
2013-07-18,False,8,0.3976456823303899,0.5421089736135741,0.37981769633888685
2013-07-19,False,8,0.40039340605120166,0.5528340154215933,0.3849866690465417
2013-07-22,False,8,0.40295157824678507,0.6019687031997338,0.4073498621188501
2013-07-23,False,8,0.3961210815606062,0.6047111502279254,0.4022440041013301
2013-07-24,False,8,0.4107535576709953,0.5964715389478853,0.4142641395516058
2013-07-25,False,8,0.41100486865605107,0.5991652823023403,0.41540979135042866
2013-07-26,False,8,0.3927378894479306,0.5949025139467832,0.3972565670022089
2013-07-29,False,8,0.4046893358140145,0.5862825581698233,0.4067672812075733
2013-07-30,False,8,0.40970784687678724,0.5939814174186038,0.41847869945122
2013-07-31,False,8,0.41103495168080284,0.5902313946425234,0.41800386732544037
2013-08-01,False,8,0.4083007418589519,0.5921259741315921,0.4136837679779041
2013-08-02,False,8,0.41235440337692686,0.5977326347122913,0.4206551909307719
2013-08-05,False,8,0.40938369955039633,0.603025432130625,0.4198294357323569
2013-08-06,False,8,0.4260018066047605,0.5531156447303459,0.4149334442975016
2013-08-07,False,8,0.429260200187803,0.5691253014122835,0.42438428012672463
2013-08-08,False,8,0.4293596271812054,0.523299591452824,0.406068132469146
2013-08-09,False,8,0.43323356166253735,0.5714863115054803,0.4304886984966989
2013-08-12,False,8,0.4251716318467369,0.5759907488544367,0.4241142898128914
2013-08-13,False,8,0.4319609598587831,0.5649318543484894,0.4279951436167975
2013-08-14,False,8,0.4360550071017266,0.5558610294527007,0.42771044707239914
2013-08-15,False,8,0.45676068157764216,0.5552859747115305,0.44664364770132015
2013-08-16,False,8,0.44634911668322846,0.4880510231349965,0.40954078003445943
2013-08-19,False,8,0.45238223907925057,0.49967958453639294,0.41989158537447047
2013-08-20,False,8,0.4452744324883376,0.515780579078697,0.41833275183676866
2013-08-21,False,8,0.46043777163042987,0.5185368209298037,0.4344205348050489
2013-08-22,False,8,0.44237100011630054,0.5682389514905336,0.4353902472519123
2013-08-23,False,8,0.44437159171779095,0.566211889413699,0.4365149540258006
2013-08-26,False,8,0.42864535040637025,0.5259899888008572,0.40636348781227405
2013-08-27,False,8,0.4652663579712716,0.5213170659477137,0.436012231267169
2013-08-28,False,8,0.4585936967194195,0.5553369633839781,0.44376124751600327
2013-08-29,False,8,0.431858443430103,0.48756591622044276,0.3926887902220197
2013-08-30,False,8,0.4461949691133217,0.5278518920646343,0.423938997278095
2013-09-03,False,8,0.44829815777640114,0.6028006209963362,0.45981437927937197
2013-09-04,False,8,0.44387303120059046,0.6028109497124234,0.45382400014955276
2013-09-05,False,8,0.42507664132763,0.6120375828070342,0.4409655302870278
2013-09-06,False,8,0.4142509465805779,0.6074396429071478,0.4286467379291225
2013-09-09,False,8,0.41370910329558525,0.5917927147355457,0.4225212824677406
2013-09-10,False,8,0.40036494939316847,0.5424212882455427,0.38876217639405536
2013-09-11,False,8,0.4022178859847885,0.5471153182163099,0.3937492679754408
2013-09-12,False,8,0.4133074267166841,0.5525623189112917,0.40772350345450636
2013-09-13,False,8,0.38987144329167095,0.5365523352652609,0.3809482983379015
2013-09-16,False,8,0.32756839514000685,0.517088358717286,0.32790107758144027
2013-09-17,False,8,0.32328690569408863,0.5539966134278475,0.335497268819412
2013-09-18,False,8,0.29419763446937186,0.559723282777774,0.309968949617418
2013-09-19,False,8,0.3019960319423478,0.5636996577254708,0.3205470006600078
2013-09-20,False,8,0.31938357361305963,0.5340424279906543,0.3249906460719027
2013-09-23,False,8,0.33129095416179843,0.5386713375084923,0.33976032864932587
2013-09-24,False,8,0.3289854920181215,0.5787687552233632,0.35291505494867487
2013-09-25,False,8,0.33636084157956336,0.5801315462460667,0.3621214538247358
2013-09-26,False,8,0.3287636518606944,0.5687498452409872,0.3498748837138419
2013-09-27,False,8,0.33490797348747314,0.5732238667070836,0.35704882499688134
2013-09-30,False,8,0.3446704414022304,0.5376350830086092,0.35360759223023774
2013-10-01,False,8,0.3426470432072672,0.5089634767881271,0.33856347173103324
2013-10-02,False,8,0.3496313624905967,0.5511620627083874,0.3630295063982604
2013-10-03,False,8,0.36169979012316705,0.5856046872565984,0.3870419882356147
2013-10-04,False,8,0.3616443375631091,0.5512394434222563,0.37908975302869574
2013-10-07,False,8,0.37355543200091706,0.588031489489146,0.40441359842492614
2013-10-08,False,8,0.39530432248286135,0.5580574413293576,0.4108001265614071
2013-10-09,False,8,0.3907034569188855,0.5563112973480414,0.4061953147866421
2013-10-10,False,8,0.3917561107122948,0.5653401109900474,0.3989605029199777
2013-10-11,False,8,0.3915541329056601,0.6073557014416855,0.41554652718605045
2013-10-14,False,8,0.3888510768171165,0.5636429753716526,0.3916980207792963
2013-10-15,False,8,0.4023310712002098,0.5189916720240418,0.3852310664324764
2013-10-16,False,8,0.39754246523231535,0.5411845613203754,0.3869710439277498
2013-10-17,False,8,0.3823023569005123,0.5862791965315631,0.38828083497654625
2013-10-18,False,8,0.3807359960563498,0.5879054712332987,0.3871665737347911
2013-10-21,False,8,0.381339258350395,0.5784762247145149,0.38375739801888586
2013-10-22,False,8,0.3706741856209138,0.5787845567778753,0.3739282425675204
2013-10-23,False,8,0.3774175948363996,0.5540611169293539,0.37038252039559155
2013-10-24,False,8,0.3745205355251635,0.5874511626972228,0.38108100842154347
2013-10-25,False,8,0.3779551254740136,0.5233591041791777,0.36160589261512643
2013-10-28,False,8,0.3787159919381418,0.553779161691264,0.37442398635298474
2013-10-29,False,8,0.3744947906553375,0.59350270455352,0.38671679109691975
2013-10-30,False,8,0.3702809813592624,0.6043453396777001,0.3871379729222955
2013-10-31,False,8,0.3667426916727985,0.5952289576800369,0.3826061266627211
2013-11-01,False,8,0.3713080671112774,0.5434166709272336,0.36769189112402123
2013-11-04,False,8,0.36560248600844714,0.5123667509023809,0.34873313794603505
2013-11-05,False,8,0.37242343701458275,0.5228106907367405,0.35939052297714214
2013-11-06,False,8,0.3698632355254099,0.5292122946623566,0.359243410061638
2013-11-07,False,8,0.3921797918645432,0.5338877832042449,0.37809485305098767
2013-11-08,False,8,0.3653022164340167,0.5782107454190054,0.36894781759843204
2013-11-11,False,8,0.3594985066403684,0.5685556738569104,0.35938308925727086
2013-11-12,False,8,0.3533120331946605,0.5688731335379459,0.35428635545846016
2013-11-13,False,8,0.35284197188269617,0.5758975444569041,0.35571784825605196
2013-11-14,False,8,0.340005210318143,0.5814279687648704,0.3478908548981677
2013-11-15,False,8,0.34340589379366065,0.5745660916729721,0.3499451443186079
2013-11-18,False,8,0.35435156179812455,0.5470040696226915,0.3490401072659047
2013-11-19,False,8,0.35743489025284036,0.5570625675673728,0.35537049248125596
2013-11-20,False,8,0.32860144439377326,0.551230720366451,0.3309454769904461
2013-11-21,False,8,0.323280145632777,0.6021216939862923,0.34469845361453505
2013-11-22,False,8,0.3229449088079107,0.5612127131460158,0.3282223060305272
2013-11-25,False,8,0.31613323277953165,0.5345550727532394,0.3124000524414418
2013-11-26,False,8,0.3182020715339824,0.564011526537887,0.32579060047176184
2013-11-27,False,8,0.3207311371032809,0.5593292617975484,0.3275915911689863
2013-11-29,False,8,0.32334117228082815,0.5576978524154975,0.3291214018726631
2013-12-02,False,8,0.33033868344624484,0.5881057931507115,0.3476309573668596
2013-12-03,False,8,0.34033242682522996,0.5726264147559255,0.3550098788488974
2013-12-04,False,8,0.3469896095971488,0.5412494570323002,0.3503036671805408
2013-12-05,False,8,0.3525849872226756,0.474774392735401,0.3298319605248166
2013-12-06,False,8,0.3413666867733268,0.4695620232796785,0.3171016936911483
2013-12-09,False,8,0.3415416833154001,0.42711371520373115,0.30199496008458576
2013-12-10,False,8,0.34889867227926286,0.5188649571060835,0.3432830640577913
2013-12-11,False,8,0.37266531444882334,0.5761584378588144,0.386821151082487
2013-12-12,False,8,0.3807177963211081,0.5519169131809066,0.38838740203647454
2013-12-13,False,8,0.37667774314328,0.5753902581540092,0.3934289724767081
2013-12-16,False,8,0.3586741992521055,0.5532329331227561,0.36711850456411566
2013-12-17,False,8,0.35400997370913034,0.5906022035147857,0.3776678711697204
2013-12-18,False,8,0.34946403420657646,0.592685142893779,0.36925618966874774
2013-12-19,False,8,0.3508221289252017,0.5903370614044873,0.3698980502936073
2013-12-20,False,8,0.3487284093697966,0.5823801612215523,0.3634622411894924
2013-12-23,False,8,0.3380642760551506,0.5360856112760337,0.3349498961059505
2013-12-24,False,8,0.329665779887578,0.5431238989245805,0.3290369874668601
2013-12-26,False,8,0.3314992568526349,0.5286216751075894,0.32601634559170356
2013-12-27,False,8,0.32880285739148174,0.5189319490668585,0.3197772276898394
2013-12-30,False,8,0.3164369641851171,0.5541763577566201,0.3224599140139043
2013-12-31,False,8,0.3171896051887869,0.5375351347663359,0.31698569019919137
2014-01-02,False,8,0.31564068267823775,0.5290490915805524,0.3123036213381491
2014-01-03,False,8,0.2952922459598165,0.5816912756419779,0.31488265743286903
2014-01-06,False,8,0.30039568745042716,0.5841040220916084,0.32002184074500345
2014-01-07,False,8,0.29812908192161364,0.5818110724435426,0.3279750011792704
2014-01-08,False,8,0.3029220580234248,0.5578371315894959,0.3260739864729345
2014-01-09,False,8,0.30739765611933084,0.5432623034397984,0.3263034817800009
2014-01-10,False,8,0.2928185537189181,0.5745514195935727,0.3255868030264389
2014-01-13,False,8,0.31549452755271257,0.5335641076509106,0.33231751258201736
2014-01-14,False,8,0.31550258785133556,0.515175091767822,0.3252153685058288
2014-01-15,False,8,0.3157681690735435,0.4912265144425045,0.31638714158831566
2014-01-16,False,8,0.3146478114793627,0.4846237901599042,0.31268859812659433
2014-01-17,False,8,0.323447327311502,0.5503842840655522,0.3458911868468887
2014-01-21,False,8,0.31759665789188285,0.5854848924383197,0.3526845733748169
2014-01-22,False,8,0.32000577075401415,0.6031316403854211,0.3624444046722186
2014-01-23,False,8,0.3347435837607623,0.5991162337978352,0.3744186206803671
2014-01-24,False,8,0.38440832124053387,0.6428852596658735,0.43103399093537303
2014-01-27,False,8,0.39524044644195594,0.6036850151506431,0.42481924885509464
2014-01-28,False,8,0.3824706285589118,0.6072492971094536,0.4137176858466678
2014-01-29,False,8,0.39357673745487604,0.5919295553694154,0.415254291774048
2014-01-30,False,8,0.3894832734873676,0.6041354831536566,0.4157057298204346
2014-01-31,False,8,0.4042773959361379,0.5879568464860839,0.42593076168641447
2014-02-03,False,8,0.4557802826907406,0.608727901359722,0.47216981217110676
2014-02-04,False,8,0.4525175243485805,0.5992038055030123,0.4628810507018339
2014-02-05,False,8,0.4304995727083325,0.5832268844249324,0.4382201843176876
2014-02-06,False,8,0.43059965121289473,0.5805611843872236,0.4361398203037784
2014-02-07,False,8,0.42568009164710446,0.5917980726858634,0.43342711093330316
2014-02-10,False,8,0.4227678646717023,0.5897199785208107,0.4299035859184672
2014-02-11,False,8,0.4225012505300838,0.5857874613723263,0.4274907352759481
2014-02-12,False,8,0.4245271634766471,0.5909081761189878,0.4306171583950908
2014-02-13,False,8,0.42226412459539786,0.5949564666308653,0.42953213991535794
2014-02-14,False,8,0.40987095890869946,0.5779571890574507,0.410549827321042
2014-02-18,False,8,0.4035992467647326,0.5710847597701729,0.4024729837617089
2014-02-19,False,8,0.4075675324736527,0.5850725282178422,0.4117390050105703
2014-02-20,False,8,0.40748696376979215,0.5887636690028255,0.4126882286364524
2014-02-21,False,8,0.41161313414486894,0.5898171006832683,0.4179571702543551
2014-02-24,False,8,0.4059947538811034,0.5845362938649606,0.4109012453992809
2014-02-25,False,8,0.4109578303798237,0.5995281146173337,0.4228917335909918
2014-02-26,False,8,0.4111014106912982,0.6077989789061918,0.4277047116131282
2014-02-27,False,8,0.4053571758809054,0.5989105324103602,0.4176388544741987
2014-02-28,False,8,0.39798759897368213,0.6067130239142038,0.4141670408182917
2014-03-03,False,8,0.40048105417776514,0.6009799113262949,0.41367009418926737
2014-03-04,False,8,0.39236663445240344,0.595441745424477,0.3982792040284724
2014-03-05,False,8,0.38967036525984533,0.5987692750191036,0.3970960577121946
2014-03-06,False,8,0.3923292132969625,0.6045690054995362,0.40220998504315175
2014-03-07,False,8,0.39636741394047176,0.6041539979662391,0.4066595303292412
2014-03-10,False,8,0.3982225038662199,0.6044391933425801,0.4087615375485789
2014-03-11,False,8,0.38793040910837023,0.6000116133182699,0.39871150601792654
2014-03-12,False,8,0.3846445174941527,0.6017497998361117,0.39564784517277735
2014-03-13,False,8,0.40333312752412803,0.6036776012915336,0.4137271596861016
2014-03-14,False,8,0.40828408396530935,0.6014576936498579,0.41861955442240495
2014-03-17,False,8,0.4011775560093668,0.602292916484479,0.4103878897477165
2014-03-18,False,8,0.4022804147105339,0.6116732691779856,0.41782934183093867
2014-03-19,False,8,0.4076554132454491,0.6097624843270163,0.4211637392612017
2014-03-20,False,8,0.4106548785473768,0.643551777020665,0.44027006737074803
2014-03-21,False,8,0.41620196321657277,0.6432337820866431,0.4471840914565387
2014-03-24,False,8,0.43038039913890286,0.6433305499804727,0.46198387720946993
2014-03-25,False,8,0.4315894501913795,0.6120465411795007,0.45044930877410744
2014-03-26,False,8,0.4475552514760107,0.6122742309452547,0.46627842582136764
2014-03-27,False,8,0.4501282120020121,0.6096854893565968,0.4681260944798205
2014-03-28,False,8,0.44870931032118605,0.6102237246625056,0.46656299165436455
2014-03-31,False,8,0.4326471583424321,0.6115064891396419,0.4496479163052415
2014-04-01,False,8,0.42727728092337913,0.6097676033517395,0.4429162468391756
2014-04-02,False,8,0.4172771863244544,0.606132691051466,0.43121997351184105
2014-04-03,False,8,0.42523947850631083,0.6027479244775065,0.43776780919623376
2014-04-04,False,8,0.4457451736442105,0.5679849124192483,0.44101581687095387
2014-04-07,False,8,0.4666455575242026,0.572954116916421,0.46202648112946176
2014-04-08,False,8,0.4657635217691142,0.562569900841541,0.4568017029936945
2014-04-09,False,8,0.44200827198677817,0.5984912357482183,0.44807003521707656
2014-04-10,False,8,0.4815729400530062,0.593070280595003,0.48170566840948914
2014-04-11,False,8,0.501928964599244,0.5863823272630679,0.49749439636455833
2014-04-14,False,8,0.497893341093376,0.5729748233320902,0.4865455536250914
2014-04-15,False,8,0.49028419185908206,0.5700329005896857,0.47774411528272576
2014-04-16,False,8,0.4847195218642928,0.5292838476054503,0.4527386580792566
2014-04-17,False,8,0.4835529964006755,0.5435708622065002,0.45721716575662125
2014-04-21,False,8,0.4686014688609327,0.5255961771132928,0.43501961343998696
2014-04-22,False,8,0.419625602089358,0.55952047601008,0.40814310889718464
2014-04-23,False,8,0.4147172738186226,0.550039353197649,0.40070505880503493
2014-04-24,False,8,0.4199929105267587,0.5705202961819577,0.4151468869294408
2014-04-25,False,8,0.4181225720536946,0.573112248492967,0.4156803048075128
2014-04-28,False,8,0.4276616262534456,0.572116778513857,0.4259057152805481
2014-04-29,False,8,0.41402217976002104,0.5968322186992987,0.4221232335608447
2014-04-30,False,8,0.35446225003262494,0.5789383497509283,0.36877064785203406
2014-05-01,False,8,0.3604276096051354,0.5714231743567544,0.372854094169375
2014-05-02,False,8,0.3551076457307562,0.5388043886871563,0.3553574081328994
2014-05-05,False,8,0.36184416109297757,0.5611027673653267,0.375458088465184
2014-05-06,False,8,0.38115390207504957,0.538179965103054,0.386369986185566
2014-05-07,False,8,0.3785175338955308,0.5490869979068842,0.38804986998959157
2014-05-08,False,8,0.3877861886588625,0.5550849347174572,0.40276676482805096
2014-05-09,False,8,0.3863742278333077,0.5386664188634127,0.3938010911636476
2014-05-12,False,8,0.3859969002157833,0.5450966092548738,0.39416347779880007
2014-05-13,False,8,0.39144694908709815,0.5353139172105792,0.39567709668100465
2014-05-14,False,8,0.4024480420965246,0.5634011647107842,0.41652250320242057
2014-05-15,False,8,0.40619991247982323,0.5655140466757296,0.4207581775186343
2014-05-16,False,8,0.4086077716806584,0.5622364117863737,0.42285496767893743
2014-05-19,False,8,0.4050302450107827,0.5561142749524537,0.4163374404914634
2014-05-20,False,8,0.42270533805701,0.5558175217077316,0.43161423674317717
2014-05-21,False,8,0.41527411927414093,0.5615820835663128,0.4240189339098303
2014-05-22,False,8,0.4155070703543432,0.5276845670542732,0.40896350481320803
2014-05-23,False,8,0.41516347522327435,0.5665578644811899,0.4250336883780162
2014-05-27,False,8,0.41237471900287953,0.570526518128982,0.4229561710704704
2014-05-28,False,8,0.4078918035964145,0.5393818352362535,0.4056216114568611
2014-05-29,False,8,0.4087541854470729,0.5351027056362175,0.4103219205854855
2014-05-30,False,8,0.4091389900460844,0.5742263391682488,0.42665357785931207
2014-06-02,False,8,0.4114804640524272,0.5720591455547012,0.4282046916775152
2014-06-03,False,8,0.4118868416768661,0.5671989003147315,0.42627303442557146
2014-06-04,False,8,0.404867185119748,0.5654304907360052,0.4183138894930656
2014-06-05,False,8,0.3904738259831953,0.6067811618315055,0.4198118196050181
2014-06-06,False,8,0.38660564590764596,0.606865416512977,0.4155668228204113
2014-06-09,False,8,0.36778640375987587,0.6002903455184955,0.39662917980201734
2014-06-10,False,8,0.36928171815015653,0.5974414629361621,0.3967030031482587
2014-06-11,False,8,0.37897055770130794,0.5997141235555313,0.40884769408192656
2014-06-12,False,8,0.39513311167779175,0.5931162126182898,0.42238625485966763
2014-06-13,False,8,0.38394174909276413,0.5902634149376296,0.4107945602030365
2014-06-16,False,8,0.38508701185123445,0.589502905503671,0.41113283630011255
2014-06-17,False,8,0.38058373993159184,0.5971639997077924,0.4088295689305717
2014-06-18,False,8,0.36520162286000857,0.6018456991651383,0.3944785288235697
2014-06-19,False,8,0.365368395096279,0.6068281173731145,0.3962461980134832
2014-06-20,False,8,0.3486925014357903,0.6046162923646595,0.3795135688793948
2014-06-23,False,8,0.3475432779924214,0.6002500049456262,0.3763838179171111
2014-06-24,False,8,0.362895366762609,0.5956229256035627,0.3896152340535837
2014-06-25,False,8,0.3636702764283308,0.5983052380561189,0.39446797539998607
2014-06-26,False,8,0.36969789584316654,0.5880293741725326,0.3968175577868377
2014-06-27,False,8,0.37115944068143525,0.593469017555462,0.40087485967859976
2014-06-30,False,8,0.3656219315511631,0.588573749813897,0.3928735131667366
2014-07-01,False,8,0.3401117038536319,0.5850308331563692,0.36820219701203133
2014-07-02,False,8,0.3176524872494706,0.5907064580218316,0.3516400334859902
2014-07-03,False,8,0.3173988773460035,0.6074534381812521,0.3568832566122585
2014-07-07,False,8,0.33496265623419447,0.5979393471551883,0.3723118324124743
2014-07-08,False,8,0.3083626077247221,0.5626974021224045,0.3405202403775415
2014-07-09,False,8,0.28790707892296397,0.5432373279573256,0.31665748865330356
2014-07-10,False,8,0.2993755718674803,0.543536545329023,0.32884910360946373
2014-07-11,False,8,0.30105348726888354,0.5169925599329257,0.3207548693827376
2014-07-14,False,8,0.3023913405819246,0.5167814817810522,0.32550504311252937
2014-07-15,False,8,0.3104080910240552,0.48238507768818456,0.320170971317023
2014-07-16,False,8,0.3110227784576927,0.47559156904505756,0.31957410220796817
2014-07-17,False,8,0.3334064345168763,0.533245845979113,0.35856070762158043
2014-07-18,False,8,0.32663789119603803,0.5339458135444783,0.3466504351997125
2014-07-21,False,8,0.33160751662097215,0.5263385204447665,0.346703162925827
2014-07-22,False,8,0.3159081831384028,0.5815256304410493,0.35372851112856074
2014-07-23,False,8,0.3137922726857311,0.5855129037990353,0.3520549766317794
2014-07-24,False,8,0.31667827763613293,0.5386931674875827,0.3378599059931835
2014-07-25,False,8,0.3252206831069738,0.5927599386791038,0.36762573811584226
2014-07-28,False,8,0.3270154362993379,0.5780631477896789,0.3632048643301241
2014-07-29,False,8,0.3333851140318485,0.5832045011769982,0.37128903940079605
2014-07-30,False,8,0.333087361467915,0.5271496182784071,0.3491976657327434
2014-07-31,False,8,0.3588193060293462,0.5460520785792244,0.37222975816373155
2014-08-01,False,8,0.3637731093602213,0.5336231749737544,0.3726946424731333
2014-08-04,False,8,0.355913648279521,0.5600701401059803,0.37323114964839116
2014-08-05,False,8,0.365004412223182,0.5342213899813383,0.37171638338802915
2014-08-06,False,8,0.36713949926336176,0.5264422869575032,0.3782795414958147
2014-08-07,False,8,0.37169735253051295,0.5324960094509801,0.3845033810160788
2014-08-08,False,8,0.35795546581451587,0.5310451108256444,0.366837458814491
2014-08-11,False,8,0.3412293415517369,0.5177221217483859,0.34606315245278124
2014-08-12,False,8,0.347981429350646,0.5260928725242888,0.35610459139184175
2014-08-13,False,8,0.34705491144133727,0.5384525463030984,0.35901141450299234
2014-08-14,False,8,0.3293011911814756,0.532293968828833,0.3408074745503045
2014-08-15,False,8,0.3337171933880155,0.5575826175692716,0.35748318128126266
2014-08-18,False,8,0.33164000517986086,0.5284013301828233,0.34094339280482383
2014-08-19,False,8,0.33310179453249283,0.5211260103903584,0.34026867124008925
2014-08-20,False,8,0.33536878726334884,0.522323958298753,0.34355112569415314
2014-08-21,False,8,0.33253554212035547,0.5299977251838637,0.34409149091220226
2014-08-22,False,8,0.3372601337188066,0.4825315961031067,0.3314041409640395
2014-08-25,False,8,0.33420082756493735,0.5250979654022857,0.3440705340885681
2014-08-26,False,8,0.33336763246275203,0.5159906290320434,0.33964093184254873
2014-08-27,False,8,0.33212897171364325,0.5107879720139591,0.3358695136486139
2014-08-28,False,8,0.3371572994384339,0.5436763777303166,0.353214667873975
2014-08-29,False,8,0.33906060594301896,0.5309393178310582,0.35158201199656863
2014-09-02,False,8,0.34232593165802266,0.5237754909690866,0.35369721501475804
2014-09-03,False,8,0.3459506981408971,0.5467751606543197,0.36654977415083817
2014-09-04,False,8,0.34669525849542354,0.5093614781059341,0.3534782198433687
2014-09-05,False,8,0.3393502385010142,0.47748118038393184,0.33363904501119507
2014-09-08,False,8,0.3307667268243248,0.4725831916181055,0.32561171552754226
2014-09-09,False,8,0.3410971196978858,0.45882189999454226,0.3291091468037356
2014-09-10,False,8,0.3405517982636435,0.4648344471417933,0.33091577149133206
2014-09-11,False,8,0.34139116900251515,0.446900267534675,0.3245393315812634
2014-09-12,False,8,0.3536622630601043,0.4798385195802792,0.35009106043929705
2014-09-15,False,8,0.3595378086751084,0.48338170091805954,0.35758785335196963
2014-09-16,False,8,0.35761610677193645,0.4233859689909775,0.33118499887791947
2014-09-17,False,8,0.3558416343710174,0.5251515702012131,0.3693814514320492
2014-09-18,False,8,0.34244719356601555,0.5175903056646624,0.35463583013407624
2014-09-19,False,8,0.35075168126503375,0.5424117219294117,0.3730460754443708
2014-09-22,False,8,0.3685023458412056,0.5329853379542393,0.3838077101016543
2014-09-23,False,8,0.3785514685285054,0.5778211538832202,0.41153082001671665
2014-09-24,False,8,0.3762755875794792,0.5558378927905209,0.39859990997213723
2014-09-25,False,8,0.40431076295488216,0.5517308758402533,0.41969232398676554
2014-09-26,False,8,0.39993350404543565,0.5695353384853413,0.4201480479609151
2014-09-29,False,8,0.4078807237068964,0.5384081788705007,0.4173205945389356
2014-09-30,False,8,0.4017329955080013,0.5257305970471756,0.4080362949297987
2014-10-01,False,8,0.4192435454224239,0.5183613537033968,0.4183666461054493
2014-10-02,False,8,0.4214211710761968,0.489125535675595,0.40993010128271673
2014-10-03,False,8,0.40995402086501315,0.49700628190036367,0.3999789156560261
2014-10-06,False,8,0.4133114404811922,0.543770102664563,0.4229788595750836
2014-10-07,False,8,0.4456951674792921,0.5153247052777234,0.4385196776213037
2014-10-08,False,8,0.4374760038446887,0.5336261159184218,0.42924036730926246
2014-10-09,False,8,0.4876067528821968,0.567804283620543,0.4815264428931451
2014-10-10,False,8,0.48777232458584907,0.5677606387618622,0.48393521308299803
2014-10-13,False,8,0.516988372961443,0.5742290039560893,0.5166931141774095
2014-10-14,False,8,0.5090158913615649,0.5489401433110069,0.4981213484280379
2014-10-15,False,8,0.5128689520383741,0.5300103884604396,0.49600100589467855
2014-10-16,False,8,0.508100539933529,0.49652114510051715,0.4778781869396554
2014-10-17,False,8,0.503612900487784,0.49224186493504457,0.469215299420615
2014-10-20,False,8,0.4937077632604582,0.4824898319317148,0.4541630444309408
2014-10-21,False,8,0.48803159013358366,0.538786882762567,0.46899974592417565
2014-10-22,False,8,0.49734496010293955,0.5149041033767108,0.4678624146944928
2014-10-23,False,8,0.49092770490656723,0.5015079852015426,0.45414981215259204
2014-10-24,False,8,0.4516424192558411,0.49090054304734965,0.4172641993263935
2014-10-27,False,8,0.45379977013854594,0.5126455872602323,0.4280948737701459
2014-10-28,False,8,0.45290860593265914,0.5568294700018341,0.4436208051072138
2014-10-29,False,8,0.4518048736252382,0.5710472274019296,0.44871567356783826
2014-10-30,False,8,0.4500477710042857,0.5800088040527261,0.4492919169264237
2014-10-31,False,8,0.4372370379598074,0.5754660036644584,0.4336957159017893
2014-11-03,False,8,0.4443510145576527,0.5782469782157745,0.4440662399241634
2014-11-04,False,8,0.45370718093151724,0.5811769164587254,0.45633902084802935
2014-11-05,False,8,0.4465726670720412,0.5821778536147828,0.45069919225849964
2014-11-06,False,8,0.44643461547117314,0.5837474449230701,0.4522325981726385
2014-11-07,False,8,0.44756588515802054,0.5888624232993104,0.4577608645194532
2014-11-10,False,8,0.44622488658838627,0.5914436097490516,0.4575930538595736
2014-11-11,False,8,0.45089874229211535,0.584344249323676,0.4614073175352586
2014-11-12,False,8,0.4519375848999716,0.5775621808595323,0.4600092397990322
2014-11-13,False,8,0.4566687890532636,0.5846973882661016,0.468746452184039
2014-11-14,False,8,0.45581655861830206,0.5368751094206731,0.4482733295232569
2014-11-17,False,8,0.45460741615766004,0.541391042191384,0.4495306769580693
2014-11-18,False,8,0.452692902008483,0.5719907959722067,0.4603149772010969
2014-11-19,False,8,0.45954511178041985,0.5767287199816054,0.46976148481065444
2014-11-20,False,8,0.45518898479502257,0.5634623893576026,0.4599832978442025
2014-11-21,False,8,0.4479842952030164,0.5744505166233348,0.45718740649887357
2014-11-24,False,8,0.44743747542673507,0.5959411897541831,0.46662964186804046
2014-11-25,False,8,0.44802141211003893,0.5654346759822688,0.45370227820049414
2014-11-26,False,8,0.4453136924624806,0.6031530216885573,0.46724833760429935
2014-11-28,False,8,0.45168829691434403,0.5840642391946581,0.4690108317552421
2014-12-01,False,8,0.4696207578596793,0.546978299750572,0.47066423458665874
2014-12-02,False,8,0.46281594898933587,0.5204488021074002,0.4522275103438808
2014-12-03,False,8,0.44957596959071716,0.5931449872529704,0.47080722154074356
2014-12-04,False,8,0.4555236576116847,0.5845050210682394,0.4729376124097262
2014-12-05,False,8,0.4560079988956247,0.5499309745653874,0.4589599344931981
2014-12-08,False,8,0.4642177150835104,0.5362159773879671,0.46100041351481297
2014-12-09,False,8,0.4572254458478512,0.5450517004524577,0.45801028681045136
2014-12-10,False,8,0.4951456081831453,0.5775630648082896,0.5052085835482832
2014-12-11,False,8,0.4929622556795761,0.5492614622515332,0.4900761406323643
2014-12-12,False,8,0.5230859098330057,0.6002974577033815,0.5390440398610195
2014-12-15,False,9,0.5257120663986345,0.5922258900015228,0.5203208969996972
2014-12-16,False,9,0.5166604889613509,0.5960844961050059,0.5160831814497148
2014-12-17,False,9,0.502641269357129,0.5942810892406942,0.48870934254405024
2014-12-18,False,9,0.5001871259476316,0.6032966703035195,0.4807947923329412
2014-12-19,False,9,0.47594459450410626,0.5928096725877315,0.45775623683654443
2014-12-22,False,9,0.47963542876727566,0.536171460412089,0.43559836910385946
2014-12-23,False,9,0.4708072400983918,0.5254841471976669,0.4223904818393925
2014-12-24,False,9,0.46346930505803513,0.5412925664416325,0.42156230995604643
2014-12-26,False,9,0.4353731470850606,0.5471972239282562,0.3988034245304123
2014-12-29,False,9,0.4347381285194282,0.5430476755979685,0.39564955485247505
2014-12-30,False,9,0.4454977291682592,0.5408359858750103,0.4065647304658548
2014-12-31,False,9,0.45509578355931324,0.5735070646198016,0.42959899953472924
2015-01-02,False,9,0.430213260435065,0.5385253441336881,0.39329791252541174
2015-01-05,False,9,0.4703290129575554,0.5728646953624398,0.45149031531710004
2015-01-06,False,9,0.4400312090799398,0.53440966866372,0.41329627340548036
2015-01-07,False,9,0.41468506297071617,0.5370673798032066,0.3848216381310129
2015-01-08,False,9,0.38191192883334335,0.5206245703269504,0.3419794962688195
2015-01-09,False,9,0.3966387946633621,0.49290403573334274,0.3429576409273313
2015-01-12,False,9,0.4044796494176388,0.5443566356788518,0.3704248292374448
2015-01-13,False,9,0.4143795495243039,0.5728348011346012,0.39198690426541066
2015-01-14,False,9,0.4302887385897052,0.5976823705081751,0.42251212805071203
2015-01-15,False,9,0.4493029583599876,0.5432079053887644,0.4170233845804887
2015-01-16,False,9,0.4490000099887171,0.5165528131355217,0.40287281494215954
2015-01-20,False,9,0.43438904394747785,0.5095912492440207,0.38576403521754926
2015-01-21,False,9,0.4365164020994783,0.494437508547608,0.38159347260684373
2015-01-22,False,9,0.4331118054825967,0.5319917451349476,0.3897034340827015
2015-01-23,False,9,0.43888665107216396,0.5462099587495649,0.40299320237139036
2015-01-26,False,9,0.44129207444288787,0.5736804520785476,0.42387609800195875
2015-01-27,False,9,0.44893239030056,0.4776971945139185,0.386480440373279
2015-01-28,False,9,0.471161886882242,0.48924073554932634,0.4126251610004691
2015-01-29,False,9,0.47147543099117906,0.5191888054210893,0.42906925604370877
2015-01-30,False,9,0.4908000616031341,0.5252973122872518,0.4493196204119175
2015-02-02,False,9,0.47870301463697373,0.499841751105224,0.419958279836736
2015-02-03,False,9,0.47430740473687866,0.5375999130859248,0.4258099942970842
2015-02-04,False,9,0.485135577745839,0.5063811866931196,0.4239522388230504
2015-02-05,False,9,0.4808555143050269,0.5171753307778855,0.4205759125633195
2015-02-06,False,9,0.4854774163364791,0.5549147354265741,0.44525130249401734
2015-02-09,False,9,0.4886571755709393,0.5784584619412058,0.4618933161644324
2015-02-10,False,9,0.48434022447564984,0.543547809023854,0.44009010162979545
2015-02-11,False,9,0.48125219180040296,0.5477022633258454,0.4386624225576649
2015-02-12,False,9,0.47533142192005384,0.546022498343256,0.4288601485115275
2015-02-13,False,9,0.4707045440240072,0.5407053867632303,0.42155258067773377
2015-02-17,False,9,0.4756828218301602,0.5424222893450403,0.42789462657951494
2015-02-18,False,9,0.4671514438720832,0.5086929786306525,0.40283911335397327
2015-02-19,False,9,0.4704567679177227,0.4925316329608269,0.39990147997683123
2015-02-20,False,9,0.4707172926272048,0.485878603292016,0.3985263491143719
2015-02-23,False,9,0.47546846476324583,0.5330337760974683,0.425360662542722
2015-02-24,False,9,0.47224909712315916,0.5288313961028916,0.4201526676705885
2015-02-25,False,9,0.473000062661849,0.48410949594537395,0.4011636141041953
2015-02-26,False,9,0.4669304127239593,0.521133720948919,0.40703365296684274
2015-02-27,False,9,0.4560659093965281,0.5219880861366267,0.3985694672316223
2015-03-02,False,9,0.4551582345498064,0.5238756916277809,0.39838420369703414
2015-03-03,False,9,0.4679760340125541,0.5291358647770283,0.4126216444222567
2015-03-04,False,9,0.47143606396455334,0.5196837906698093,0.41200065320035517
2015-03-05,False,9,0.474707907782917,0.5332456748809614,0.42246329698062973
2015-03-06,False,9,0.48288244500970706,0.5746995218956097,0.44679279556159884
2015-03-09,False,9,0.484210065089786,0.5544677984545427,0.4375050492858191
2015-03-10,False,9,0.476705408445789,0.5900082309237956,0.4486877840103752
2015-03-11,False,9,0.47865203798527606,0.5601755364218104,0.43770055306571504
2015-03-12,False,9,0.44391854674834574,0.538443438635983,0.39392726479502094
2015-03-13,False,9,0.4427678873886693,0.5646955794621107,0.4045830143747151
2015-03-16,False,9,0.4277575767317247,0.49014571472540985,0.35278501027686177
2015-03-17,False,9,0.4374219392256271,0.5317393286266902,0.3915661884880447
2015-03-18,False,9,0.436439787486054,0.49932620898977537,0.3824690914814693
2015-03-19,False,9,0.44477329232989343,0.5425732449829844,0.4089936347294759
2015-03-20,False,9,0.4405897547997164,0.5445425541691984,0.40236088183626595
2015-03-23,False,9,0.4444886197958103,0.5457958870382869,0.4065946971618354
2015-03-24,False,9,0.44935363844452214,0.5058262946283459,0.39319745015610025
2015-03-25,False,9,0.4737506115841762,0.5386976129852594,0.43579802079361724
2015-03-26,False,9,0.47968010861491206,0.5327499419727116,0.43929275215944186
2015-03-27,False,9,0.47307811402561967,0.536758169652589,0.4349398888208751
2015-03-30,False,9,0.4538869970524839,0.5375662980770216,0.41258435794638737
2015-03-31,False,9,0.4598321096481436,0.5377130181472458,0.41769998909920786
2015-04-01,False,9,0.43009547751965804,0.5360206377473353,0.3957818624896658
2015-04-02,False,9,0.4127517228241231,0.5351136325877839,0.37924940655121986
2015-04-06,False,9,0.41457572316993285,0.5850305800872371,0.4060248194796259
2015-04-07,False,9,0.42608219735692987,0.5871755332325456,0.42840022350779816
2015-04-08,False,9,0.4139031675161267,0.5805985398030246,0.41275371091451135
2015-04-09,False,9,0.4030102352427468,0.5375035336022069,0.38153362290248777
2015-04-10,False,9,0.3957176965559466,0.5891038730376392,0.39829463427883777
2015-04-13,False,9,0.39128653371535105,0.5847515525345676,0.38994063378437976
2015-04-14,False,9,0.37722844026463737,0.5543244628681274,0.36116309289910853
2015-04-15,False,9,0.3785420062400456,0.4842699362019852,0.33689466418695113
2015-04-16,False,9,0.38082774114222956,0.41022732810541984,0.30772800469897166
2015-04-17,False,9,0.40023672576261626,0.4708748259175675,0.35132676932805684
2015-04-20,False,9,0.40127336153990145,0.5170922372752447,0.37733453456767085
2015-04-21,False,9,0.39349966838907713,0.5812397159840318,0.39890153269434775
2015-04-22,False,9,0.3963223430305644,0.54587785500345,0.3852116537331132
2015-04-23,False,9,0.38121125744953116,0.58679011987644,0.3903895586336239
2015-04-24,False,9,0.36157634172625847,0.49670240651662845,0.33720573162068296
2015-04-27,False,9,0.37337243913589446,0.5165567300441497,0.3604731842099095
2015-04-28,False,9,0.35027551045205524,0.51369356451037,0.3423787422872692
2015-04-29,False,9,0.3624355279306915,0.5301540250758963,0.3665812202764714
2015-04-30,False,9,0.37967577927257656,0.44572752462245435,0.3567174856814243
2015-05-01,False,9,0.36863577590328683,0.5628677692410142,0.3931260279900021
2015-05-04,False,9,0.37308538268318864,0.5500797030468945,0.3957411486612597
2015-05-05,False,9,0.3857328681788562,0.5331538246874967,0.3942455238190218
2015-05-06,False,9,0.38703555873131923,0.5643604466933451,0.4086630153850906
2015-05-07,False,9,0.3892553324436356,0.5583243921724588,0.40958499761038736
2015-05-08,False,9,0.38341082963798173,0.5486482374244456,0.3926268222022621
2015-05-11,False,9,0.39121735945306774,0.5180402505609871,0.39157864677006526
2015-05-12,False,9,0.40021360306745846,0.43577011934324017,0.36305985530023704
2015-05-13,False,9,0.3997586300666107,0.4741591822948594,0.3817266530494845
2015-05-14,False,9,0.3972838509091897,0.4890500887025301,0.3796663127602313
2015-05-15,False,9,0.3966496482526028,0.4872575360422901,0.37720387067503514
2015-05-18,False,9,0.3983399586715432,0.49031428722349535,0.38022620442477245
2015-05-19,False,9,0.39982382582585235,0.4975025750272447,0.38528527377395766
2015-05-20,False,9,0.40194198857709573,0.4749981189989079,0.3776791873717193
2015-05-21,False,9,0.40086689013704896,0.4721802971782778,0.3736055791747854
2015-05-22,False,9,0.40187548055857925,0.4720045955983193,0.3731048098815258
2015-05-26,False,9,0.4165357984985774,0.47071004011963063,0.3809192521751724
2015-05-27,False,9,0.4158668012523629,0.5378976918713299,0.40864617620239646
2015-05-28,False,9,0.4106001594195718,0.5423637585932035,0.40562053408579335
2015-05-29,False,9,0.4127825704656491,0.5468424586984258,0.40848154660925434
2015-06-01,False,9,0.4105433890781663,0.5505383683697987,0.40680866417756495
2015-06-02,False,9,0.3832122351706976,0.5439058229006953,0.38483005673107545
2015-06-03,False,9,0.38249041185228,0.5392944607293293,0.38154363585564915
2015-06-04,False,9,0.3674816469253836,0.524993146383744,0.36744929900165474
2015-06-05,False,9,0.36923838715000157,0.5437472383311621,0.3775746435370659
2015-06-08,False,9,0.38134641676662134,0.4682571179420772,0.36228090807577823
2015-06-09,False,9,0.3715850578488855,0.4620454358282514,0.35251452379112386
2015-06-10,False,9,0.3716014724576008,0.48277500429339404,0.36027947966021107
2015-06-11,False,9,0.3677333648213108,0.47429585625745513,0.3519147138554979
2015-06-12,False,9,0.3797479303367858,0.5406803315221906,0.4000252085691685
2015-06-15,False,9,0.3817596387236025,0.5542980032248938,0.4057666703344349
2015-06-16,False,9,0.3830294744534069,0.5580907515326358,0.4121032906532391
2015-06-17,False,9,0.3813091332864357,0.5531323815239857,0.4064352703558145
2015-06-18,False,9,0.37273651902741595,0.52007533720141,0.37665927027888674
2015-06-19,False,9,0.3538831146615246,0.5408830287054328,0.3696791387831121
2015-06-22,False,9,0.34660322411620825,0.534265831497857,0.3578142188597011
2015-06-23,False,9,0.3481137425815642,0.5743192133676439,0.3771386358546005
2015-06-24,False,9,0.36386345605978554,0.5478008430134942,0.389145201052996
2015-06-25,False,9,0.3593398223888753,0.5469538701717899,0.3879934135785032
2015-06-26,False,9,0.35687456011889396,0.552390915218762,0.3870045124198764
2015-06-29,False,9,0.3996538865401415,0.5877032185678864,0.42709697173810146
2015-06-30,False,9,0.40300391984780937,0.5861129525036292,0.4330481142169541
2015-07-01,False,9,0.39572840134745346,0.5905230429665931,0.42774624741254724
2015-07-02,False,9,0.39783735481999366,0.5854845211305602,0.4293789208181034
2015-07-06,False,9,0.40555010471742575,0.5744124875087526,0.432922674841969
2015-07-07,False,9,0.40509553118567665,0.5916130302069235,0.43901305185994716
2015-07-08,False,9,0.43154329627539917,0.5752196450682351,0.4467621272659413
2015-07-09,False,9,0.4306036664116166,0.5780396880350055,0.4465964998778833
2015-07-10,False,9,0.4303664917268397,0.5550011804161039,0.42873086450756637
2015-07-13,False,9,0.42393883696989043,0.5589423204705424,0.4153567052938299
2015-07-14,False,9,0.40764502623471177,0.5826300798470833,0.4111531999708518
2015-07-15,False,9,0.42172326481707445,0.5840814151813827,0.42918893956134957
2015-07-16,False,9,0.4162400460634935,0.5890629497205906,0.42545104259439376
2015-07-17,False,9,0.4237031546424743,0.5977059467084684,0.4394223527979211
2015-07-20,False,9,0.4299969082081975,0.5317057414692935,0.4136256259702
2015-07-21,False,9,0.43324907384561434,0.5445292775323597,0.4202886268365768
2015-07-22,False,9,0.4290060829918716,0.6006394539754687,0.44387074825363665
2015-07-23,False,9,0.4396874503749738,0.5728952746337671,0.443405920398191
2015-07-24,False,9,0.44966379853585925,0.5426806798138848,0.4360119769999975
2015-07-27,False,9,0.4468976172786432,0.5489902999975851,0.4385157258789019
2015-07-28,False,9,0.44718404678490786,0.550158281311855,0.43639769514809773
2015-07-29,False,9,0.4433739685576649,0.546696776588604,0.42766410336883975
2015-07-30,False,9,0.4276794082012788,0.5002904304104997,0.3968257464159742
2015-07-31,False,9,0.42751814228518464,0.5264085654512113,0.41175345790959106
2015-08-03,False,9,0.4407492681436729,0.544840826304038,0.4353733565952359
2015-08-04,False,9,0.44628821325038237,0.524074427690365,0.4379393213230281
2015-08-05,False,9,0.44193306749689465,0.5642863853510065,0.4563273882990541
2015-08-06,False,9,0.44330394369094944,0.5766256108056826,0.468953276623263
2015-08-07,False,9,0.4508876729892783,0.5727557332115357,0.4745062239819635
2015-08-10,False,9,0.4525310046991484,0.5781364663172847,0.47732950331655427
2015-08-11,False,9,0.469606642814873,0.5844743242770569,0.4973066536930303
2015-08-12,False,9,0.4698519437019041,0.5760445612126773,0.4955008281010587
2015-08-13,False,9,0.470121596298696,0.5938023331901142,0.5045505500286093
2015-08-14,False,9,0.46728571293879184,0.5817330447538657,0.49369988051306035
2015-08-17,False,9,0.4641725132026555,0.594905187149257,0.49425754111993647
2015-08-18,False,9,0.46661407280959893,0.5929679183325545,0.4955239931652701
2015-08-19,False,9,0.45930740919718316,0.5906977468946942,0.48869396927001496
2015-08-20,False,9,0.49929175634376993,0.5652018826220448,0.506708983914525
2015-08-21,False,9,0.5429280167862952,0.5924125995722094,0.5512132505916726
2015-08-24,False,9,0.6191709426125936,0.5988474669649528,0.6058169606487642
2015-08-25,False,9,0.6333504357473553,0.5759835468466771,0.6114022286809013
2015-08-26,False,9,0.6345039063638259,0.5652466969348755,0.5930272882817861
2015-08-27,False,9,0.6347993904839553,0.6051497452587505,0.5986728625522584
2015-08-28,False,9,0.6204198534507814,0.6011558237930957,0.5809013108163913
2015-08-31,False,9,0.6237286720887051,0.5982659746878694,0.5836278330473583
2015-09-01,False,9,0.6644206101957117,0.6061734608393675,0.6232161311349329
2015-09-02,False,9,0.6566215050792472,0.608166985964693,0.6127020128467324
2015-09-03,False,9,0.6596604013620416,0.6052096264523601,0.6162239954654304
2015-09-04,False,9,0.6778016028417978,0.6066047030589072,0.635916763365146
2015-09-08,False,9,0.6647973721627697,0.6084334513347321,0.6166875600785924
2015-09-09,False,9,0.6726859993270612,0.610181022786578,0.6258405754601716
2015-09-10,False,9,0.6752570842611774,0.6096964145595613,0.6292320161258343
2015-09-11,False,9,0.6748543856358815,0.6103458299597605,0.6295099253613377
2015-09-14,False,9,0.6857147784446228,0.6065799217059097,0.6420006333761341
2015-09-15,False,9,0.6763433689725581,0.60538841618512,0.6280778410191463
2015-09-16,False,9,0.6724928253031477,0.6056902877125717,0.6228223053497922
2015-09-17,False,9,0.6747384410815426,0.6021366343178531,0.6245211476826517
2015-09-18,False,9,0.6882552312993998,0.6094190138850804,0.6407954273770613
2015-09-21,False,9,0.6841218975078216,0.6079937768473903,0.6338167208247707
2015-09-22,False,9,0.7029761330946126,0.615057971734208,0.6571411410898108
2015-09-23,False,9,0.6856635480294808,0.612999228735658,0.6395179231603629
2015-09-24,False,9,0.6870322042074704,0.6116956944771472,0.6414502599018173
2015-09-25,False,9,0.6925552700636005,0.6085914295741953,0.6494138090035129
2015-09-28,False,9,0.7282254951054705,0.6069700483321149,0.6861363134327351
2015-09-29,False,9,0.7260025453041745,0.5965546255734451,0.6800649077530163
2015-09-30,False,9,0.7215737703759513,0.5856452502184515,0.6649809199585681
2015-10-01,False,9,0.703754020195776,0.5839771598806464,0.6455864827377625
2015-10-02,False,9,0.6978223311323529,0.5407056316252468,0.6157918301834965
2015-10-05,False,9,0.6958942310499405,0.5338419050920992,0.6060111080413785
2015-10-06,False,9,0.7045400464143052,0.516636907460572,0.6130705404168708
2015-10-07,False,9,0.6993950156328304,0.5162443635912882,0.6055821846115067
2015-10-08,False,9,0.6853051199665091,0.5230729428408489,0.590159935272409
2015-10-09,False,9,0.6873552793115522,0.515557179056951,0.5884271930837339
2015-10-12,False,9,0.6849055050302896,0.5281179198301816,0.5907155016227077
2015-10-13,False,9,0.689865306639925,0.5306165596791587,0.5959841509840417
2015-10-14,False,9,0.6914565984342088,0.5336679047746664,0.6000506357618531
2015-10-15,False,9,0.6836971552064606,0.5358118820634326,0.5897475423579155
2015-10-16,False,9,0.6772470403873196,0.5805572446008347,0.6038937085675359
2015-10-19,False,9,0.6681317961951848,0.5546231735119799,0.5823212816141398
2015-10-20,False,9,0.6588108486174628,0.5924223066770263,0.5891132436186283
2015-10-21,False,9,0.6755615372811842,0.5865661125590775,0.6081084737623542
2015-10-22,False,9,0.6737714610575464,0.5833338318163466,0.6117497122508887
2015-10-23,False,9,0.6691765483168345,0.5846032313973619,0.6090822898189984
2015-10-26,False,9,0.6721476707801243,0.583406687959582,0.6116189109343008
2015-10-27,False,9,0.6763474515696468,0.5845320105740465,0.6181611721678798
2015-10-28,False,9,0.6671559340285256,0.5820533470926085,0.6048518327878711
2015-10-29,False,9,0.6743778839319885,0.5388386317084883,0.59532126734976
2015-10-30,False,9,0.6694411041267722,0.5839646361897196,0.6101796120715921
2015-11-02,False,9,0.6546630708663166,0.5501715182496848,0.5753248436756871
2015-11-03,False,9,0.6626257210544604,0.5512418396386519,0.5885319768929086
2015-11-04,False,9,0.6540091322231489,0.5867846667611506,0.5947362746466921
2015-11-05,False,9,0.6566381070367562,0.5627565169991555,0.5861455000601076
2015-11-06,False,9,0.655335557955774,0.5351123977302186,0.574251173505567
2015-11-09,False,9,0.6703195859592316,0.5407346696251397,0.5945804136039811
2015-11-10,False,9,0.6744887388326801,0.5386416957055491,0.6000753794083461
2015-11-11,False,9,0.674101298206062,0.5442329247463763,0.6034620682663218
2015-11-12,False,9,0.6873718944577499,0.5424061063728551,0.6166660552706529
2015-11-13,False,9,0.6684604176826066,0.5334253203259647,0.5942026531998678
2015-11-16,False,9,0.625151139637297,0.5450130620831152,0.5522648288770013
2015-11-17,False,9,0.5568391846339382,0.4769648958123543,0.4616763169369677
2015-11-18,False,9,0.5308911665086662,0.477843589391368,0.43017731874594956
2015-11-19,False,9,0.5417947807559477,0.46475095567431607,0.44501636921166987
2015-11-20,False,9,0.5468480447762308,0.4527354269263135,0.456395437798489
2015-11-23,False,9,0.5524635885771425,0.5224121696586702,0.49708737479474174
2015-11-24,False,9,0.5437336871812538,0.5101167300456594,0.4810612955040961
2015-11-25,False,9,0.4872690399248634,0.47270111672331844,0.418927593880713
2015-11-27,False,9,0.4973653971132969,0.4534047204466235,0.424444602706854
2015-11-30,False,9,0.5052845187834131,0.4477527252588067,0.4309805373702615
2015-12-01,False,9,0.47628432792256187,0.4403461246771881,0.3998716046882955
2015-12-02,False,9,0.5002091210676309,0.40555943573508796,0.4162708290190229
2015-12-03,False,9,0.501916179504553,0.4562293086651064,0.4417477945988866
2015-12-04,False,9,0.4941597984695669,0.42207171857752235,0.413225202677465
2015-12-07,False,9,0.5132413573756314,0.4287369264328945,0.43608220569625755
2015-12-08,False,9,0.5185000969411572,0.4278262205168242,0.44242221063437726
2015-12-09,False,9,0.5317661555085761,0.3840812126718733,0.4407788459172237
2015-12-10,False,9,0.5353798474962081,0.41682758517930235,0.4636484944218418
2015-12-11,False,9,0.5637565428275985,0.3625642057043046,0.45951180922992985
2015-12-14,False,9,0.5393223506042834,0.3252606281347175,0.4209191768342401
2015-12-15,False,9,0.5350169218310648,0.4013882525921551,0.4547476341750963
2015-12-16,False,9,0.501613339326833,0.416904029246815,0.42683044669538367
2015-12-17,False,9,0.5153380800709855,0.38956041702424055,0.42286494773805017
2015-12-18,False,9,0.5316879946282006,0.4248060475049523,0.4538571932522821
2015-12-21,False,9,0.5218696476073214,0.40477076400623435,0.42942900418375973
2015-12-22,False,9,0.4639877699870242,0.3629822491947755,0.3607657018195029
2015-12-23,False,9,0.4520067828047904,0.43680258613056727,0.3784967286383935
2015-12-24,False,9,0.46157044073836634,0.5097463356812867,0.4287180276207739
2015-12-28,False,9,0.46860440250924007,0.49794634505919105,0.42914121264967114
2015-12-29,False,9,0.4704724313226448,0.44600346777177513,0.40983322356655055
2015-12-30,False,9,0.48774337636424736,0.4380642005110444,0.4348903204628904
2015-12-31,False,9,0.4947201428400818,0.5149546003973619,0.47483914349216144
2016-01-04,False,9,0.5197122138817764,0.5310003904055142,0.5100564546832042
2016-01-05,False,9,0.5261961475941143,0.5527026856440767,0.5318874213501518
2016-01-06,False,9,0.5494748531627046,0.5728609956883625,0.5638359422097577
2016-01-07,False,9,0.5898221852294523,0.5457533475453349,0.5828938390921037
2016-01-08,False,9,0.5939557920431158,0.5286560085589144,0.5789484423020542
2016-01-11,False,9,0.5940143945285634,0.5922746254678348,0.6098873492670192
2016-01-12,False,9,0.5971502302495219,0.553461096969146,0.5970469624640007
2016-01-13,False,9,0.6380819747729346,0.5484139556139104,0.6274487748845615
2016-01-14,False,9,0.6291842761596469,0.5820454201606455,0.6303369293667984
2016-01-15,False,9,0.6547613024034761,0.5670702491084497,0.6473218320474986
2016-01-19,False,9,0.6515232983435322,0.508060770316619,0.6193359383524776
2016-01-20,False,9,0.6650151625459831,0.5431270215400023,0.6468417522638626
2016-01-21,False,9,0.6637418669073377,0.5742076075983007,0.6563922579029431
2016-01-22,False,9,0.652387707535108,0.5749559553977844,0.6370649993271615
2016-01-25,False,9,0.6605657812200355,0.5552241090057116,0.6358517782540243
2016-01-26,False,9,0.6609215471144176,0.5803818552314197,0.6441168647522159
2016-01-27,False,9,0.6637155655009405,0.5748740787048211,0.6423928505781245
2016-01-28,False,9,0.6615408676245715,0.5075797794567527,0.6117307224203802
2016-01-29,False,9,0.665157170619794,0.4358148138376366,0.571155998338196
2016-02-01,False,9,0.6667161437781929,0.4601322591755216,0.5835895477655265
2016-02-02,False,9,0.6888757384965598,0.57785069256671,0.6622258707068859
2016-02-03,False,9,0.6826851771185335,0.560813041745283,0.6500467745827685
2016-02-04,False,9,0.6758126157323519,0.5074762003814791,0.6196106437261742
2016-02-05,False,9,0.6851562450093883,0.5022408043858719,0.6311828733952443
2016-02-08,False,9,0.7032354838819087,0.4796323160582709,0.6426449227575135
2016-02-09,False,9,0.702152011479227,0.5334804352924605,0.6654686257021144
2016-02-10,False,9,0.6810833655050151,0.5264364333800429,0.6436487129319464
2016-02-11,False,9,0.6895463695598261,0.5283675467046941,0.6540416625566929
2016-02-12,False,9,0.6891897994532387,0.5466282658518882,0.6598050708796661
2016-02-16,False,9,0.6772306553432522,0.5428505175266971,0.6402492559792935
2016-02-17,False,9,0.6771127550069219,0.5429003743194973,0.6396672601696604
2016-02-18,False,9,0.6809887110052405,0.5354941254172638,0.6401862122803937
2016-02-19,False,9,0.686870361888273,0.5377895573754006,0.6486646954606956
2016-02-22,False,9,0.6784868804742186,0.5557876440589882,0.6434982445761677
2016-02-23,False,9,0.694542741826484,0.5577581423240424,0.6623251675810244
2016-02-24,False,9,0.6923377596406943,0.5435751617461707,0.6533071786321499
2016-02-25,False,9,0.6845967183794903,0.539475295990557,0.6412990204217489
2016-02-26,False,9,0.6791705686920361,0.5434681808061869,0.6388440990360749
2016-02-29,False,9,0.6869881631576906,0.5892731056592748,0.6698614758697141
2016-03-01,False,9,0.6661344355203489,0.5641722413310661,0.6320386275025489
2016-03-02,False,9,0.6456283394743408,0.5944108236591855,0.6263682682176321
2016-03-03,False,9,0.6472089390416693,0.5975956998269418,0.6300958686445457
2016-03-04,False,9,0.6304154419868903,0.5776233723954814,0.6015648512161358
2016-03-07,False,9,0.614847493028884,0.5723525051774035,0.5822933774488008
2016-03-08,False,9,0.6315485432624164,0.5776477761673194,0.6018477765873833
2016-03-09,False,9,0.6306000349995641,0.5710142358613604,0.5969831153369158
2016-03-10,False,9,0.6030024758093768,0.5728734253558017,0.5708831104545212
2016-03-11,False,9,0.5893734259302571,0.5728253767515,0.5525098234322169
2016-03-14,False,9,0.5976931824039192,0.5805772741584557,0.5646581933303544
2016-03-15,False,9,0.6148836870841602,0.5872254405987596,0.5895451892815468
2016-03-16,False,9,0.5860799786952943,0.5839866054419962,0.5578480724970368
2016-03-17,False,9,0.560424632868351,0.5529015951496798,0.5159809563141885
2016-03-18,False,9,0.5627539705956347,0.5505592452306186,0.5191461895476086
2016-03-21,False,9,0.5722902700070673,0.5551100603477183,0.5336151857605712
2016-03-22,False,9,0.5832775545721385,0.5534484190600232,0.5480454805963523
2016-03-23,False,9,0.602422811314521,0.5467582624960232,0.5662576881447284
2016-03-24,False,9,0.5933868371088161,0.5480373844392425,0.5567133895886862
2016-03-28,False,9,0.5990567993209347,0.5495227361963445,0.5654619288410049
2016-03-29,False,9,0.5794851080416654,0.5457986350865802,0.5411558082643787
2016-03-30,False,9,0.5677315094565457,0.5508678292807501,0.5315717085421026
2016-03-31,False,9,0.5526263889273852,0.5882844430918083,0.5356198040110206
2016-04-01,False,9,0.5495325179721461,0.5401523130282058,0.5082899631668093
2016-04-04,False,9,0.5372587075741521,0.587428444552634,0.5194094038614577
2016-04-05,False,9,0.5040840326800575,0.5682694621490695,0.482394713735912
2016-04-06,False,9,0.47973062905553715,0.517192282461288,0.43217275399377164
2016-04-07,False,9,0.4875558213351497,0.5127320536256333,0.4341550625010176
2016-04-08,False,9,0.4855863703776751,0.538267967417518,0.44354275206304167
2016-04-11,False,9,0.43893567678113615,0.4925034842233153,0.38437414652047025
2016-04-12,False,9,0.4395156756184819,0.4703931790898249,0.3733462087970023
2016-04-13,False,9,0.39990386180128257,0.4946266699489033,0.3512206731360004
2016-04-14,False,9,0.39631051424328995,0.48508905559958954,0.34083104090335853
2016-04-15,False,9,0.3847259407123863,0.48024186489087073,0.3280553652567688
2016-04-18,False,9,0.38715578566561965,0.5224545352533512,0.34683204395202144
2016-04-19,False,9,0.3935119775490765,0.5325212827129259,0.3633852554886628
2016-04-20,False,9,0.3672082866473712,0.5278553416312481,0.33955442369715333
2016-04-21,False,9,0.3862695499304341,0.4877355084045043,0.34545035156115117
2016-04-22,False,9,0.37211445655077907,0.5224041650846587,0.34773495694335577
2016-04-25,False,9,0.3813200514152601,0.5293031914673278,0.3562092683744168
2016-04-26,False,9,0.381519907467828,0.4545622721075058,0.33964911776834306
2016-04-27,False,9,0.37541017618188466,0.4913002966370094,0.34926936647340473
2016-04-28,False,9,0.35372859756981484,0.4660590698560055,0.321527950078439
2016-04-29,False,9,0.36543915486365885,0.43273901979870627,0.3159096608278186
2016-05-02,False,9,0.3667441283309032,0.48922241604126326,0.3362084153586332
2016-05-03,False,9,0.3591221796025618,0.4911237298296143,0.33000894102846073
2016-05-04,False,9,0.3447959314683074,0.44684894599109554,0.3001493682378429
2016-05-05,False,9,0.3424128523948013,0.3486441183919395,0.2560978056968236
2016-05-06,False,9,0.3376766465479546,0.346561340701642,0.24790898196616007
2016-05-09,False,9,0.3256991799745299,0.4148719065587638,0.26709482455632766
2016-05-10,False,9,0.32531357918788345,0.4758571643143699,0.2933426168276028
2016-05-11,False,9,0.3436538732016874,0.4334874720693745,0.2992222251809011
2016-05-12,False,9,0.35338569930039343,0.41176044618694174,0.3105448368323825
2016-05-13,False,9,0.35787899662978556,0.41845463611156625,0.31502558399073827
2016-05-16,False,9,0.34665233108349397,0.4433639477868988,0.3112704748882045
2016-05-17,False,9,0.36394810702139696,0.42375978433883044,0.3243437546306104
2016-05-18,False,9,0.35530359809570533,0.42890716802520157,0.32162000784793426
2016-05-19,False,9,0.3632189649091423,0.39540261001316473,0.3158579141170768
2016-05-20,False,9,0.36472652025085983,0.3605400217079726,0.3045692305730508
2016-05-23,False,9,0.3666700920072281,0.3606590763828492,0.30461455175310537
2016-05-24,False,9,0.3574070014466685,0.3968327321594858,0.305710961340363
2016-05-25,False,9,0.35776771813170466,0.36884805825896,0.3031682211850424
2016-05-26,False,9,0.36382769853316765,0.3788737133744224,0.3126100713375546
2016-05-27,False,9,0.3676743621870474,0.38874983824853815,0.3215476782274766
2016-05-31,False,9,0.3703242008742938,0.36637742798306533,0.314673690881727
2016-06-01,False,9,0.3722129206945235,0.37770001768956385,0.3188481379964086
2016-06-02,False,9,0.3429111962586875,0.34476789855037815,0.28040182811572567
2016-06-03,False,9,0.3474111469534013,0.32792492726189243,0.27831581036431674
2016-06-06,False,9,0.3429101695801513,0.41274060088995224,0.3095689954015699
2016-06-07,False,9,0.3472323507665268,0.382687173393762,0.31084363237205986
2016-06-08,False,9,0.3408160180452524,0.38833316195505635,0.3058923969921484
2016-06-09,False,9,0.3353647111927913,0.34994618070846273,0.2846494847764228
2016-06-10,False,9,0.3608129227687651,0.3584713152568328,0.3095599794130909
2016-06-13,False,9,0.38026723714185584,0.3035446161730621,0.3010904463556855
2016-06-14,False,9,0.38825590446728286,0.38857511237375736,0.34913124406128343
2016-06-15,False,9,0.384940423811612,0.37356326940130685,0.33942777671781643
2016-06-16,False,9,0.38318803432742626,0.38120132071156465,0.34086910917545515
2016-06-17,False,9,0.35959612550998177,0.39611666712213534,0.3270862044033156
2016-06-20,False,9,0.35472782681538567,0.3832715395280835,0.3132799836218513
2016-06-21,False,9,0.3567241657898148,0.4090195540175186,0.326485407912012
2016-06-22,False,9,0.3643162666518506,0.3762249920175587,0.32473551493539504
2016-06-23,False,9,0.36129856956789663,0.42773681598170465,0.33553195905316385
2016-06-24,False,9,0.4557929988108346,0.4667017159740776,0.40342421828632574
2016-06-27,False,9,0.5065306136780842,0.49649773863078245,0.4626461115050056
2016-06-28,False,9,0.48974312286445193,0.4982794729573042,0.43770613199088365
2016-06-29,False,9,0.47230550359125945,0.49296677519024534,0.410204269821986
2016-06-30,False,9,0.4709576914020352,0.5204482104546576,0.41936055172377207
2016-07-01,False,9,0.45374290536801,0.5407560887344157,0.41203926854669326
2016-07-05,False,9,0.4747574186058248,0.5461531359780205,0.4368276321233907
2016-07-06,False,9,0.46970362524294557,0.5032290382066674,0.41048905118641293
2016-07-07,False,9,0.4761394196172514,0.527049068162832,0.43091597730773074
2016-07-08,False,9,0.47569921925459235,0.5127121527835293,0.4164055163259978
2016-07-11,False,9,0.4673314095143151,0.5162812887940782,0.408569716731406
2016-07-12,False,9,0.462259432155232,0.52854354753814,0.40997304920953387
2016-07-13,False,9,0.46691919875246835,0.5577852201135798,0.4289519143161582
2016-07-14,False,9,0.4678857469409761,0.5253581984556099,0.41253595770475293
2016-07-15,False,9,0.4675028187923098,0.5373459106971237,0.4142423638836661
2016-07-18,False,9,0.4583932176292382,0.5431559559635348,0.40721824366886206
2016-07-19,False,9,0.4671676064208992,0.5326886083680672,0.41080305333928785
2016-07-20,False,9,0.4570343194890823,0.5169390922162941,0.3929531058970593
2016-07-21,False,9,0.4676069810400453,0.5498024347469445,0.41716187360700135
2016-07-22,False,9,0.4692205930285664,0.5204176768078947,0.4035941522281658
2016-07-25,False,9,0.4606469779237753,0.5304771375470927,0.3988289252764603
2016-07-26,False,9,0.45119474282837485,0.5391716845429211,0.3949236813243078
2016-07-27,False,9,0.4596455751570739,0.555461580745268,0.4151009307069066
2016-07-28,False,9,0.4392789979050849,0.5837206373336534,0.4097138613617459
2016-07-29,False,9,0.4270210788479024,0.5778702698078019,0.3946577662687388
2016-08-01,False,9,0.4302938751325226,0.5267315749786937,0.3752805766663968
2016-08-02,False,9,0.44528476183667237,0.5858175765580501,0.4182860745240312
2016-08-03,False,9,0.4343772754884686,0.5632357182849941,0.39350150087856844
2016-08-04,False,9,0.44238080857985085,0.6057617755680691,0.42784171990452885
2016-08-05,False,9,0.42595782582941955,0.6086959538377112,0.4107810442041617
2016-08-08,False,9,0.42442050665088116,0.6065072124838068,0.4042961007772775
2016-08-09,False,9,0.41481123515425433,0.6070552090958495,0.3961761506454672
2016-08-10,False,9,0.4240910276092785,0.60050068903906,0.4035873661923961
2016-08-11,False,9,0.4105801169258005,0.5990845241171748,0.38891466793845086
2016-08-12,False,9,0.4056080284258872,0.525107619104133,0.34770832529967766
2016-08-15,False,9,0.3968424993230847,0.49076406155803454,0.32225597382691945
2016-08-16,False,9,0.4110222981718145,0.5419641815929173,0.35864824846687043
2016-08-17,False,9,0.41108428685577975,0.5435843221967079,0.35865670454184106
2016-08-18,False,9,0.4154396563945877,0.5403345692585779,0.3660051431673714
2016-08-19,False,9,0.42404504506532514,0.551464492173851,0.38161484249276
2016-08-22,False,9,0.42291456197581395,0.554566775342313,0.38133231249184385
2016-08-23,False,9,0.42183809478900813,0.5862816119374845,0.39596211492274896
2016-08-24,False,9,0.43379948710480853,0.5781160329060943,0.40402440001013823
2016-08-25,False,9,0.4356804209302853,0.5866832646689629,0.4106956887664798
2016-08-26,False,9,0.4411019298622106,0.5620492136070834,0.4043649599241828
2016-08-29,False,9,0.4362047337308974,0.551753103845389,0.39189940852377897
2016-08-30,False,9,0.4448383679237916,0.5754176837580854,0.4121943433544818
2016-08-31,False,9,0.4516919485083383,0.5431576201175988,0.40334194313073124
2016-09-01,False,9,0.4549851139674135,0.5385100086668554,0.40540503062571
2016-09-02,False,9,0.44676991805968486,0.5099966528285254,0.3821706287604586
2016-09-06,False,9,0.4253848900169965,0.4584553138639399,0.34039112203265404
2016-09-07,False,9,0.41167736646129915,0.4185988022096232,0.31352843172839034
2016-09-08,False,9,0.4113676873067194,0.3976063034098029,0.3042470945804514
2016-09-09,False,9,0.4693364720239924,0.5212161367901267,0.39762017156446977
2016-09-12,False,9,0.461936148387738,0.5253686728921704,0.38813069718458193
2016-09-13,False,9,0.4903221485759326,0.5724894256112425,0.4332015421443686
2016-09-14,False,9,0.49957580804822516,0.5320221547229685,0.4251138797598621
2016-09-15,False,9,0.4918088715780879,0.5001519559451881,0.40035540141727394
2016-09-16,False,9,0.49542213208850033,0.5019955231015719,0.40482955984146834
2016-09-19,False,9,0.5015824108568031,0.49564860372675373,0.4129066973153308
2016-09-20,False,9,0.4134507258541802,0.4739579136555782,0.3397540128397424
2016-09-21,False,9,0.35707131095522654,0.4212065471922302,0.2691660920023997
2016-09-22,False,9,0.35800215067428176,0.38114414804575897,0.2593452448724769
2016-09-23,False,9,0.372345827289201,0.4406283985846409,0.30629646697185503
2016-09-26,False,9,0.3871707075083247,0.48385972095219953,0.3441528544357257
2016-09-27,False,9,0.3869003359099075,0.49034981057764093,0.34617277635276356
2016-09-28,False,9,0.36557227396718484,0.49492913365137875,0.32823413317459066
2016-09-29,False,9,0.38412404534193345,0.5769221030682627,0.3809256080603402
2016-09-30,False,9,0.37934569892147163,0.5040980315076091,0.34042238969554817
2016-10-03,False,9,0.3870086952316169,0.4995272727196491,0.3607365138574065
2016-10-04,False,9,0.40177498498874714,0.4732255001330072,0.36452801092614173
2016-10-05,False,9,0.40282791020257486,0.49954757629271684,0.37681395163295556
2016-10-06,False,9,0.40278670176086406,0.503331502849051,0.37844128069671606
2016-10-07,False,9,0.41457878646719726,0.43574379900589494,0.3607376647625235
2016-10-10,False,9,0.41179420873392864,0.4876263830713235,0.3805640305050488
2016-10-11,False,9,0.43517736090492193,0.46472187168485646,0.38790827329992983
2016-10-12,False,9,0.42889778825293906,0.48833396779147664,0.39148051921313876
2016-10-13,False,9,0.4364398627519123,0.4896772048116407,0.3998420813018911
2016-10-14,False,9,0.43384151740823573,0.44554431792548843,0.37629730526386
2016-10-17,False,9,0.4381046827584531,0.4404198695057814,0.37938525418596286
2016-10-18,False,9,0.43003920352414354,0.4096831140160251,0.35491375574423883
2016-10-19,False,9,0.43212641185407363,0.46254380148914154,0.3783410825700069
2016-10-20,False,9,0.43233415562832783,0.3371538219516402,0.31828661952554055
2016-10-21,False,9,0.43448359901723316,0.3833236383684415,0.34257490728533974
2016-10-24,False,9,0.43367380884329065,0.4382764797683967,0.36465990756982397
2016-10-25,False,9,0.43711676597630356,0.41699981897324084,0.3643945258261695
2016-10-26,False,9,0.43131864925047625,0.429724527823413,0.3682016716177581
2016-10-27,False,9,0.4410736415711077,0.41922565799218237,0.37361841214367536
2016-10-28,False,9,0.4412533325313783,0.48003154400102177,0.40484734318356247
2016-10-31,False,9,0.4440722617959792,0.49069227671910415,0.41541971060921984
2016-11-01,False,9,0.451904565091087,0.4632892167701746,0.4115835543974616
2016-11-02,False,9,0.461525270595912,0.49796727275917313,0.4375294193010322
2016-11-03,False,9,0.46335579879042943,0.5377895491076474,0.4591811719577697
2016-11-04,False,9,0.46453883520751565,0.5576695890652028,0.4750653916182496
2016-11-07,False,9,0.45900655002119056,0.47244241285801925,0.41030559422045987
2016-11-08,False,9,0.46002915632084496,0.5139600117811278,0.43182193295267324
2016-11-09,False,9,0.44738791196585787,0.4126725043540237,0.3907424688764346
2016-11-10,False,9,0.4448270653484875,0.3535112241174922,0.37668833082128933
2016-11-11,False,9,0.44624392226655524,0.36283991683488126,0.3857361749187906
2016-11-14,False,9,0.4389151407973703,0.4335087126240967,0.4161780867835367
2016-11-15,False,9,0.43448938714319285,0.4599427393982936,0.4238265458753389
2016-11-16,False,9,0.44048451991997006,0.41419313585637957,0.40987185731270964
2016-11-17,False,9,0.42681379876490755,0.40949469616309436,0.3958422163229496
2016-11-18,False,9,0.42922730740033005,0.3834275911215163,0.38547875262239795
2016-11-21,False,9,0.4209681933162255,0.39901674311539953,0.3828283296789677
2016-11-22,False,9,0.4214610000783169,0.42825620144577886,0.39956711753243684
2016-11-23,False,9,0.4160229929921644,0.39416666299864195,0.37828432310266674
2016-11-25,False,9,0.40715085189628414,0.4087546754940986,0.3750127419057923
2016-11-28,False,9,0.4156275872732708,0.41431934225647027,0.38632579699784036
2016-11-29,False,9,0.4196542717864266,0.4241497783919286,0.3973284463162893
2016-11-30,False,9,0.426417791841937,0.3601151984839216,0.3765715733466401
2016-12-01,False,9,0.4300008549624784,0.391797578755096,0.39855820720934937
2016-12-02,False,9,0.4243149702409494,0.4193693384036679,0.4058378130429992
2016-12-05,False,9,0.3591302872599793,0.3134129680577024,0.3145251931253263
2016-12-06,False,9,0.36140770818080253,0.2929066718999602,0.3130490650594513
2016-12-07,False,9,0.3253320005240375,0.365695116218744,0.31660582948859395
2016-12-08,False,9,0.32137549208489796,0.36826062833297596,0.31540295322312567
2016-12-09,False,9,0.324971436544915,0.3164968665940812,0.29788488546178793
2016-12-12,False,9,0.325917309816386,0.3167352776228519,0.29943108243951855
2016-12-13,False,9,0.32642044736523257,0.3413163631627163,0.3116607758664772
2016-12-14,False,9,0.34021223551996754,0.33505320094107804,0.3192215077653544
2016-12-15,False,9,0.3440169277485268,0.2889156898078045,0.30571468753803854
2016-12-16,False,9,0.3503268529839022,0.27406959698040545,0.30740546231981497
2016-12-19,False,9,0.3403629122125005,0.31171084649613134,0.3176083776736939
2016-12-20,False,9,0.3279709987572735,0.3092159103995848,0.30546686988695165
2016-12-21,False,9,0.33243552414604133,0.278088687187737,0.2948716928592181
2016-12-22,False,9,0.34200251315974245,0.2955426152846188,0.3128258287809046
2016-12-23,False,9,0.32641634272035425,0.28539869633723935,0.2954016954114451
2016-12-27,False,9,0.32898257854010754,0.2908916148105623,0.30261539828530326
2016-12-28,False,9,0.33791592506176965,0.24821170393600006,0.28586068220854377
2016-12-29,False,9,0.3260976069849282,0.2753405034575511,0.2888157406898186
2016-12-30,False,9,0.33873784526781,0.2623005603270696,0.29418801746270173
2017-01-03,False,9,0.33439444886393216,0.3436847461429623,0.3280587834542193
2017-01-04,False,9,0.32024366683463235,0.3720567758276733,0.32345823179931504
2017-01-05,False,9,0.3250921770889107,0.3358903490387671,0.31278563014544675
2017-01-06,False,9,0.30232910735884355,0.2497054729177074,0.25671704292849806
2017-01-09,False,9,0.30982741494854954,0.2316867568931506,0.2556535781917388
2017-01-10,False,9,0.3019803250141162,0.20480637546854782,0.23521930911147654
2017-01-11,False,9,0.2987078076097509,0.20125569274398422,0.2302267287489328
2017-01-12,False,9,0.30206122175608624,0.2086806038658288,0.23649849533437742
2017-01-13,False,9,0.30367049428751747,0.2124553455089184,0.23988689287343312
2017-01-17,False,9,0.30983128995104603,0.21366008740846582,0.24628057792913405
2017-01-18,False,9,0.304535809922448,0.23081094232472651,0.2494290556620453
2017-01-19,False,9,0.3075583034005816,0.2443700312276166,0.25841978831865253
2017-01-20,False,9,0.30760998764301845,0.2545561085259035,0.2635463813771865
2017-01-23,False,9,0.3009043935927498,0.22989692666650843,0.2441211721597815
2017-01-24,False,9,0.29157430295212283,0.20544255015587612,0.22004611885923184
2017-01-25,False,9,0.28009525621932724,0.16903175910207713,0.1907079666997674
2017-01-26,False,9,0.28648619917209095,0.16072362772141177,0.19050805538578636
2017-01-27,False,9,0.29027329331301777,0.1620242134748159,0.1944437806461833
2017-01-30,False,9,0.29049816723861527,0.10390466189040684,0.1588917066401751
2017-01-31,False,9,0.2803968033386897,0.18862605024423573,0.20241491415736207
2017-02-01,False,9,0.2765279583729395,0.23621224654967962,0.22284003548884876
2017-02-02,False,9,0.27918078570168414,0.21958294724703553,0.2159734938436069
2017-02-03,False,9,0.27654835806901124,0.20922931784318188,0.21988985609702058
2017-02-06,False,9,0.28162623027759515,0.26254718507681185,0.25027819162545945
2017-02-07,False,9,0.2829957639737247,0.24303700710834467,0.2500304436342466
2017-02-08,False,9,0.2845944963630492,0.36435696690164493,0.3020825165210415
2017-02-09,False,9,0.28281762212809924,0.3334133027064913,0.28477793616552116
2017-02-10,False,9,0.28338684372709144,0.3783370149173443,0.30138529840853345
2017-02-13,False,9,0.28422049334514743,0.3525757906950687,0.29124358542485845
2017-02-14,False,9,0.2801834206762563,0.3667900296278913,0.2925420065718387
2017-02-15,False,9,0.2791700990403996,0.41014902080349186,0.3081676220858463
2017-02-16,False,9,0.27913005534541124,0.4066826276743136,0.3077196569871928
2017-02-17,False,9,0.2822467195354864,0.43810808909577037,0.3273595684641895
2017-02-21,False,9,0.28203307936943095,0.42430133760501293,0.3190171735466278
2017-02-22,False,9,0.2867406754357084,0.42367398730071315,0.3235154719982423
2017-02-23,False,9,0.29669725050310686,0.3929910703650688,0.3231613038300157
2017-02-24,False,9,0.28810869000591094,0.3837910882916262,0.3120249073355717
2017-02-27,False,9,0.28706962462071006,0.37734990326648,0.3079280940337797
2017-02-28,False,9,0.28721724074587224,0.3345361086956637,0.2882521330148076
2017-03-01,False,9,0.2816112261793886,0.38004626358027693,0.2861954323932149
2017-03-02,False,9,0.29560641071075555,0.3932380440414123,0.3027979763180565
2017-03-03,False,9,0.299696268311705,0.34825762367460905,0.28932983142554003
2017-03-06,False,9,0.309252063346131,0.37551905668246516,0.3100826095399257
2017-03-07,False,9,0.31896965397236715,0.33949477440837356,0.3097065011713498
2017-03-08,False,9,0.32348526748556755,0.293370812951064,0.2897600201216073
2017-03-09,False,9,0.3272638491023503,0.3152706101573021,0.3044499512354792
2017-03-10,False,9,0.31801857094779623,0.3459066141269978,0.30815610874815064
2017-03-13,False,9,0.31781048108500143,0.3238899750134098,0.2965843373873441
2017-03-14,False,9,0.3083686556702884,0.35801347432360475,0.3078444906497399
2017-03-15,False,9,0.3064096429121371,0.28715423258402956,0.2658145211871015
2017-03-16,False,9,0.3075144516414309,0.29564660932051406,0.2700090314750497
2017-03-17,False,9,0.3075221116364534,0.296079882160568,0.27075463240456515
2017-03-20,False,9,0.3116010979240484,0.32467176429180716,0.28821656734875517
2017-03-21,False,9,0.3331143770590357,0.3050445682188035,0.2907623490890887
2017-03-22,False,9,0.3276772964168235,0.34968337198492583,0.3065641528726846
2017-03-23,False,9,0.3284276050283325,0.3033782364285517,0.28647740220898854
2017-03-24,False,9,0.33230979365708246,0.36086532880928474,0.31831384721457795
2017-03-27,False,9,0.32072656800152893,0.35210265881805075,0.30919833640030986
2017-03-28,False,9,0.31773020724727974,0.3457304931536413,0.3011532361343547
2017-03-29,False,9,0.3076515232222157,0.32220551440584655,0.2835382400981878
2017-03-30,False,9,0.3099172118448732,0.36082300763819736,0.3047318397244726
2017-03-31,False,9,0.31394049772287547,0.3663396366973813,0.3170408652850824
2017-04-03,False,9,0.3169175113877916,0.44867987953135696,0.35607315813544443
2017-04-04,False,9,0.31713819560758044,0.4485492664987858,0.3558253700443933
2017-04-05,False,9,0.3168677737195804,0.48934817672894976,0.3706425834180203
2017-04-06,False,9,0.3165901543175079,0.4988878122092008,0.3715632035435929
2017-04-07,False,9,0.31865307774394086,0.509932897230166,0.3779198530919112
2017-04-10,False,9,0.3129801697937881,0.5042593266149853,0.3699473148718844
2017-04-11,False,9,0.3138532629584918,0.5131887009062172,0.3757686697601705
2017-04-12,False,9,0.3207078341919094,0.5374345824369424,0.3906835212920984
2017-04-13,False,9,0.33381121264954783,0.5464535216367047,0.4052009875389923
2017-04-17,False,9,0.3256016696813319,0.5675926255291645,0.3995987017344815
2017-04-18,False,9,0.3301463061391331,0.5319746843958528,0.38949500897671496
2017-04-19,False,9,0.3290218220112415,0.5628987150650662,0.4030173011720015
2017-04-20,False,9,0.32839880888836537,0.48928034531799935,0.37026433238348666
2017-04-21,False,9,0.33581568191114364,0.4756526729391274,0.37548945304362374
2017-04-24,False,9,0.3259160913483768,0.5066345831834818,0.36711314450194066
2017-04-25,False,9,0.32047356548275385,0.543195389735874,0.37561033341647
2017-04-26,False,9,0.31076578977823005,0.5440782251371562,0.37080065286984787
2017-04-27,False,9,0.31046225204469646,0.4932374382359382,0.3467367981747076
2017-04-28,False,9,0.3160530589055593,0.4745910385642938,0.34263540663034836
2017-05-01,False,9,0.315723283389341,0.5037880821924042,0.35434512183996086
2017-05-02,False,9,0.3184465227381271,0.45249696080746366,0.3383414612179519
2017-05-03,False,9,0.3206690398069856,0.40393525662066293,0.32010386133904284
2017-05-04,False,9,0.321897093940341,0.40409000432189374,0.3226861928761655
2017-05-05,False,9,0.31879710655219484,0.4187567005704816,0.32409375947082486
2017-05-08,False,9,0.32377534105066613,0.4635071008182871,0.35179158542188943
2017-05-09,False,9,0.3273777566813469,0.3857342718355704,0.3230526109992904
2017-05-10,False,9,0.3282614632557318,0.3855633191993012,0.32466794207434935
2017-05-11,False,9,0.3320677011046028,0.4110699474505963,0.3397177618354788
2017-05-12,False,9,0.33910545186013596,0.4533292072652129,0.36687504063731374
2017-05-15,False,9,0.3345789228579174,0.4386752192875383,0.35259386187942415
2017-05-16,False,9,0.33752794838682065,0.4605048514551716,0.3643257878009985
2017-05-17,False,9,0.37127582352562316,0.46790097692806404,0.3924200564201726
2017-05-18,False,9,0.36820344861542176,0.4518888751933374,0.38449591305121317
2017-05-19,False,9,0.3570963829578374,0.3838709990934577,0.3361977485785843
2017-05-22,False,9,0.35483666937952535,0.36673172729757425,0.3236700005816092
2017-05-23,False,9,0.35545403821927335,0.43870825170668337,0.3552342599043106
2017-05-24,False,9,0.3484603562698375,0.36214364321227105,0.3117142878295341
2017-05-25,False,9,0.3490802608853049,0.34662601150366773,0.31860154788081607
2017-05-26,False,9,0.33623524249105263,0.3553144983790616,0.3113801741723384
2017-05-30,False,9,0.3384944535296874,0.38258931577762,0.32582336928049205
2017-05-31,False,9,0.33150402639629817,0.4010513359070048,0.32856300061565263
2017-06-01,False,9,0.3215003492871811,0.3522870971861712,0.291320139744143
2017-06-02,False,9,0.31658853892744765,0.4305177565783163,0.31882642774971254
2017-06-05,False,9,0.3184690750763281,0.472366511968776,0.3373823261377154
2017-06-06,False,9,0.3234496961937832,0.4576607625389985,0.3372899427479678
2017-06-07,False,9,0.3253884282080839,0.45471154803836106,0.3389940195365052
2017-06-08,False,9,0.3169618332132115,0.42800067281305504,0.3223440801672923
2017-06-09,False,9,0.3192371659390257,0.49114349257516915,0.36642849602072
2017-06-12,False,9,0.31730837743273793,0.44415856381621244,0.3449760335437093
2017-06-13,False,9,0.3149491926560637,0.4376800409767789,0.33623627437522596
2017-06-14,False,9,0.317269573124304,0.44314650099321357,0.3418203506975715
2017-06-15,False,9,0.29865252441803847,0.41847759136953205,0.32407909698119736
2017-06-16,False,9,0.3006783941897938,0.4013385457169645,0.3196171982864307
2017-06-19,False,9,0.2980139737659239,0.3895478084456973,0.3084717861457282
2017-06-20,False,9,0.3068004876227703,0.3741203709221931,0.3065322063623808
2017-06-21,False,9,0.31037276857658236,0.3830283323647231,0.31398340172895395
2017-06-22,False,9,0.31384894891126885,0.3554329927273619,0.3095350511335162
2017-06-23,False,9,0.31201860249896324,0.36897321611592643,0.3124107344795569
2017-06-26,False,9,0.3123083953967127,0.3768017778778848,0.3158156374856524
2017-06-27,False,9,0.3241481810825216,0.36324969763650244,0.31671557058419303
2017-06-28,False,9,0.31595671659031854,0.36520183603555184,0.3033740333302701
2017-06-29,False,9,0.32709059399934515,0.4527638278532831,0.3472782485657012
2017-06-30,False,9,0.3187463275299718,0.4851149452171727,0.3534323605618125
2017-07-03,False,9,0.3200099818710859,0.4462363787140354,0.34046428448178767
2017-07-05,False,9,0.3196101777576082,0.42412251952283747,0.3317759918951923
2017-07-06,False,9,0.3344293542987707,0.4199957348796529,0.3396357297236033
2017-07-07,False,9,0.3322121562660727,0.4121435919587628,0.33103587487278574
2017-07-10,False,9,0.3205276434462364,0.3958445831962397,0.31182087826632715
2017-07-11,False,9,0.30932718927990305,0.39856712312324716,0.3060659669388251
2017-07-12,False,9,0.30991163163109214,0.40732844260925516,0.31354127080968375
2017-07-13,False,9,0.3073624636217798,0.3813669204530484,0.2987123993626059
2017-07-14,False,9,0.3043129931482869,0.3562390969122644,0.283121419377634
2017-07-17,False,9,0.3076874602347635,0.4083497871863849,0.30988477634632056
2017-07-18,False,9,0.305266648335471,0.36407807678918375,0.28950273053542785
2017-07-19,False,9,0.30522144574594984,0.2532020696705749,0.24529647267996157
2017-07-20,False,9,0.3105195769638394,0.2800492940102034,0.26377273204710516
2017-07-21,False,9,0.3115468151461232,0.2676304241022668,0.25695688330631233
2017-07-24,False,9,0.3140417278495165,0.32674198358460715,0.2861291307725819
2017-07-25,False,9,0.30453270655880754,0.22937592338619378,0.23611586548118343
2017-07-26,False,9,0.3074038545397943,0.2119758710755493,0.23179358651625517
2017-07-27,False,9,0.3099179990876104,0.25814283908061414,0.25977796988640905
2017-07-28,False,9,0.3089886830877471,0.25534758720719425,0.26063564530773126
2017-07-31,False,9,0.30923532403496073,0.2976549642496931,0.279441199240758
2017-08-01,False,9,0.31250480849139334,0.3501310644058796,0.3094990194849986
2017-08-02,False,9,0.31310123294788006,0.38665350702516976,0.32771083589273164
2017-08-03,False,9,0.3157839640428163,0.32960023905758845,0.30399119507909733
2017-08-04,False,9,0.3156492408457109,0.3016864994772421,0.2902604551066136
2017-08-07,False,9,0.3123466772983118,0.3302885075167207,0.30079161525566867
2017-08-08,False,9,0.31180635235889226,0.37867259497424455,0.3225744181942225
2017-08-09,False,9,0.3170714625301465,0.3692088938245976,0.3260018819339241
2017-08-10,False,9,0.3352864498493671,0.41385321694879645,0.3554140216382184
2017-08-11,False,9,0.30386160113676897,0.2800979693024427,0.27890179803322146
2017-08-14,False,9,0.3004257458405189,0.3100655593299391,0.2813889687532518
2017-08-15,False,9,0.3060347845048402,0.22256928672074794,0.24921253752109343
2017-08-16,False,9,0.3072238147531595,0.25097293967695494,0.2673627902901711
2017-08-17,False,9,0.33515253911801596,0.2952659774306429,0.29953341826452184
2017-08-18,False,9,0.3405722128922938,0.2977969889653956,0.3061962504071816
2017-08-21,False,9,0.34186226925316576,0.26854880958902416,0.29351864678572115
2017-08-22,False,9,0.33850747781855495,0.295620768390989,0.2985326999243822
2017-08-23,False,9,0.3403809196304805,0.3726145065867765,0.3356016599765431
2017-08-24,False,9,0.3423035381038648,0.3625864239924972,0.33374346353014805
2017-08-25,False,9,0.3440844832813098,0.2449115845473464,0.2851809462931114
2017-08-28,False,9,0.3449667066869032,0.1783388797526247,0.2488003391352865
2017-08-29,False,9,0.34056781427941835,0.1924583034068118,0.25398696494120115
2017-08-30,False,9,0.33551286050349105,0.17300224335728492,0.23643428720072257
2017-08-31,False,9,0.3315956198764063,0.19072905267727233,0.24054572197731997
2017-09-01,False,9,0.33084934356050216,0.18252989404864917,0.23256448266548324
2017-09-05,False,9,0.34270843087809233,0.21739694259044065,0.2566235982718855
2017-09-06,False,9,0.34127487788610633,0.26170357801711686,0.27802060277529483
2017-09-07,False,9,0.34506644073699494,0.24476564827416053,0.2779262942585347
2017-09-08,False,9,0.34224421280123946,0.21835203626132413,0.2622319007315125
2017-09-11,False,9,0.33382174901887196,0.2947298866875769,0.2862859801137984
2017-09-12,False,9,0.3296341392231097,0.30463056455489657,0.28589529561459415
2017-09-13,False,9,0.3342421228663587,0.2516115491116968,0.26866937204876834
2017-09-14,False,9,0.3246426458425931,0.26581912284035875,0.27005587068272535
2017-09-15,False,9,0.3189919523438447,0.31460789478207585,0.2861509249123013
2017-09-18,False,9,0.31694171923971387,0.3182444817359956,0.28528121375999516
2017-09-19,False,9,0.31986474210538546,0.35330919501531,0.30616225288168203
2017-09-20,False,9,0.3197646811324365,0.30149607798841793,0.28335474517538295
2017-09-21,False,9,0.31107952182601567,0.2895792721200159,0.2743137876243829
2017-09-22,False,9,0.31308681228367163,0.25423373925391346,0.2679579402220138
2017-09-25,False,9,0.301830511592427,0.26559580778801617,0.26893929766110775
2017-09-26,False,9,0.30323500395510244,0.29065960420108905,0.2817135756594649
2017-09-27,False,9,0.30236353931188137,0.32467070985355684,0.2967299798238316
2017-09-28,False,9,0.30126781331889174,0.31024890629541557,0.28757438945867353
2017-09-29,False,9,0.28592541674289923,0.29016193128532186,0.2695075699543659
2017-10-02,False,9,0.28595784124924467,0.26324238199876027,0.2588904614296473
2017-10-03,False,9,0.2850113936325121,0.26164424505835765,0.2566447644827041
2017-10-04,False,9,0.2844286675868364,0.27847423669886756,0.2638423572184617
2017-10-05,False,9,0.285220524935724,0.23126679683958654,0.24365436655868056
2017-10-06,False,9,0.28689549209446863,0.25341513054257664,0.25606130116436315
2017-10-09,False,9,0.29276748848038153,0.21415689073822067,0.2426602475272851
2017-10-10,False,9,0.29233978508429564,0.23296324815007025,0.25214413693091087
2017-10-11,False,9,0.29037610974063144,0.2900292591491979,0.27618855668567693
2017-10-12,False,9,0.29347878098920377,0.26628129576874954,0.27190535561303547
2017-10-13,False,9,0.2915470613185912,0.2511100993829525,0.26367505252898377
2017-10-16,False,9,0.29037172339894124,0.25775105100359536,0.26516830234191374
2017-10-17,False,9,0.28884997775604276,0.26502656079609155,0.26706902902758617
2017-10-18,False,9,0.29111331111020644,0.17539710422108734,0.21946677113845936
2017-10-19,False,9,0.2870584319678009,0.251412336623843,0.25474854924184387
2017-10-20,False,9,0.28263560395664894,0.2794983203786675,0.25877049952012615
2017-10-23,False,9,0.28498832503890076,0.19885410223751687,0.21934512928759825
2017-10-24,False,9,0.281212422215676,0.15231729845980477,0.19259373817869152
2017-10-25,False,9,0.28975494679422414,0.1813929872824783,0.21367205624610533
2017-10-26,False,9,0.28620591847112525,0.2007757521202752,0.22221323091332768
2017-10-27,False,9,0.2823113128277981,0.11570806840491935,0.17231894267329384
2017-10-30,False,9,0.29130343478362,0.11823740174414643,0.17881535118081154
2017-10-31,False,9,0.29093568095660216,0.15697483058080905,0.20342077744746392
2017-11-01,False,9,0.2884339082498003,0.16629992501611046,0.20767203857901137
2017-11-02,False,9,0.2871974519175807,0.18883477455154948,0.22083266876284313
2017-11-03,False,9,0.26601193883654245,0.09550674454702958,0.15669160156126688
2017-11-06,False,9,0.2659848501726969,0.11184855661311585,0.1685978089508816
2017-11-07,False,9,0.2715946224319542,0.08402126743533427,0.1566015510948968
2017-11-08,False,9,0.26822960802632,0.09584319947701737,0.16466773980713448
2017-11-09,False,9,0.2763815113090236,0.13690641930139552,0.19939980067660498
2017-11-10,False,9,0.24724291896180833,0.08152369354922892,0.15191117297045317
2017-11-13,False,9,0.2419812817328048,0.06122320465354224,0.13111004720250008
2017-11-14,False,9,0.24395416965543273,0.06569285395024828,0.13591984929537002
2017-11-15,False,9,0.25377505058911937,0.06419032623939722,0.1435852492603547
2017-11-16,False,9,0.24847745335081456,0.06312959193268478,0.13465251280810028
2017-11-17,False,9,0.24691748510467793,0.06778808366921031,0.13789490316494898
2017-11-20,False,9,0.2467040177282714,0.05794518549243736,0.12847313570080707
2017-11-21,False,9,0.24468895447414235,0.07488429583114366,0.14078028880469184
2017-11-22,False,9,0.2456729321881517,0.07514003685252327,0.14144990761202064
2017-11-24,False,9,0.24724369463108495,0.05155929208739327,0.12111281022959706
2017-11-27,False,9,0.25141095785222123,0.037978195755958545,0.10927845673481873
2017-11-28,False,9,0.2520723026773323,0.06299541072898975,0.132900848110535
2017-11-29,False,9,0.239261978104954,0.014754644408662611,0.06821191731879363
2017-11-30,False,9,0.23735123416282242,0.0379578619961455,0.10154891461872684
2017-12-01,False,9,0.23988458505624388,0.03982182378269245,0.10474945802918276
2017-12-04,False,9,0.237722798301088,0.058268210483325165,0.12364649580180337
2017-12-05,False,9,0.2485710815899746,0.0733415752975325,0.14632350746862693
2017-12-06,False,9,0.2521378122416142,0.08629346172503079,0.16048695674586552
2017-12-07,False,9,0.2487862270333963,0.14156336198764427,0.19587107035653695
2017-12-08,False,9,0.24599428442826438,0.16137115491595386,0.2044977768190588
2017-12-11,False,9,0.2470965743931573,0.19666926720324837,0.2254958164474636
2017-12-12,False,9,0.2500745017952146,0.15211918441202824,0.20333455311140242
2017-12-13,False,9,0.24798438831619035,0.13868622920532975,0.1931058449948175
2017-12-14,False,9,0.2577847107671631,0.1719199431538986,0.2179335556674759
2017-12-15,False,9,0.2514583126621702,0.1644205783536867,0.20420175849769884
2017-12-18,False,9,0.24950042659845595,0.15319455942303103,0.19311776217146942
2017-12-19,False,9,0.2515377715850514,0.12812483509646003,0.1787828582445848
2017-12-20,False,9,0.25173695472172775,0.11577562454602569,0.17116645698253172
2017-12-21,False,9,0.25278379546861374,0.12779652695124916,0.18037326301195872
2017-12-22,False,9,0.2540914945407705,0.1004321242392752,0.1624492766311638
2017-12-26,False,9,0.25500900754392697,0.10859045369902774,0.169099547744452
2017-12-27,False,9,0.258075479808096,0.17901912808221673,0.21622190074604689
2017-12-28,False,9,0.25796747078095306,0.18089219284013403,0.2166893974458137
2017-12-29,False,9,0.2648522707629935,0.1543759182912145,0.20538125084688072
2018-01-02,False,9,0.26401748206823134,0.07229057390780472,0.14426278581924992
2018-01-03,False,9,0.26061784100210084,0.06353029569699734,0.1339494687076616
2018-01-04,False,9,0.25499911893821636,0.08991342737839382,0.15267933335742595
2018-01-05,False,9,0.2531352960741724,0.17177389206768187,0.2020567954495439
2018-01-08,False,9,0.2519370526104588,0.17892235047616906,0.20496842532462584
2018-01-09,False,9,0.2520566993683496,0.20745549273977268,0.22041799939055223
2018-01-10,False,9,0.2548345363688293,0.1761864028178304,0.2065968810874925
2018-01-11,False,9,0.25258263244009693,0.3267437741599338,0.27006461816205896
2018-01-12,False,9,0.24819101770655855,0.24333558093124322,0.22743053207097497
2018-01-16,False,9,0.2576604255771812,0.2908230114898486,0.25585930070667384
2018-01-17,False,9,0.2547966030598413,0.2780318707246217,0.24419136098018426
2018-01-18,False,9,0.262172730867718,0.2199943715746004,0.22462362097034005
2018-01-19,False,9,0.2528152719608825,0.19401910684412144,0.2017249215896683
2018-01-22,False,9,0.25316284985265575,0.12288723806783415,0.1626393853540645
2018-01-23,False,9,0.2433769828195627,0.09993015327021723,0.1435324721189944
2018-01-24,False,9,0.2442271181465405,0.14601849110387155,0.17031602241505023
2018-01-25,False,9,0.24555421682702835,0.15256859274171075,0.17505406258582878
2018-01-26,False,9,0.23473676764123166,0.16122586050618815,0.17189385179060523
2018-01-29,False,9,0.24543748945428,0.12356527620259604,0.15663769912541647
2018-01-30,False,9,0.2562385347764767,0.09558907136024603,0.14284843917929957
2018-01-31,False,9,0.25705358599637573,0.11134865358856134,0.1536514132224435
2018-02-01,False,9,0.25894190835875086,0.09717573182192195,0.14629113670118848
2018-02-02,False,9,0.2992872010721682,0.1575295428220752,0.19272519654222534
2018-02-05,False,9,0.38850620259407714,0.2354192881913981,0.250725423260966
2018-02-06,False,9,0.3838876587753533,0.16912905767549224,0.20703440881722104
2018-02-07,False,9,0.3786484928319662,0.18807584789404805,0.2154375939563577
2018-02-08,False,9,0.4507429369939415,0.28126477637856445,0.2969773162030298
2018-02-09,False,9,0.4469567783491683,0.3191174550378283,0.3109047064548634
2018-02-12,False,9,0.437714628559363,0.33149162541376054,0.30239450960596803
2018-02-13,False,9,0.4273680625924059,0.3185716671164833,0.2882570262666549
2018-02-14,False,9,0.4266301697094253,0.44638097795033177,0.3425694262402021
2018-02-15,False,9,0.41971440910344354,0.375649215030388,0.3034759375417355
2018-02-16,False,9,0.4217878447313406,0.32384157635854144,0.28441687791963177
2018-02-20,False,9,0.4377839859841253,0.3449283573205124,0.3082266932936802
2018-02-21,False,9,0.44116486823042367,0.3701400091352081,0.32359581696200823
2018-02-22,False,9,0.4412672600045406,0.3633902470872881,0.32243751369910584
2018-02-23,False,9,0.43201232165682873,0.33714400323424043,0.29853251550759474
2018-02-26,False,9,0.43287697045291595,0.32079167751490967,0.29252989848013383
2018-02-27,False,9,0.4524880008759045,0.4199793941448153,0.34787408813311105
2018-02-28,False,9,0.4759346457984227,0.4751918079550921,0.3952991839464904
2018-03-01,False,9,0.48429148121331356,0.3960054230581911,0.3678827872821285
2018-03-02,False,9,0.4816103739387496,0.5011158773298623,0.40809538920379107
2018-03-05,False,9,0.46759467641035113,0.5068622546530372,0.3949400361380551
2018-03-06,False,9,0.4609204112567523,0.49997572563539455,0.3839415412913988
2018-03-07,False,9,0.46568540950185955,0.5042976588708288,0.39168852667794846
2018-03-08,False,9,0.4661378960319549,0.5344752582780276,0.4074634018087806
2018-03-09,False,9,0.45818987291285823,0.5304593582032628,0.3960658007143843
2018-03-12,False,9,0.4593117541927376,0.5287823109070537,0.39670876908732194
2018-03-13,False,9,0.4676219601642842,0.5336365690898788,0.40748432690225866
2018-03-14,False,9,0.46805356074915283,0.5019277945639511,0.39255301132462295
2018-03-15,False,9,0.478963696315126,0.5229934011557508,0.41756941435165534
2018-03-16,False,9,0.4818618201227213,0.4950303143397924,0.4075266031602318
2018-03-19,False,9,0.4941763309519449,0.49583399830533864,0.4188605522344716
2018-03-20,False,9,0.4942880834083412,0.5176401073494314,0.42966264010265776
2018-03-21,False,9,0.4948199835396178,0.5866766999850279,0.4651610896192269
2018-03-22,False,9,0.5352286702840994,0.587984266264568,0.5020320039294582
2018-03-23,False,9,0.5578324870602237,0.5492970315905881,0.5079014843117057
2018-03-26,False,9,0.5501850172967467,0.5441292413627855,0.48957693082695586
2018-03-27,False,9,0.5713062402426933,0.5528978044708446,0.5185731690399805
2018-03-28,False,9,0.569609312053355,0.5525724029920838,0.5191707339710875
2018-03-29,False,9,0.5680081566109665,0.5486752241306871,0.512329645651807
2018-04-02,False,9,0.6017913404480777,0.5279079371520847,0.534106743188994
2018-04-03,False,9,0.5970452996475539,0.5608558156245412,0.5419638415542538
2018-04-04,False,9,0.5941195610979677,0.5641955326958975,0.5399414394459279
2018-04-05,False,9,0.5900736848328308,0.5614978007981473,0.532611490358253
2018-04-06,False,9,0.6188313107575006,0.5657924133503166,0.5623790216336901
2018-04-09,False,9,0.6151038454633169,0.5675760852260144,0.5604752598865953
2018-04-10,False,9,0.613456735445925,0.6075497815141628,0.5764161569922461
2018-04-11,False,9,0.6204864981607182,0.6076250580113716,0.5852412733456696
2018-04-12,False,9,0.6086595623400296,0.6002556189524582,0.5677808763025973
2018-04-13,False,9,0.6157966417829439,0.5854017049765843,0.570264648679666
2018-04-16,False,9,0.6063825942197686,0.5866434594585642,0.5597329212447713
2018-04-17,False,9,0.6064538009812981,0.558792858162871,0.5469135647291238
2018-04-18,False,9,0.6072026120419631,0.5643044105359932,0.5513385043984154
2018-04-19,False,9,0.6173022756619777,0.5873859688320566,0.5769956040421594
2018-04-20,False,9,0.6268803255067197,0.5568552021037065,0.5723585893804917
2018-04-23,False,9,0.6274513868606828,0.5950320442655364,0.5907327458103252
2018-04-24,False,9,0.6503849171489567,0.5907005909507027,0.6159935732669254
2018-04-25,False,9,0.6428006316322618,0.5810507763617786,0.6037165496566589
2018-04-26,False,9,0.6310547932368634,0.5825327537659128,0.5946416696883975
2018-04-27,False,9,0.6311802166547776,0.5957607814211655,0.6021318574362113
2018-04-30,False,9,0.6388681496061261,0.5974493012080698,0.611311880219086
2018-05-01,False,9,0.6105700324568373,0.5899912586557292,0.5827198433782285
2018-05-02,False,9,0.547111734852879,0.5844980620330158,0.5341816226050864
2018-05-03,False,9,0.5582876350935152,0.5810234170597536,0.549815673042256
2018-05-04,False,9,0.5499344722267286,0.5826408433596589,0.5369199082667855
2018-05-07,False,9,0.48224104482809543,0.5991180025590479,0.49130721070438654
2018-05-08,False,9,0.4894983142297121,0.5556925584137162,0.4805144742599139
2018-05-09,False,9,0.4929870695017401,0.5871237050665198,0.5052103461998914
2018-05-10,False,9,0.49021467709783595,0.5819416895290304,0.4976494275381388
2018-05-11,False,9,0.49755182664372527,0.5929282552023096,0.515791128188166
2018-05-14,False,9,0.5054977086766216,0.5845176107877892,0.5225729810160563
2018-05-15,False,9,0.5109939333888338,0.5842824895907891,0.5273287236557298
2018-05-16,False,9,0.49519063633514426,0.5853059332544407,0.5105032381666296
2018-05-17,False,9,0.48971241248848585,0.5680312375745118,0.49581069789680826
2018-05-18,False,9,0.49145521463577857,0.567491681572693,0.4970966553624888
2018-05-21,False,9,0.4936142745725965,0.5720774426845511,0.505003184860623
2018-05-22,False,9,0.5073536823092574,0.5727584775288684,0.5214761509489763
2018-05-23,False,9,0.4889622614476984,0.5481554598559935,0.49267397340033614
2018-05-24,False,9,0.4716048327818279,0.5478132731116778,0.47697987414662
2018-05-25,False,9,0.4621103489007826,0.5409631275247656,0.46332954559501954
2018-05-29,False,9,0.47738475599480096,0.5094174140687149,0.4650438291700143
2018-05-30,False,9,0.47631784907561736,0.5354852336255378,0.47466295689419613
2018-05-31,False,9,0.49395975073726583,0.5518269869777408,0.5004968853474117
2018-06-01,False,9,0.487169240916404,0.5816040712090293,0.5053821952580286
2018-06-04,False,9,0.48638141246354194,0.5581253546602867,0.4926930614136416
2018-06-05,False,9,0.4911249126253083,0.5501902395872611,0.4966628195291014
2018-06-06,False,9,0.4834717000325253,0.5537329923035694,0.4891231184225995
2018-06-07,False,9,0.4789316524276863,0.5782053233739805,0.4969015714817348
2018-06-08,False,9,0.4664111417951927,0.5391377364335657,0.46489401332376057
2018-06-11,False,9,0.4596436101820109,0.5397769904483803,0.45772267950812157
2018-06-12,False,9,0.46074849982507066,0.5776753365396067,0.47795798683497376
2018-06-13,False,9,0.4527455905982242,0.5266783610936479,0.4483920174313118
2018-06-14,False,9,0.45116603915217507,0.4953034104418366,0.4312721494163473
2018-06-15,False,9,0.45402635773347394,0.48787936128817944,0.43055938834944807
2018-06-18,False,9,0.41304795101329045,0.48950515447062465,0.4017101064232789
2018-06-19,False,9,0.3974899198877544,0.4831151278688502,0.3878687438824698
2018-06-20,False,9,0.40007419068032557,0.4590875186018043,0.3942253034962464
2018-06-21,False,9,0.3898797312334727,0.3997331787728818,0.3579375654350553
2018-06-22,False,9,0.3834358279422236,0.39486041314466697,0.34833403123933604
2018-06-25,False,9,0.4087926442172048,0.4196736044319264,0.388072846312937
2018-06-26,False,9,0.3682171894108017,0.3130389845144664,0.31169746328849235
2018-06-27,False,9,0.3871189397317636,0.3660068645526359,0.35903898538446594
2018-06-28,False,9,0.3913267207043785,0.3472055670169137,0.35990524058615603
2018-06-29,False,9,0.3942928556639878,0.41472574645807503,0.399876854720516
2018-07-02,False,9,0.3559540963024485,0.33038102143791853,0.3362632226219651
2018-07-03,False,9,0.3588126955674139,0.3080128301147726,0.3285644307433795
2018-07-05,False,9,0.35763043458920996,0.3680204361802597,0.3633427749605001
2018-07-06,False,9,0.350830706464815,0.33313631378091824,0.3373773422552696
2018-07-09,False,9,0.3499164545417122,0.36921739839838896,0.35106417719217803
2018-07-10,False,9,0.3464916344567296,0.39222901774765156,0.35734938062059274
2018-07-11,False,9,0.36268868011185884,0.3623748109424326,0.3609064737364283
2018-07-12,False,9,0.36398882031742896,0.2908469275152862,0.3283199386943136
2018-07-13,False,9,0.3651613499554602,0.2847903687441724,0.3263378316225925
2018-07-16,False,9,0.36085298681297096,0.2648254952542346,0.3097990330532433
2018-07-17,False,9,0.346717596912168,0.2679934912475162,0.2991676317505414
2018-07-18,False,9,0.34343567324670965,0.3271814811255422,0.32599460778195055
2018-07-19,False,9,0.32061387844362704,0.18720009137657956,0.2425624881379756
2018-07-20,False,9,0.3218945652385338,0.2191229354970501,0.26079996489308654
2018-07-23,False,9,0.32561763017678774,0.1298877598394873,0.20760916889017617
2018-07-24,False,9,0.3233622165663214,0.07053974909756464,0.1578950355447523
2018-07-25,False,9,0.3083813519190222,0.06891701777989039,0.14892346593527975
2018-07-26,False,9,0.3076506336983861,0.1602165031315533,0.21821471921241944
2018-07-27,False,9,0.30761461017495034,0.08838776432767816,0.16768445110041402
2018-07-30,False,9,0.3116152630854294,0.20709391845083577,0.24593971471028236
2018-07-31,False,9,0.31150433544913303,0.20933228803083828,0.2510839315806676
2018-08-01,False,9,0.3219821243863073,0.25479317274393437,0.2855947829014434
2018-08-02,False,9,0.3190622676430026,0.2587000135403652,0.28470170247263904
2018-08-03,False,9,0.31960292062167134,0.324915312679911,0.31760254574196245
2018-08-06,False,9,0.32161327467609746,0.26496325810706783,0.29305521263805023
2018-08-07,False,9,0.32060114000555784,0.19183399444829224,0.2518742163027334
2018-08-08,False,9,0.32363243879817505,0.19515473412932857,0.25669614918430883
2018-08-09,False,9,0.3198663649682803,0.22363273002236841,0.26968847272262875
2018-08-10,False,9,0.334295635075068,0.2895319949377441,0.31983350838804675
2018-08-13,False,9,0.34393081237284495,0.27801868825232234,0.32215884986465776
2018-08-14,False,9,0.3398630953973866,0.22437693862417463,0.28727452629443495
2018-08-15,False,9,0.3573117034129418,0.2724172538976902,0.330898916856248
2018-08-16,False,9,0.3450913465422159,0.2594848953739905,0.30949034319028995
2018-08-17,False,9,0.3434525534287597,0.33567865789306356,0.3445739789147797
2018-08-20,False,9,0.34096754493219583,0.3298995259250796,0.33840611693234945
2018-08-21,False,9,0.33574664377731295,0.3445815426075955,0.339620586141746
2018-08-22,False,9,0.32727693954905185,0.31936758866858167,0.3212757215092313
2018-08-23,False,9,0.337946680493851,0.2727597993446264,0.31475821527767195
2018-08-24,False,9,0.32091733713099274,0.27936934534949015,0.30414586529956655
2018-08-27,False,9,0.3210659815769033,0.2841329738012543,0.30854975953271807
2018-08-28,False,9,0.32526921273864545,0.2763585185728507,0.3089519877865246
2018-08-29,False,9,0.3251283537821709,0.2179322106179616,0.2770989189844952
2018-08-30,False,9,0.3384788969980017,0.2134183545406028,0.2881599187746626
2018-08-31,False,9,0.33770372873599636,0.2227047604803705,0.2918724207198839
2018-09-04,False,9,0.34560761953546737,0.20920592520509917,0.29285309524221387
2018-09-05,False,9,0.346814857197536,0.21139602348381292,0.2974742133436291
2018-09-06,False,9,0.34975941852867365,0.19235273787175403,0.2897537601075344
2018-09-07,False,9,0.34587459699593354,0.2135685967218362,0.2992487713457701
2018-09-10,False,9,0.3458832087051471,0.2292175008136938,0.30880594270156475
2018-09-11,False,9,0.3446408971797139,0.25802843139307047,0.32259701587923933
2018-09-12,False,9,0.3393942678931883,0.26289952560539814,0.3196477643036585
2018-09-13,False,9,0.3285759390494382,0.1839567037061131,0.26384026283899187
2018-09-14,False,9,0.328254557460823,0.21473850828909688,0.2822693678832566
2018-09-17,False,9,0.32060110130175246,0.28298072549271347,0.31581387263522387
2018-09-18,False,9,0.31961858098329565,0.2720918687379951,0.30777918270929916
2018-09-19,False,9,0.2998717414086039,0.288359160912944,0.3049519910381546
2018-09-20,False,9,0.29881789200018316,0.2592362383317843,0.2880608367753422
2018-09-21,False,9,0.28568228183678007,0.2515913658113127,0.27690972808176134
2018-09-24,False,9,0.29621019004472754,0.3279078590426902,0.32142093593637466
2018-09-25,False,9,0.29989747129231675,0.35244643201972986,0.3368973906673038
2018-09-26,False,9,0.30691837937505867,0.34940584006029624,0.3419872443943869
2018-09-27,False,9,0.30543929760734545,0.3077247249254341,0.3202166160157153
2018-09-28,False,9,0.3109802457432956,0.3038849295142861,0.3299383830513138
2018-10-01,False,9,0.31448445267827707,0.3170912429413205,0.343619363106632
2018-10-02,False,9,0.320260688286952,0.31186423384223727,0.3526933930713918
2018-10-03,False,9,0.3219564801102989,0.28572525985656244,0.34197352307776635
2018-10-04,False,9,0.3215844685687179,0.24004126857611108,0.31787297285375743
2018-10-05,False,9,0.3316698476170829,0.2394255533331459,0.32874008860794546
2018-10-08,False,9,0.33185335837065927,0.2537531251303692,0.3377237941313958
2018-10-09,False,9,0.3375950137801618,0.22653136106767746,0.32784309845790005
2018-10-10,False,9,0.41255240008811045,0.2856852644712182,0.39175291119005384
2018-10-11,False,9,0.44378774889918143,0.38212694682207415,0.4606268134865293
2018-10-12,False,9,0.43951740655225746,0.4552374931465595,0.4867060032766794
2018-10-15,False,9,0.4375854493498164,0.33981984782927505,0.42833388913683995
2018-10-16,False,9,0.43552711994564164,0.3969351530815959,0.43155772888950406
2018-10-17,False,9,0.4387109563880769,0.48264599150448617,0.4748936104735676
2018-10-18,False,9,0.46521667747325884,0.47649276816739417,0.4938651265774111
2018-10-19,False,9,0.46914808169890215,0.4786560694264011,0.49726387511634457
2018-10-22,False,9,0.466003295480125,0.4183157294342764,0.4652438951026473
2018-10-23,False,9,0.46731722530561265,0.4008232040474182,0.45936470183312733
2018-10-24,False,9,0.5333876754646856,0.42412328416346284,0.5260142546872354
2018-10-25,False,9,0.5216474262390352,0.5466240216365534,0.5685250910225029
2018-10-26,False,9,0.5467240690814195,0.42183950043317875,0.537562023561151
2018-10-29,False,9,0.5561876105250377,0.4751781060552556,0.5783385928175908
2018-10-30,False,9,0.5559261525325593,0.45050585719873465,0.5539049975762937
2018-10-31,False,9,0.5525467940042508,0.4436277382207429,0.5465133688965431
2018-11-01,False,9,0.5435526163238659,0.49078279806035335,0.556820605429086
2018-11-02,False,9,0.5432988220255949,0.5074131443738649,0.5655846887417876
2018-11-05,False,9,0.5307815225667216,0.4408707301630758,0.5205814867594205
2018-11-06,False,9,0.5188233301780383,0.4492458790741551,0.5104018249577055
2018-11-07,False,9,0.5161113711439789,0.4986109812169368,0.5270597178669563
2018-11-08,False,9,0.5087354325100629,0.45709807621792475,0.5001314248763669
2018-11-09,False,9,0.528544851322219,0.477412779370184,0.5345722611902325
2018-11-12,False,9,0.5586516227579423,0.46584587168201375,0.5594074310480532
2018-11-13,False,9,0.561753715059148,0.4762849628477372,0.5692508089408642
2018-11-14,False,9,0.5700146051957692,0.4234227610887552,0.5529255079127737
2018-11-15,False,9,0.5618050760266572,0.44035729614030517,0.5512683025410658
2018-11-16,False,9,0.5536024564700271,0.45816024584199516,0.5508997079887558
2018-11-19,False,9,0.5801814006129529,0.49688852719923376,0.5978312430156553
2018-11-20,False,9,0.6116117111887008,0.43440180896132286,0.5993840990328023
2018-11-21,False,9,0.6061986885210797,0.4303989675076932,0.5920644484938987
2018-11-23,False,9,0.6136358015234682,0.43621890677588526,0.6050112654561315
2018-11-26,False,9,0.5999918691665771,0.4118164592568338,0.5774320987925518
2018-11-27,False,9,0.6031023106379512,0.4068015683045171,0.5799291418979147
2018-11-28,False,9,0.5932168910525488,0.46676367471537983,0.5879426602691595
2018-11-29,False,9,0.5965293254508086,0.44411775189764,0.5802159662542012
2018-11-30,False,9,0.5913797343037236,0.4491649972306794,0.5768528313743803
2018-12-03,False,9,0.5819091490499138,0.457729911543872,0.5704107932120699
2018-12-04,False,9,0.6424488948855175,0.47933192127682367,0.6315754244950433
2018-12-06,False,9,0.646600669417784,0.48203113280256615,0.6385075671831876
2018-12-07,False,9,0.6772317182831439,0.4664890197014128,0.6616615837883619
2018-12-10,False,9,0.6809906481194528,0.4472336008931922,0.6588369466246855
2018-12-11,False,9,0.684435018737024,0.47148957773519307,0.6729290780540677
2018-12-12,False,9,0.6773785973586944,0.4987186536554765,0.6750004039597912
2018-12-13,False,9,0.6849808499968498,0.478882370155888,0.6760413236919638
2018-12-14,False,9,0.7024212442586634,0.4802230083496025,0.6944400591322181
2018-12-17,False,9,0.7273902250198792,0.46522503022463646,0.7135682533700933
2018-12-18,False,9,0.7271433713183189,0.43851590180791383,0.7039677112644072
2018-12-19,False,9,0.7391517748014127,0.43642755123858407,0.7144373016633189
2018-12-20,False,9,0.7521274123825405,0.43399462154298724,0.726305565698825
2018-12-21,False,9,0.7653255072799899,0.48038292450900877,0.7575425924210971
2018-12-24,False,9,0.7898139600963268,0.46790464004421195,0.7760366500074519
2018-12-26,False,9,0.7925633162057436,0.5029771931550416,0.7716731060030559
2018-12-27,False,9,0.7884768306522333,0.5058810558007707,0.7655961896690782
2018-12-28,False,9,0.7875513286494791,0.5157489779113854,0.7669062889649494
2018-12-31,False,9,0.7839001348590804,0.5118804340101729,0.7596997761155239
2019-01-02,False,9,0.7765568532191484,0.5453857557879255,0.763201994605172
2019-01-03,False,9,0.7918351600997011,0.5390688199874656,0.7774806601155348
2019-01-04,False,9,0.7880492462067996,0.538467639733688,0.7621143046255606
2019-01-07,False,9,0.7781217193080856,0.5683350751911195,0.7605253944623478
2019-01-08,False,9,0.7394617643592787,0.5334276170003152,0.704760890005867
2019-01-09,False,9,0.7176909596395324,0.487247122376458,0.6625351830205704
2019-01-10,False,9,0.7182094844756597,0.5410297739158376,0.6850651500764409
2019-01-11,False,9,0.7174482726629852,0.5507941887008889,0.6875857323719492
2019-01-14,False,9,0.7315347402614859,0.5174498932778892,0.6942057064268807
2019-01-15,False,9,0.7265300252452734,0.5014030790554209,0.6819714567742615
2019-01-16,False,9,0.7098048778125055,0.5124497278352189,0.6679621824281308
2019-01-17,False,9,0.7001373330107126,0.5867816936705482,0.6842057740267058
2019-01-18,False,9,0.6893883860487889,0.5882101864604775,0.6706307649725156
2019-01-22,False,9,0.6976086979912427,0.5968440420922382,0.6812998116385395
2019-01-23,False,9,0.6565737293915843,0.5714192484863855,0.6252216441570705
2019-01-24,False,9,0.6625808383171756,0.5252761050315017,0.6105832288651692
2019-01-25,False,9,0.6372614503163686,0.5643386671841271,0.5945552693092689
2019-01-28,False,9,0.6363128324265788,0.5465447667546298,0.5818819884742573
2019-01-29,False,9,0.6441887379276682,0.49722134769757087,0.5716676207310275
2019-01-30,False,9,0.6425075659118463,0.5325504144855742,0.5845384608415336
2019-01-31,False,9,0.6469432228518731,0.5179084280897343,0.5825526663675445
2019-02-01,False,9,0.6450352070340296,0.5412731628815048,0.5898102309807217
2019-02-04,False,9,0.6431516666488154,0.5306433129049332,0.5810608498816949
2019-02-05,False,9,0.6444885997187905,0.5271332850496322,0.5810728117323436
2019-02-06,False,9,0.6556108536172445,0.5161586483700726,0.5912511510030021
2019-02-07,False,9,0.6601253343127841,0.5150369381437108,0.5957962862014955
2019-02-08,False,9,0.6472454339750056,0.5095955724264201,0.57900736257166
2019-02-11,False,9,0.621370347511798,0.5084133834536615,0.5500735200766425
2019-02-12,False,9,0.6119377815632887,0.47584714207391077,0.5217793229315212
2019-02-13,False,9,0.6040593568683758,0.46610579180136197,0.5079090247977143
2019-02-14,False,9,0.6143162594891083,0.5054514374099784,0.5407771772598245
2019-02-15,False,9,0.6091284130547799,0.4907250683553732,0.5278580507847453
2019-02-19,False,9,0.5851767604935929,0.5335795720557939,0.5210799524731107
2019-02-20,False,9,0.5536378757243511,0.5342761226350797,0.4898306181529158
2019-02-21,False,9,0.561218296664386,0.5632645607977569,0.5128032523866596
2019-02-22,False,9,0.5498523237909876,0.5719511663131351,0.5058516859850575
2019-02-25,False,9,0.5584557805626428,0.5358064693383013,0.4975155306438378
2019-02-26,False,9,0.5604286977201904,0.5191830938462799,0.48961720629790956
2019-02-27,False,9,0.5713315045366233,0.5559433125032072,0.5246958811843924
2019-02-28,False,9,0.5723821981728286,0.5573465897861988,0.5270437659397558
2019-03-01,False,9,0.5717003451999303,0.5306140649558629,0.511761776880098
2019-03-04,False,9,0.5846739115652277,0.5311562777039376,0.5266018225605446
2019-03-05,False,9,0.5278488015473706,0.526616547879194,0.47306467585842993
2019-03-06,False,9,0.5353434155491184,0.4831706262205761,0.4586808279901168
2019-03-07,False,9,0.5109123166002465,0.47265839587051955,0.4307934604605942
2019-03-08,False,9,0.5112889762336668,0.5290612086857378,0.45586509963281147
2019-03-11,False,9,0.4999196227861284,0.5337320047985398,0.4433834117141268
2019-03-12,False,9,0.5049654800795135,0.532270313338102,0.4495343410289336
2019-03-13,False,9,0.4944139828479377,0.5309670758602423,0.435607737169931
2019-03-14,False,9,0.47544139470630753,0.5356731983201645,0.41974994040152486
2019-03-15,False,9,0.44173012545087653,0.5315929575564061,0.38791198693931617
2019-03-18,False,9,0.43637709364673144,0.5409445944034533,0.3846120922267819
2019-03-19,False,9,0.41117504100630176,0.5266462842106193,0.3570957113923472
2019-03-20,False,9,0.3952821520842669,0.49113423553470625,0.32961202281648866
2019-03-21,False,9,0.35891139893349244,0.5400187377434629,0.31652914887503214
2019-03-22,False,9,0.35689712392646256,0.5472229948693257,0.3240243275926988
2019-03-25,False,9,0.3467742922307597,0.46227095610669683,0.31405506174805153
2019-03-26,False,9,0.34721716491328747,0.469614553721659,0.3177446195008048
2019-03-27,False,9,0.3487581599386687,0.465984159413559,0.31775844127287495
2019-03-28,False,9,0.3501617145665023,0.4714347153432343,0.32275433213745425
2019-03-29,False,9,0.3473648592099039,0.47554369128336943,0.3190478475286996
2019-04-01,False,9,0.3036114360248282,0.4576667472815529,0.27590636244988087
2019-04-02,False,9,0.2999758839717603,0.40253376001547964,0.2856063226372106
2019-04-03,False,9,0.304116739128344,0.38357006765604823,0.2824304280475238
2019-04-04,False,9,0.3064520695423418,0.42669357426570825,0.3066091850923856
2019-04-05,False,9,0.3071212752856224,0.37442738757562966,0.28247558599669065
2019-04-08,False,9,0.31143150026030414,0.3684004573829943,0.2844788714018361
2019-04-09,False,9,0.3248734170164857,0.4094633591444,0.31193655406241466
2019-04-10,False,9,0.3131878125848473,0.43268201166071846,0.3106984050058801
2019-04-11,False,9,0.315337528322262,0.471268292484905,0.3275538607623532
2019-04-12,False,9,0.3129435034957908,0.4844710956036929,0.32859319243691254
2019-04-15,False,9,0.32073127344154584,0.48310167938764764,0.3390164957647365
2019-04-16,False,9,0.32626014088475286,0.43151806953855854,0.33061445059616185
2019-04-17,False,9,0.30938235332244,0.36194954790460104,0.29345753586327755
2019-04-18,False,9,0.30778832494802777,0.3355906259458778,0.27883158426128185
2019-04-22,False,9,0.3135627329697691,0.4250326242546381,0.3216855470727685
2019-04-23,False,9,0.313266399300803,0.24713982893844488,0.24321760804941864
2019-04-24,False,9,0.3074848570958445,0.3199065768556292,0.2714026705917556
2019-04-25,False,9,0.3255746836376221,0.22971446219556624,0.24768031822666306
2019-04-26,False,9,0.326508760690099,0.24247906880659315,0.25644404737523624
2019-04-29,False,9,0.3301288440323663,0.32842657864401176,0.30079455409597117
2019-04-30,False,9,0.3299047256251567,0.3270982725301096,0.2994893319342268
2019-05-01,False,9,0.34737015662233234,0.34695941193317587,0.3242520519287032
2019-05-02,False,9,0.35132432276707426,0.3723189570223184,0.34214332569847145
2019-05-03,False,9,0.34337251126249513,0.35086068174625135,0.3172314194556059
2019-05-06,False,9,0.3376345018985566,0.36963857164184527,0.32092425460395035
2019-05-07,False,9,0.362549263834756,0.32917204237163,0.3153568841629733
2019-05-08,False,9,0.3704635451496291,0.31718471283123306,0.3168788306242321
2019-05-09,False,9,0.37655265907041485,0.3349528799105005,0.33949455280073154
2019-05-10,False,9,0.3768379208243979,0.3734324485965264,0.3579832553881512
2019-05-13,False,9,0.42107363339543197,0.4231853131360023,0.40645090772082637
2019-05-14,False,9,0.4217605842568062,0.3842068983031309,0.3895263875773002
2019-05-15,False,9,0.42140285733428023,0.4361031451231341,0.41300401102236906
2019-05-16,False,9,0.42052234655693554,0.458729195714831,0.4210110627701895
2019-05-17,False,9,0.4304910838852979,0.4742213706112389,0.4354785380566642
2019-05-20,False,9,0.44219061216324507,0.3368864542516427,0.37831325249842135
2019-05-21,False,9,0.43615996634927773,0.38556214383233706,0.39244001384055327
2019-05-22,False,9,0.4390135116129596,0.37696134738492315,0.3929559734058602
2019-05-23,False,9,0.4584276736521919,0.37470670626275115,0.4071158081679008
2019-05-24,False,9,0.4516162194493991,0.40125757155537106,0.4122284338960495
2019-05-28,False,9,0.4683355802571161,0.3863145605722294,0.4218616444028089
2019-05-29,False,9,0.47228700075962987,0.4165338083779605,0.4388718116478278
2019-05-30,False,9,0.46764702377299033,0.43313429721113683,0.44268397050377883
2019-05-31,False,9,0.4743511178933127,0.43136476735311485,0.444301853585101
2019-06-03,False,9,0.4604040333786381,0.4145645671204503,0.42581237718890125
2019-06-04,False,9,0.4550099613015881,0.4227592498153658,0.4089671338786054
2019-06-05,False,9,0.4576165045967865,0.4223313597302898,0.41673094554684786
2019-06-06,False,9,0.45484119165782033,0.4330056165933754,0.41772131751363856
2019-06-07,False,9,0.4527773878696985,0.4477730230675323,0.4207597697403071
2019-06-10,False,9,0.44475090360214753,0.47644373831773,0.4264981758726874
2019-06-11,False,9,0.44918707673482955,0.4686592821552676,0.4287642008076115
2019-06-12,False,9,0.45627608226649313,0.5327482971129405,0.4678919503810555
2019-06-13,False,9,0.4490593746494865,0.5023297233705949,0.44455926867930967
2019-06-14,False,9,0.4475650855261639,0.46287464202720713,0.42350007324522365
2019-06-17,False,9,0.4544692178819773,0.4650954757313373,0.43630119867740297
2019-06-18,False,9,0.40354316343159263,0.4700733026841285,0.39542318661049813
2019-06-19,False,9,0.4022920311885276,0.46987037519316627,0.39444537096582727
2019-06-20,False,9,0.4016198823343363,0.5065717429518355,0.4099982896156814
2019-06-21,False,9,0.4037017955075737,0.47532258580882225,0.3975370201677731
2019-06-24,False,9,0.4129058111811502,0.47817027786103516,0.4085242478913029
2019-06-25,False,9,0.4252911274952917,0.47672170994445917,0.4228467145531868
2019-06-26,False,9,0.43303826421033353,0.47510601588220336,0.4343289292679909
2019-06-27,False,9,0.4242851054267127,0.446180105688972,0.41127513025660695
2019-06-28,False,9,0.41973705178043474,0.4779566066587866,0.4181541622274205
2019-07-01,False,9,0.4199374605633436,0.4983133175820811,0.4273375626989679
2019-07-02,False,9,0.42541271643314643,0.5174164075223708,0.4454267184096377
2019-07-03,False,9,0.4200165705959315,0.46837696738066914,0.41403325270530567
2019-07-05,False,9,0.40996026281630593,0.47856737903388874,0.410107424688753
2019-07-08,False,9,0.42152083847885957,0.4592316721559927,0.41383331214823227
2019-07-09,False,9,0.4262877752678828,0.4388317062304485,0.40912894643052017
2019-07-10,False,9,0.4301768741501699,0.40694851361661183,0.39834598546224353
2019-07-11,False,9,0.42701325382523286,0.4138391579975688,0.3992680639654853
2019-07-12,False,9,0.42197538230909093,0.4020983547403505,0.38585238204759886
2019-07-15,False,9,0.4201211988508835,0.3640504095181977,0.36048442392737223
2019-07-16,False,9,0.4207939725033625,0.4317483702315799,0.3930829253899103
2019-07-17,False,9,0.4291327469294188,0.4534901038069263,0.41159329895546826
2019-07-18,False,9,0.4334809852157858,0.4742893488212601,0.4298046483126269
2019-07-19,False,9,0.43494980699361335,0.5026914351771913,0.4467343297185462
2019-07-22,False,9,0.42004142689763746,0.46326233397842903,0.406431593322896
2019-07-23,False,9,0.41922038434814995,0.43552614073318235,0.39255853007508174
2019-07-24,False,9,0.41555860333123984,0.4343253492903935,0.3887395517443691
2019-07-25,False,9,0.42563116184519006,0.46323084201985376,0.4141738283417833
2019-07-26,False,9,0.40996874455360505,0.4327596729532283,0.390938823998214
2019-07-29,False,9,0.41201074432848933,0.40897895837935944,0.38031757455792
2019-07-30,False,9,0.41660626129519585,0.37643955058653195,0.3795706310094425
2019-07-31,False,9,0.42968563049563624,0.4258069625587876,0.4116325714814942
2019-08-01,False,9,0.4252869598602582,0.3590656180792535,0.3835244548413259
2019-08-02,False,9,0.4315331777163341,0.3656698100900697,0.39310256157970336
2019-08-05,False,9,0.48418655354512946,0.46483906347485543,0.4721523350187629
2019-08-06,False,9,0.4807481116308574,0.5130203172905271,0.48929594679565724
2019-08-07,False,9,0.434638128096673,0.4761711876153228,0.43929083272434416
2019-08-08,False,9,0.4338069954995558,0.4694119045180276,0.42688299034120925
2019-08-09,False,9,0.4499918701821034,0.4444996776337469,0.4309714932080687
2019-08-12,False,9,0.4741864090359528,0.4535119845335265,0.4582552188531723
2019-08-13,False,9,0.4551279071328527,0.4793085670752125,0.447107977667649
2019-08-14,False,9,0.5022206147668226,0.526711503162925,0.4991907218711798
2019-08-15,False,9,0.509588671864441,0.504598121162483,0.5017635218126232
2019-08-16,False,9,0.4945390320572948,0.4630705625908194,0.4570394202137903
2019-08-19,False,9,0.46856024186211315,0.40649957250344626,0.4014841373710739
2019-08-20,False,9,0.48029940925800396,0.42169131414433575,0.41988581909306183
2019-08-21,False,9,0.46221090476042154,0.4336594174140766,0.40645733349767244
2019-08-22,False,9,0.45405344687975474,0.43895639121223295,0.40194900961469204
2019-08-23,False,9,0.503447442093413,0.46190382845274136,0.44821287485151057
2019-08-26,False,9,0.47787045834604575,0.5268558478175586,0.45339267678835316
2019-08-27,False,9,0.4910023130933434,0.568672387486843,0.48357577128124407
2019-08-28,False,9,0.4910013338786269,0.5684356796494183,0.49227175506442805
2019-08-29,False,9,0.48785004279768823,0.5765333144029676,0.48838883573492825
2019-08-30,False,9,0.49012805367703766,0.5645427628145535,0.48526148626574733
2019-09-03,False,9,0.5096706605180196,0.5258293212924975,0.4897650243308513
2019-09-04,False,9,0.5056408129505855,0.5265662935065529,0.48245211356374257
2019-09-05,False,9,0.4967795379184198,0.5313979024300958,0.4760095280842417
2019-09-06,False,9,0.4926808946981861,0.5463451604770064,0.47809655285525404
2019-09-09,False,9,0.4937874300777743,0.5246527472787956,0.4746745917604731
2019-09-10,False,9,0.48417542751010806,0.45579385055752425,0.4344468837514289
2019-09-11,False,9,0.4763232536112185,0.49624709870886785,0.4419436909137587
2019-09-12,False,9,0.48240648624119586,0.49103094813971626,0.4464945076178302
2019-09-13,False,9,0.48380701754587974,0.49708938680520826,0.45108872250348336
2019-09-16,False,9,0.4947061767477161,0.5090274683671201,0.47245960027170264
2019-09-17,False,9,0.4898700405691942,0.49486372732205003,0.461086102994486
2019-09-18,False,9,0.4899338993638955,0.4927658069645375,0.46092911638146705
2019-09-19,False,9,0.4848128507914319,0.5013775723949168,0.45841241471599836
2019-09-20,False,9,0.49121139103941824,0.48929582826839346,0.45789817510480174
2019-09-23,False,9,0.49733265159887835,0.4896718681331075,0.4643070151567652
2019-09-24,False,9,0.5172024529922306,0.516264667062491,0.49907545616507804
2019-09-25,False,9,0.5152204576827508,0.5122257934566528,0.4942953543597278
2019-09-26,False,9,0.5192789010584964,0.5076717144426625,0.4958523023026338
2019-09-27,False,9,0.5290868985374632,0.4995373166481247,0.5049055370578863
2019-09-30,False,9,0.5241673609491497,0.5113631719405488,0.5043161356590214
2019-10-01,False,9,0.5402441747616801,0.5121844701623368,0.5196624088291523
2019-10-02,False,9,0.5617725083598294,0.5316380645115459,0.5455993099157181
2019-10-03,False,9,0.5581481401109422,0.5286677378673084,0.538755369943388
2019-10-04,False,9,0.5528057059337042,0.5183988675154722,0.5244594371592638
2019-10-07,False,9,0.5635423506667819,0.49447531625370994,0.5231158585107708
2019-10-08,False,9,0.5817477779497723,0.4703146066281385,0.528326388650418
2019-10-09,False,9,0.5767865997059259,0.4793044353350487,0.524425914915019
2019-10-10,False,9,0.5617215487765823,0.4728946585727864,0.5029641758914634
2019-10-11,False,9,0.5561877017126663,0.4494573304486962,0.4802370371457385
2019-10-14,False,9,0.5564161452733045,0.4571644903887684,0.48142928706243976
2019-10-15,False,9,0.550350262388321,0.45344538312347915,0.4733876662307346
2019-10-16,False,9,0.5571346035556419,0.4461094510739175,0.4763270060290343
2019-10-17,False,9,0.5578779509257875,0.423333309208249,0.46491405288522997
2019-10-18,False,9,0.5527749210087551,0.43831790157739187,0.4665782255337585
2019-10-21,False,9,0.5524204742231378,0.3983187015812152,0.44063589965434363
2019-10-22,False,9,0.5506450656302769,0.40419882598098533,0.44596506231683386
2019-10-23,False,9,0.5499560319774581,0.38367665683503316,0.43126939912629314
2019-10-24,False,9,0.53212521884511,0.3747881529158284,0.4100050362377056
2019-10-25,False,9,0.509022143978482,0.3649833564985385,0.3826677262654352
2019-10-28,False,9,0.4940348630891078,0.4051824018202427,0.3869509971521127
2019-10-29,False,9,0.44452272381869223,0.32373416839370284,0.31650378939647456
2019-10-30,False,9,0.45155505371730015,0.32427137686023555,0.3261883917409269
2019-10-31,False,9,0.46263631742670464,0.234928075737947,0.28859479369557567
2019-11-01,False,9,0.463327538756125,0.22116309158913158,0.2887265421539472
2019-11-04,False,9,0.4473724886089789,0.24632514732516012,0.29243881062555943
2019-11-05,False,9,0.42858747920204965,0.20316578147848224,0.2555859429773978
2019-11-06,False,9,0.43739814370131924,0.20406160570536958,0.26812654056858115
2019-11-07,False,9,0.3804174819613675,0.24792519937150947,0.2627447354948392
2019-11-08,False,9,0.377521074004713,0.28379105429914314,0.27428812099557504
2019-11-11,False,9,0.38624932728344336,0.2699148044049213,0.2829355721830151
2019-11-12,False,9,0.39240916484118715,0.23406530420526137,0.27459603313747083
2019-11-13,False,9,0.38497646537656866,0.2663259456546007,0.2871181769255824
2019-11-14,False,9,0.39034579504135875,0.2497541972294002,0.28634285859609054
2019-11-15,False,9,0.3846338604718045,0.2965784010878509,0.3046290592536902
2019-11-18,False,9,0.3327295125385279,0.2759751842753334,0.27050047473462474
2019-11-19,False,9,0.3389902234281751,0.24722658445134657,0.26514247055390744
2019-11-20,False,9,0.33588165100438594,0.29737373987088356,0.28764525926921003
2019-11-21,False,9,0.34423764821846053,0.312033330782466,0.3054435618349869
2019-11-22,False,9,0.3470353656956051,0.28793445013819025,0.3020833142744418
2019-11-25,False,9,0.3429630667375391,0.2867453996396276,0.2943954654201905
2019-11-26,False,9,0.3265704528868835,0.28954585073749,0.28265703799101594
2019-11-27,False,9,0.3293110614848772,0.2860204223248027,0.2867630291144033
2019-11-29,False,9,0.34071215073405037,0.2842709760583769,0.29681564351242123
2019-12-02,False,9,0.3528037753389369,0.2727546162611699,0.3006072695728259
2019-12-03,False,9,0.36513872129642694,0.3357743749098337,0.3386811093710583
2019-12-04,False,9,0.364944349827398,0.33082979428133075,0.33186397152131514
2019-12-05,False,9,0.36754385301608533,0.3727186001411632,0.3592564625119835
2019-12-06,False,9,0.3636583103741688,0.36069738271572926,0.34579103866545663
2019-12-09,False,9,0.3674623136186723,0.3202716655213056,0.32919689061508317
2019-12-10,False,9,0.36537968342785077,0.3098719008756726,0.31994676201202243
2019-12-11,False,9,0.3619345752459247,0.3073710994722711,0.31385874724051155
2019-12-12,False,9,0.3520928935213084,0.2843695177477642,0.2917493280495719
2019-12-13,False,9,0.35276210895486354,0.24742467457525805,0.27436096688687495
2019-12-16,False,9,0.3406661437161804,0.2298582346196408,0.25397909413670416
2019-12-17,False,10,0.34013058163402077,0.2182161686770585,0.24410781469251208
2019-12-18,False,10,0.3241739819854714,0.26774306574741974,0.25991451167296037
2019-12-19,False,10,0.32693074914208453,0.2190960913899362,0.23908651354415353
2019-12-20,False,10,0.31834892238791723,0.22767230827728774,0.23486758322885726
2019-12-23,False,10,0.3121690217295585,0.2104082778173329,0.22097274848692905
2019-12-24,False,10,0.31474350430923687,0.2416186781521824,0.23966784893977286
2019-12-26,False,10,0.2868959408059341,0.2421377460039543,0.22311950556887172
2019-12-27,False,10,0.25964100082279185,0.2808278133801133,0.2321649961464667
2019-12-30,False,10,0.26844491393745934,0.3392891008600807,0.26551391310498396
2019-12-31,False,10,0.2707167144866491,0.3438411143295627,0.2756932184691836
2020-01-02,False,10,0.26241977123799026,0.26465320909244705,0.23382440910166674
2020-01-03,False,10,0.2444475004066065,0.18956233754982565,0.1910395714723317
2020-01-06,False,10,0.24744431524201008,0.15328834607871422,0.1763291503835844
2020-01-07,False,10,0.2535280915205867,0.14859535734640617,0.1789288168707072
2020-01-08,False,10,0.254146686339882,0.1395541759836074,0.18358780017447646
2020-01-09,False,10,0.25038393703025175,0.1273919349446216,0.1734294102476825
2020-01-10,False,10,0.2586069302951266,0.13600566655778124,0.18670741691510082
2020-01-13,False,10,0.2551683336094316,0.20579545640155963,0.22293884963846033
2020-01-14,False,10,0.25755326137451995,0.18985392496965864,0.21790559162765552
2020-01-15,False,10,0.2523710765773683,0.2106056862438342,0.2240739202145718
2020-01-16,False,10,0.2513522966502256,0.21852850703237475,0.22397647915412353
2020-01-17,False,10,0.25133284653809557,0.23675857218569266,0.2301750352041538
2020-01-21,False,10,0.26064454323049585,0.1980188052701812,0.2162036000370709
2020-01-22,False,10,0.2618895482350635,0.26691158572094903,0.2511946010504261
2020-01-23,False,10,0.26455541642482283,0.23726196588577148,0.24094647448411186
2020-01-24,False,10,0.2825968446605883,0.30526103048415,0.28547807277100995
2020-01-27,False,10,0.3059350493506248,0.35830849511779966,0.3215844481021942
2020-01-28,False,10,0.3024413954477895,0.3532676683701678,0.3127990947686543
2020-01-29,False,10,0.29631261402820797,0.24305673467586764,0.25401642144763725
2020-01-30,False,10,0.2971186468231349,0.39151063734091945,0.3328165905452833
2020-01-31,False,10,0.33465651094557164,0.4258471389327027,0.36383595087826803
2020-02-03,True,10,0.33019374201038243,0.4875798627496675,0.385277554265454
2020-02-04,True,10,0.326284897611606,0.4945189821921472,0.3669190139336338
2020-02-05,True,10,0.3229096441266819,0.43695418222279586,0.3298495887065435
2020-02-06,True,10,0.32550233912410464,0.44252206605997246,0.33868987845215975
2020-02-07,True,10,0.33799599312443945,0.44017349851406,0.34828469055260847
2020-02-10,True,10,0.3351655249378974,0.3969723547977062,0.32316830382185663
2020-02-11,True,10,0.3305120818330601,0.46776881837619966,0.3502905362504175
2020-02-12,True,10,0.32637809760624514,0.4585427646694384,0.34022498109897104
2020-02-13,True,10,0.3304785040785554,0.4316282741736085,0.3348773386511926
2020-02-14,True,10,0.32976250795640316,0.44417711000779436,0.34068858389379175
2020-02-18,True,10,0.332738167234416,0.49617310765938427,0.36738561128250186
2020-02-19,True,10,0.3254464864199241,0.5252800295451611,0.3739635504449911
2020-02-20,True,10,0.3238891014217701,0.49624484682499226,0.3588960941384144
2020-02-21,True,10,0.3354392285826159,0.5475336416828467,0.39640590647027313
2020-02-24,True,10,0.40812049109169063,0.5466698626580148,0.42897391253057243
2020-02-25,True,10,0.48419262595497586,0.46986119528107445,0.4337863387788729
2020-02-26,True,10,0.502037623490201,0.4340730640637305,0.43704852850126347
2020-02-27,True,10,0.5711878911672655,0.41938217704545894,0.47700613458814684
2020-02-28,True,10,0.5762144833476804,0.46990596443692334,0.5105285815962816
2020-03-02,True,10,0.5711210056104776,0.4585398177078335,0.47664667375337344
2020-03-03,True,10,0.6052893558632783,0.37419448378893033,0.4699426518554816
2020-03-04,True,10,0.6089658981678173,0.40316869763683505,0.46732817159876366
2020-03-05,True,10,0.6747428601271473,0.4175362545034353,0.5420473401556383
2020-03-06,True,10,0.693977797147229,0.4693360825707181,0.5933667925267284
2020-03-09,True,10,0.8453339927777096,0.5169481137476556,0.7732912684773742
2020-03-10,True,10,0.8442739576073451,0.5780408896828598,0.7878992516742842
2020-03-11,True,10,0.8923928872320758,0.566867339767071,0.8478931156864146
2020-03-12,True,10,0.9542122191332928,0.5198517806347714,0.9260785586997187
2020-03-13,True,10,0.9555972371589108,0.5143475957810117,0.9281598380213455
2020-03-16,True,10,0.982915323842144,0.5184223457121205,0.9743232686499237
2020-03-17,True,10,0.9818307615387046,0.5633178676808787,0.9752275430528798
2020-03-18,True,10,0.9892955326940622,0.545574959217124,0.9859419689391259
2020-03-19,True,10,0.9887700186504987,0.5872480701565298,0.9868884920247974
2020-03-20,True,10,0.9911768529570533,0.5226529500204123,0.9886726633555604
2020-03-23,True,10,0.992210946110036,0.5309648546429119,0.9906218042756254
2020-03-24,True,10,0.9925168379413429,0.5650581373442154,0.9911188153705268
2020-03-25,True,10,0.991922089063063,0.5745932313774681,0.9906421724932392
2020-03-26,True,10,0.9909664666972784,0.5587492351142449,0.988927154869572
2020-03-27,True,10,0.9925059067537227,0.5762600504208337,0.9913447432466359
2020-03-30,True,10,0.9921017986003925,0.5844943361893808,0.9909684385616385
2020-03-31,True,10,0.9923237786651316,0.5755086771785484,0.9911417625393814
2020-04-01,True,10,0.9939144993025321,0.5760056363566568,0.9931887011355418
2020-04-02,False,10,0.9935591614253777,0.5798631325987808,0.9928318229274972
2020-04-03,False,10,0.9941347036691028,0.5636579217815657,0.9933449308974487
2020-04-06,False,10,0.9936275398343387,0.5616929136861156,0.9924446338005293
2020-04-07,False,10,0.993385895733481,0.5215298502391477,0.9914949448839224
2020-04-08,False,10,0.9929673176032383,0.525972147942812,0.990917802353488
2020-04-09,False,10,0.9924365423651139,0.5153070865999767,0.9899230968114787
2020-04-13,False,10,0.9930825624252673,0.5132470601356122,0.9909090635951341
2020-04-14,False,10,0.9927909772888014,0.5191725642197254,0.9905990913169814
2020-04-15,False,10,0.993744312716929,0.5175075766975681,0.9919592822647363
2020-04-16,False,10,0.9936451514668846,0.5111505574526679,0.9917381050538169
2020-04-17,False,10,0.9930131010390888,0.5089375684780348,0.9907627981879166
2020-04-20,False,10,0.9936391671122867,0.42949435590875223,0.9902226134530321
2020-04-21,False,10,0.9941506201297718,0.42545042971937325,0.9910191171400085
2020-04-22,False,10,0.9934401925550642,0.46028846659008316,0.9904819501982394
2020-04-23,False,10,0.9934718031179294,0.4590759339370019,0.9905439233499492
2020-04-24,False,10,0.9931307533275776,0.45648610939895407,0.9899392676848245
2020-04-27,False,10,0.9926669297306238,0.4796354245463059,0.9896664877055327
2020-04-28,False,10,0.9917277083363719,0.41571291059389237,0.9865883021021643
2020-04-29,False,10,0.9912622821235083,0.42754525459557996,0.9860992035455128
2020-04-30,False,10,0.9925450540079185,0.47417236237411786,0.9894388184971137
2020-05-01,False,10,0.9937948501630895,0.4769171041042373,0.9914235704472325
2020-05-04,False,10,0.9937005616108275,0.46301460959268004,0.9910379228857598
2020-05-05,False,10,0.9933252094931966,0.4928006982724428,0.9910181534431107
2020-05-06,False,10,0.9937487080570812,0.4809174945038869,0.99147007287107
2020-05-07,False,10,0.9935476680491273,0.47410903187509024,0.9910448907099197
2020-05-08,False,10,0.9931213929362311,0.4585487541512863,0.9900622514491098
2020-05-11,False,10,0.9934261012770911,0.45788059321721764,0.9905579217552813
2020-05-12,False,10,0.9941529081843185,0.4494863669713914,0.9915662275417202
2020-05-13,False,10,0.9947104339349876,0.4469153035275718,0.9924156286031518
2020-05-14,False,10,0.9945649760986768,0.4544762173405437,0.9923077544785087
2020-05-15,False,10,0.9944289657517594,0.4576756870525965,0.9921387565824066
2020-05-18,False,10,0.9935791586303508,0.48723536015991165,0.9912612390935243
2020-05-19,False,10,0.9929707709787141,0.46168404224599874,0.9898291165948029
2020-05-20,False,10,0.9912462296561083,0.463647895387564,0.9870862066129036
2020-05-21,False,10,0.9909645517880585,0.46678452424509104,0.9867167876126802
2020-05-22,False,10,0.9892475121186175,0.4232773810546467,0.9824057410873711
2020-05-26,False,10,0.9877369078561686,0.4667841379938975,0.9814255395857017
2020-05-27,False,10,0.9879698784363039,0.46944490929277305,0.9819442722361619
2020-05-28,False,10,0.987329380588977,0.45875122779414473,0.9804798060344563
2020-05-29,False,10,0.9886350329584088,0.4752502024769581,0.9833959233066621
2020-06-01,False,10,0.9860666340763911,0.515494547235133,0.9808509204664685
2020-06-02,False,10,0.9843320442653202,0.5147732446474642,0.9781227963414555
2020-06-03,False,10,0.9706358544936629,0.5134286832892577,0.9574071544738014
2020-06-04,False,10,0.9734309069455852,0.5576901655697266,0.9653723625683818
2020-06-05,False,10,0.9600763454865633,0.5571203678035629,0.946269756773658
2020-06-08,False,10,0.9133219564685685,0.5164311352073111,0.8731626963020669
2020-06-09,False,10,0.9285621508197238,0.5316587191811495,0.9005820911378936
2020-06-10,False,10,0.841817740695272,0.5262106990060798,0.7843185671178542
2020-06-11,False,10,0.9059389032277454,0.5324867706576704,0.8708297112780691
2020-06-12,False,10,0.8343112804905035,0.554740542856918,0.778899441957139
2020-06-15,False,10,0.8395902173370831,0.5768199256651888,0.7890327908161912
2020-06-16,False,10,0.785696360729385,0.5964313432548326,0.7246944278539088
2020-06-17,False,10,0.7664744118402947,0.6060188443194666,0.6977081722140034
2020-06-18,False,10,0.7636818999194168,0.5699938871798776,0.6991001860581932
2020-06-19,False,10,0.7847207782557608,0.566617310399818,0.7213378817460778
2020-06-22,False,10,0.7962890003845451,0.5228585002261781,0.7247772767815956
2020-06-23,False,10,0.7542360415827448,0.5513202059233735,0.684132788884954
2020-06-24,False,10,0.7980308153711239,0.5540221316865301,0.7387862813074175
2020-06-25,False,10,0.7824165360748111,0.5422424338907653,0.7110487731761018
2020-06-26,False,10,0.7478623281446911,0.5230859812889058,0.6612534961396725
2020-06-29,False,10,0.7447423691794074,0.5631109690525263,0.671000004444911
2020-06-30,False,10,0.7130925923753438,0.5881737575293943,0.6418819080792806
2020-07-01,False,10,0.7207074601554068,0.555032317359894,0.6581666622420829
2020-07-02,False,10,0.7198854792022534,0.5525959728775716,0.6533828151259611
2020-07-06,False,10,0.7250469049046647,0.5541295965677416,0.6655438043309505
2020-07-07,False,10,0.7526782637191248,0.512899781880238,0.6828679332055042
2020-07-08,False,10,0.7326166336200768,0.5664820512801072,0.6799039951882574
2020-07-09,False,10,0.7604063294628082,0.5445354965244691,0.7060503824779372
2020-07-10,False,10,0.7135407728964104,0.4749608104800704,0.6175442611967938
2020-07-13,False,10,0.7177355306188957,0.4777233695430112,0.6226503109596591
2020-07-14,False,10,0.7212679750905789,0.5163248318343158,0.6473097242970616
2020-07-15,False,10,0.6849480834052732,0.5060769108568068,0.5980666407725829
2020-07-16,False,10,0.6488173272350132,0.47287614608193007,0.5423064791491965
2020-07-17,False,10,0.6588796386938969,0.4851104125414,0.5617543986404053
2020-07-20,False,10,0.6651858927167807,0.4913102949672667,0.5731793212235009
2020-07-21,False,10,0.6662620530393122,0.4968348906393923,0.5782199797478067
2020-07-22,False,10,0.674819364989332,0.41074840267162954,0.5465898581073146
2020-07-23,False,10,0.6840227808111281,0.45170906806212097,0.5776191873659307
2020-07-24,False,10,0.7035490550449411,0.37438105263229937,0.5626183143817671
2020-07-27,False,10,0.6665644618562122,0.40946887160496354,0.53553473999756
2020-07-28,False,10,0.6357590013718726,0.38299556102720056,0.4909699697474123
2020-07-29,False,10,0.6280317181509109,0.4498825900038438,0.5145476930661922
2020-07-30,False,10,0.6417615343924471,0.4676885566642539,0.5382497470744896
2020-07-31,False,10,0.6298932631338454,0.48140057582971024,0.5319304020120701
2020-08-03,False,10,0.6346912955117563,0.47694509962990517,0.53583098928099
2020-08-04,False,10,0.6446387763599704,0.4500821113988286,0.5362171971379606
2020-08-05,False,10,0.622842598471176,0.46748973215185385,0.5180611539404884
2020-08-06,False,10,0.5863341782514543,0.44980812994996094,0.47466914805140814
2020-08-07,False,10,0.5417853302560753,0.4238315399453715,0.4180409868853306
2020-08-10,False,10,0.5430000181817513,0.45109562764085476,0.4337534725853821
2020-08-11,False,10,0.5516858017883375,0.39935553327654566,0.41673655673456883
2020-08-12,False,10,0.5528970058945802,0.3924105539130742,0.4302110214113674
2020-08-13,False,10,0.5392345765305294,0.38883245580194065,0.4165900287441067
2020-08-14,False,10,0.5506959611085048,0.4187753423969667,0.44641421626900546
2020-08-17,False,10,0.5432988548953384,0.41126610749894343,0.4344015605778029
2020-08-18,False,10,0.544185224321404,0.41112554268079193,0.4353758462448595
2020-08-19,False,10,0.5633748213471172,0.46332012315067944,0.48244388522133935
2020-08-20,False,10,0.5784030422570295,0.461391000172807,0.5024290745029669
2020-08-21,False,10,0.5688034565759961,0.4349603939369533,0.47541262671266254
2020-08-24,False,10,0.5578783418769255,0.48458656033044273,0.48666404076335285
2020-08-25,False,10,0.565147106601527,0.48576201463036633,0.49528755423431087
2020-08-26,False,10,0.5696722778268324,0.4568594759879481,0.4880310930065506
2020-08-27,False,10,0.5801796577879003,0.3936379193103898,0.4679909339155079
2020-08-28,False,10,0.575361021805892,0.4353799656015703,0.4815540132903669
2020-08-31,False,10,0.5942786485881234,0.39335102479018075,0.489605649307141
2020-09-01,False,10,0.5980080994934678,0.3714413127254632,0.4848442857692676
2020-09-02,False,10,0.564609800348853,0.3948496742949737,0.46156749485791404
2020-09-03,False,10,0.5878733625460024,0.44196811017931675,0.5033048932688837
2020-09-04,False,10,0.40770614609306083,0.25440005337442556,0.28802587157908044
2020-09-08,False,10,0.4535039536483,0.2828114339862385,0.34277001474111946
2020-09-09,False,10,0.45205552611018285,0.26363186624395496,0.3267679677305781
2020-09-10,False,10,0.4787209914309538,0.24311468155970392,0.34403150522625575
2020-09-11,False,10,0.4620887266456737,0.27181344151592984,0.34657837263418867
2020-09-14,False,10,0.4502727899701625,0.24705557918099516,0.31599141310250445
2020-09-15,False,10,0.43735849226786727,0.2739093552380198,0.31972101911631434
2020-09-16,False,10,0.43759489869267476,0.2766796187604807,0.3226924254022819
2020-09-17,False,10,0.4452775430099584,0.23739095231716828,0.30767043050511106
2020-09-18,False,10,0.3970344131021307,0.19898886197972995,0.2566823214603479
2020-09-21,False,10,0.4443498140417042,0.2476596274850504,0.3245893402407725
2020-09-22,False,10,0.40748665841294934,0.32546083100504236,0.33844166122550423
2020-09-23,False,10,0.4585620854566168,0.33343869242969404,0.393554854075209
2020-09-24,False,10,0.4659919392828146,0.33924468617454334,0.40822179927889146
2020-09-25,False,10,0.4536577290355035,0.30472451511543047,0.3703645957509869
2020-09-28,False,10,0.44981242159893536,0.2847575193089504,0.3499021646251897
2020-09-29,False,10,0.46913553747692766,0.26821033028951824,0.3622021657889338
2020-09-30,False,10,0.4427678846264727,0.27901638412123464,0.34339805854410077
2020-10-01,False,10,0.4394697596650014,0.29398981329931145,0.3478322808842874
2020-10-02,False,10,0.4134745691898254,0.2642637957310397,0.30880156274903714
2020-10-05,False,10,0.41341872215602044,0.352809864807058,0.3531283025200195
2020-10-06,False,10,0.42110053652804436,0.32576767272910223,0.3436161367901432
2020-10-07,False,10,0.4210831975153664,0.4001752033489982,0.3802886208153941
2020-10-08,False,10,0.4229593803291743,0.42702888330000305,0.3979005524064716
2020-10-09,False,10,0.41809568353186305,0.39517593196992257,0.37683898278213224
2020-10-12,False,10,0.41550842196366927,0.41864647183919107,0.38469989535037247
2020-10-13,False,10,0.4200701845018108,0.33525624567480633,0.344833786041399
2020-10-14,False,10,0.4274895167071642,0.31122158560229934,0.34055850186876724
2020-10-15,False,10,0.4321260990032236,0.3038403009207866,0.3409341504128539
2020-10-16,False,10,0.4325472092053759,0.3745334159359401,0.3756934143500179
2020-10-19,False,10,0.44621384659822244,0.36410443940343606,0.37959537290269557
2020-10-20,False,10,0.4510266685576201,0.3883747695663915,0.39867395221508434
2020-10-21,False,10,0.4452303457855536,0.3712200187400079,0.3833289924460059
2020-10-22,False,10,0.448076673305912,0.3273595827813328,0.3670241879304839
2020-10-23,False,10,0.43306937491090275,0.3338562719315104,0.3541760479907151
2020-10-26,False,10,0.46526936805846414,0.4179488173160454,0.42017271809746515
2020-10-27,False,10,0.48089594563307,0.4291488845094756,0.44173036317959813
2020-10-28,False,10,0.5417400316417902,0.38390690429771396,0.46531430187632794
2020-10-29,False,10,0.542106610950695,0.4611819033941284,0.5075612311247314
2020-10-30,False,10,0.5475121041510929,0.46549505681977704,0.5145966519542603
2020-11-02,False,10,0.5434896063390453,0.5155001878046183,0.5270685042245703
2020-11-03,False,10,0.5415247949801695,0.3755184143289611,0.44467966797239666
2020-11-04,False,10,0.5360910186521604,0.400277291021771,0.4609432776924034
2020-11-05,False,10,0.5323843480877443,0.3982142657652472,0.450185180859621
2020-11-06,False,10,0.5310780759076138,0.41579581635360435,0.45692211840051467
2020-11-09,False,10,0.5221031386034555,0.2546109834679222,0.3755093211687923
2020-11-10,False,10,0.517040475558313,0.25917535359942007,0.3746193617652988
2020-11-11,False,10,0.5140527737582339,0.2292707193909329,0.3540747729513111
2020-11-12,False,10,0.5276377064782644,0.2787807363409007,0.3978880187394532
2020-11-13,False,10,0.5150367869030849,0.2981823825380955,0.39097353298491927
2020-11-16,False,10,0.501004284762363,0.2292819308395856,0.3308834898532713
2020-11-17,False,10,0.510250944562477,0.24777788421773606,0.3532842534217706
2020-11-18,False,10,0.5212020984935425,0.2336061267768117,0.3544797370876268
2020-11-19,False,10,0.5206420186376063,0.2675104899883573,0.37328664820997914
2020-11-20,False,10,0.5270714035284568,0.237890705378863,0.3601714187421069
2020-11-23,False,10,0.5249101806975385,0.272035382232221,0.3807343048072807
2020-11-24,False,10,0.5057452104191666,0.23201648958452675,0.3331447461879567
2020-11-25,False,10,0.5181284659934307,0.2509098499347345,0.35597713623126526
2020-11-27,False,10,0.5268381682832134,0.2877110339274066,0.38810455658480386
2020-11-30,False,10,0.4929761087276823,0.34855408384823494,0.3969977728740043
2020-12-01,False,10,0.481851029577275,0.29227488133860374,0.35333597146779117
2020-12-02,False,10,0.44621460849686895,0.3415704432471852,0.35095323598964184
2020-12-03,False,10,0.4525253511711823,0.3094225634473039,0.3440143931865553
2020-12-04,False,10,0.42566388679006684,0.28597930665718246,0.3055182711813294
2020-12-07,False,10,0.43058831182660695,0.2838350998833145,0.30905979325201705
2020-12-08,False,10,0.4354512494012136,0.31231535732085014,0.3323810373384291
2020-12-09,False,10,0.44385288257793537,0.31791984384518013,0.34373397543947376
2020-12-10,False,10,0.4437374218937728,0.3198547453188768,0.3449395255443608
2020-12-11,False,10,0.44409240523240584,0.28638179116397344,0.32759219593088457
2020-12-14,False,10,0.4399637117799519,0.3010153958541486,0.3326659778265899
2020-12-15,False,10,0.39061369997571804,0.24317399411586693,0.2596766243920872
2020-12-16,False,10,0.3993334364377487,0.2798745695089494,0.28646351041224205
2020-12-17,False,10,0.3520438651124049,0.2397935647593426,0.23128764875356772
2020-12-18,False,10,0.35523210380499187,0.23500974700270064,0.2317114608737945
2020-12-21,False,10,0.36907423254097266,0.23593710154002026,0.24555980930518953
2020-12-22,False,10,0.3819941676995718,0.25847771737106184,0.27319099476419945
2020-12-23,False,10,0.36804618297162145,0.25430081035808955,0.25948675909390734
2020-12-24,False,10,0.3716957580252267,0.2872202899445493,0.27955156935118736
2020-12-28,False,10,0.376285118275893,0.3217549322215706,0.3016181240589896
2020-12-29,False,10,0.3855043572682445,0.32423614171654297,0.3088506137937737
2020-12-30,False,10,0.38944979594507756,0.3329488543829952,0.3222929135643419
2020-12-31,False,10,0.3707019111108972,0.32149424975128355,0.30068744538417647
2021-01-04,False,10,0.39921868297650726,0.3787685153386926,0.361740253274007
2021-01-05,False,10,0.3982792477557091,0.3267459471709602,0.3334760775387527
2021-01-06,False,10,0.39203774463199803,0.4068313911647799,0.3659915986983534
2021-01-07,False,10,0.3885528322057353,0.3954231738302827,0.3562881330796894
2021-01-08,False,10,0.38165531176500056,0.40466909274105756,0.35551753200908476
2021-01-11,False,10,0.3841812665563103,0.39790955548962353,0.354750157959837
2021-01-12,False,10,0.379013694370271,0.38467086760398456,0.3437929593634143
2021-01-13,False,10,0.3833741144024284,0.37455993195566056,0.344276133917802
2021-01-14,False,10,0.36052254183046545,0.34520052684606833,0.31245836326326754
2021-01-15,False,10,0.37649264070899147,0.33732040815361924,0.32251666385063177
2021-01-19,False,10,0.3625342666798667,0.2751399694642662,0.277689773712307
2021-01-20,False,10,0.3609585004813117,0.29444946066072286,0.28642080655445346
2021-01-21,False,10,0.3728869820253172,0.31119641731850306,0.3067086316581851
2021-01-22,False,10,0.3402536949687321,0.2433093071926799,0.24903406064588388
2021-01-25,False,10,0.33335219690310774,0.3082157647614426,0.2777398825000431
2021-01-26,False,10,0.2864754777044872,0.32754903197119983,0.26212582633024434
2021-01-27,False,10,0.3335350925985121,0.2038410646851689,0.23357507962435803
2021-01-28,False,10,0.3184836349156371,0.12818823079653172,0.17668447559903822
2021-01-29,False,10,0.3575782081804263,0.14570764224902402,0.2171115803300872
2021-02-01,False,10,0.35766510268313007,0.12130834742047114,0.20148464085234652
2021-02-02,False,10,0.35069126030678943,0.20835399437007315,0.24499257240837405
2021-02-03,False,10,0.35822783152303384,0.19623590402560973,0.24982529668702239
2021-02-04,False,10,0.34842912994691183,0.22184894406490485,0.2544298370341289
2021-02-05,False,10,0.3507560489808893,0.15960180164913376,0.20824614028154728
2021-02-08,False,10,0.34951209049189624,0.3243416915909972,0.29017883467931743
2021-02-09,False,10,0.35053000221810054,0.32335371492573617,0.2881813763709856
2021-02-10,False,10,0.33335992303239786,0.3521965989602934,0.28960895842360984
2021-02-11,False,10,0.34130715844876314,0.2941544251687756,0.27817951901328464
2021-02-12,False,10,0.34354112940492826,0.2915247695742527,0.2848804202719052
2021-02-16,False,10,0.34469227571876787,0.2505805077385494,0.2650449614138999
2021-02-17,False,10,0.33594429432592987,0.30038117893265764,0.28536402338930134
2021-02-18,False,10,0.35132423093708154,0.24383749167255736,0.27133744679310606
2021-02-19,False,10,0.341584472700021,0.1600727198446871,0.21762574458515296
2021-02-22,False,10,0.35062957530793787,0.20012052462659005,0.2544044884372316
2021-02-23,False,10,0.35744466808715963,0.19488125428637673,0.26273651608875653
2021-02-24,False,10,0.34500620387073866,0.18009108888840855,0.24095621388486788
2021-02-25,False,10,0.3994317880196449,0.18342639458267765,0.274627973918649
2021-02-26,False,10,0.3919257115109032,0.2665397464398326,0.319835147550113
2021-03-01,False,10,0.39177522998500885,0.31138497238597274,0.33056201283469355
2021-03-02,False,10,0.39920896221901564,0.23460214996981232,0.2938637670130181
2021-03-03,False,10,0.41497534151072835,0.22360247631017702,0.30179882435056565
2021-03-04,False,10,0.4561677207180495,0.2195214329558096,0.33640597974006964
2021-03-05,False,10,0.44680939656999197,0.31540085076897945,0.37307224800271843
2021-03-08,False,10,0.4498999652447004,0.33109854556301205,0.3891506083238851
2021-03-09,False,10,0.4372262418972704,0.3526796184550616,0.38942135262104377
2021-03-10,False,10,0.43212643454941185,0.3772405177825967,0.3940352871699155
2021-03-11,False,10,0.4205226081060948,0.317023317728988,0.35015636600177064
2021-03-12,False,10,0.41072908295303506,0.3422763455727022,0.3538109251143017
2021-03-15,False,10,0.4145238820972903,0.32376736776708653,0.35266198132628385
2021-03-16,False,10,0.426570960042834,0.3523260543468583,0.3782157897522648
2021-03-17,False,10,0.42769249421224315,0.36116864802935933,0.3850597099380298
2021-03-18,False,10,0.44686914651797255,0.38561324106255424,0.41548182443546555
2021-03-19,False,10,0.4424874827907653,0.3560120281246488,0.3954502844889796
2021-03-22,False,10,0.44050378467114254,0.36507731022699236,0.3999268357270155
2021-03-23,False,10,0.47419941411155947,0.4068519887327008,0.4539589084073531
2021-03-24,False,10,0.48274452558553227,0.3530871878164383,0.4358770267458735
2021-03-25,False,10,0.47506062354249184,0.3788613891493384,0.4377178821825224
2021-03-26,False,10,0.45783343085571737,0.39834066796184225,0.4246434655128289
2021-03-29,False,10,0.47388197368332247,0.400889254294706,0.44520477245594503
2021-03-30,False,10,0.4742624300719614,0.39856723831283325,0.4459522738138988
2021-03-31,False,10,0.4532887793581694,0.4217225291951632,0.43896304542193115
2021-04-01,False,10,0.4548118040611171,0.4165212349179372,0.4388085263334032
2021-04-05,False,10,0.45670454898904433,0.47104738789349837,0.4683136931108729
2021-04-06,False,10,0.46314069566417615,0.46681401490118385,0.4730156126607568
2021-04-07,False,10,0.47144733281617646,0.4951854291189106,0.4933302653724139
2021-04-08,False,10,0.4650683235201191,0.5242169952414523,0.499948181739186
2021-04-09,False,10,0.4680877470993393,0.46332066420396184,0.4710694514641543
2021-04-12,False,10,0.46142968739566864,0.47701385263541685,0.4696971287461861
2021-04-13,False,10,0.4649460464641331,0.49515949421430383,0.4831793786004883
2021-04-14,False,10,0.4495153482139031,0.5173690880099635,0.4799310726706708
2021-04-15,False,10,0.4479964065181642,0.4829097713497347,0.4587580619077939
2021-04-16,False,10,0.4511661873824322,0.5107076398501846,0.47403355771662886
2021-04-19,False,10,0.45419603498225375,0.4971795273292667,0.4692008221057556
2021-04-20,False,10,0.4689326528029543,0.5085736256475661,0.48975031698698146
2021-04-21,False,10,0.45715000470753525,0.5090309266764385,0.4724191261829768
2021-04-22,False,10,0.4555566595912185,0.5265496856859592,0.47583502324092514
2021-04-23,False,10,0.4059791642330539,0.4823265528121305,0.40810608983805224
2021-04-26,False,10,0.4103614731824419,0.4796334429441217,0.4099637639275111
2021-04-27,False,10,0.38004454529880877,0.43079423498560515,0.3634158640507553
2021-04-28,False,10,0.39054754000027864,0.4329273906514326,0.379797890025978
2021-04-29,False,10,0.3964715623028111,0.44851330751472146,0.39849607850759144
2021-04-30,False,10,0.4101758382064557,0.47048551719129583,0.42225840868731324
2021-05-03,False,10,0.41105243433014155,0.48513179644423815,0.43126759955734956
2021-05-04,False,10,0.42095543109199485,0.47353341424906187,0.4387525298108588
2021-05-05,False,10,0.42806308642872154,0.47356801193260295,0.45116241847684413
2021-05-06,False,10,0.42378092615708896,0.4718086184234274,0.4449649328329518
2021-05-07,False,10,0.4140935908019682,0.4499838231976414,0.42078962820580484
2021-05-10,False,10,0.42484228190169615,0.4357320881353183,0.42434928606498645
2021-05-11,False,10,0.4388563416563697,0.4861458590682679,0.4651500155853021
2021-05-12,False,10,0.4851053927588337,0.4828145464023771,0.49488003812223524
2021-05-13,False,10,0.47296111858157,0.511917304267606,0.4908938943986754
2021-05-14,False,10,0.45243837311300006,0.5304824571714962,0.4725777069063417
2021-05-17,False,10,0.4562842281697626,0.49789224444433705,0.45568674098075485
2021-05-18,False,10,0.46937140510052283,0.5220593316724514,0.47532865506624095
2021-05-19,False,10,0.4824783503331694,0.5301863791536456,0.49165090005486745
2021-05-20,False,10,0.4846218961599737,0.5369050004875472,0.4974144037066121
2021-05-21,False,10,0.4324671523120961,0.4951317179721673,0.43569797558050444
2021-05-24,False,10,0.41799891497501157,0.4992697640027522,0.41949462313322977
2021-05-25,False,10,0.43220175550983275,0.5230669112038935,0.46218025290465814
2021-05-26,False,10,0.42123561838995804,0.4836888976438504,0.4304108682353722
2021-05-27,False,10,0.4037526077010693,0.5324808565886306,0.43612533304256457
2021-05-28,False,10,0.37128659673237846,0.5346397723409869,0.4096707027948429
2021-06-01,False,10,0.37464946305838,0.5027336193848085,0.41353295887025465
2021-06-02,False,10,0.3819275681292672,0.45914678622897537,0.3965563962224236
2021-06-03,False,10,0.39274934914941656,0.5524915224543225,0.4524361506666169
2021-06-04,False,10,0.39509869653424556,0.5075363697246296,0.43365233342066245
2021-06-07,False,10,0.4036280426737346,0.4829139124171254,0.42976976281458584
2021-06-08,False,10,0.4041631590666797,0.5009116336210742,0.4401692926389499
2021-06-09,False,10,0.41719740416815687,0.4911001791131047,0.4491271020478302
2021-06-10,False,10,0.40306759336124165,0.5209786579562105,0.4526855756144731
2021-06-11,False,10,0.4038758031647561,0.4957134778392326,0.43957610710306927
2021-06-14,False,10,0.3892713323749921,0.43779869396002696,0.39700102980088914
2021-06-15,False,10,0.39134826677197615,0.4254185539415979,0.3916925943711208
2021-06-16,False,10,0.4014057748209615,0.4576194991507714,0.41337475793630457
2021-06-17,False,10,0.3843201764710329,0.4547355262342779,0.4037783296595674
2021-06-18,False,10,0.3970791500912261,0.5122701606422688,0.43698422856495817
2021-06-21,False,10,0.39716256801378397,0.5514243315388339,0.4488624010710828
2021-06-22,False,10,0.39893809440014183,0.5176368120006252,0.4428073213769671
2021-06-23,False,10,0.3890945081772657,0.5036025916659738,0.4227830637411611
2021-06-24,False,10,0.38615769588623616,0.4886469986527311,0.40668521873084595
2021-06-25,False,10,0.38517995273307826,0.4891810598134139,0.4068918130758185
2021-06-28,False,10,0.3945146015032474,0.4399076750331246,0.39577705747865466
2021-06-29,False,10,0.402847570028427,0.4342044840260539,0.4064020994667074
2021-06-30,False,10,0.40099202564387854,0.46041582933459335,0.41651854475744987
2021-07-01,False,10,0.38918421906358125,0.4061899611146653,0.3767494384648259
2021-07-02,False,10,0.3920123073926016,0.398617940712504,0.3762184751350629
2021-07-06,False,10,0.40796152927619356,0.38641701865900446,0.38548451359202707
2021-07-07,False,10,0.40616393195201306,0.37760861444089,0.3795311851352411
2021-07-08,False,10,0.41910288840909066,0.3344931189767544,0.36587755050719245
2021-07-09,False,10,0.41452330983311486,0.36430680607708726,0.3676279424513119
2021-07-12,False,10,0.4186853569624848,0.40634531854660194,0.39653398336939527
2021-07-13,False,10,0.4365161668032874,0.4123042609157958,0.4170458693543714
2021-07-14,False,10,0.43044628905562776,0.4106433544563508,0.4123760847853187
2021-07-15,False,10,0.41721148004589603,0.4021587688037381,0.39511962605468987
2021-07-16,False,10,0.43921748495331236,0.4033588861934187,0.4217861002014528
2021-07-19,False,10,0.4565605223977278,0.46008918257248327,0.46337219635960275
2021-07-20,False,10,0.4578691263524862,0.40255314404023557,0.42834029676047125
2021-07-21,False,10,0.4541145815401027,0.4359549961953332,0.4381391825060875
2021-07-22,False,10,0.45888665361536585,0.4541204788898764,0.4525937003829036
2021-07-23,False,10,0.45275596643204147,0.48603538633471083,0.46019444314596414
2021-07-26,False,10,0.45273465074256763,0.4767959071312174,0.45538059225081357
2021-07-27,False,10,0.44436006220159335,0.4433178991939717,0.4315532021625913
2021-07-28,False,10,0.44796275413071757,0.5057450636061608,0.46794066067863266
2021-07-29,False,10,0.4386085765560028,0.5007550690263723,0.45181332531744317
2021-07-30,False,10,0.44400867281378986,0.45659714520538974,0.43351922078135313
2021-08-02,False,10,0.45181437375134237,0.45057244024883575,0.4386113863810306
2021-08-03,False,10,0.4532192860615581,0.44612567433484324,0.440390257296471
2021-08-04,False,10,0.45548571788901054,0.4195721867746349,0.4246796054485966
2021-08-05,False,10,0.4430739748213398,0.46917740638801514,0.43684064773526965
2021-08-06,False,10,0.38941693488331036,0.3716167985745176,0.3608146930642475
2021-08-09,False,10,0.39764964301736877,0.3525660063176228,0.368184868410437
2021-08-10,False,10,0.399359371372822,0.23031722655937703,0.3123724482005422
2021-08-11,False,10,0.39677770363720377,0.2772163095529684,0.3346747338931864
2021-08-12,False,10,0.3830136210205166,0.30284664905858544,0.33775463814023043
2021-08-13,False,10,0.37252268145399364,0.26109790728939564,0.30655606451480827
2021-08-16,False,10,0.3796036818532705,0.343174163909048,0.3623336344757437
2021-08-17,False,10,0.39542594213379234,0.3484606619480196,0.37869525745283417
2021-08-18,False,10,0.41472913687098445,0.3419472795778578,0.39372827589064113
2021-08-19,False,10,0.4159893863645588,0.3315846444639741,0.39174341534358537
2021-08-20,False,10,0.4144638917565925,0.3090288796222421,0.37465328233293854
2021-08-23,False,10,0.4139322613968447,0.31725066793253287,0.3759972885377622
2021-08-24,False,10,0.4093958292375083,0.3198802912354697,0.3725645741162309
2021-08-25,False,10,0.40937717528872225,0.3572434020927278,0.3897360531217939
2021-08-26,False,10,0.4139149079497732,0.33360022648175525,0.37838333473616287
2021-08-27,False,10,0.4037726912838209,0.37271505038531905,0.38189124093708
2021-08-30,False,10,0.4087506133963449,0.3544587774474566,0.37991476582612216
2021-08-31,False,10,0.4081672885172004,0.3540371506042145,0.37857211248562916
2021-09-01,False,10,0.4088697510650268,0.4088984751822098,0.40631305464530576
2021-09-02,False,10,0.39634506629648925,0.43282640946079404,0.40445153393024047
2021-09-03,False,10,0.3983991205906872,0.42489669337366026,0.3992623652784142
2021-09-07,False,10,0.4103675236003811,0.48161196990291627,0.4416332670775327
2021-09-08,False,10,0.40857295262374926,0.43547197039928454,0.41770362162897573
2021-09-09,False,10,0.4079237357737431,0.4631870985650681,0.43107347242293076
2021-09-10,False,10,0.403013855372874,0.4066767526356947,0.3991930975515752
2021-09-13,False,10,0.38837710128055203,0.4368214480115186,0.3965103268110307
2021-09-14,False,10,0.38226987386383754,0.4377279535954281,0.39703134561592157
2021-09-15,False,10,0.382023815234172,0.3166923876808361,0.3462476077665374
2021-09-16,False,10,0.3928321391885746,0.3364401130105028,0.36977216942303764
2021-09-17,False,10,0.402840406338424,0.3213585045766766,0.37039325546431034
2021-09-20,False,10,0.43587750245422524,0.29989307988445557,0.38300055959176255
2021-09-21,False,10,0.4417493980698797,0.2993836599128396,0.387214208469231
2021-09-22,False,10,0.43276153009937135,0.2981003842474077,0.3686362285378192
2021-09-23,False,10,0.42457184547508203,0.3658492544746821,0.3910780583944493
2021-09-24,False,10,0.4300219593152224,0.3717224613801649,0.4016382211322999
2021-09-27,False,10,0.4297095183529494,0.3735032908616218,0.40719079302869826
2021-09-28,False,10,0.4554067952457366,0.3790276472641079,0.42680552887433376
2021-09-29,False,10,0.4435722711377176,0.38246264934213176,0.4168693945333735
2021-09-30,False,10,0.4642345767397987,0.3090011046071815,0.393280154376901
2021-10-01,False,10,0.44457362694030933,0.340054305521124,0.3874268352299961
2021-10-04,False,10,0.45876975195889075,0.26946533443515597,0.3716994514917985
2021-10-05,False,10,0.4555623093083106,0.29013809427182796,0.3789612058972447
2021-10-06,False,10,0.44190755947080335,0.32557630336132926,0.38833253495734366
2021-10-07,False,10,0.43121223269385206,0.36442497974796806,0.3918303013601652
2021-10-08,False,10,0.43233793990315494,0.4224608744603551,0.4233292806315042
2021-10-11,False,10,0.4222698056318827,0.4092960498658279,0.4073737294987182
2021-10-12,False,10,0.39675453123209226,0.4016895366676781,0.3831940488666106
2021-10-13,False,10,0.39770018347123925,0.40954491130962845,0.40124307242105656
2021-10-14,False,10,0.3977367870627774,0.4254867504319177,0.4036642299181611
2021-10-15,False,10,0.39077551503727476,0.3655275608918052,0.3662922977677685
2021-10-18,False,10,0.39304518149209605,0.4285755081870982,0.40342015786512075
2021-10-19,False,10,0.3937594046838316,0.3482000805401388,0.3616829905652542
2021-10-20,False,10,0.38681411144506256,0.42533167927113263,0.39177137326916917
2021-10-21,False,10,0.38884605804021494,0.4149952013924717,0.39019381450959195
2021-10-22,False,10,0.3937879601021213,0.34901579544788014,0.3636656897609097
2021-10-25,False,10,0.38529873843860674,0.3547246819236874,0.3582665591173515
2021-10-26,False,10,0.38594349813217893,0.36346463498527326,0.36954384477749064
2021-10-27,False,10,0.4087846959751779,0.36073209935005046,0.3920102369440001
2021-10-28,False,10,0.39088417165525297,0.38910183923877034,0.3834409224379805
2021-10-29,False,10,0.3972378378125813,0.411573948602476,0.40558356683164476
2021-11-01,False,10,0.3949338109130528,0.47366428888722545,0.4301363137581589
2021-11-02,False,10,0.3930608300937965,0.45362651266460546,0.4257284469340343
2021-11-03,False,10,0.39228936389654945,0.4296828708070692,0.41058368445445736
2021-11-04,False,10,0.39814151744722936,0.4209035351312513,0.4168935945450943
2021-11-05,False,10,0.3923864574429074,0.42641057748039773,0.4163581580712208
2021-11-08,False,10,0.38975976302978627,0.5013735311986577,0.4539115746914954
2021-11-09,False,10,0.39187218835417964,0.39987964170988805,0.40577305746448444
2021-11-10,False,10,0.38586110232164633,0.3853013857154187,0.3937651736318045
2021-11-11,False,10,0.3689640608461553,0.3455901305297502,0.36050499282008336
2021-11-12,False,10,0.35626633921529016,0.37837033388868097,0.36123435160098155
2021-11-15,False,10,0.3638308733975508,0.34412142874772295,0.3549895700306833
2021-11-16,False,10,0.3676594398721469,0.37401339725879984,0.37745752104106517
2021-11-17,False,10,0.3807097142158983,0.3366753307023402,0.3714401048349532
2021-11-18,False,10,0.3901558783758149,0.2971314606774229,0.36148957219027245
2021-11-19,False,10,0.38782293444254423,0.31473971187977484,0.37198840497622065
2021-11-22,False,10,0.39230485829556694,0.30666613540583104,0.38076447875789865
2021-11-23,False,10,0.3907260020885432,0.3500361641660755,0.40334354838685765
2021-11-24,False,10,0.38915948332505457,0.3578107092595525,0.40599007646115315
2021-11-26,False,10,0.4330184745177494,0.44088792519829645,0.4821390117509272
2021-11-29,False,10,0.4342312617260749,0.4395220042700895,0.484720854823691
2021-11-30,False,10,0.4732534289392907,0.43498189595544035,0.5056599793801622
2021-12-01,False,10,0.4878685231353665,0.3980409608354874,0.4976198353465959
2021-12-02,False,10,0.47903924295339,0.47055284583359525,0.510196141836984
2021-12-03,False,10,0.4851184729234345,0.4480865149156669,0.5066785446556461
2021-12-06,False,10,0.47323109189333523,0.4372796942428524,0.4829992838775653
2021-12-07,False,10,0.46654213161318153,0.4034815177853542,0.45070357708438136
2021-12-08,False,10,0.44912607221843126,0.38004163659383833,0.4213577084599548
2021-12-09,False,10,0.468230975454368,0.3771436241382832,0.440514799832881
2021-12-10,False,10,0.45867705746143783,0.4444171893333274,0.46577587844452245
2021-12-13,False,10,0.4610923256391443,0.5022225101734793,0.5014716390136429
2021-12-14,False,10,0.44158967170084074,0.45766747122196993,0.4650808260579238
2021-12-15,False,10,0.43240615205253996,0.465580135111123,0.45770177123474143
2021-12-16,False,10,0.44018586832792045,0.4448905083684093,0.462784103646525
2021-12-17,False,10,0.4542368029887584,0.5041169124803817,0.5154186591014742
2021-12-20,False,10,0.4766686112034193,0.4938591013389487,0.528534832336379
2021-12-21,False,10,0.475157596050515,0.5301757676584823,0.5339424676667375
2021-12-22,False,10,0.44459540816004534,0.4899938421289327,0.4853716430575334
2021-12-23,False,10,0.43855730942860716,0.5295050658203506,0.49677894359074465
2021-12-27,False,10,0.4132945095142915,0.48001860664737317,0.44390469377239494
2021-12-28,False,10,0.42097024711031844,0.52405440798833,0.47792866014788155
2021-12-29,False,10,0.41098580656584294,0.4919317521466775,0.4494484485688756
2021-12-30,False,10,0.41758592107208065,0.4882399599211711,0.45569092756349877
2021-12-31,False,10,0.41630957218864845,0.49681222748998405,0.4569630045098981
2022-01-03,False,10,0.42189177097854336,0.46301598587429865,0.45263829469384215
2022-01-04,False,10,0.41343133820307854,0.40854648119333714,0.41944776235155484
2022-01-05,False,10,0.43567585153280897,0.4180272351700527,0.44453366835722596
2022-01-06,False,10,0.4380856234938091,0.4026129143538013,0.44061881443859063
2022-01-07,False,10,0.4492741611161377,0.37386174384661763,0.439274375825399
2022-01-10,False,10,0.46168755681227563,0.2662753297134507,0.3961260920466386
2022-01-11,False,10,0.45770092707635024,0.26693814857509385,0.3899304256220049
2022-01-12,False,10,0.4588608123399857,0.2716882340398336,0.3936842281541344
2022-01-13,False,10,0.46995701225511066,0.33863721140218994,0.4449747386601289
2022-01-14,False,10,0.47523111513220384,0.3224807882853182,0.44314174606035234
2022-01-18,False,10,0.5037964547157912,0.3457930927661695,0.4769257739363717
2022-01-19,False,10,0.5139271771439242,0.3835793830623323,0.5095019638921786
2022-01-20,False,10,0.5368109716415802,0.2951787149173289,0.48040502122678846
2022-01-21,False,10,0.5644503306778936,0.392641612201419,0.5557789217649969
2022-01-24,False,10,0.5437972078616451,0.384055115299219,0.5296937563718284
2022-01-25,False,10,0.5647139733109444,0.38819620877383665,0.5598851938967647
2022-01-26,False,10,0.5737142515120226,0.45303891305549193,0.5998320889758959
2022-01-27,False,10,0.5872953568332537,0.41595977630604825,0.6007926845048223
2022-01-28,False,10,0.5812284473492939,0.4193949244514479,0.5848101220218136
2022-01-31,False,10,0.5804076628279232,0.4497946128550951,0.5922128001180214
2022-02-01,False,10,0.5727737360671189,0.49589273795373834,0.6036127544962456
2022-02-02,False,10,0.576852766240094,0.39747959769602476,0.5589572347906848
2022-02-03,False,10,0.5969154778352365,0.43916310650014734,0.5988223680244738
2022-02-04,False,10,0.5931036201586992,0.4538516241688902,0.6047356169770542
2022-02-07,False,10,0.5847626396875657,0.4700057160427651,0.6032537754815361
2022-02-08,False,10,0.5804465949930965,0.4909830972950056,0.6041593595558071
2022-02-09,False,10,0.577141436438975,0.4743765149832503,0.5893584593405757
2022-02-10,False,10,0.5951507047247067,0.4786202355076171,0.6068335649170575
2022-02-11,False,10,0.610277627263008,0.46112026647179566,0.6159298183136194
2022-02-14,False,10,0.6071084632949437,0.4646951389036726,0.6148401487561603
2022-02-15,False,10,0.594347821625819,0.46470690463942194,0.5980960699747042
2022-02-16,False,10,0.5852309695488461,0.44975935573988035,0.579761597295662
2022-02-17,False,10,0.6051596040457751,0.5402359725995795,0.6436884012281467
2022-02-18,False,10,0.6135681220813343,0.4895846148178844,0.6281984289842907
2022-02-22,False,10,0.6285981062983902,0.48757798378695294,0.6427422484793237
2022-02-23,False,10,0.6154326412258203,0.46744884278135956,0.6219736177114319
2022-02-24,False,10,0.612117071228962,0.4815082302581956,0.6300498332643011
2022-02-25,False,10,0.5714944824446049,0.516813871110476,0.595599962179262
2022-02-28,False,10,0.5504152570462708,0.5260640256847247,0.5845947778635859
2022-03-01,False,10,0.5747969420735725,0.4042359131502682,0.5577448560678641
2022-03-02,False,10,0.5595394876159808,0.41117098419277387,0.535427623102505
2022-03-03,False,10,0.5723069368192505,0.34366822394234947,0.5177533681995503
2022-03-04,False,10,0.5875240237249395,0.2863163809856861,0.5060616241207152
2022-03-07,False,10,0.6396752117280811,0.25942605491155,0.5388030047641245
2022-03-08,False,10,0.6330713945441959,0.282256393272903,0.5514524614240359
2022-03-09,False,10,0.6279570418510422,0.32416792106420356,0.5651463884700069
2022-03-10,False,10,0.6185780547727137,0.35892432239095634,0.5745809737002586
2022-03-11,False,10,0.6262280386453478,0.33137810137215157,0.5662782429710191
2022-03-14,False,10,0.6435937757610424,0.26150834561461206,0.5484738611335207
2022-03-15,False,10,0.6349467355695854,0.17507735151176984,0.46444490698951585
2022-03-16,False,10,0.6201216841868088,0.23452463910089255,0.48922220943118727
2022-03-17,False,10,0.5905665316946844,0.24501888402297378,0.4607969545290468
2022-03-18,False,10,0.5937046610399033,0.23075923007013166,0.45845881711855285
2022-03-21,False,10,0.5997932071252526,0.1980212836732868,0.4425710053899947
2022-03-22,False,10,0.5998380543978616,0.17748048197947944,0.426064054806241
2022-03-23,False,10,0.6174629807885629,0.20910621213545702,0.4731976458697021
2022-03-24,False,10,0.6104359814969371,0.19010325786442722,0.4479942055443548
2022-03-25,False,10,0.6083712785929477,0.1754034585100479,0.4332209961200874
2022-03-28,False,10,0.6082446440941209,0.22924907762138463,0.4774385945198159
2022-03-29,False,10,0.6009466173321282,0.23511652992752316,0.47206092368421076
2022-03-30,False,10,0.6096320342887208,0.2766952981779608,0.5077967074203663
2022-03-31,False,10,0.6307735159509696,0.2804074756569242,0.5309324423627517
2022-04-01,False,10,0.6027206019079784,0.234147640341061,0.46740693153789153
2022-04-04,False,10,0.5998184880709654,0.2805751515791337,0.4953240134024439
2022-04-05,False,10,0.6115895937118588,0.2786372294258576,0.5054185039638648
2022-04-06,False,10,0.6162288149746421,0.24292471853748773,0.4892157801329346
2022-04-07,False,10,0.6198198460463353,0.24997233211358988,0.4994461475974777
2022-04-08,False,10,0.6219495264325156,0.21092562342102023,0.4737421060764349
2022-04-11,False,10,0.6225684317708237,0.2602567235504099,0.509063973483203
2022-04-12,False,10,0.6203114467542303,0.2659372270139623,0.509885120117819
2022-04-13,False,10,0.5875603814653004,0.2435276689679131,0.459484923304864
2022-04-14,False,10,0.5848470385014045,0.29699486084399357,0.49080528586853617
2022-04-18,False,10,0.5707040100290313,0.22779201426196607,0.4306771137416648
2022-04-19,False,10,0.5304611869838536,0.1804243675080628,0.3489471315371466
2022-04-20,False,10,0.5364334106243905,0.2503181283175038,0.4095284431223361
2022-04-21,False,10,0.549145963933067,0.2837408603517636,0.44687327443567065
2022-04-22,False,10,0.5870625149752173,0.32930122692157815,0.5095278329303228
2022-04-25,False,10,0.5759612595104435,0.36794464452996145,0.5160133947345176
2022-04-26,False,10,0.6234317272708759,0.4901456627576324,0.6271936412251131
2022-04-27,False,10,0.6298601678779295,0.45183541581674713,0.6202778019192201
2022-04-28,False,10,0.6281653535883432,0.41704012068794594,0.5986300979145471
2022-04-29,False,10,0.6627725393687042,0.3998445254908697,0.6251861257143497
2022-05-02,False,10,0.6433732259722648,0.38596408694310436,0.5978125736237697
2022-05-03,False,10,0.6391872696374895,0.47015931063569816,0.6324526843547322
2022-05-04,False,10,0.6307178580667387,0.4912184486899753,0.6226534580868175
2022-05-05,False,10,0.6872758327342293,0.520993071186433,0.6923483237157624
2022-05-06,False,10,0.7080169177590778,0.546470129842145,0.7293276343067693
2022-05-09,False,10,0.7347951905888284,0.527427030189991,0.7473828863171985
2022-05-10,False,10,0.7271262740405523,0.5218649274848297,0.7371976912659823
2022-05-11,False,10,0.7374638425833908,0.48348580951168885,0.7337006718263315
2022-05-12,False,10,0.7422789856643752,0.5353006647312123,0.7612704192934412
2022-05-13,False,10,0.7368641580559966,0.5625476175339714,0.760923592931538
2022-05-16,False,10,0.7262231813422948,0.48608958997093726,0.719199363808117
2022-05-17,False,10,0.7113615633366579,0.45437670872292185,0.6850090974944154
2022-05-18,False,10,0.7502061918191065,0.5261893621183632,0.750985262373129
2022-05-19,False,10,0.7373872933827382,0.5226742625119687,0.7387759311224689
2022-05-20,False,10,0.7448848311688544,0.5039233280204289,0.7368678168174388
2022-05-23,False,10,0.7456355801531362,0.5144402335208388,0.7470138087982057
2022-05-24,False,10,0.7536184655583478,0.5233559104870811,0.7592564526698653
2022-05-25,False,10,0.7361818350201834,0.5417026905776017,0.7452339326334586
2022-05-26,False,10,0.7362017410447382,0.5218196535602908,0.7384188317353552
2022-05-27,False,10,0.7239145671328057,0.5720446569852993,0.7406459876418027
2022-05-31,False,10,0.7290707420333202,0.5737150680254326,0.7446204006809277
2022-06-01,False,10,0.6982624579901664,0.5700871603957441,0.7122780453486764
2022-06-02,False,10,0.6843898194033672,0.557395343853724,0.6848746739724109
2022-06-03,False,10,0.7075364659178164,0.5804412109109442,0.7209223665757538
2022-06-06,False,10,0.7033526458636505,0.5674559475682627,0.708184943417492
2022-06-07,False,10,0.6837713516514828,0.537988036927149,0.672640059212111
2022-06-08,False,10,0.6890630194438823,0.6055660775239985,0.7044276035297752
2022-06-09,False,10,0.7238825855721532,0.5461484142511861,0.7147581705936054
2022-06-10,False,10,0.7604340738547164,0.5463110121250561,0.7532107472684141
2022-06-13,False,10,0.8155931921909735,0.5879730228547076,0.8204646749474025
2022-06-14,False,10,0.822292374372424,0.5882179353582537,0.8287176352709236
2022-06-15,False,10,0.8178216022895561,0.5544090197050388,0.8119212252464612
2022-06-16,False,10,0.8515809135101814,0.608921882117716,0.8618616586165991
2022-06-17,False,10,0.8453997576601313,0.5943922778724501,0.8513970673790126
2022-06-21,False,10,0.8439727304468597,0.5436570202626052,0.8346455257614156
2022-06-22,False,10,0.848591979701298,0.5660508227254886,0.8477525095338663
2022-06-23,False,10,0.8464838345377053,0.5168114956554107,0.8331415429951323
2022-06-24,False,10,0.8457922210849775,0.508163788175732,0.8245624466753613
2022-06-27,False,10,0.8415837651445788,0.5110823712484618,0.8196887720589501
2022-06-28,False,10,0.8433160100474044,0.4930089609832788,0.8163945496286272
2022-06-29,False,10,0.84902399184234,0.49261803314962177,0.8240360322972835
2022-06-30,False,10,0.8535198318087491,0.5273686000033869,0.8395912036642654
2022-07-01,False,10,0.8408367385448158,0.5108084074600199,0.8190620039172926
2022-07-05,False,10,0.8392036819578038,0.5290211871328885,0.8236176671069262
2022-07-06,False,10,0.8419085694229517,0.5263419491012267,0.8262641657811608
2022-07-07,False,10,0.8358356190818631,0.5247462496403936,0.8168270699068081
2022-07-08,False,10,0.8325545057869377,0.5228169697798121,0.8118710017354056
2022-07-11,False,10,0.8407568202315263,0.5169059783472159,0.8194848831027982
2022-07-12,False,10,0.8472739526480852,0.5270292336320196,0.8322355101155593
2022-07-13,False,10,0.845617218159101,0.5278824478959318,0.8304171390908225
2022-07-14,False,10,0.8497956045231059,0.5349311835402633,0.8371309856965736
2022-07-15,False,10,0.849758455285154,0.5400031928490078,0.8383717738678019
2022-07-18,False,10,0.8512995168056544,0.5209925967253328,0.8329881198403044
2022-07-19,False,10,0.8329370345151806,0.5402642445102944,0.8117240141311952
2022-07-20,False,10,0.80497500160036,0.5728084128108905,0.79128747102187
2022-07-21,False,10,0.801822801194658,0.4932139165870202,0.7588851563308642
2022-07-22,False,10,0.7846283359166882,0.5069457077047728,0.7442643094260201
2022-07-25,False,10,0.7851236121489485,0.5005598729548153,0.7437565155884681
2022-07-26,False,10,0.7967902861191828,0.4916097624978352,0.7578518719654144
2022-07-27,False,10,0.7661312000719311,0.5214168125013452,0.7298560093383745
2022-07-28,False,10,0.7604621942907328,0.5695824968796477,0.7409612890077575
2022-07-29,False,10,0.7585434665180041,0.5011358439244429,0.7122746863467379
2022-08-01,False,10,0.7688208669390759,0.4854323250480043,0.7261781008569473
2022-08-02,False,10,0.737641741333505,0.5122545434038895,0.7055557604837024
2022-08-03,False,10,0.7203073408940247,0.4535031171312062,0.655789961067165
2022-08-04,False,10,0.6775940989663652,0.3649392273421184,0.564332239698456
2022-08-05,False,10,0.6736215075258671,0.35299029568672136,0.5534240514583637
2022-08-08,False,10,0.6539873078907052,0.3988441211403375,0.552759275736293
2022-08-09,False,10,0.6644625909040006,0.37190512084411165,0.5507427966229811
2022-08-10,False,10,0.6644942532809376,0.3250518867522896,0.5244330092781202
2022-08-11,False,10,0.657803303356995,0.28612454755062705,0.4920411920143678
2022-08-12,False,10,0.6591429405620098,0.3309701735744078,0.5208947338569752
2022-08-15,False,10,0.5941746775107781,0.31408675209780734,0.4458427275605048
2022-08-16,False,10,0.5886977208108269,0.344721600140443,0.4523945485378437
2022-08-17,False,10,0.6023813022965403,0.31270780498733286,0.44610208802201395
2022-08-18,False,10,0.6085567431782044,0.3536782988409768,0.47932442454197366
2022-08-19,False,10,0.616587840200842,0.3161905638986711,0.46056678167973975
2022-08-22,False,10,0.6492379805179772,0.30171146351194705,0.48853122053283293
2022-08-23,False,10,0.6584380262193047,0.24666446227843492,0.4685807162623384
2022-08-24,False,10,0.6646622931312567,0.29915799821682765,0.51441320418887
2022-08-25,False,10,0.6432381357740036,0.31415172631425986,0.4950263795844956
2022-08-26,False,10,0.6830090047264468,0.33069067397218965,0.5432613472964088
2022-08-29,False,10,0.6986474226717612,0.31509779748222555,0.5576829913871485
2022-08-30,False,10,0.6999438284791971,0.2794279210795645,0.5364990184701021
2022-08-31,False,10,0.7099929391341762,0.27805144921354147,0.548885203277353
2022-09-01,False,10,0.7198308561322392,0.28257690462377155,0.5686286599314827
2022-09-02,False,10,0.7115259962060378,0.2574778688122334,0.5426342728670054
2022-09-06,False,10,0.6887170414981474,0.30835145483696863,0.5504211890180843
2022-09-07,False,10,0.6445579579088324,0.336819353060945,0.5097337320944739
2022-09-08,False,10,0.559095573843419,0.31312402844701975,0.4223219634184986
2022-09-09,False,10,0.5426578434890663,0.33764931250027663,0.41417441402482064
2022-09-12,False,10,0.5449490845704863,0.377563000851751,0.4375057772370022
2022-09-13,False,10,0.550202008067324,0.4513337362650313,0.4741400917731103
2022-09-14,False,10,0.5530903802217843,0.4211203120321045,0.46344579628603366
2022-09-15,False,10,0.5732903484050673,0.49274795637571916,0.5262656534219432
2022-09-16,False,10,0.5829653023535672,0.5335450975385718,0.5565622511000665
2022-09-19,False,10,0.5785815414031007,0.515202820200015,0.5346719256753061
2022-09-20,False,10,0.6055169207374571,0.48565401846690376,0.5631670532956962
2022-09-21,False,10,0.6271844079049873,0.4908540640679472,0.5878629907463957
2022-09-22,False,10,0.6249399246910579,0.4466288525974549,0.5652380893816853
2022-09-23,False,10,0.6487150974642979,0.4492352910260321,0.5874302281487493
2022-09-26,False,10,0.6548498760609287,0.4402592496042287,0.5869317768695453
2022-09-27,False,10,0.6624032362419583,0.481010566989523,0.617930791234396
2022-09-28,False,10,0.6483936513933735,0.5008213725351953,0.5957812595844214
2022-09-29,False,10,0.6722816775051436,0.4931514173475195,0.614848311656837
2022-09-30,False,10,0.6928671673290099,0.5434043437873899,0.6665855821081725
2022-10-03,False,10,0.6833403040823097,0.5463447440433346,0.6465437111395793
2022-10-04,False,10,0.6621089671574029,0.5671352704053858,0.619375929192894
2022-10-05,False,10,0.662520516742114,0.5983284987405966,0.6337342709439947
2022-10-06,False,10,0.6684686891730369,0.6020566756583211,0.6419192392761419
2022-10-07,False,10,0.690399525162385,0.5520151303293058,0.6391637195490647
2022-10-10,False,10,0.7011831301623389,0.5492647694932692,0.6524715582851586
2022-10-11,False,10,0.7015800568814857,0.5730999681442941,0.664016839475151
2022-10-12,False,10,0.7126553655853908,0.5122129361417498,0.6607266396204887
2022-10-13,False,10,0.7087218205476428,0.48174254755096735,0.6353216244542692
2022-10-14,False,10,0.7444035026353778,0.4954558700590906,0.6808069355446904
2022-10-17,False,10,0.7295102990941607,0.4525620339054705,0.6334012766492024
2022-10-18,False,10,0.7239706703446622,0.4902974986499227,0.6404423969221549
2022-10-19,False,10,0.7292133968247337,0.5089376032324852,0.6548157165748987
2022-10-20,False,10,0.747119612346855,0.4426965170581305,0.6502412824416623
2022-10-21,False,10,0.7459956425373753,0.4384112649624881,0.6413492540466222
2022-10-24,False,10,0.7470780509552977,0.4333540361032769,0.6379758262231261
2022-10-25,False,10,0.737691789176028,0.4070099866502791,0.6083247964947718
2022-10-26,False,10,0.7298075987163507,0.44377026954485815,0.6169241919204193
2022-10-27,False,10,0.7362932187311719,0.44877893732242946,0.6293441940314703
2022-10-28,False,10,0.727185170356057,0.4647951341571798,0.6224629056187693
2022-10-31,False,10,0.7312874499273563,0.4336528011684813,0.611051137957067
2022-11-01,False,10,0.7320302867805395,0.4268845363569189,0.6089777511871065
2022-11-02,False,10,0.7568837656472723,0.4032666340159823,0.6256494722125768
2022-11-03,False,10,0.7670845238345033,0.46511658273683176,0.6775439432300098
2022-11-04,False,10,0.7614136944120202,0.45450722498897617,0.6652102069186796
2022-11-07,False,10,0.7642029095958922,0.45604562423415285,0.6721543653160945
2022-11-08,False,10,0.7617030533045571,0.43933078334980186,0.6606377237438898
2022-11-09,False,10,0.7916874083078105,0.41085835412173727,0.690901951179216
2022-11-10,False,10,0.7810424709411217,0.46849591700755183,0.6921165117503775
2022-11-11,False,10,0.7791292295725792,0.47482739705380184,0.6979808449691458
2022-11-14,False,10,0.7744813836808675,0.4770223004640407,0.6935784341614156
2022-11-15,False,10,0.7519381935944478,0.48318475453775317,0.6670762599412876
2022-11-16,False,10,0.7619546758080457,0.44928305506259314,0.6648574327035905
2022-11-17,False,10,0.7694767063396066,0.4366135379123911,0.6708918268950135
2022-11-18,False,10,0.773399190537138,0.4415656762410585,0.6805093811479374
2022-11-21,False,10,0.7375476689198249,0.45110178263579626,0.6432326856141776
2022-11-22,False,10,0.7240794722536101,0.4478722317407128,0.6226195652376363
2022-11-23,False,10,0.7064383485921676,0.44669031179969193,0.6002924459523025
2022-11-25,False,10,0.698028724753441,0.45382221195347977,0.5932394583491623
2022-11-28,False,10,0.7110193968201349,0.449735694287466,0.6047430069113263
2022-11-29,False,10,0.7013565058162765,0.4448117506938699,0.5896397442652339
2022-11-30,False,10,0.6854800737605572,0.46565425129999993,0.5745798439328645
2022-12-01,False,10,0.6957265576532603,0.421747861886525,0.5680889931141737
2022-12-02,False,10,0.6974954320352187,0.4751286224129373,0.596516446718038
2022-12-05,False,10,0.7304592487988921,0.4812358722873952,0.6405118759489947
2022-12-06,False,10,0.7456088379683238,0.4720802569112432,0.6562204844869423
2022-12-07,False,10,0.6957869133196035,0.49036619830460476,0.6110896793218131
2022-12-08,False,10,0.6932514365761095,0.48093417825070034,0.6003935085243014
2022-12-09,False,10,0.6937509997495417,0.48896115013546293,0.6040779173654154
2022-12-12,False,10,0.6728079973176045,0.4818738698960527,0.5726244634621929
2022-12-13,False,10,0.6759034859999491,0.5170323173622449,0.5948255353111915
2022-12-14,False,10,0.664171190577219,0.5001316258410915,0.57310162287209
2022-12-15,False,10,0.6763288873426431,0.47012607463579675,0.5706991432715016
2022-12-16,False,10,0.6687455757617766,0.46499940839241244,0.5573253761006484
2022-12-19,False,10,0.6520096463845364,0.45911108601991035,0.5360005391155014
2022-12-20,False,10,0.6367348892001701,0.45979341416462116,0.5192043513235955
2022-12-21,False,10,0.6251757303326605,0.48429259333861024,0.5140901937702257
2022-12-22,False,10,0.6514211639271076,0.4736130498042568,0.5443228876774907
2022-12-23,False,10,0.620188452976201,0.5125405796699803,0.5299941646894475
2022-12-27,False,10,0.6075712324912568,0.5253287219338095,0.5217864345166829
2022-12-28,False,10,0.6396034009410331,0.49195797684620907,0.5473989863778901
2022-12-29,False,10,0.6392712446069105,0.5063542995363912,0.563770572413658
2022-12-30,False,10,0.6383360414878884,0.5064955424580619,0.5618245243196808
2023-01-03,False,10,0.6309736564541631,0.5039646465923938,0.5536104110463415
2023-01-04,False,10,0.5840245007133966,0.49132104103645274,0.4971789305142299
2023-01-05,False,10,0.5907200930851155,0.5566325822465059,0.5378512530086625
2023-01-06,False,10,0.5738238379599735,0.5410258497733671,0.504140750740074
2023-01-09,False,10,0.5705542817885824,0.5310804451599079,0.4947557907039067
2023-01-10,False,10,0.5747997809464335,0.5496281232473521,0.5117924032342793
2023-01-11,False,10,0.5252509254089239,0.5439486139011948,0.461675960627528
2023-01-12,False,10,0.5330007637992812,0.5501430995298419,0.4809955855658906
2023-01-13,False,10,0.5395599773204459,0.5552290838518257,0.4919148946784852
2023-01-17,False,10,0.5290791542872453,0.6017133140450354,0.5032502866179461
2023-01-18,False,10,0.536695477201536,0.5870743512969921,0.5001925756712391
2023-01-19,False,10,0.5606958262408354,0.5483555260706718,0.5137783762403781
2023-01-20,False,10,0.5560888376119946,0.5432130378530847,0.5004817550956463
2023-01-23,False,10,0.5595838355000227,0.4848801392258123,0.4771601539018383
2023-01-24,False,10,0.5627475737792342,0.5355057834270566,0.5069495003294566
2023-01-25,False,10,0.5594978694936825,0.5647005290501009,0.5170380273880207
2023-01-26,False,10,0.5637812399864458,0.5705157979457038,0.5268151200810742
2023-01-27,False,10,0.5575431183632228,0.5861015910250708,0.5294919750874949
2023-01-30,False,10,0.5725975130797198,0.5491735643383088,0.5253680611739766
2023-01-31,False,10,0.516016924944619,0.5894437986999801,0.4876223659393099
2023-02-01,False,10,0.503644276978166,0.5698385400698729,0.45815424574030955
2023-02-02,False,10,0.5082727061793999,0.45949272388066514,0.4139099809952331
2023-02-03,False,10,0.5274623703117439,0.4822457453732365,0.4460260201702247
2023-02-06,False,10,0.5433540525144036,0.47649522158040053,0.46228365515806674
2023-02-07,False,10,0.48992038329410287,0.5058763342710844,0.4273600041903379
2023-02-08,False,10,0.4902583275809593,0.4252520225188435,0.4188693427237274
2023-02-09,False,10,0.5067850934854503,0.42438391114463264,0.4268435355056922
2023-02-10,False,10,0.49289485375941966,0.5525787949916591,0.48040304197036676
2023-02-13,False,10,0.49265034089716,0.5158499008494617,0.46093550276703715
2023-02-14,False,10,0.477920351156438,0.48808777175602935,0.43266017173050386
2023-02-15,False,10,0.4655871433624016,0.5315821208056764,0.43908624722031925
2023-02-16,False,10,0.48021390763282723,0.5147525618403025,0.447814194143864
2023-02-17,False,10,0.47983683425344414,0.5317610426612865,0.456551123697683
2023-02-21,False,10,0.5265256267838684,0.5568652725518672,0.5165518309755801
2023-02-22,False,10,0.5305603687971581,0.5529384218720901,0.51997154577853
2023-02-23,False,10,0.5303021612853743,0.5129195831414043,0.4999146473396654
2023-02-24,False,10,0.5183379858333165,0.481555256356837,0.47439219254819026
2023-02-27,False,10,0.5188209258452912,0.44368896118658085,0.4550720990434589
2023-02-28,False,10,0.5261634181475401,0.45807393174180355,0.4878760903448441
2023-03-01,False,10,0.5275389233780994,0.4741394557713029,0.49790639939047043
2023-03-02,False,10,0.5257522144944339,0.5197899550866587,0.5181461608482284
2023-03-03,False,10,0.48390379631851416,0.47849739725812945,0.45670361006059956
2023-03-06,False,10,0.47742487716571186,0.43081013625696546,0.4293723210049536
2023-03-07,False,10,0.4960023499569651,0.4999325154457513,0.47901486997314213
2023-03-08,False,10,0.49778203751507566,0.49490990166586524,0.4758719143687186
2023-03-09,False,10,0.5190080105917645,0.5151956367999337,0.5037902173818846
2023-03-10,False,10,0.5543112929208529,0.48870806935456623,0.5289360497553558
2023-03-13,False,10,0.5676901478062316,0.46851293176049724,0.5394570876216269
2023-03-14,False,10,0.5542179591109782,0.48816908304039985,0.5299694998016138
2023-03-15,False,10,0.5391599566220001,0.4627226598720926,0.5149521489270917
2023-03-16,False,10,0.5200934330699819,0.4662788139154408,0.49433609660375616
2023-03-17,False,10,0.5292081860980066,0.5099836294498459,0.5246069946055966
2023-03-20,False,10,0.5230153591491566,0.47664066657024023,0.4971674160854086
2023-03-21,False,10,0.5231365080951987,0.49322367717174076,0.5080229085557026
2023-03-22,False,10,0.5368936323255526,0.509693907440973,0.5252715777184993
2023-03-23,False,10,0.5425767139470462,0.507189000056963,0.5322150859632827
2023-03-24,False,10,0.5372013124695831,0.5224548898352349,0.5342627440259657
2023-03-27,False,10,0.5090727012262506,0.5171395039290009,0.5048295535657987
2023-03-28,False,10,0.5157560924252732,0.4854922075871955,0.5023452634030987
2023-03-29,False,10,0.5044955452352129,0.4783182669200878,0.4831262668133277
2023-03-30,False,10,0.4991662433155031,0.39854647944173716,0.43229954184092406
2023-03-31,False,10,0.49899569558083473,0.5051703885319785,0.4837893926125304
2023-04-03,False,10,0.48668348551035495,0.4800702918498179,0.45925129046412644
2023-04-04,False,10,0.5123262263770527,0.4455317004690013,0.48144668218837355
2023-04-05,False,10,0.517417514432275,0.4013863373551693,0.4649192816175517
2023-04-06,False,10,0.5261270715530695,0.39775078817534054,0.47399370334896024
2023-04-10,False,10,0.5280026747429483,0.40245290708849907,0.4796678399762742
2023-04-11,False,10,0.5275836180063701,0.4002355036988996,0.4773683235155753
2023-04-12,False,10,0.5335295493068914,0.3710921475547326,0.4693144445615913
2023-04-13,False,10,0.5221864401508202,0.4207537092355571,0.4798021570175407
2023-04-14,False,10,0.5052754899070258,0.40227213188903604,0.45718761274329206
2023-04-17,False,10,0.4887183438068936,0.40560543554206413,0.43992781268527226
2023-04-18,False,10,0.4949090444446894,0.40732824967824743,0.4538474138618476
2023-04-19,False,10,0.5045906985403333,0.3824502663974868,0.45525310091102156
2023-04-20,False,10,0.5102925475965675,0.4139542818860691,0.4775443099542229
2023-04-21,False,10,0.5128182561604961,0.39340289921251637,0.46938441459843594
2023-04-24,False,10,0.5159072991696829,0.4021392057290482,0.47640560912237934
2023-04-25,False,10,0.5411442362667738,0.3935035751951707,0.49668469995736897
2023-04-26,False,10,0.5431993226428389,0.36706002305616675,0.4845351472676721
2023-04-27,False,10,0.5431574492401354,0.36308774630220203,0.4846967895468307
2023-04-28,False,10,0.5437968760072832,0.3811344456281613,0.4943346166256172
2023-05-01,False,10,0.5495326461958103,0.4917615295780145,0.5503938513410512
2023-05-02,False,10,0.5537330082962968,0.5588713425542727,0.5873111385228984
2023-05-03,False,10,0.5499026556505159,0.5387541983628892,0.5721806352881283
2023-05-04,False,10,0.5647806950285387,0.5513175893262175,0.5942533984466378
2023-05-05,False,10,0.5453438443937768,0.5603202389456656,0.5680712282080349
2023-05-08,False,10,0.5366356637164995,0.5171155793495735,0.5357456342040853
2023-05-09,False,10,0.5423477135667761,0.5317899468292793,0.5456904019732424
2023-05-10,False,10,0.550397389196243,0.5094379558810568,0.5466579126268969
2023-05-11,False,10,0.5577596145895185,0.5149929815335083,0.5558077011887037
2023-05-12,False,10,0.5645505269936416,0.4846163903232032,0.5495693699422148
2023-05-15,False,10,0.5508664193020014,0.48975739285018594,0.5344795540093848
2023-05-16,False,10,0.568589989909509,0.45731222032672947,0.5315956407213346
2023-05-17,False,10,0.5244574348774883,0.5256004696958307,0.5260135432483283
2023-05-18,False,10,0.520020646543765,0.4542281401487815,0.4852860969504448
2023-05-19,False,10,0.5265907544710346,0.5016672414438442,0.5172652756967571
2023-05-22,False,10,0.5157893328691834,0.5378099190213694,0.5282464560688863
2023-05-23,False,10,0.5337011747392197,0.5034545475971042,0.5287214502902842
2023-05-24,False,10,0.5455886230332547,0.469273017001993,0.5218278317623
2023-05-25,False,10,0.5477242124060662,0.424293770070593,0.5036450894490779
2023-05-26,False,10,0.5474669311853277,0.4325296861885031,0.5087460167216726
2023-05-30,False,10,0.5571941710865213,0.4359552023909976,0.5274970199504169
2023-05-31,False,10,0.5594126153091373,0.39383757562709615,0.5066400265182469
2023-06-01,False,10,0.5334114377652022,0.3738234232980569,0.4690333470472039
2023-06-02,False,10,0.529772878004295,0.4062366745614688,0.46903124271022134
2023-06-05,False,10,0.5042392535557597,0.40267881325863564,0.44761020530721257
2023-06-06,False,10,0.4677754602793368,0.4167495862034988,0.42395265410216804
2023-06-07,False,10,0.4512157015340502,0.33943286562587127,0.366088618527073
2023-06-08,False,10,0.4580197081612491,0.3194695587053147,0.36683506277255035
2023-06-09,False,10,0.4353617669917137,0.32826257605444137,0.3461112638539237
2023-06-12,False,10,0.4377793152801147,0.3708751184292408,0.3747284023090872
2023-06-13,False,10,0.4072220567606318,0.31463368860292484,0.31991045376535887
2023-06-14,False,10,0.41960225794377465,0.4116872278841823,0.3886618902843679
2023-06-15,False,10,0.42005421211976474,0.35891689335943194,0.36080457304782054
2023-06-16,False,10,0.3905148643483286,0.27113946100409564,0.29788371978662165
2023-06-20,False,10,0.39475876158419165,0.28894757687057104,0.3105438740026955
2023-06-21,False,10,0.3976752323085378,0.2998198945334453,0.3194792282030573
2023-06-22,False,10,0.40610034927870853,0.2439230740972848,0.2990213802308028
2023-06-23,False,10,0.4203004443213311,0.24955090583714468,0.3123070366560395
2023-06-26,False,10,0.42470405828541763,0.21643417503500373,0.3020897902993469
2023-06-27,False,10,0.42133320729236023,0.25534287400930866,0.32063334199772137
2023-06-28,False,10,0.4299785302255033,0.2721851350344147,0.34775164354730775
2023-06-29,False,10,0.4262203042910357,0.2492826308499314,0.32689881613299987
2023-06-30,False,10,0.40199285630704423,0.28898852529649827,0.3237235588741545
2023-07-03,False,10,0.3931907819798804,0.2612874074073957,0.29630994816345224
2023-07-05,False,10,0.40150167686075505,0.26273577149286154,0.3041649416874912
2023-07-06,False,10,0.420528715693022,0.2978246672190131,0.33894047163245633
2023-07-07,False,10,0.42215375392496857,0.3009060615303242,0.34402679373433287
2023-07-10,False,10,0.414096308993821,0.27511105091386906,0.32187966803366647
2023-07-11,False,10,0.4146084853444297,0.32412059058743165,0.3508018756992419
2023-07-12,False,10,0.4042675052387793,0.302610914308429,0.32966465829942004
2023-07-13,False,10,0.4033371495431488,0.31245926474126534,0.3341225575735286
2023-07-14,False,10,0.4118742461340808,0.29511699136272224,0.33419226826029136
2023-07-17,False,10,0.4061963425239944,0.2453731399884138,0.2989143276297232
2023-07-18,False,10,0.3938779747293692,0.3237338213567248,0.32876098942759424
2023-07-19,False,10,0.39007375983852505,0.20945048487451823,0.2616514144635151
2023-07-20,False,10,0.3978903763826597,0.19407424551734312,0.2643825298218708
2023-07-21,False,10,0.37334566227338734,0.2618014557235578,0.28597393999474296
2023-07-24,False,10,0.354419128663298,0.19088763289254687,0.23207174816403336
2023-07-25,False,10,0.35862136565964103,0.1966097996654467,0.24830383595873726
2023-07-26,False,10,0.3637761480552643,0.15752463141049627,0.23072353967305992
2023-07-27,False,10,0.37685329664675776,0.11601707234825602,0.2079227906440096
2023-07-28,False,10,0.35378710366322097,0.16308516458863015,0.22622993121473517
2023-07-31,False,10,0.3429220632142188,0.18673445272717534,0.23241312798653455
2023-08-01,False,10,0.33493217658581387,0.13449827760461852,0.19361636112014197
2023-08-02,False,10,0.3572356880771772,0.1304382120413363,0.21460115130686583
2023-08-03,False,10,0.3602625693329585,0.10876036677755556,0.20034181498897313
2023-08-04,False,10,0.35966812687562083,0.1456674573563258,0.22988499537335966
2023-08-07,False,10,0.35244043355496196,0.14405281630697706,0.2207333637832434
2023-08-08,False,10,0.34903828018394445,0.3392765281002888,0.3318573962994618
2023-08-09,False,10,0.3514319106089994,0.3375244039129039,0.3327054391148991
2023-08-10,False,10,0.3586632475428951,0.3517574038048988,0.34786506284086377
2023-08-11,False,10,0.33778287133965673,0.3636043738383245,0.3401490579639709
2023-08-14,False,10,0.3432160763486871,0.3165182043479017,0.325702214321719
2023-08-15,False,10,0.36796786440113594,0.31591599009080995,0.3430453693345172
2023-08-16,False,10,0.37169034952301266,0.3188656265087087,0.3458451827756334
2023-08-17,False,10,0.3836416623282128,0.32929843364625355,0.36075543229114354
2023-08-18,False,10,0.3666125830973088,0.290422154541532,0.3267413403086247
2023-08-21,False,10,0.3517179001472611,0.2663999326768488,0.3029586642699635
2023-08-22,False,10,0.35064446221182394,0.3372052305548065,0.3370999842316481
2023-08-23,False,10,0.3506460052912428,0.34142092295921284,0.33875109179329177
2023-08-24,False,10,0.36276178751901855,0.3908348301534571,0.37167880620364285
2023-08-25,False,10,0.3476416925114522,0.4292058905647552,0.3730884440742477
2023-08-28,False,10,0.3480311360020884,0.42175157136721764,0.3702727177796632
2023-08-29,False,10,0.340803975783399,0.29813603115381365,0.3179857757202146
2023-08-30,False,10,0.3325252870980929,0.31061645672672616,0.3162362952788755
2023-08-31,False,10,0.34023219059345716,0.22632652551120822,0.2788957433997743
2023-09-01,False,10,0.34171221908686783,0.347574047843375,0.3467506294039327
2023-09-05,False,10,0.36293875468403886,0.333653201800946,0.3542587644309862
2023-09-06,False,10,0.3658891279564952,0.3316301290117441,0.35627110467414924
2023-09-07,False,10,0.3766588097742725,0.3422523115534466,0.374037936476697
2023-09-08,False,10,0.3827320703858289,0.29084680129862767,0.3564730529832917
2023-09-11,False,10,0.37515612883238914,0.2299830444930697,0.3100491221986761
2023-09-12,False,10,0.38277083504942194,0.20372853617028527,0.308956589109
2023-09-13,False,10,0.38468253401463115,0.171448190464402,0.28946273449156995
2023-09-14,False,10,0.3743869305061243,0.23174580504814615,0.31360855464611426
2023-09-15,False,10,0.3880942583786531,0.32433442718293803,0.37610452346703327
2023-09-18,False,10,0.3863790992135612,0.31911540028434754,0.36997663773420775
2023-09-19,False,10,0.3770518429314866,0.3472171166163078,0.37843597456583866
2023-09-20,False,10,0.3865940473653955,0.3046120253307158,0.36389555891502723
2023-09-21,False,10,0.4180840354116878,0.3427640730775561,0.4125342603970475
2023-09-22,False,10,0.42109008997810876,0.3409304963943556,0.41351098090723293
2023-09-25,False,10,0.42325576684488286,0.35471223447184386,0.4272945505388749
2023-09-26,False,10,0.44904186516006767,0.3329660429088126,0.43903547060662623
2023-09-27,False,10,0.45016017338765923,0.337420708307067,0.44510342142586107
2023-09-28,False,10,0.43588803658426806,0.39897776855585965,0.46100401108953787
2023-09-29,False,10,0.42398004844112774,0.45899980505958776,0.4851345116983367
2023-10-02,False,10,0.44023367869133806,0.36470672470309107,0.4500634932578667
2023-10-03,False,10,0.46354126651021066,0.3747958921247819,0.47435945218221903
2023-10-04,False,10,0.46487430441857613,0.35392159279573965,0.46981591239163145
2023-10-05,False,10,0.4758687959015973,0.321503210234537,0.4683161508159266
2023-10-06,False,10,0.4755244848408277,0.3639455298245571,0.48988760499961226
2023-10-09,False,10,0.4653701674529767,0.30605473214785706,0.44149212455771847
2023-10-10,False,10,0.4632468939421375,0.32426016444101924,0.44322238868612374
2023-10-11,False,10,0.46610108685693874,0.3781544140251592,0.4811739772035575
2023-10-12,False,10,0.4938631228755849,0.39380942446471384,0.5108664864292348
2023-10-13,False,10,0.49188913876390655,0.3924696948435009,0.5048133562146988
2023-10-16,False,10,0.48667739119280334,0.43053428289613505,0.5081680107196301
2023-10-17,False,10,0.485031445081958,0.4181863528397685,0.4981198312972242
2023-10-18,False,10,0.5127894104565728,0.42228169887215083,0.5256821678218913
2023-10-19,False,10,0.5273768934334495,0.4032518238296078,0.5313214429761072
2023-10-20,False,10,0.5281743608376832,0.48468842284774616,0.57214440653305
2023-10-23,False,10,0.5385538344829904,0.42209267800521777,0.552614617447906
2023-10-24,False,10,0.5377318803935881,0.36132712885134555,0.516666407318169
2023-10-25,False,10,0.5494227242255214,0.4396680525606167,0.5705983205050137
2023-10-26,False,10,0.5407328731006893,0.4211030495573282,0.5572937290455846
2023-10-27,False,10,0.5514043858037185,0.34223957538628313,0.5299589686111859
2023-10-30,False,10,0.5434040823262991,0.3605469993271188,0.5236896920044573
2023-10-31,False,10,0.5440812441185152,0.3327198322351373,0.5102540131263864
2023-11-01,False,10,0.5377239920266931,0.3358871553334408,0.502081928030045
2023-11-02,False,10,0.53184417740009,0.4374050086698696,0.5311077412297874
2023-11-03,False,10,0.5237995124455475,0.4159402010293674,0.5060137616918774
2023-11-06,False,10,0.5297443027002606,0.4501771541341591,0.530312364217089
2023-11-07,False,10,0.5340366249141705,0.4430742690933179,0.5321523544084347
2023-11-08,False,10,0.5181413846469762,0.4074902644471558,0.5022409892772267
2023-11-09,False,10,0.5232239163173229,0.4396777850460907,0.5271586349305757
2023-11-10,False,10,0.5071876280613772,0.38959093620363944,0.4792852545383387
2023-11-13,False,10,0.5079461478533395,0.3839537528595816,0.4781011682465001
2023-11-14,False,10,0.5091335200923105,0.48506354095520504,0.5110885591235479
2023-11-15,False,10,0.5044699667100209,0.5007345455243468,0.5139961301422237
2023-11-16,False,10,0.5151803690768814,0.46277787318235253,0.5101466306253785
2023-11-17,False,10,0.4973118870148989,0.4399097491839453,0.4807383234435774
2023-11-20,False,10,0.4983907719266396,0.4416119704538226,0.48325568332375984
2023-11-21,False,10,0.5049278729233639,0.4436062894705798,0.4943237569499606
2023-11-22,False,10,0.5075945638856495,0.45136776131800604,0.5045323285934192
2023-11-24,False,10,0.5071779560215145,0.44960209616595126,0.5027210395955439
2023-11-27,False,10,0.5071250762971669,0.43409927070280485,0.4940218509665161
2023-11-28,False,10,0.5120570903549782,0.47270929535394385,0.5196619283041317
2023-11-29,False,10,0.4914513949644682,0.49519033857645484,0.5129395240160464
2023-11-30,False,10,0.48088714274961786,0.40289787763823326,0.45225984843315875
2023-12-01,False,10,0.46725061493654996,0.4643556011960694,0.4635813311619521
2023-12-04,False,10,0.4678460187265948,0.4277287754381172,0.44585867034945165
2023-12-05,False,10,0.4844484211099668,0.41730163561233563,0.45527911484754796
2023-12-06,False,10,0.48274033905738867,0.3941191236670082,0.4404701180102688
2023-12-07,False,10,0.4746815076297459,0.3951663494723859,0.4289495849340341
2023-12-08,False,10,0.4791042902290568,0.40386893737842366,0.4428146118141185
2023-12-11,False,10,0.46210970034345633,0.366969942499983,0.40649203121503164
2023-12-12,False,10,0.4624473093856052,0.34607806162999427,0.3960992476461917
2023-12-13,False,10,0.4524875336036706,0.3170753837064309,0.35928960205892235
2023-12-14,False,10,0.437169964871611,0.41697785269061644,0.404945495720161
2023-12-15,False,10,0.4170316685989629,0.4246871073156061,0.39449348817540114
2023-12-18,False,10,0.410060393029117,0.46720227905583644,0.4089028196976208
2023-12-19,False,10,0.40559930739507466,0.4828004511266821,0.4088999048934931
2023-12-20,False,10,0.41061084196582126,0.46452264775427765,0.4009346127350471
2023-12-21,False,10,0.40416095618888365,0.482166816320846,0.39723836349023556
2023-12-22,False,10,0.40800734591174587,0.49604786433751996,0.4099758249640763
2023-12-26,False,10,0.4004644593915318,0.4811128256613615,0.3922092529625043
2023-12-27,False,10,0.38456723705444834,0.4381926807346444,0.3547671302119272
2023-12-28,False,10,0.366919739164567,0.4297572468216599,0.337080831367126
2023-12-29,False,10,0.3765698575975884,0.42553570631885396,0.3426818282836024
2024-01-02,False,10,0.3708526882962325,0.3309737035087088,0.2947672941810605
2024-01-03,False,10,0.39854723802327396,0.33297129700691513,0.3207405143904119
2024-01-04,False,10,0.4060099019579837,0.3570087887695247,0.3379417791787033
2024-01-05,False,10,0.41163420367576187,0.34889354608509193,0.34110897260695755
2024-01-08,False,10,0.40570785166898393,0.3998821537497844,0.356753471080579
2024-01-09,False,10,0.38853228066527806,0.36577919080577953,0.32749816615051375
2024-01-10,False,10,0.385070909280613,0.34276010664554074,0.31080434041327526
2024-01-11,False,10,0.39552566920768945,0.33253805344112985,0.3203433722196953
2024-01-12,False,10,0.4024022340529701,0.31633406900718686,0.32019871617689305
2024-01-16,False,10,0.3894300195394368,0.21457128178804058,0.2530791378345402
2024-01-17,False,10,0.38381142824579273,0.19091873917296198,0.23214660368847026
2024-01-18,False,10,0.3638106328758438,0.10712182054000688,0.16560732835049186
2024-01-19,False,10,0.35138130245838956,0.17045325608269815,0.19900182871007982
2024-01-22,False,10,0.35319535911567296,0.20352997123003777,0.21865581810071175
2024-01-23,False,10,0.3385090843809314,0.25924457149788155,0.23992516462744623
2024-01-24,False,10,0.33889099689358143,0.20770540037574112,0.21407556043515596
2024-01-25,False,10,0.3186579635985046,0.1166615648840006,0.1484760452752044
2024-01-26,False,10,0.32465122572847604,0.1931543944426576,0.19734609176948972
2024-01-29,False,10,0.32274398533906395,0.177493351419201,0.18634734668682082
2024-01-30,False,10,0.3253905645756679,0.16369748386178531,0.181803010546886
2024-01-31,False,10,0.35200048222943,0.19647058756873292,0.22690242629920024
2024-02-01,False,10,0.3522232288879783,0.24132869153421962,0.25018488382332377
2024-02-02,False,10,0.3474168925902629,0.2488300581892809,0.2526750763710515
2024-02-05,False,10,0.35911617303360727,0.23497625209418277,0.2531096127385323
2024-02-06,False,10,0.35215662734489256,0.24290114935194285,0.25106840286996424
2024-02-07,False,10,0.3340312034339693,0.31396596352098294,0.27227007437854817
2024-02-08,False,10,0.3372631745632051,0.27663829697354053,0.2610181728859566
2024-02-09,False,10,0.33463694802371025,0.2903663021489657,0.26593852504279425
2024-02-12,False,10,0.3283946400394185,0.18759732762119205,0.22387632001360389
2024-02-13,False,10,0.3625361732940215,0.22699523376123285,0.26574638771049364
2024-02-14,False,10,0.35029217441603183,0.3916105359479797,0.33388834036276704
2024-02-15,False,10,0.34766339732024265,0.35441079005068016,0.31575479667021505
2024-02-16,False,10,0.35614598289083216,0.27379141762234266,0.2843944924004187
2024-02-20,False,10,0.36321130917904726,0.374217349578697,0.3422120970939873
2024-02-21,False,10,0.3649406760561409,0.3722307079356053,0.34434738437094153
2024-02-22,False,10,0.36169968303532635,0.38954606339842146,0.3506479071961573
2024-02-23,False,10,0.3572021651129336,0.38809100821377995,0.34550505648169916
2024-02-26,False,10,0.357952241714068,0.42867893323091016,0.3646158543536327
2024-02-27,False,10,0.35709446550745805,0.4261543444932047,0.3605244296159325
2024-02-28,False,10,0.36236606514718483,0.4355621716031099,0.37393495285288597
2024-02-29,False,10,0.36494695870725347,0.47491561434574725,0.4023539234275486
2024-03-01,False,10,0.35927193957941395,0.4467489393382551,0.38231166201826616
2024-03-04,False,10,0.345920602786921,0.3917506255577663,0.3465370958538631
2024-03-05,False,10,0.35358268443022034,0.392457318011446,0.35282829324700243
2024-03-06,False,10,0.3536142254167884,0.44454470561909537,0.37871112762783166
2024-03-07,False,10,0.35035223272090915,0.421458474201578,0.36206527701884816
2024-03-08,False,10,0.3565230883923937,0.4333726195940186,0.376052032241576
2024-03-11,False,10,0.3557384325166731,0.3966985737065774,0.35897504006468445
2024-03-12,False,10,0.3584670974034185,0.3859958895463818,0.3725651232201803
2024-03-13,False,10,0.36264619140283305,0.4930165041877909,0.4245648719039289
2024-03-14,False,10,0.3685921613282875,0.5097735631634214,0.43844826170932893
2024-03-15,False,10,0.37148147920871816,0.5118923337211768,0.4438739411527282
2024-03-18,False,10,0.37476768926023635,0.46122679291185864,0.4270501195484439
2024-03-19,False,10,0.3433807763036218,0.48997913075407856,0.4205181204758413
2024-03-20,False,10,0.3434545243912011,0.49149651676044825,0.4238005408932145
2024-03-21,False,10,0.34071494976753613,0.4514074053655921,0.39867350559807396
2024-03-22,False,10,0.35350760462919134,0.41188823994651075,0.39571619653307344
2024-03-25,False,10,0.35708702483343985,0.4238007379925217,0.40661080044499975
2024-03-26,False,10,0.35636052726133166,0.4211738443922615,0.4047225050681517
2024-03-27,False,10,0.3449977108185362,0.39958584619043014,0.3743838787419088
2024-03-28,False,10,0.3404722342341103,0.40211158057681184,0.3657147767952288
2024-04-01,False,10,0.32459661669116646,0.4040488600425833,0.35404828787145837
2024-04-02,False,10,0.33630176000494705,0.2866907957826327,0.30379131408642257
2024-04-03,False,10,0.33451091520617077,0.291428533033799,0.3057535530140067
2024-04-04,False,10,0.35451358576794234,0.3564655185111518,0.3587801436546516
2024-04-05,False,10,0.3414818261362895,0.3399637829772571,0.33595555488572154
2024-04-08,False,10,0.3404457049574491,0.36177949565739626,0.34537632271741736
2024-04-09,False,10,0.335796238661041,0.3564512088958991,0.3382991496651562
2024-04-10,False,10,0.35493597408769095,0.3809309313327188,0.36363531326304993
2024-04-11,False,10,0.34094959205705777,0.36479677035704855,0.3449178101171928
2024-04-12,False,10,0.35655014628278614,0.40887550884076784,0.37401475064353473
2024-04-15,False,10,0.37242072201878257,0.39801878690638,0.3833560834535961
2024-04-16,False,10,0.3798771727390151,0.41970439857081093,0.4035251375764581
2024-04-17,False,10,0.3882226913434872,0.45993552310082914,0.4337303363023706
2024-04-18,False,10,0.38858720553569914,0.48967578693564207,0.4445311630379955
2024-04-19,False,10,0.38097003582697175,0.42000978402928685,0.40238628528542814
2024-04-22,False,10,0.3815990550099836,0.40743122652682173,0.39503642983230874
2024-04-23,False,10,0.3768884956214302,0.44952970578564305,0.4108825850634277
2024-04-24,False,10,0.38032434037604446,0.41434166876750955,0.4056295821932414
2024-04-25,False,10,0.3816828338464206,0.44846631710550583,0.42541710171821695
2024-04-26,False,10,0.35761068573508553,0.343538290538262,0.35131441049982903
2024-04-29,False,10,0.3573638362075493,0.4261749948431527,0.39819657589759
2024-04-30,False,10,0.3851974073532523,0.44992635393089014,0.42929553479650645
2024-05-01,False,10,0.37269987947569794,0.39280764423958686,0.3929303096059861
2024-05-02,False,10,0.37099179690191253,0.3490679212543639,0.3676143650049971
2024-05-03,False,10,0.3696318759153266,0.3827195380143882,0.38011868961155726
2024-05-06,False,10,0.36763435297637315,0.4727855920358015,0.4192736708024962
2024-05-07,False,10,0.3681852534349309,0.4679741950604325,0.41798137548536957
2024-05-08,False,10,0.37474129913871895,0.47271546418053495,0.42970552110947113
2024-05-09,False,10,0.3376119810734074,0.47134312313209964,0.3975908580947511
2024-05-10,False,10,0.34315900102217717,0.5090203818250695,0.42674458562053774
2024-05-13,False,10,0.3494693854133138,0.5006042913874972,0.4298050208268496
2024-05-14,False,10,0.34044990012845167,0.5029037016642207,0.4200991933741039
2024-05-15,False,10,0.32839824234612824,0.37584486515465776,0.34456167918159186
2024-05-16,False,10,0.33575560159070805,0.38338393299644774,0.3583248015042961
2024-05-17,False,10,0.3391050967299988,0.45438654479686275,0.3985370680940816
2024-05-20,False,10,0.3403326456654452,0.42630339233444586,0.3867510534803099
2024-05-21,False,10,0.33736271230611087,0.423247042801894,0.382057904862012
2024-05-22,False,10,0.3482224404877441,0.398694449843127,0.3816992619527082
2024-05-23,False,10,0.36710931502395633,0.34404420301573296,0.3631688160495289
2024-05-24,False,10,0.36648825374133903,0.31107105743612623,0.3427958827483694
2024-05-28,False,10,0.3759111022819417,0.2358366253215184,0.3079187078931618
2024-05-29,False,10,0.389370078180949,0.28091165094930487,0.34132748807191776
2024-05-30,False,10,0.37609690859702855,0.39324747672020377,0.3878960771915995
2024-05-31,False,10,0.37442487959367055,0.29214557607265945,0.328182316295499
2024-06-03,False,10,0.3843781459794698,0.33168604753908604,0.36311957761849595
2024-06-04,False,10,0.39391262818304723,0.35053438991958075,0.3845161455167096
2024-06-05,False,10,0.38834991939988694,0.39772499337637784,0.3997154868951484
2024-06-06,False,10,0.3917199816727285,0.43860147062898786,0.42430316090251824
2024-06-07,False,10,0.4022053609569043,0.4519211390094658,0.44092359706666506
2024-06-10,False,10,0.3902467065040389,0.3328050778535058,0.3688236434235357
2024-06-11,False,10,0.39528114011937787,0.3457512830123227,0.3795213971122161
2024-06-12,False,10,0.39343927453953464,0.2707033639318648,0.338286976496206
2024-06-13,False,10,0.4008325096825444,0.30552695487501813,0.36796714624544435
2024-06-14,False,10,0.41468482826234687,0.25764947233192753,0.35806051867263256
2024-06-17,False,10,0.41462933746098096,0.2717622157077178,0.3652287765282673
2024-06-18,False,10,0.40495714618193424,0.2629686123101983,0.34963717350272766
2024-06-20,False,10,0.40380595752137927,0.25882752975999623,0.3468654012840744
2024-06-21,False,10,0.40287846995000864,0.18901620490873278,0.300854127157444
2024-06-24,False,10,0.40454662520788515,0.18110961701985975,0.30585694445054007
2024-06-25,False,10,0.41600133002951856,0.18633549975070496,0.32072561582282
2024-06-26,False,10,0.4114184370151875,0.14692992117530154,0.286447267644822
2024-06-27,False,10,0.39837998440871053,0.13088775044881248,0.26306840029539486
2024-06-28,False,10,0.4027460405938087,0.2024692399610701,0.32611038450363383
2024-07-01,False,10,0.3943361429597952,0.15154367344418124,0.28381312577626816
2024-07-02,False,10,0.3957943916232801,0.28790073892547857,0.3801819739112493
2024-07-03,False,10,0.3938246668275761,0.3144820312626278,0.3928052212526704
2024-07-05,False,10,0.3971999096207162,0.26352059390128324,0.3670083504102151
2024-07-08,False,10,0.37588194577153183,0.19284176717585735,0.30588664619582123
2024-07-09,False,10,0.38166451844301286,0.21259787458456453,0.3250727166906672
2024-07-10,False,10,0.3514295489831146,0.2046783448570715,0.297865795668542
2024-07-11,False,10,0.3361546593845023,0.28474626806383163,0.33020374521035517
2024-07-12,False,10,0.328734565236737,0.28199875651505263,0.3180651587482924
2024-07-15,False,10,0.3218779728107937,0.20429994509717886,0.26874076021646504
2024-07-16,False,10,0.3175967249339256,0.254804496116902,0.2802297366988034
2024-07-17,False,10,0.3251499436310088,0.3523366785993173,0.3408614240646618
2024-07-18,False,10,0.3416490510103457,0.24628242666336903,0.29950961848460517
2024-07-19,False,10,0.35544576087687174,0.3410249694369183,0.36762132327121977
2024-07-22,False,10,0.35229650219425246,0.2879965953378948,0.3311239487363649
2024-07-23,False,10,0.3525246673052384,0.22324703489939318,0.2965074582800462
2024-07-24,False,10,0.37856212515849713,0.23491501931206948,0.32684302476280386
2024-07-25,False,10,0.3803417483666928,0.23420088740971262,0.33541957753997453
2024-07-26,False,10,0.34617267705622534,0.2331948137016652,0.3020192208189034
2024-07-29,False,10,0.34196280707448656,0.20819768487658905,0.28053962868809224
2024-07-30,False,10,0.34719092719889677,0.18911683133172058,0.2765663932429828
2024-07-31,False,10,0.34685156471673656,0.15143408002970865,0.2506237834865468
2024-08-01,False,10,0.3757960029739204,0.221387736108207,0.3274289480253705
2024-08-02,False,10,0.4176453857716414,0.2523533175112011,0.3795159489275293
2024-08-05,False,10,0.4659953766983241,0.1845482404474543,0.36146311974323386
2024-08-06,False,10,0.46580727572265673,0.15840148924299924,0.33979415053451106
2024-08-07,False,10,0.47736497750717954,0.14906657815022908,0.34343153230149215
2024-08-08,False,10,0.4708296087616433,0.15849577624041025,0.33520560167130914
2024-08-09,False,10,0.474675169871203,0.1423262021001583,0.3255091102153404
2024-08-12,False,10,0.4850940716069926,0.2139386765260415,0.3939192670228568
2024-08-13,False,10,0.47347696637632825,0.23552071635575192,0.39021887315646525
2024-08-14,False,10,0.47530853909342646,0.2382036736356943,0.39459796772728617
2024-08-15,False,10,0.4689327550713288,0.16537719927969807,0.3287528877862677
2024-08-16,False,10,0.4675800991374315,0.1724904129725081,0.33248548421403845
2024-08-19,False,10,0.45370161491268757,0.1736838575639956,0.31795914612064025
2024-08-20,False,10,0.4411036158407582,0.1476358573664498,0.28978090747353263
2024-08-21,False,10,0.4404664812369291,0.1988593743811818,0.3279006535041214
2024-08-22,False,10,0.44029482805491177,0.21632351831167845,0.33994721287956725
2024-08-23,False,10,0.419144525224317,0.19991573518498476,0.3069620471479842
2024-08-26,False,10,0.4254055876176903,0.18764563335413773,0.30388687333124004
2024-08-27,False,10,0.4332507402025184,0.15385580071657495,0.28879092768551956
2024-08-28,False,10,0.43480706209389003,0.157060362949516,0.29235847770983964
2024-08-29,False,10,0.4200676829621641,0.16333128025001958,0.28326793953786994
2024-08-30,False,10,0.42009073810091596,0.1584711777938455,0.27837816324169784
2024-09-03,False,10,0.45186079679971447,0.19105705803807851,0.32715175796845
2024-09-04,False,10,0.4445747551786315,0.1675432554232195,0.30280423078961244
2024-09-05,False,10,0.45286405167281213,0.16541743942532938,0.30874666496759207
2024-09-06,False,10,0.4658867075829407,0.16310118105831578,0.3164026460275283
2024-09-09,False,10,0.4648490877858712,0.12339120163161556,0.27803478131137144
2024-09-10,False,10,0.4620941881077652,0.15194316013585013,0.30126180528466995
2024-09-11,False,10,0.45120969087574947,0.18671694075084777,0.3195249474180962
2024-09-12,False,10,0.45064172288817,0.18976986735646312,0.32031496048559743
2024-09-13,False,10,0.44428278678213307,0.25137333167915094,0.3515627146296186
2024-09-16,False,10,0.44004519145257603,0.2825372974290329,0.36477980177331254
2024-09-17,False,10,0.4388092232865863,0.31080380906751953,0.38046048863814913
2024-09-18,False,10,0.44354443880730665,0.25739828945857574,0.35330797930214836
2024-09-19,False,10,0.4258707417186551,0.25826047237201794,0.3341643381547437
2024-09-20,False,10,0.4288629156688715,0.2523823913763023,0.3345260085675231
2024-09-23,False,10,0.4257805422876405,0.243501461034811,0.3259283992994979
2024-09-24,False,10,0.41942833068400565,0.19420608251036942,0.28671264931427665
2024-09-25,False,10,0.42058354552673705,0.1437709769393277,0.24867051200624624
2024-09-26,False,10,0.41764573266354266,0.27371271571833583,0.33207538829592836
2024-09-27,False,10,0.41925978915514933,0.29904824080827097,0.3481965867006292
2024-09-30,False,10,0.41690183771937717,0.29985483293264253,0.3453149190810569
2024-10-01,False,10,0.4226835299681674,0.24727694883925522,0.3208640479946401
2024-10-02,False,10,0.42087903480223954,0.2860728571935497,0.3415930585789143
2024-10-03,False,10,0.4368426838471525,0.2635708693025393,0.34407248348072256
2024-10-04,False,10,0.43870145439204017,0.21898682847104642,0.31608524782352365
2024-10-07,False,10,0.4534335618446335,0.16532995035120573,0.2927664170927101
2024-10-08,False,10,0.45581115333989586,0.1438364458314154,0.27728156525741815
2024-10-09,False,10,0.45860604884730266,0.16932723425104756,0.3054681487595574
2024-10-10,False,10,0.45520057717230455,0.12527577597389056,0.2630928118075171
2024-10-11,False,10,0.4359100162185937,0.2331021100322078,0.3242818476730352
2024-10-14,False,10,0.4226694144783175,0.21181948236294648,0.2973736899225413
2024-10-15,False,10,0.4344512426126337,0.18763775676304356,0.29231117485604724
2024-10-16,False,10,0.4280506537552298,0.27629436138945745,0.3374850611205881
2024-10-17,False,10,0.4081799698868973,0.26565009079086044,0.30970848197510387
2024-10-18,False,10,0.40766399408412674,0.3144076295962277,0.329335054671193
2024-10-21,False,10,0.4257823312267438,0.32415279557346216,0.35195129678414067
2024-10-22,False,10,0.43377851264735134,0.3963062183790515,0.40006313765448837
2024-10-23,False,10,0.4415643089469828,0.3050606536095176,0.3573590585453994
2024-10-24,False,10,0.44611168478198693,0.3633353007707917,0.4027081176905646
2024-10-25,False,10,0.4307938878407452,0.3475997985909279,0.3797801832909345
2024-10-28,False,10,0.3879121000995678,0.38903120605900104,0.35871864385169394
2024-10-29,False,10,0.34222486528801405,0.3183249467923344,0.3023008734079992
2024-10-30,False,10,0.3509128729263459,0.29753523604729815,0.3032469475084624
2024-10-31,False,10,0.3535052255536539,0.251340604722426,0.2816721350525259
2024-11-01,False,10,0.35508798109239975,0.24711480713228476,0.2916985312983477
2024-11-04,False,10,0.3539867932303616,0.27684050369122204,0.3075599446144907
2024-11-05,False,10,0.3418533534818388,0.27203990351472374,0.2876786513146086
2024-11-06,False,10,0.34688273198077757,0.22536847342004176,0.2719885495953955
2024-11-07,False,10,0.34687873309135,0.27623196947505424,0.30393441314509495
2024-11-08,False,10,0.34902585528317964,0.1855635245601362,0.259397780999358
2024-11-11,False,10,0.348192130062197,0.21015740270200306,0.27513834743308574
2024-11-12,False,10,0.3673752707667235,0.20010733249191287,0.28685105770962893
2024-11-13,False,10,0.361761444801137,0.1490859784359495,0.24715394685253952
2024-11-14,False,10,0.37906506946328816,0.17492972581964744,0.2818136921154043
2024-11-15,False,10,0.385320588813085,0.32412481116248887,0.380563982799727
2024-11-18,False,10,0.3874105379684127,0.2099725584118776,0.3203507742358178
2024-11-19,False,10,0.3851626530690261,0.21538164438893068,0.3223844854258702
2024-11-20,False,10,0.3819508650093661,0.22787047428562443,0.327058379538084
2024-11-21,False,10,0.3689429499250949,0.1970661765954993,0.29025193909242375
2024-11-22,False,10,0.3666150593233584,0.1940318473246905,0.2842285422394702
2024-11-25,False,10,0.3665148717406758,0.20807545517462056,0.29481901683817463
2024-11-26,False,10,0.33457399964329737,0.17716612433792403,0.2517643958187844
2024-11-27,False,10,0.33472042629739146,0.15227527273806732,0.23463965970135647
2024-11-29,False,10,0.32453617083475644,0.14609149424446718,0.22136709131181714
2024-12-02,False,10,0.30741169028036364,0.18370998382694612,0.23572757498005564
2024-12-03,False,10,0.31558763947860763,0.15587516716503105,0.22599990066066103
2024-12-04,False,10,0.31615071694432273,0.14548467888263442,0.2198567216063089
2024-12-05,False,10,0.3233383695744344,0.13496028781422212,0.21747565411660075
2024-12-06,False,10,0.3299390911682631,0.12609922070930152,0.2188062044316332
2024-12-09,False,10,0.34050704923411423,0.07664666202047701,0.18621483021179566
2024-12-10,False,10,0.34910335556124256,0.10201504156974366,0.21955863255439761
2024-12-11,False,10,0.34897427784390217,0.0895661397144062,0.20735531494912762
2024-12-12,False,10,0.35387785887290596,0.10535172344060852,0.22661622747545665
2024-12-13,False,10,0.364523802304444,0.11888373811369214,0.25290686185887673
2024-12-16,False,10,0.3623760002950923,0.08123448614603325,0.21251793037417174
2024-12-17,False,10,0.3751421509213383,0.10803328219091114,0.2513448481454673
2024-12-18,False,10,0.44618789869262954,0.22842923441925378,0.3891636738968348
2024-12-19,False,11,0.44796443867394575,0.23565200395292385,0.3773909047580088
2024-12-20,False,11,0.4476143772034416,0.22115401885271557,0.36218072491337105
2024-12-23,False,11,0.4487894817181654,0.22221127506895494,0.3642911693594289
2024-12-24,False,11,0.4437045958726639,0.19418500801127356,0.33265448127434977
2024-12-26,False,11,0.43749836213385807,0.21257166182026505,0.3403786625683403
2024-12-27,False,11,0.4458901056638976,0.2500744197169277,0.37457088674168554
2024-12-30,False,11,0.45004116593650456,0.25852328368749744,0.3828561807434106
2024-12-31,False,11,0.455437191910058,0.29218713248302425,0.4149245826635299
2025-01-02,False,11,0.4511444988128363,0.26529718125190843,0.3922608760777568
2025-01-03,False,11,0.44539072591697504,0.2856750289810392,0.3970311811683264
2025-01-06,False,11,0.450778106431973,0.2235542891665922,0.36077171932142515
2025-01-07,False,11,0.45294653288668707,0.15180089931366442,0.30131744719637266
2025-01-08,False,11,0.45707082546963634,0.14359189039614179,0.3005043903258394
2025-01-10,False,11,0.48433754476115815,0.13260063299787794,0.3102722579661917
2025-01-13,False,11,0.47309788389988694,0.1281575473712058,0.2918368573405615
2025-01-14,False,11,0.47346643414004674,0.16118910975400516,0.32788235640297686
2025-01-15,False,11,0.4643654374538837,0.17956916656532773,0.3328594789153748
2025-01-16,False,11,0.4638830976598064,0.23910539693263666,0.3801003102170729
2025-01-17,False,11,0.44924519151506603,0.2654617319268111,0.38520949313308744
2025-01-21,False,11,0.4346778211339314,0.2778471988340937,0.37242159228584976
2025-01-22,False,11,0.4306857057673078,0.32756619245182156,0.40367273038696444
2025-01-23,False,11,0.42794534985549815,0.3461131188689519,0.4066361802451538
2025-01-24,False,11,0.42239289915103406,0.3098330636928738,0.37529227916174057
2025-01-27,False,11,0.4302199693316427,0.1725603115893848,0.2934416017122735
2025-01-28,False,11,0.4318018697207433,0.12243268215583894,0.24738986624375053
2025-01-29,False,11,0.42985988599327013,0.15974224960287117,0.28252292287654596
2025-01-30,False,11,0.40855027168262315,0.09160777400832126,0.19602642010207377
2025-01-31,False,11,0.4238518216225654,0.13101550610364898,0.24616396304044305
2025-02-03,False,11,0.4358426407074931,0.18023335648657285,0.2997046394228774
2025-02-04,False,11,0.44062967315554397,0.16944842897398005,0.30192004011049406
2025-02-05,False,11,0.4400316002566076,0.191172717998022,0.32095653798272095
2025-02-06,False,11,0.44057060249026253,0.23063759331800843,0.35339074457646247
2025-02-07,False,11,0.4547925130650738,0.2502819951076475,0.3810111258271366
2025-02-10,False,11,0.45346544170842323,0.16014329201335595,0.3036669196056135
2025-02-11,False,11,0.44068433110478933,0.2081342499407364,0.3370659763048672
2025-02-12,False,11,0.4473584983936905,0.22763184474287632,0.36135366665785384
2025-02-13,False,11,0.4302158751774052,0.21786352996008262,0.3416150224100766
2025-02-14,False,11,0.4220393121191938,0.28619806178512874,0.38410970004925443
2025-02-18,False,11,0.422332322379999,0.2850804231736993,0.3841410085809154
2025-02-19,False,11,0.42484942770035455,0.2634474592346209,0.3732356474666475
2025-02-20,False,11,0.43188307984726493,0.2378433059982569,0.3639159680284388
2025-02-21,False,11,0.46689627436660047,0.26669582328071656,0.4216139458363811
2025-02-24,False,11,0.47408957058784584,0.30222781687783595,0.4591421260864681
2025-02-25,False,11,0.4791725411794285,0.22660319671529847,0.4097987352420594
2025-02-26,False,11,0.47883493058722726,0.22214996418291266,0.40563752148279714
2025-02-27,False,11,0.491739961467867,0.28351647624912024,0.4668811022995911
2025-02-28,False,11,0.48898757628532064,0.30750827908381007,0.4775759881978447
2025-03-03,False,11,0.5111904786744602,0.22330082696556788,0.43246181755758584
2025-03-04,False,11,0.5302743753543238,0.36510770536035386,0.550275598901955
2025-03-05,False,11,0.5229333180268515,0.312471519875105,0.502086106030914
2025-03-06,False,11,0.5337240576118487,0.27879146455746534,0.4910472072058986
2025-03-07,False,11,0.5290906127683298,0.45242431868560384,0.5969546749045813
2025-03-10,False,11,0.5527327755342649,0.42147327931967427,0.597920959894543
2025-03-11,False,11,0.5531655986796397,0.34769835242033653,0.5549849792751703
2025-03-12,False,11,0.55884225314922,0.2991838867239184,0.528643949140759
2025-03-13,False,11,0.5657143690207811,0.27806591256606433,0.5209250627838401
2025-03-14,False,11,0.5543778558168087,0.24755909374365284,0.47434091151384195
2025-03-17,False,11,0.5460218596463282,0.24249570509168977,0.455760661297604
2025-03-18,False,11,0.54429157292797,0.25644374955455745,0.4650514514456758
2025-03-19,False,11,0.47973140453457597,0.2650443369022888,0.42360046237892035
2025-03-20,False,11,0.4771685066458087,0.2593009554164391,0.4144700020286338
2025-03-21,False,11,0.4901542513391992,0.27825967333304846,0.4454676069579829
2025-03-24,False,11,0.48394427740126655,0.31467202431863117,0.45761590098359345
2025-03-25,False,11,0.4903509088162217,0.2678402433917594,0.4341753659170374
2025-03-26,False,11,0.4947827112560674,0.23800247875017785,0.4178892978237532
2025-03-27,False,11,0.48506645569515855,0.24982759083279749,0.41935054647213565
2025-03-28,False,11,0.5014202992384806,0.28022542972756037,0.45521916390641687
2025-03-31,False,11,0.4979371749989372,0.27990556700912095,0.4505908948970586
2025-04-01,False,11,0.4910895293426303,0.29939285861288584,0.4570855217300095
2025-04-02,False,11,0.49149435262684515,0.2880359513077041,0.449427877152366
2025-04-03,False,11,0.5980897800193223,0.3317379168119881,0.5612254746652285
2025-04-04,False,11,0.6996296012643491,0.25752852317118413,0.5840045481086262
2025-04-07,False,11,0.7074281032414677,0.23841693357455307,0.5815905879176431
2025-04-08,False,11,0.7082299940289559,0.25331025602794527,0.5968595594158693
2025-04-09,False,11,0.7493902735512713,0.3762720565490836,0.6619165411179367
2025-04-10,False,11,0.7835686997509881,0.42958889821887947,0.731121958608016
2025-04-11,False,11,0.7818447269166089,0.4232255748458129,0.7236162657882659
2025-04-14,False,11,0.7798718753253238,0.38224106416789005,0.6990705154290315
2025-04-15,False,11,0.7858341866575861,0.38331918153634725,0.7085244491363123
2025-04-16,False,11,0.8018937538640257,0.3448637128221488,0.7112193998977274
2025-04-17,False,11,0.7963460867570932,0.3905341020409374,0.7288235061473479
2025-04-21,False,11,0.8156185632267801,0.36927742205030323,0.7435190086213439
2025-04-22,False,11,0.8064143064532324,0.4343494748658432,0.7579101617958435
2025-04-23,False,11,0.7987454115717525,0.49326459150102353,0.7681304271381836
2025-04-24,False,11,0.7876336597295148,0.485721014083404,0.7507381004630171
2025-04-25,False,11,0.7874922855043217,0.47655968393121095,0.7471177230165988
2025-04-28,False,11,0.7923594061845098,0.4926624632393862,0.7600484630774004
2025-04-29,False,11,0.7823130208914593,0.48485880240786733,0.744192566577551
2025-04-30,False,11,0.7763056075760315,0.49601904296692834,0.7418876594194708
2025-05-01,False,11,0.7784239389741591,0.5285261117568364,0.7596407147566948
2025-05-02,False,11,0.7730939124168035,0.547424430186158,0.7596359111178254
2025-05-05,False,11,0.7762295567307864,0.5824636295758023,0.7763836218603258
2025-05-06,False,11,0.7731857169953076,0.5849937913879918,0.77480012402011
2025-05-07,False,11,0.7747163316352254,0.6285131171052016,0.7947317049257846
2025-05-08,False,11,0.7692559618461906,0.6287469006804575,0.7901880590842254
2025-05-09,False,11,0.76530303839104,0.6293973913614138,0.7851071882914643
2025-05-12,False,11,0.7596063009228552,0.5969416746313737,0.7626186344483503
2025-05-13,False,11,0.7545880979739545,0.6307919012675528,0.7727543176203752
2025-05-14,False,11,0.7623822295122302,0.6328124372283546,0.7818170963301447
2025-05-15,False,11,0.7564968042588163,0.6321472808820424,0.7742418844650084
2025-05-16,False,11,0.7474071657601644,0.6327365121215072,0.7632102889631863
2025-05-19,False,11,0.7301485568610286,0.6332104953988184,0.7433488700322475
2025-05-20,False,11,0.7309102600886271,0.63400882057476,0.743746689533581
2025-05-21,False,11,0.7499113734430699,0.626910062442746,0.7579758031762819
2025-05-22,False,11,0.7507309606282397,0.6269381705958478,0.7579882143069142
2025-05-23,False,11,0.7428260403771914,0.5946700643401709,0.7335688758485579
2025-05-27,False,11,0.7393346658616486,0.5936171143804464,0.7271822747489549
2025-05-28,False,11,0.7316457328170355,0.6294864127439922,0.7338219986632021
2025-05-29,False,11,0.7152455784088432,0.5964185446028476,0.6997522795506514
2025-05-30,False,11,0.724304912516484,0.5906140251373952,0.7072889647180531
2025-06-02,False,11,0.7124925462348212,0.5866161173251007,0.6900443511792401
2025-06-03,False,11,0.7108465539322913,0.6325228348448556,0.7108016020020103
2025-06-04,False,11,0.6915900821781721,0.6350818951679681,0.6905231065861616
2025-06-05,False,11,0.69118643259469,0.6351408425311369,0.6884004119019561
2025-06-06,False,11,0.6814486642237919,0.6217714463331603,0.6686389559855956
2025-06-09,False,11,0.6690337409558491,0.619661553428204,0.6530369457008429
2025-06-10,False,11,0.6784637585581248,0.6113355030557415,0.6619131387607571
2025-06-11,False,11,0.6885271387139352,0.6144706314901804,0.6759452145903814
2025-06-12,False,11,0.6804362148032176,0.6214729277229067,0.6710110204905956
2025-06-13,False,11,0.6988795637995349,0.6201735668868027,0.6917281838426361
2025-06-16,False,11,0.6885092506802529,0.6231099386959791,0.682333977449615
2025-06-17,False,11,0.6936164640287701,0.6221378421618105,0.686860215316153
2025-06-18,False,11,0.7045077648394641,0.5864861055746429,0.6811366284236042
2025-06-20,False,11,0.7051960021595554,0.585295364384532,0.6814419139603449
2025-06-23,False,11,0.6939131458828385,0.5782671675045628,0.6613234774194648
2025-06-24,False,11,0.6866810481637888,0.5893776909869666,0.659010908001318
2025-06-25,False,11,0.6728559556676853,0.5865825721870334,0.6428679035690157
2025-06-26,False,11,0.6680679045141081,0.5916421415725376,0.6393976832334535
2025-06-27,False,11,0.666544152559194,0.6236664841139663,0.6563737485900032
2025-06-30,False,11,0.6702794711622667,0.6272473842089066,0.6624924232125255
2025-07-01,False,11,0.5826525084376025,0.6210809983350195,0.5634761762395429
2025-07-02,False,11,0.46382039575265666,0.6060402444585614,0.46014323012492836
2025-07-03,False,11,0.45043817952492493,0.605836775277866,0.4439510375889048
2025-07-07,False,11,0.4399508821277561,0.6064491250187811,0.43164278987951576
2025-07-08,False,11,0.3868499485314742,0.5759666225282369,0.43978559084989766
2025-07-09,False,11,0.33090467101098037,0.5249820147585235,0.3653450209521786
2025-07-10,False,11,0.334396764062667,0.5180330876029593,0.37034835604381006
2025-07-11,False,11,0.3477596052937973,0.5403059205699179,0.3985465978179337
2025-07-14,False,11,0.3437052048489602,0.5262204964165212,0.38650341260493815
2025-07-15,False,11,0.3439642529428969,0.44838704822002384,0.3453481832069553
2025-07-16,False,11,0.34521670435845225,0.4157666898488264,0.3268736910985842
2025-07-17,False,11,0.30600446515110896,0.39155554431172157,0.2854552169001725
2025-07-18,False,11,0.31647504389525277,0.29794261467612443,0.258203393276373
2025-07-21,False,11,0.32597293373853525,0.25042070020560464,0.24080130565756486
2025-07-22,False,11,0.32757588082465255,0.388517100700257,0.3221180704548399
2025-07-23,False,11,0.3211053353406776,0.41446380618851203,0.32715933945544834
2025-07-24,False,11,0.32958580661232356,0.40751597284965096,0.33922617561741236
2025-07-25,False,11,0.3294682564945983,0.4218298182548992,0.3489730045651811
2025-07-28,False,11,0.3354165084957213,0.40856445034404215,0.3468341969220619
2025-07-29,False,11,0.3352564009869711,0.3815665378660757,0.33227030496358484
2025-07-30,False,11,0.3516082250130284,0.32937303012033475,0.3271027897170941
2025-07-31,False,11,0.358252422284242,0.26802472637108776,0.2983286625170138
2025-08-01,False,11,0.36812785654676905,0.32813765400411027,0.3444012821409466
2025-08-04,False,11,0.3638967472822389,0.37821582254322617,0.36706554346205716
2025-08-05,False,11,0.36815753706969073,0.42619267682953915,0.4004912068570488
2025-08-06,False,11,0.3656388832776597,0.356182949157332,0.36154793192272494
2025-08-07,False,11,0.3669153533367715,0.35905672199108024,0.38557442099382344
2025-08-08,False,11,0.36642727268092284,0.28812668333991437,0.3388153802914093
2025-08-11,False,11,0.3615200226764815,0.2667463005662489,0.319758995085728
2025-08-12,False,11,0.36016536663096294,0.2812512919744211,0.32330010382290275
2025-08-13,False,11,0.3594311562911575,0.3512488686936359,0.3661919639447422
2025-08-14,False,11,0.36808713767824913,0.3014112893793535,0.3441150279596275
2025-08-15,False,11,0.36898700109436294,0.31487829037098963,0.35543253653689205
2025-08-18,False,11,0.33782128297691655,0.2868251010160477,0.317272186102849
2025-08-19,False,11,0.3339727637699031,0.34465119783593967,0.35057020815468615
2025-08-20,False,11,0.3331749148972534,0.3029798839791098,0.324696725808955
2025-08-21,False,11,0.3404183262106707,0.2685631512054496,0.3213958118243936
2025-08-22,False,11,0.323049202524347,0.3245267069524663,0.3319552321006152
2025-08-25,False,11,0.3317870108064732,0.3356606143600068,0.34595779625751527
2025-08-26,False,11,0.3288701884116054,0.342414799095447,0.3465532490873062
2025-08-27,False,11,0.3281430439593668,0.32885328408786446,0.33600251047610236
2025-08-28,False,11,0.33328178892685245,0.3072331430699557,0.32920845016513894
2025-08-29,False,11,0.3336042299753859,0.34848823314621113,0.35433311378832794
2025-09-02,False,11,0.3365890522341664,0.3306043950761036,0.34483240662457326
2025-09-03,False,11,0.34561730393978624,0.33810644501080905,0.3610071201617103
2025-09-04,False,11,0.3414362923744769,0.33804550639316416,0.3536413823350583
2025-09-05,False,11,0.34146827073854,0.32870126601058497,0.34972216122457883
2025-09-08,False,11,0.3414364338306248,0.38774952770117815,0.3855743348282026
2025-09-09,False,11,0.3489406572207735,0.4022564746425855,0.4034689233988704
2025-09-10,False,11,0.3337241648548569,0.3435702312908491,0.3576954463115101
2025-09-11,False,11,0.33275577130637807,0.35320033887009444,0.3583950668479864
2025-09-12,False,11,0.3275765545436004,0.34860656839985255,0.35290827909355293
2025-09-15,False,11,0.32725744380131727,0.32766624154301216,0.34116315660337276
2025-09-16,False,11,0.32726802565353763,0.34927986093608404,0.35434181844803625
2025-09-17,False,11,0.33376904098679494,0.3770865754814852,0.38226025749795145
2025-09-18,False,11,0.3349697636377571,0.3658665584839072,0.37862208977503975
2025-09-19,False,11,0.32588856453622855,0.3082585190396003,0.334643932393815
2025-09-22,False,11,0.3313077720535616,0.3301540243279038,0.3583659445601858
2025-09-23,False,11,0.3369164234975188,0.24945071720816392,0.3122667511985363
2025-09-24,False,11,0.34358217029042404,0.1770004239623401,0.2661885327190235
2025-09-25,False,11,0.35899026214529695,0.2210987457761978,0.31466013162050105
2025-09-26,False,11,0.3590637579736059,0.25823015695434914,0.3363589248595157
2025-09-29,False,11,0.3605785314078297,0.24965152467946916,0.33283443864521123
2025-09-30,False,11,0.3451360849506226,0.2394824226871901,0.3139919664114217
2025-10-01,False,11,0.34237440613422326,0.3387158854069347,0.3800119836727101
2025-10-02,False,11,0.34501351329029895,0.37682276328933184,0.40736897426280055
2025-10-03,False,11,0.3475578973491168,0.36150577861616334,0.4021929185463965
2025-10-06,False,11,0.34189042434009537,0.32604513007324126,0.3753296346672638
2025-10-07,False,11,0.34843935275907273,0.2748072169086573,0.3487412027791603
2025-10-08,False,11,0.3252683525600314,0.27741212185003516,0.3324981516242578
2025-10-09,False,11,0.3380692928848198,0.24337557629789713,0.32108129925300494
2025-10-10,False,11,0.3759093580876319,0.26543012751599104,0.36275433505537885
2025-10-13,False,11,0.36719917357282505,0.20132832682442142,0.30230911835691204
2025-10-14,False,11,0.35957836531806725,0.20987753581261695,0.2988069414437364
2025-10-15,False,11,0.36486488802772493,0.23943886471901424,0.3290661168855748
2025-10-16,False,11,0.3781556198753967,0.26770246446468937,0.3646858187794371
2025-10-17,False,11,0.369559563813461,0.36242115054280777,0.41257782956671085
2025-10-20,False,11,0.36777111742956914,0.23991477621664595,0.3249150896948241
2025-10-21,False,11,0.36143184444576837,0.4102100611199888,0.43022622060143156
2025-10-22,False,11,0.37028541815093735,0.33493845250585563,0.38610651111621974
2025-10-23,False,11,0.3561392665467258,0.25282495096178237,0.3173997777526107
2025-10-24,False,11,0.34372316509218276,0.3619137368370113,0.37527497741122934
2025-10-27,False,11,0.32666740782184145,0.30766374291724247,0.32699643853998805
2025-10-28,False,11,0.33827369380487105,0.21823720364060853,0.2824412569496738
2025-10-29,False,11,0.35211941672897795,0.10532585767986356,0.20084492550207556
2025-10-30,False,11,0.36368809728536416,0.11435527131137763,0.21709319504366742
2025-10-31,False,11,0.36398190015427123,0.13405346307431945,0.23487974572396988
2025-11-03,False,11,0.3722835018224788,0.13120688191046806,0.24046988913319364
2025-11-04,False,11,0.38072216631057976,0.1496711059125696,0.2651269479109655
2025-11-05,False,11,0.3826647026427131,0.1239536842711306,0.24728277989449024
2025-11-06,False,11,0.3967140931998632,0.12089272484668119,0.25975820771702024
2025-11-07,False,11,0.38257301313592434,0.10112420781960195,0.22509643091386558
2025-11-10,False,11,0.37436632707967066,0.13211259352219462,0.2500366735552008
2025-11-11,False,11,0.37075037832266405,0.1354486294948047,0.24941006664659857
2025-11-12,False,11,0.368318579191092,0.1736983622815697,0.2816619217167473
2025-11-13,False,11,0.38685100302427633,0.2169150961299805,0.33164260035951487
2025-11-14,False,11,0.38973865129729096,0.21699906595947888,0.3345233659799764
2025-11-17,False,11,0.41351229455248456,0.2902074833143081,0.4205918238188298
2025-11-18,False,11,0.40645831404890487,0.2591604882927219,0.39219875148702277
2025-11-19,False,11,0.4096709773203489,0.2375955711000479,0.38003965053586286
2025-11-20,False,11,0.4301876787192737,0.2557963698809586,0.4124518217854362
2025-11-21,False,11,0.4257170535495122,0.22641878882218733,0.37310459353157577
2025-11-24,False,11,0.41949221551653676,0.2241817969936605,0.36452868409639666
2025-11-25,False,11,0.4050185896850237,0.3400296663626619,0.42556193711666024
2025-11-26,False,11,0.3958555002872974,0.20986489318872673,0.3226619214970186
2025-11-28,False,11,0.3977936000419026,0.20643402588497425,0.3232616040501907
2025-12-01,False,11,0.4087528836490814,0.34456785925674904,0.4291678414099665
2025-12-02,False,11,0.40890143194382905,0.34040832361838463,0.426153784943842
2025-12-03,False,11,0.3977409672915931,0.334156012393895,0.4086238897320552
2025-12-04,False,11,0.3976505008033097,0.3365863843945069,0.40856790023585277
2025-12-05,False,11,0.4056002701600722,0.2689329250001168,0.3784610456306861
2025-12-08,False,11,0.40738076298484716,0.26305492509130846,0.37600087955163364
2025-12-09,False,11,0.40890403114989643,0.32933244096009173,0.42332861051048015
2025-12-10,False,11,0.40114452360283975,0.30751132768429285,0.3972141350803096
2025-12-11,False,11,0.394587776477999,0.33512651501120777,0.40464979389629097
2025-12-12,False,11,0.4052404241900048,0.25610496606892935,0.3633595370466806
2025-12-15,False,11,0.40386938998957433,0.24664918013434886,0.3551863894520088
2025-12-16,False,11,0.4108855014910936,0.257632433024654,0.3689294951080501
2025-12-17,False,11,0.41445694917378406,0.2881192566225183,0.39472287129109007
2025-12-18,False,11,0.4071361527835498,0.2781602952145785,0.3790549333871692
2025-12-19,False,11,0.3937246966376558,0.26401399866041936,0.3576753050680181
2025-12-22,False,11,0.3940485556892027,0.26871649607698195,0.3624066816789513
2025-12-23,False,11,0.3964459590129226,0.3116512682496401,0.3938844464722486
2025-12-24,False,11,0.3968923653149455,0.27409137539643197,0.3673715232178823
2025-12-26,False,11,0.3990490899956638,0.37128909949238426,0.42683189325093585
2025-12-29,False,11,0.40438711851281456,0.3912548964413881,0.44386577709991826
2025-12-30,False,11,0.4096384408557259,0.3853962900167683,0.4452578219797876
2025-12-31,False,11,0.4190554236707975,0.3116576740994721,0.40489834167960437
2026-01-02,False,11,0.40675072260161826,0.3940016244462745,0.4433777403047384
2026-01-05,False,11,0.40438425152950586,0.35171994730875933,0.4126146076306665
2026-01-06,False,11,0.3888184783956355,0.35161241322949155,0.3964940581010995
2026-01-07,False,11,0.3718497618112077,0.34356884895428963,0.38324652499367934
2026-01-08,False,11,0.37214341457369193,0.1687434910006736,0.2626984319741494
2026-01-09,False,11,0.371800988966538,0.13589512223932837,0.237245173066889
2026-01-12,False,11,0.36868339182071,0.11614077759204476,0.21580454240598004
2026-01-13,False,11,0.3595146251051113,0.1569725413416178,0.24654976201767986
2026-01-14,False,11,0.35868107014655193,0.16817113742509782,0.25496979870513237
2026-01-15,False,11,0.3602223823430405,0.14815126491103986,0.2425479787843468
2026-01-16,False,11,0.36370876560089743,0.11942065672775111,0.21721379287721299
2026-01-20,False,11,0.37361243355433305,0.15219701309604422,0.2513052190894803
2026-01-21,False,11,0.372277592532179,0.1812435583010707,0.2683877523714268
2026-01-22,False,11,0.3703077017271682,0.26123832745582953,0.3243129449699742
2026-01-23,False,11,0.37581518809928466,0.24673744906448067,0.32006073813995395
2026-01-26,False,11,0.3712061805119463,0.2541788484785296,0.3223234850063603
2026-01-27,False,11,0.35857535392309353,0.22766731984845812,0.29546069519001794
2026-01-28,False,11,0.3525396293140336,0.2795464658653969,0.3240275138969331
2026-01-29,False,11,0.3528239464304518,0.18876931235304886,0.2615762390327253
2026-01-30,False,11,0.35444502804407785,0.19013877746730976,0.26479725092297457
2026-02-02,False,11,0.3398163358701812,0.22398329648545237,0.276333784962186
2026-02-03,False,11,0.3399793548118947,0.2192667377791985,0.2787095503491971
2026-02-04,False,11,0.3295301262677706,0.214486179377864,0.26906129170527493
2026-02-05,False,11,0.34706868613427005,0.17992928322344312,0.26275593146111875
2026-02-06,False,11,0.34577325003241743,0.19468725505419227,0.2677939600096135
2026-02-09,False,11,0.3467970009862759,0.20400707387623881,0.27632303654130674
2026-02-10,False,11,0.34801861230940145,0.20588099830436735,0.27987411000493473
2026-02-11,False,11,0.32746809144547034,0.1198221024312371,0.19903519536234543
2026-02-12,False,11,0.34725018342559516,0.10880969505449062,0.20140777929424458
2026-02-13,False,11,0.322549058115738,0.08135865982446974,0.1587746123398907
2026-02-17,False,11,0.32533116664033,0.08249832942333098,0.1625480572664474
2026-02-18,False,11,0.31909555473088397,0.09715200689146604,0.1736733455239084
2026-02-19,False,11,0.30184309917166313,0.09960421602528052,0.16639014358027385
2026-02-20,False,11,0.30608389396944813,0.10244780809376546,0.17683005136440244
2026-02-23,False,11,0.3214788090532103,0.16471570720485634,0.241628137192668
2026-02-24,False,11,0.32286900103151,0.14810497585442753,0.23240637655706498
2026-02-25,False,11,0.3275239612960541,0.1738998710757791,0.2592123913693631
2026-02-26,False,11,0.32882599137167867,0.16487118019928593,0.25444666638200414
2026-02-27,False,11,0.31931377710062864,0.1652813798045776,0.24875262478813592
2026-03-02,False,11,0.31873955925081404,0.16812197568192186,0.2514944649588703
2026-03-03,False,11,0.34574802340134064,0.19027719862718565,0.29308039301637756
2026-03-04,False,11,0.3434837718563291,0.18574328630313372,0.2873977461272618
2026-03-05,False,11,0.3660423859301596,0.16697544790227434,0.28858233436028785
2026-03-06,False,11,0.3763593451705305,0.2531210079059866,0.3650543603778236
2026-03-09,False,11,0.3708870161588338,0.2305115645838479,0.34254203687747153
2026-03-10,False,11,0.3836709126151531,0.15121960758870942,0.2905834329439093
2026-03-11,False,11,0.3930471047732226,0.1755686556093763,0.32525495721173936
2026-03-12,False,11,0.41058227726726104,0.16512539495362935,0.32802133253185095
2026-03-13,False,11,0.41432845490644643,0.1384197211924551,0.3049666809799883
2026-03-16,False,11,0.4029901231681411,0.2082432731091054,0.3580721701586792
2026-03-17,False,11,0.39494053943621554,0.23580969560426718,0.3699313579224742
2026-03-18,False,11,0.42322058501838883,0.17555123034070713,0.34242841824921216
2026-03-19,False,11,0.43267719558003437,0.1775833281188334,0.3527655145081604
2026-03-20,False,11,0.4606995483401542,0.19358718055904758,0.3929746416210045
2026-03-23,False,11,0.45336262065824134,0.2041099787198206,0.3898843217295371
2026-03-24,False,11,0.45185453107529044,0.20752917234830562,0.39315237714341855
2026-03-25,False,11,0.4459890970173976,0.20663774931071238,0.38513338130412494
2026-03-26,False,11,0.46221311580944263,0.23860831020342335,0.426061296007026
2026-03-27,False,11,0.4724789334259887,0.20753599203895137,0.40877122295369744
2026-03-30,False,11,0.469199931429195,0.18553505736163972,0.389045442922777
2026-03-31,False,11,0.4687305096040778,0.2450209097158066,0.42695066599487197
