episode,episode_short,date,calendar_day_from_onset,trading_day_from_onset,phase,composite_z
Great Depression,1929-1933,1929-03-28,-126,-104,pre,0.1319256050681954
Great Depression,1929-1933,1929-04-01,-122,-103,pre,0.1309068762863158
Great Depression,1929-1933,1929-04-02,-121,-102,pre,0.1559195147599948
Great Depression,1929-1933,1929-04-03,-120,-101,pre,0.1294223244127526
Great Depression,1929-1933,1929-04-04,-119,-100,pre,0.1869353658396707
Great Depression,1929-1933,1929-04-05,-118,-99,pre,0.1758426912669542
Great Depression,1929-1933,1929-04-06,-117,-98,pre,0.3612389028105631
Great Depression,1929-1933,1929-04-08,-115,-97,pre,0.2557237170245877
Great Depression,1929-1933,1929-04-09,-114,-96,pre,0.3167383903986741
Great Depression,1929-1933,1929-04-10,-113,-95,pre,0.2355821130538062
Great Depression,1929-1933,1929-04-11,-112,-94,pre,0.1742316656135573
Great Depression,1929-1933,1929-04-12,-111,-93,pre,-0.0271829343501445
Great Depression,1929-1933,1929-04-13,-110,-92,pre,-0.0426506143373036
Great Depression,1929-1933,1929-04-15,-108,-91,pre,0.0770921321346923
Great Depression,1929-1933,1929-04-16,-107,-90,pre,0.1605219245651405
Great Depression,1929-1933,1929-04-17,-106,-89,pre,-0.2847221793561815
Great Depression,1929-1933,1929-04-18,-105,-88,pre,-0.0463937386108882
Great Depression,1929-1933,1929-04-19,-104,-87,pre,0.0166305302438184
Great Depression,1929-1933,1929-04-20,-103,-86,pre,0.0614153630241434
Great Depression,1929-1933,1929-04-22,-101,-85,pre,0.0602058021561189
Great Depression,1929-1933,1929-04-23,-100,-84,pre,0.0468172422359719
Great Depression,1929-1933,1929-04-24,-99,-83,pre,-0.0159231750049708
Great Depression,1929-1933,1929-04-25,-98,-82,pre,0.0147837334389623
Great Depression,1929-1933,1929-04-26,-97,-81,pre,0.2124841119432023
Great Depression,1929-1933,1929-04-27,-96,-80,pre,0.2766050169340761
Great Depression,1929-1933,1929-04-29,-94,-79,pre,0.2743698585473449
Great Depression,1929-1933,1929-04-30,-93,-78,pre,0.2848378857416588
Great Depression,1929-1933,1929-05-01,-92,-77,pre,0.4459055944447164
Great Depression,1929-1933,1929-05-02,-91,-76,pre,0.4828861117916853
Great Depression,1929-1933,1929-05-03,-90,-75,pre,0.1190958024916854
Great Depression,1929-1933,1929-05-04,-89,-74,pre,0.094934879459366
Great Depression,1929-1933,1929-05-06,-87,-73,pre,0.2487120274553125
Great Depression,1929-1933,1929-05-07,-86,-72,pre,-0.0154192139732492
Great Depression,1929-1933,1929-05-08,-85,-71,pre,0.1508254931779408
Great Depression,1929-1933,1929-05-09,-84,-70,pre,0.246586425329433
Great Depression,1929-1933,1929-05-10,-83,-69,pre,0.1944619266138966
Great Depression,1929-1933,1929-05-11,-82,-68,pre,0.1585645872717044
Great Depression,1929-1933,1929-05-13,-80,-67,pre,0.2078529566586578
Great Depression,1929-1933,1929-05-14,-79,-66,pre,0.175992399562421
Great Depression,1929-1933,1929-05-15,-78,-65,pre,0.2386833514356555
Great Depression,1929-1933,1929-05-16,-77,-64,pre,0.1229963144544131
Great Depression,1929-1933,1929-05-17,-76,-63,pre,-0.0452032395001035
Great Depression,1929-1933,1929-05-18,-75,-62,pre,0.1459455858746589
Great Depression,1929-1933,1929-05-20,-73,-61,pre,0.2322343900428837
Great Depression,1929-1933,1929-05-21,-72,-60,pre,0.2154363091296383
Great Depression,1929-1933,1929-05-22,-71,-59,pre,0.2878779803787371
Great Depression,1929-1933,1929-05-23,-70,-58,pre,0.4190635514044157
Great Depression,1929-1933,1929-05-24,-69,-57,pre,0.4453047250159773
Great Depression,1929-1933,1929-05-25,-68,-56,pre,0.475505827872436
Great Depression,1929-1933,1929-05-27,-66,-55,pre,0.4775306861834654
Great Depression,1929-1933,1929-05-28,-65,-54,pre,0.5128562002617967
Great Depression,1929-1933,1929-05-29,-64,-53,pre,0.5899052448036504
Great Depression,1929-1933,1929-05-31,-62,-52,pre,0.5893850192379568
Great Depression,1929-1933,1929-06-01,-61,-51,pre,0.5897572703075333
Great Depression,1929-1933,1929-06-03,-59,-50,pre,0.559982412975947
Great Depression,1929-1933,1929-06-04,-58,-49,pre,0.5349458445064191
Great Depression,1929-1933,1929-06-05,-57,-48,pre,0.2776054435702276
Great Depression,1929-1933,1929-06-06,-56,-47,pre,0.381933251637191
Great Depression,1929-1933,1929-06-07,-55,-46,pre,0.2761349360265264
Great Depression,1929-1933,1929-06-08,-54,-45,pre,0.2959834594318591
Great Depression,1929-1933,1929-06-10,-52,-44,pre,0.3417783463459903
Great Depression,1929-1933,1929-06-11,-51,-43,pre,0.3371517299181789
Great Depression,1929-1933,1929-06-12,-50,-42,pre,0.4795853227651242
Great Depression,1929-1933,1929-06-13,-49,-41,pre,0.3728674467903093
Great Depression,1929-1933,1929-06-14,-48,-40,pre,0.2340572276229389
Great Depression,1929-1933,1929-06-15,-47,-39,pre,0.2267062740217416
Great Depression,1929-1933,1929-06-17,-45,-38,pre,0.4744149222179719
Great Depression,1929-1933,1929-06-18,-44,-37,pre,0.5426488973783344
Great Depression,1929-1933,1929-06-19,-43,-36,pre,0.5213343692978507
Great Depression,1929-1933,1929-06-20,-42,-35,pre,0.3497402742638534
Great Depression,1929-1933,1929-06-21,-41,-34,pre,0.2742315138763109
Great Depression,1929-1933,1929-06-22,-40,-33,pre,0.2328262678612494
Great Depression,1929-1933,1929-06-24,-38,-32,pre,0.2205057261436395
Great Depression,1929-1933,1929-06-25,-37,-31,pre,0.1908649202647999
Great Depression,1929-1933,1929-06-26,-36,-30,pre,0.0885524829119072
Great Depression,1929-1933,1929-06-27,-35,-29,pre,0.2293681614555331
Great Depression,1929-1933,1929-06-28,-34,-28,pre,0.3196309811856604
Great Depression,1929-1933,1929-06-29,-33,-27,pre,0.334579353509575
Great Depression,1929-1933,1929-07-01,-31,-26,pre,0.2743956332806217
Great Depression,1929-1933,1929-07-02,-30,-25,pre,0.1679595477532394
Great Depression,1929-1933,1929-07-03,-29,-24,pre,0.1887460788784048
Great Depression,1929-1933,1929-07-05,-27,-23,pre,0.1882679514932945
Great Depression,1929-1933,1929-07-06,-26,-22,pre,0.2675262574542296
Great Depression,1929-1933,1929-07-08,-24,-21,pre,0.3102283820909001
Great Depression,1929-1933,1929-07-09,-23,-20,pre,0.133817641196787
Great Depression,1929-1933,1929-07-10,-22,-19,pre,0.1391449487486646
Great Depression,1929-1933,1929-07-11,-21,-18,pre,0.1113517508334029
Great Depression,1929-1933,1929-07-12,-20,-17,pre,0.1904125475004152
Great Depression,1929-1933,1929-07-13,-19,-16,pre,-0.0559422199385544
Great Depression,1929-1933,1929-07-15,-17,-15,pre,-0.1733529692114307
Great Depression,1929-1933,1929-07-16,-16,-14,pre,0.0135583811764652
Great Depression,1929-1933,1929-07-17,-15,-13,pre,0.1003701936049815
Great Depression,1929-1933,1929-07-18,-14,-12,pre,0.0817051404628557
Great Depression,1929-1933,1929-07-19,-13,-11,pre,0.0742175479760303
Great Depression,1929-1933,1929-07-20,-12,-10,pre,0.0687927170379848
Great Depression,1929-1933,1929-07-22,-10,-9,pre,0.0229212550008375
Great Depression,1929-1933,1929-07-23,-9,-8,pre,0.0558005247036634
Great Depression,1929-1933,1929-07-24,-8,-7,pre,0.1508873073151098
Great Depression,1929-1933,1929-07-25,-7,-6,pre,0.3747518649742145
Great Depression,1929-1933,1929-07-26,-6,-5,pre,0.3591130386376923
Great Depression,1929-1933,1929-07-27,-5,-4,pre,0.4663515293385941
Great Depression,1929-1933,1929-07-29,-3,-3,pre,0.3809051375830206
Great Depression,1929-1933,1929-07-30,-2,-2,pre,0.2097307407464542
Great Depression,1929-1933,1929-07-31,-1,-1,pre,0.0200350757339578
Great Depression,1929-1933,1929-08-01,0,0,during,0.0173528893550022
Great Depression,1929-1933,1929-08-02,1,1,during,-0.1802352478465048
Great Depression,1929-1933,1929-08-03,2,2,during,0.0427028470401324
Great Depression,1929-1933,1929-08-05,4,3,during,0.01695274792302
Great Depression,1929-1933,1929-08-06,5,4,during,-0.0965006641238332
Great Depression,1929-1933,1929-08-07,6,5,during,-1.6524277233741589
Great Depression,1929-1933,1929-08-08,7,6,during,-1.3281651068076674
Great Depression,1929-1933,1929-08-09,8,7,during,-1.1109767018158796
Great Depression,1929-1933,1929-08-10,9,8,during,-0.7146847540964172
Great Depression,1929-1933,1929-08-12,11,9,during,-0.7732484988114907
Great Depression,1929-1933,1929-08-13,12,10,during,-0.8726666838069314
Great Depression,1929-1933,1929-08-14,13,11,during,-0.8294633084924902
Great Depression,1929-1933,1929-08-15,14,12,during,-1.1484321463514853
Great Depression,1929-1933,1929-08-16,15,13,during,-1.009647683671569
Great Depression,1929-1933,1929-08-17,16,14,during,-1.2019524855011856
Great Depression,1929-1933,1929-08-19,18,15,during,-1.1181819302033609
Great Depression,1929-1933,1929-08-20,19,16,during,-0.6654835115987894
Great Depression,1929-1933,1929-08-21,20,17,during,-0.2977382368504334
Great Depression,1929-1933,1929-08-22,21,18,during,-0.4630575972808802
Great Depression,1929-1933,1929-08-23,22,19,during,-0.5376494155389075
Great Depression,1929-1933,1929-08-24,23,20,during,-0.2371505199441828
Great Depression,1929-1933,1929-08-26,25,21,during,-0.1180197120781342
Great Depression,1929-1933,1929-08-27,26,22,during,-0.233283643254396
Great Depression,1929-1933,1929-08-28,27,23,during,-0.4416860719941479
Great Depression,1929-1933,1929-08-29,28,24,during,-0.3633305256424319
Great Depression,1929-1933,1929-08-30,29,25,during,-0.3373137139985746
Great Depression,1929-1933,1929-09-03,33,26,during,-0.1769758752060683
Great Depression,1929-1933,1929-09-04,34,27,during,-0.1534639079728598
Great Depression,1929-1933,1929-09-05,35,28,during,0.0964892957945556
Great Depression,1929-1933,1929-09-06,36,29,during,0.2008756762246165
Great Depression,1929-1933,1929-09-07,37,30,during,0.123990807201776
Great Depression,1929-1933,1929-09-09,39,31,during,-0.072012310038312
Great Depression,1929-1933,1929-09-10,40,32,during,-0.2476874017156147
Great Depression,1929-1933,1929-09-11,41,33,during,-0.2121501330103981
Great Depression,1929-1933,1929-09-12,42,34,during,-0.4010947994482059
Great Depression,1929-1933,1929-09-13,43,35,during,-0.2254043357036901
Great Depression,1929-1933,1929-09-14,44,36,during,-0.178583639360215
Great Depression,1929-1933,1929-09-16,46,37,during,0.2144149679247802
Great Depression,1929-1933,1929-09-17,47,38,during,-0.0361375946209023
Great Depression,1929-1933,1929-09-18,48,39,during,-0.133876506098329
Great Depression,1929-1933,1929-09-19,49,40,during,-0.3161995799360369
Great Depression,1929-1933,1929-09-20,50,41,during,-0.023837100571555
Great Depression,1929-1933,1929-09-21,51,42,during,0.0644658813776279
Great Depression,1929-1933,1929-09-23,53,43,during,0.147692192310272
Great Depression,1929-1933,1929-09-24,54,44,during,0.2616317224611172
Great Depression,1929-1933,1929-09-25,55,45,during,0.1309049563649237
Great Depression,1929-1933,1929-09-26,56,46,during,0.1112575110894995
Great Depression,1929-1933,1929-09-27,57,47,during,0.2097246533693886
Great Depression,1929-1933,1929-09-28,58,48,during,0.1774905101931232
Great Depression,1929-1933,1929-09-30,60,49,during,0.119751303682736
Great Depression,1929-1933,1929-10-01,61,50,during,0.2447760192943775
Great Depression,1929-1933,1929-10-02,62,51,during,0.1719839380142754
Great Depression,1929-1933,1929-10-03,63,52,during,0.2416423354116144
Great Depression,1929-1933,1929-10-04,64,53,during,0.4723051530247589
Great Depression,1929-1933,1929-10-05,65,54,during,0.4023931778553665
Great Depression,1929-1933,1929-10-07,67,55,during,0.5624569204080794
Great Depression,1929-1933,1929-10-08,68,56,during,0.5573475992080017
Great Depression,1929-1933,1929-10-09,69,57,during,0.5366514805806659
Great Depression,1929-1933,1929-10-10,70,58,during,0.5386349193427568
Great Depression,1929-1933,1929-10-11,71,59,during,0.5452749707534046
Great Depression,1929-1933,1929-10-14,74,60,during,0.542644998557072
Great Depression,1929-1933,1929-10-15,75,61,during,0.5818481214641206
Great Depression,1929-1933,1929-10-16,76,62,during,0.426717927603784
Great Depression,1929-1933,1929-10-17,77,63,during,0.2977432488917874
Great Depression,1929-1933,1929-10-18,78,64,during,0.1465536378595653
Great Depression,1929-1933,1929-10-19,79,65,during,0.1492701237199166
Great Depression,1929-1933,1929-10-21,81,66,during,0.147347219330318
Great Depression,1929-1933,1929-10-22,82,67,during,0.2703093923939269
Great Depression,1929-1933,1929-10-23,83,68,during,0.1570200736456643
Great Depression,1929-1933,1929-10-24,84,69,during,0.2147464446630412
Great Depression,1929-1933,1929-10-25,85,70,during,0.1920917430449486
Great Depression,1929-1933,1929-10-26,86,71,during,0.1411998854727422
Great Depression,1929-1933,1929-10-28,88,72,during,0.254983844051064
Great Depression,1929-1933,1929-10-29,89,73,during,0.5186375083140609
Great Depression,1929-1933,1929-10-30,90,74,during,0.5766470850937798
Great Depression,1929-1933,1929-10-31,91,75,during,0.6158711258624129
Great Depression,1929-1933,1929-11-04,95,76,during,0.6083977667653118
Great Depression,1929-1933,1929-11-06,97,77,during,0.5798511481670279
Great Depression,1929-1933,1929-11-07,98,78,during,0.5559478785903513
Great Depression,1929-1933,1929-11-08,99,79,during,0.5512296212126753
Great Depression,1929-1933,1929-11-11,102,80,during,0.464228040309964
Great Depression,1929-1933,1929-11-12,103,81,during,0.4411545442908026
Great Depression,1929-1933,1929-11-13,104,82,during,0.5073713950527126
Great Depression,1929-1933,1929-11-14,105,83,during,0.576209602457151
Great Depression,1929-1933,1929-11-15,106,84,during,0.6226474202545671
Great Depression,1929-1933,1929-11-18,109,85,during,0.6261876129694969
Great Depression,1929-1933,1929-11-19,110,86,during,0.5897324477638202
Great Depression,1929-1933,1929-11-20,111,87,during,0.776222543452773
Great Depression,1929-1933,1929-11-21,112,88,during,0.6537464115282827
Great Depression,1929-1933,1929-11-22,113,89,during,0.6453001669791978
Great Depression,1929-1933,1929-11-25,116,90,during,0.6381407432961922
Great Depression,1929-1933,1929-11-26,117,91,during,0.6543085802577521
Great Depression,1929-1933,1929-11-27,118,92,during,0.6518684764600575
Great Depression,1929-1933,1929-12-02,123,93,during,0.7727197776565486
Great Depression,1929-1933,1929-12-03,124,94,during,0.632805120154204
Great Depression,1929-1933,1929-12-04,125,95,during,0.5992819670006009
Great Depression,1929-1933,1929-12-05,126,96,during,0.5997505968394601
Great Depression,1929-1933,1929-12-06,127,97,during,0.6088522318287274
Great Depression,1929-1933,1929-12-07,128,98,during,0.5942168170556356
Great Depression,1929-1933,1929-12-09,130,99,during,0.5788228551609012
Great Depression,1929-1933,1929-12-10,131,100,during,0.5953421534098288
Great Depression,1929-1933,1929-12-11,132,101,during,0.6177929278904474
Great Depression,1929-1933,1929-12-12,133,102,during,0.6350742534453891
Great Depression,1929-1933,1929-12-13,134,103,during,0.634177988124472
Great Depression,1929-1933,1929-12-14,135,104,during,0.6139953032371407
Great Depression,1929-1933,1929-12-16,137,105,during,0.6153189979738085
Great Depression,1929-1933,1929-12-17,138,106,during,0.6164987739589344
Great Depression,1929-1933,1929-12-18,139,107,during,0.6103649925673615
Great Depression,1929-1933,1929-12-19,140,108,during,0.6057494146136814
Great Depression,1929-1933,1929-12-20,141,109,during,0.5796872605213715
Great Depression,1929-1933,1929-12-21,142,110,during,0.5809700403173512
Great Depression,1929-1933,1929-12-23,144,111,during,0.5759959053468581
Great Depression,1929-1933,1929-12-24,145,112,during,0.5806700437604906
Great Depression,1929-1933,1929-12-26,147,113,during,0.5835694647191796
Great Depression,1929-1933,1929-12-27,148,114,during,0.5901517667143541
Great Depression,1929-1933,1929-12-28,149,115,during,0.5846506846707115
Great Depression,1929-1933,1929-12-30,151,116,during,0.620809074684305
Great Depression,1929-1933,1929-12-31,152,117,during,0.6385365745901452
Great Depression,1929-1933,1930-01-02,154,118,during,0.6363092396203284
Great Depression,1929-1933,1930-01-03,155,119,during,0.642666559259099
Great Depression,1929-1933,1930-01-04,156,120,during,0.6457888912449152
Great Depression,1929-1933,1930-01-06,158,121,during,0.6439512781827564
Great Depression,1929-1933,1930-01-07,159,122,during,0.7693577014532466
Great Depression,1929-1933,1930-01-08,160,123,during,0.7687354408090858
Great Depression,1929-1933,1930-01-09,161,124,during,0.7693803818487813
Great Depression,1929-1933,1930-01-10,162,125,during,0.6480638207299532
Great Depression,1929-1933,1930-01-11,163,126,during,0.6472663173424519
Great Depression,1929-1933,1930-01-13,165,127,during,0.6401136036713146
Great Depression,1929-1933,1930-01-14,166,128,during,0.6489346346362292
Great Depression,1929-1933,1930-01-15,167,129,during,0.6535261024208413
Great Depression,1929-1933,1930-01-16,168,130,during,0.6358312346296435
Great Depression,1929-1933,1930-01-17,169,131,during,0.6356799883416507
Great Depression,1929-1933,1930-01-18,170,132,during,0.6353276678707209
Great Depression,1929-1933,1930-01-20,172,133,during,0.4571204014671326
Great Depression,1929-1933,1930-01-21,173,134,during,0.4212766716093708
Great Depression,1929-1933,1930-01-22,174,135,during,0.5604782100714604
Great Depression,1929-1933,1930-01-23,175,136,during,0.5054523538248177
Great Depression,1929-1933,1930-01-24,176,137,during,0.4081939640281871
Great Depression,1929-1933,1930-01-25,177,138,during,0.4119200025471371
Great Depression,1929-1933,1930-01-27,179,139,during,0.2673718539858621
Great Depression,1929-1933,1930-01-28,180,140,during,0.3944680719153638
Great Depression,1929-1933,1930-01-29,181,141,during,0.1540076147397416
Great Depression,1929-1933,1930-01-30,182,142,during,-0.0126903023305398
Great Depression,1929-1933,1930-01-31,183,143,during,0.1348705587757799
Great Depression,1929-1933,1930-02-01,184,144,during,0.3714880089683142
Great Depression,1929-1933,1930-02-03,186,145,during,0.3009262518121278
Great Depression,1929-1933,1930-02-04,187,146,during,0.3938683004520913
Great Depression,1929-1933,1930-02-05,188,147,during,0.3016943953977407
Great Depression,1929-1933,1930-02-06,189,148,during,0.4160672151690722
Great Depression,1929-1933,1930-02-07,190,149,during,0.4386319181624611
Great Depression,1929-1933,1930-02-08,191,150,during,0.5539640452788647
Great Depression,1929-1933,1930-02-10,193,151,during,0.3695722909241292
Great Depression,1929-1933,1930-02-11,194,152,during,0.3604373677902253
Great Depression,1929-1933,1930-02-13,196,153,during,0.3644162549093999
Great Depression,1929-1933,1930-02-14,197,154,during,0.3500009037278581
Great Depression,1929-1933,1930-02-15,198,155,during,0.1692739920559718
Great Depression,1929-1933,1930-02-17,200,156,during,0.3099235026808363
Great Depression,1929-1933,1930-02-18,201,157,during,0.3671460940936953
Great Depression,1929-1933,1930-02-19,202,158,during,0.3909925289611748
Great Depression,1929-1933,1930-02-20,203,159,during,0.5892050951039127
Great Depression,1929-1933,1930-02-21,204,160,during,0.5949907429153601
Great Depression,1929-1933,1930-02-24,207,161,during,0.5944853127412804
Great Depression,1929-1933,1930-02-25,208,162,during,0.3300543528939428
Great Depression,1929-1933,1930-02-26,209,163,during,0.2038734751721773
Great Depression,1929-1933,1930-02-27,210,164,during,0.3997380237806493
Great Depression,1929-1933,1930-02-28,211,165,during,0.5358807071864559
Great Depression,1929-1933,1930-03-01,212,166,during,0.5554122037505428
Great Depression,1929-1933,1930-03-03,214,167,during,0.5551283165025314
Great Depression,1929-1933,1930-03-04,215,168,during,0.5764299277349997
Great Depression,1929-1933,1930-03-05,216,169,during,0.4864758967455861
Great Depression,1929-1933,1930-03-06,217,170,during,0.444770570890303
Great Depression,1929-1933,1930-03-07,218,171,during,0.3672549858786818
Great Depression,1929-1933,1930-03-08,219,172,during,0.2987946862570764
Great Depression,1929-1933,1930-03-10,221,173,during,0.2602137323471324
Great Depression,1929-1933,1930-03-11,222,174,during,0.2639184788921697
Great Depression,1929-1933,1930-03-12,223,175,during,0.3187700107711037
Great Depression,1929-1933,1930-03-13,224,176,during,0.442206432696152
Great Depression,1929-1933,1930-03-14,225,177,during,0.2227183301270484
Great Depression,1929-1933,1930-03-15,226,178,during,0.2082512189079085
Great Depression,1929-1933,1930-03-17,228,179,during,0.2748195223875608
Great Depression,1929-1933,1930-03-18,229,180,during,0.2227298626792801
Great Depression,1929-1933,1930-03-19,230,181,during,0.1767971805716311
Great Depression,1929-1933,1930-03-20,231,182,during,0.0603911907092276
Great Depression,1929-1933,1930-03-21,232,183,during,0.1722533091710682
Great Depression,1929-1933,1930-03-22,233,184,during,0.0941676183566096
Great Depression,1929-1933,1930-03-24,235,185,during,0.1031132761901288
Great Depression,1929-1933,1930-03-25,236,186,during,0.1963012973630044
Great Depression,1929-1933,1930-03-26,237,187,during,0.247252873021928
Great Depression,1929-1933,1930-03-27,238,188,during,0.1180516620581244
Great Depression,1929-1933,1930-03-28,239,189,during,0.455064809895902
Great Depression,1929-1933,1930-03-29,240,190,during,0.3443717388312646
Great Depression,1929-1933,1930-03-31,242,191,during,0.1694170274220284
Great Depression,1929-1933,1930-04-01,243,192,during,0.0407069230747139
Great Depression,1929-1933,1930-04-02,244,193,during,-0.0194155180928499
Great Depression,1929-1933,1930-04-03,245,194,during,0.1970027522859752
Great Depression,1929-1933,1930-04-04,246,195,during,-0.3866660203789021
Great Depression,1929-1933,1930-04-05,247,196,during,-0.3084479547834317
Great Depression,1929-1933,1930-04-07,249,197,during,-0.2036922454860655
Great Depression,1929-1933,1930-04-08,250,198,during,-0.3396579956001793
Great Depression,1929-1933,1930-04-09,251,199,during,-0.7302318468006315
Great Depression,1929-1933,1930-04-10,252,200,during,-0.1357891444711693
Great Depression,1929-1933,1930-04-11,253,201,during,-0.1463971137969295
Great Depression,1929-1933,1930-04-12,254,202,during,0.1438698527902454
Great Depression,1929-1933,1930-04-14,256,203,during,-0.1408154449128021
Great Depression,1929-1933,1930-04-15,257,204,during,-0.1156364464347289
Great Depression,1929-1933,1930-04-16,258,205,during,-0.356561081201067
Great Depression,1929-1933,1930-04-17,259,206,during,-0.3457347347331979
Great Depression,1929-1933,1930-04-21,263,207,during,-0.3351263232075298
Great Depression,1929-1933,1930-04-22,264,208,during,-0.2592682692290384
Great Depression,1929-1933,1930-04-23,265,209,during,-0.6211230881743381
Great Depression,1929-1933,1930-04-24,266,210,during,-0.0144652913695467
Great Depression,1929-1933,1930-04-25,267,211,during,-0.055669225774711
Great Depression,1929-1933,1930-04-26,268,212,during,-0.3189622482876139
Great Depression,1929-1933,1930-04-28,270,213,during,0.1918088482833741
Great Depression,1929-1933,1930-04-29,271,214,during,-0.1856534013841635
Great Depression,1929-1933,1930-04-30,272,215,during,-0.0679959713391402
Great Depression,1929-1933,1930-05-01,273,216,during,-0.2052769479002941
Great Depression,1929-1933,1930-05-02,274,217,during,-0.1872956842306602
Great Depression,1929-1933,1930-05-03,275,218,during,0.113876397253653
Great Depression,1929-1933,1930-05-05,277,219,during,0.276184665999362
Great Depression,1929-1933,1930-05-06,278,220,during,0.0959143205039426
Great Depression,1929-1933,1930-05-07,279,221,during,0.0268609403630704
Great Depression,1929-1933,1930-05-08,280,222,during,0.1352273932024984
Great Depression,1929-1933,1930-05-09,281,223,during,0.121370974429493
Great Depression,1929-1933,1930-05-10,282,224,during,0.2747813737047561
Great Depression,1929-1933,1930-05-12,284,225,during,0.2760323836476973
Great Depression,1929-1933,1930-05-13,285,226,during,0.0808849070330474
Great Depression,1929-1933,1930-05-14,286,227,during,0.0123945396210127
Great Depression,1929-1933,1930-05-15,287,228,during,0.1580240134233157
Great Depression,1929-1933,1930-05-16,288,229,during,0.1776585042038558
Great Depression,1929-1933,1930-05-17,289,230,during,0.0259787788772744
Great Depression,1929-1933,1930-05-19,291,231,during,0.1791702465784128
Great Depression,1929-1933,1930-05-20,292,232,during,0.0708170151466567
Great Depression,1929-1933,1930-05-21,293,233,during,-0.395196751381935
Great Depression,1929-1933,1930-05-22,294,234,during,-0.068523754513251
Great Depression,1929-1933,1930-05-23,295,235,during,-0.1689405808502112
Great Depression,1929-1933,1930-05-24,296,236,during,-0.1674706194282748
Great Depression,1929-1933,1930-05-26,298,237,during,0.092388164693474
Great Depression,1929-1933,1930-05-27,299,238,during,0.1032635224744506
Great Depression,1929-1933,1930-05-28,300,239,during,0.0340419471134982
Great Depression,1929-1933,1930-05-29,301,240,during,0.3066096835115733
Great Depression,1929-1933,1930-06-02,305,241,during,0.3408621811564574
Great Depression,1929-1933,1930-06-03,306,242,during,0.2658992123302788
Great Depression,1929-1933,1930-06-04,307,243,during,0.2380376163683006
Great Depression,1929-1933,1930-06-05,308,244,during,0.3649338242841166
Great Depression,1929-1933,1930-06-06,309,245,during,0.3591610612891391
Great Depression,1929-1933,1930-06-07,310,246,during,0.540229953818843
Great Depression,1929-1933,1930-06-09,312,247,during,0.4887389285310199
Great Depression,1929-1933,1930-06-10,313,248,during,0.5799706772032088
Great Depression,1929-1933,1930-06-11,314,249,during,0.5837885104784878
Great Depression,1929-1933,1930-06-12,315,250,during,0.5928153384627219
Great Depression,1929-1933,1930-06-13,316,251,during,0.578754166635542
Great Depression,1929-1933,1930-06-14,317,252,during,0.5645652004398394
Great Depression,1929-1933,1930-06-16,319,253,during,0.5895446359853878
Great Depression,1929-1933,1930-06-17,320,254,during,0.5808869464285163
Great Depression,1929-1933,1930-06-18,321,255,during,0.5537933766635446
Great Depression,1929-1933,1930-06-19,322,256,during,0.5342225256681881
Great Depression,1929-1933,1930-06-20,323,257,during,0.7268946290665588
Great Depression,1929-1933,1930-06-21,324,258,during,0.7283939390074758
Great Depression,1929-1933,1930-06-23,326,259,during,0.7282859525741591
Great Depression,1929-1933,1930-06-24,327,260,during,0.543749191714582
Great Depression,1929-1933,1930-06-25,328,261,during,0.4292861661168158
Great Depression,1929-1933,1930-06-26,329,262,during,0.4793157680259304
Great Depression,1929-1933,1930-06-27,330,263,during,0.4864537728953861
Great Depression,1929-1933,1930-06-28,331,264,during,0.5291139827039414
Great Depression,1929-1933,1930-06-30,333,265,during,0.4923672008385512
Great Depression,1929-1933,1930-07-01,334,266,during,0.5483786192125012
Great Depression,1929-1933,1930-07-02,335,267,during,0.5817412713416186
Great Depression,1929-1933,1930-07-03,336,268,during,0.4223821443417362
Great Depression,1929-1933,1930-07-07,340,269,during,0.4871831811085106
Great Depression,1929-1933,1930-07-08,341,270,during,0.455082303943232
Great Depression,1929-1933,1930-07-09,342,271,during,0.4243931981939074
Great Depression,1929-1933,1930-07-10,343,272,during,0.4244968378533214
Great Depression,1929-1933,1930-07-11,344,273,during,0.4937903209430529
Great Depression,1929-1933,1930-07-12,345,274,during,0.5219576054768376
Great Depression,1929-1933,1930-07-14,347,275,during,0.4619890970073929
Great Depression,1929-1933,1930-07-15,348,276,during,0.4508227370408112
Great Depression,1929-1933,1930-07-16,349,277,during,0.4413037368013944
Great Depression,1929-1933,1930-07-17,350,278,during,0.338153755517212
Great Depression,1929-1933,1930-07-18,351,279,during,0.2657768913034943
Great Depression,1929-1933,1930-07-19,352,280,during,0.3299999333047467
Great Depression,1929-1933,1930-07-21,354,281,during,0.443392492690264
Great Depression,1929-1933,1930-07-22,355,282,during,0.4532266408716866
Great Depression,1929-1933,1930-07-23,356,283,during,0.4513314574740041
Great Depression,1929-1933,1930-07-24,357,284,during,0.4631895974275064
Great Depression,1929-1933,1930-07-25,358,285,during,0.4717857284354063
Great Depression,1929-1933,1930-07-26,359,286,during,0.4369466576476492
Great Depression,1929-1933,1930-07-28,361,287,during,0.4272716024044944
Great Depression,1929-1933,1930-07-29,362,288,during,0.3984821195343914
Great Depression,1929-1933,1930-07-30,363,289,during,0.4681390537232735
Great Depression,1929-1933,1930-07-31,364,290,during,0.4703195566000117
Great Depression,1929-1933,1930-08-01,365,291,during,0.4695382432794071
Great Depression,1929-1933,1930-08-02,366,292,during,0.4935379808033565
Great Depression,1929-1933,1930-08-04,368,293,during,0.509223790663752
Great Depression,1929-1933,1930-08-05,369,294,during,0.5268862888347721
Great Depression,1929-1933,1930-08-06,370,295,during,0.5515680226974004
Great Depression,1929-1933,1930-08-07,371,296,during,0.535364719743957
Great Depression,1929-1933,1930-08-08,372,297,during,0.5669023442964025
Great Depression,1929-1933,1930-08-09,373,298,during,0.5443282713359437
Great Depression,1929-1933,1930-08-11,375,299,during,0.5600145118301552
Great Depression,1929-1933,1930-08-12,376,300,during,0.5611585095346914
Great Depression,1929-1933,1930-08-13,377,301,during,0.6010786297542031
Great Depression,1929-1933,1930-08-14,378,302,during,0.4153036168971478
Great Depression,1929-1933,1930-08-15,379,303,during,0.5662123819214264
Great Depression,1929-1933,1930-08-16,380,304,during,0.5518084557953193
Great Depression,1929-1933,1930-08-18,382,305,during,0.5885986408125261
Great Depression,1929-1933,1930-08-19,383,306,during,0.5964730069930125
Great Depression,1929-1933,1930-08-20,384,307,during,0.5808323346772564
Great Depression,1929-1933,1930-08-21,385,308,during,0.5885611080528184
Great Depression,1929-1933,1930-08-22,386,309,during,0.5734500160280486
Great Depression,1929-1933,1930-08-23,387,310,during,0.5682898332257941
Great Depression,1929-1933,1930-08-25,389,311,during,0.5701347574953394
Great Depression,1929-1933,1930-08-26,390,312,during,0.5861652070586783
Great Depression,1929-1933,1930-08-27,391,313,during,0.5702602632895679
Great Depression,1929-1933,1930-08-28,392,314,during,0.5653699216983862
Great Depression,1929-1933,1930-08-29,393,315,during,0.6012917842341248
Great Depression,1929-1933,1930-09-02,397,316,during,0.5518502401462932
Great Depression,1929-1933,1930-09-03,398,317,during,0.5589957604041602
Great Depression,1929-1933,1930-09-04,399,318,during,0.5290298215979388
Great Depression,1929-1933,1930-09-05,400,319,during,0.5703603043671345
Great Depression,1929-1933,1930-09-06,401,320,during,0.5350226773273851
Great Depression,1929-1933,1930-09-08,403,321,during,0.5010113208201099
Great Depression,1929-1933,1930-09-09,404,322,during,0.4275008743808685
Great Depression,1929-1933,1930-09-10,405,323,during,0.4618824372439615
Great Depression,1929-1933,1930-09-11,406,324,during,0.5003846800815609
Great Depression,1929-1933,1930-09-12,407,325,during,0.5697586387758842
Great Depression,1929-1933,1930-09-13,408,326,during,0.5095180434365852
Great Depression,1929-1933,1930-09-15,410,327,during,0.5032298544063248
Great Depression,1929-1933,1930-09-16,411,328,during,0.512854660304171
Great Depression,1929-1933,1930-09-17,412,329,during,0.4606451239327391
Great Depression,1929-1933,1930-09-18,413,330,during,0.4570895338867324
Great Depression,1929-1933,1930-09-19,414,331,during,0.5202672265264414
Great Depression,1929-1933,1930-09-20,415,332,during,0.4755745746915819
Great Depression,1929-1933,1930-09-22,417,333,during,0.5333830208806134
Great Depression,1929-1933,1930-09-23,418,334,during,0.4988759993848176
Great Depression,1929-1933,1930-09-24,419,335,during,0.4553236047952588
Great Depression,1929-1933,1930-09-25,420,336,during,0.5466129313811177
Great Depression,1929-1933,1930-09-26,421,337,during,0.4903160223945147
Great Depression,1929-1933,1930-09-27,422,338,during,0.4659130859359791
Great Depression,1929-1933,1930-09-29,424,339,during,0.4619505161138392
Great Depression,1929-1933,1930-09-30,425,340,during,0.242988027824364
Great Depression,1929-1933,1930-10-01,426,341,during,0.3863786732886705
Great Depression,1929-1933,1930-10-02,427,342,during,0.4551760385695846
Great Depression,1929-1933,1930-10-03,428,343,during,0.4861303458776856
Great Depression,1929-1933,1930-10-04,429,344,during,0.5192535160653049
Great Depression,1929-1933,1930-10-06,431,345,during,0.5033787928933919
Great Depression,1929-1933,1930-10-07,432,346,during,0.4568747928223794
Great Depression,1929-1933,1930-10-08,433,347,during,0.4717914015658295
Great Depression,1929-1933,1930-10-09,434,348,during,0.5345704275555052
Great Depression,1929-1933,1930-10-10,435,349,during,0.4878841066340116
Great Depression,1929-1933,1930-10-11,436,350,during,0.5594559127598657
Great Depression,1929-1933,1930-10-14,439,351,during,0.5628287313539326
Great Depression,1929-1933,1930-10-15,440,352,during,0.5577086378621401
Great Depression,1929-1933,1930-10-16,441,353,during,0.5129812471419005
Great Depression,1929-1933,1930-10-17,442,354,during,0.5349032400233937
Great Depression,1929-1933,1930-10-18,443,355,during,0.4300934085429312
Great Depression,1929-1933,1930-10-20,445,356,during,0.5688072184727109
Great Depression,1929-1933,1930-10-21,446,357,during,0.5368995965206945
Great Depression,1929-1933,1930-10-22,447,358,during,0.3796157407309302
Great Depression,1929-1933,1930-10-23,448,359,during,0.493327985929367
Great Depression,1929-1933,1930-10-24,449,360,during,0.3550022723028215
Great Depression,1929-1933,1930-10-25,450,361,during,0.3814724390626107
Great Depression,1929-1933,1930-10-27,452,362,during,0.4911774689746756
Great Depression,1929-1933,1930-10-28,453,363,during,0.3087057197144712
Great Depression,1929-1933,1930-10-29,454,364,during,0.4920173497768297
Great Depression,1929-1933,1930-10-30,455,365,during,0.4785836064940406
Great Depression,1929-1933,1930-10-31,456,366,during,0.3431032878519988
Great Depression,1929-1933,1930-11-01,457,367,during,0.4465788368298325
Great Depression,1929-1933,1930-11-03,459,368,during,0.471983440303697
Great Depression,1929-1933,1930-11-05,461,369,during,0.4690509671482239
Great Depression,1929-1933,1930-11-06,462,370,during,0.535825147448624
Great Depression,1929-1933,1930-11-07,463,371,during,0.3333324304705496
Great Depression,1929-1933,1930-11-08,464,372,during,0.5232802277168782
Great Depression,1929-1933,1930-11-10,466,373,during,0.5645927709250466
Great Depression,1929-1933,1930-11-11,467,374,during,0.4849514908357272
Great Depression,1929-1933,1930-11-12,468,375,during,0.4974614280769892
Great Depression,1929-1933,1930-11-13,469,376,during,0.5251992641052968
Great Depression,1929-1933,1930-11-14,470,377,during,0.4894616204648014
Great Depression,1929-1933,1930-11-15,471,378,during,0.5114337660427959
Great Depression,1929-1933,1930-11-17,473,379,during,0.516580130592784
Great Depression,1929-1933,1930-11-18,474,380,during,0.4959830235866969
Great Depression,1929-1933,1930-11-19,475,381,during,0.4993707895716699
Great Depression,1929-1933,1930-11-20,476,382,during,0.5227395129861263
Great Depression,1929-1933,1930-11-21,477,383,during,0.5036737603817121
Great Depression,1929-1933,1930-11-22,478,384,during,0.4007676083935951
Great Depression,1929-1933,1930-11-24,480,385,during,0.432517466202325
Great Depression,1929-1933,1930-11-25,481,386,during,0.5380803392497507
Great Depression,1929-1933,1930-11-26,482,387,during,0.4346457393472415
Great Depression,1929-1933,1930-11-28,484,388,during,0.3850198652536802
Great Depression,1929-1933,1930-11-29,485,389,during,0.3619830856528954
Great Depression,1929-1933,1930-12-01,487,390,during,0.3331088832281799
Great Depression,1929-1933,1930-12-02,488,391,during,0.3484637721195779
Great Depression,1929-1933,1930-12-03,489,392,during,0.3298358747674701
Great Depression,1929-1933,1930-12-04,490,393,during,0.2923653853346354
Great Depression,1929-1933,1930-12-05,491,394,during,0.2908265711673081
Great Depression,1929-1933,1930-12-06,492,395,during,0.2954103685375959
Great Depression,1929-1933,1930-12-08,494,396,during,0.2651068929514438
Great Depression,1929-1933,1930-12-09,495,397,during,0.2487646523056589
Great Depression,1929-1933,1930-12-10,496,398,during,0.3317037812781986
Great Depression,1929-1933,1930-12-11,497,399,during,0.5103884664929568
Great Depression,1929-1933,1930-12-12,498,400,during,0.3867333246485845
Great Depression,1929-1933,1930-12-13,499,401,during,0.392331008180169
Great Depression,1929-1933,1930-12-15,501,402,during,0.4106816697810361
Great Depression,1929-1933,1930-12-16,502,403,during,0.4036072784347094
Great Depression,1929-1933,1930-12-17,503,404,during,0.3666527222941608
Great Depression,1929-1933,1930-12-18,504,405,during,0.4812017452451129
Great Depression,1929-1933,1930-12-19,505,406,during,0.5393402243520607
Great Depression,1929-1933,1930-12-20,506,407,during,0.5454429806968056
Great Depression,1929-1933,1930-12-22,508,408,during,0.5507936665181155
Great Depression,1929-1933,1930-12-23,509,409,during,0.5532225451849361
Great Depression,1929-1933,1930-12-24,510,410,during,0.545312901135685
Great Depression,1929-1933,1930-12-26,512,411,during,0.5590677856413971
Great Depression,1929-1933,1930-12-27,513,412,during,0.5753347564281194
Great Depression,1929-1933,1930-12-29,515,413,during,0.5754734047499961
Great Depression,1929-1933,1930-12-30,516,414,during,0.7057524645396323
Great Depression,1929-1933,1930-12-31,517,415,during,0.5651179925239944
Great Depression,1929-1933,1931-01-02,519,416,during,0.5772544243902791
Great Depression,1929-1933,1931-01-03,520,417,during,0.5749856213163497
Great Depression,1929-1933,1931-01-05,522,418,during,0.5541931191980171
Great Depression,1929-1933,1931-01-06,523,419,during,0.4317457247928539
Great Depression,1929-1933,1931-01-07,524,420,during,0.4238138037797975
Great Depression,1929-1933,1931-01-08,525,421,during,0.4233486820972209
Great Depression,1929-1933,1931-01-09,526,422,during,0.5021941348283799
Great Depression,1929-1933,1931-01-10,527,423,during,0.3668646213964061
Great Depression,1929-1933,1931-01-12,529,424,during,0.4912976986091744
Great Depression,1929-1933,1931-01-13,530,425,during,0.3749511524593933
Great Depression,1929-1933,1931-01-14,531,426,during,0.4086120321263652
Great Depression,1929-1933,1931-01-15,532,427,during,0.3821605074787944
Great Depression,1929-1933,1931-01-16,533,428,during,0.4023670430663881
Great Depression,1929-1933,1931-01-17,534,429,during,0.577306030092535
Great Depression,1929-1933,1931-01-19,536,430,during,0.5817613635799003
Great Depression,1929-1933,1931-01-20,537,431,during,0.5829738378901382
Great Depression,1929-1933,1931-01-21,538,432,during,0.5779916258756134
Great Depression,1929-1933,1931-01-22,539,433,during,0.5493701336320065
Great Depression,1929-1933,1931-01-23,540,434,during,0.5539829797468718
Great Depression,1929-1933,1931-01-24,541,435,during,0.5404761340801638
Great Depression,1929-1933,1931-01-26,543,436,during,0.1828810221004861
Great Depression,1929-1933,1931-01-27,544,437,during,0.479811816651419
Great Depression,1929-1933,1931-01-28,545,438,during,0.5032578073576753
Great Depression,1929-1933,1931-01-29,546,439,during,0.5767486591047946
Great Depression,1929-1933,1931-01-30,547,440,during,0.7038617371758933
Great Depression,1929-1933,1931-01-31,548,441,during,0.5840523709811185
Great Depression,1929-1933,1931-02-02,550,442,during,0.7029211456774149
Great Depression,1929-1933,1931-02-03,551,443,during,0.7021821927114139
Great Depression,1929-1933,1931-02-04,552,444,during,0.7026884917831568
Great Depression,1929-1933,1931-02-05,553,445,during,0.7057846729117812
Great Depression,1929-1933,1931-02-06,554,446,during,0.7060062205267631
Great Depression,1929-1933,1931-02-07,555,447,during,0.5811287406541363
Great Depression,1929-1933,1931-02-09,557,448,during,0.5598666752506809
Great Depression,1929-1933,1931-02-10,558,449,during,0.5627191372913851
Great Depression,1929-1933,1931-02-11,559,450,during,0.534391096743935
Great Depression,1929-1933,1931-02-13,561,451,during,0.5284213419120496
Great Depression,1929-1933,1931-02-14,562,452,during,0.5296697353853783
Great Depression,1929-1933,1931-02-16,564,453,during,0.5149349071037844
Great Depression,1929-1933,1931-02-17,565,454,during,0.5179064394106373
Great Depression,1929-1933,1931-02-18,566,455,during,0.5260906192594259
Great Depression,1929-1933,1931-02-19,567,456,during,0.4064675249287942
Great Depression,1929-1933,1931-02-20,568,457,during,0.5153513407641499
Great Depression,1929-1933,1931-02-21,569,458,during,0.51687618666212
Great Depression,1929-1933,1931-02-24,572,459,during,0.3455700762219887
Great Depression,1929-1933,1931-02-25,573,460,during,0.3357662627161512
Great Depression,1929-1933,1931-02-26,574,461,during,0.4513574110832336
Great Depression,1929-1933,1931-02-27,575,462,during,0.475081714591964
Great Depression,1929-1933,1931-02-28,576,463,during,0.3921306564619718
Great Depression,1929-1933,1931-03-02,578,464,during,0.4382333736078484
Great Depression,1929-1933,1931-03-03,579,465,during,0.4729750507873184
Great Depression,1929-1933,1931-03-04,580,466,during,0.3717861534770023
Great Depression,1929-1933,1931-03-05,581,467,during,0.4698088674984221
Great Depression,1929-1933,1931-03-06,582,468,during,0.3027122950527399
Great Depression,1929-1933,1931-03-07,583,469,during,0.3234565473855499
Great Depression,1929-1933,1931-03-09,585,470,during,0.5550867954475216
Great Depression,1929-1933,1931-03-10,586,471,during,0.5819188381643525
Great Depression,1929-1933,1931-03-11,587,472,during,0.7017224974948956
Great Depression,1929-1933,1931-03-12,588,473,during,0.4551087003019029
Great Depression,1929-1933,1931-03-13,589,474,during,0.5663652579925564
Great Depression,1929-1933,1931-03-14,590,475,during,0.5633844762351122
Great Depression,1929-1933,1931-03-16,592,476,during,0.5740248728533416
Great Depression,1929-1933,1931-03-17,593,477,during,0.5651369917201475
Great Depression,1929-1933,1931-03-18,594,478,during,0.5115287788998406
Great Depression,1929-1933,1931-03-19,595,479,during,0.5330718583992542
Great Depression,1929-1933,1931-03-20,596,480,during,0.5132979947990016
Great Depression,1929-1933,1931-03-21,597,481,during,0.4484849481439881
Great Depression,1929-1933,1931-03-23,599,482,during,0.4873525078593689
Great Depression,1929-1933,1931-03-24,600,483,during,0.3003201030590053
Great Depression,1929-1933,1931-03-25,601,484,during,0.2547231997285151
Great Depression,1929-1933,1931-03-26,602,485,during,0.2789192083132052
Great Depression,1929-1933,1931-03-27,603,486,during,0.3467493804950617
Great Depression,1929-1933,1931-03-28,604,487,during,0.3471140438309663
Great Depression,1929-1933,1931-03-30,606,488,during,0.2971559812996177
Great Depression,1929-1933,1931-03-31,607,489,during,0.3290808434766094
Great Depression,1929-1933,1931-04-01,608,490,during,0.3725050488787653
Great Depression,1929-1933,1931-04-02,609,491,during,0.4795276910390045
Great Depression,1929-1933,1931-04-04,611,492,during,0.4670671005490717
Great Depression,1929-1933,1931-04-06,613,493,during,0.3468491595062667
Great Depression,1929-1933,1931-04-07,614,494,during,0.4586167126356423
Great Depression,1929-1933,1931-04-08,615,495,during,0.3399202630970893
Great Depression,1929-1933,1931-04-09,616,496,during,0.3020734423583922
Great Depression,1929-1933,1931-04-10,617,497,during,0.3062939929467177
Great Depression,1929-1933,1931-04-11,618,498,during,0.2872317522147503
Great Depression,1929-1933,1931-04-13,620,499,during,0.2693204368884661
Great Depression,1929-1933,1931-04-14,621,500,during,0.2887328926146975
Great Depression,1929-1933,1931-04-15,622,501,during,0.1832096447929633
Great Depression,1929-1933,1931-04-16,623,502,during,0.1659656526076694
Great Depression,1929-1933,1931-04-17,624,503,during,0.2937458060639318
Great Depression,1929-1933,1931-04-18,625,504,during,0.2844450823017695
Great Depression,1929-1933,1931-04-20,627,505,during,0.0598859195516587
Great Depression,1929-1933,1931-04-21,628,506,during,-0.0091323298528429
Great Depression,1929-1933,1931-04-22,629,507,during,0.1695390389621154
Great Depression,1929-1933,1931-04-23,630,508,during,0.2898356076902683
Great Depression,1929-1933,1931-04-24,631,509,during,0.1785532561486711
Great Depression,1929-1933,1931-04-25,632,510,during,0.2355063936081563
Great Depression,1929-1933,1931-04-27,634,511,during,0.2924017176874399
Great Depression,1929-1933,1931-04-28,635,512,during,-0.1074602974400816
Great Depression,1929-1933,1931-04-29,636,513,during,0.0468020918387386
Great Depression,1929-1933,1931-04-30,637,514,during,0.1632623533150676
Great Depression,1929-1933,1931-05-01,638,515,during,0.1696053374008809
Great Depression,1929-1933,1931-05-02,639,516,during,0.1702874787198384
Great Depression,1929-1933,1931-05-04,641,517,during,0.066685317187487
Great Depression,1929-1933,1931-05-05,642,518,during,0.2732429455529881
Great Depression,1929-1933,1931-05-06,643,519,during,0.444682721784187
Great Depression,1929-1933,1931-05-07,644,520,during,0.3673952467728524
Great Depression,1929-1933,1931-05-08,645,521,during,0.3111638309172654
Great Depression,1929-1933,1931-05-09,646,522,during,0.3303106251044929
Great Depression,1929-1933,1931-05-11,648,523,during,0.3047102729262342
Great Depression,1929-1933,1931-05-12,649,524,during,0.2599636880185325
Great Depression,1929-1933,1931-05-13,650,525,during,0.2596789542510002
Great Depression,1929-1933,1931-05-14,651,526,during,0.2529871294088798
Great Depression,1929-1933,1931-05-15,652,527,during,0.1293399778243052
Great Depression,1929-1933,1931-05-16,653,528,during,0.29039853688052
Great Depression,1929-1933,1931-05-18,655,529,during,0.2077088945346827
Great Depression,1929-1933,1931-05-19,656,530,during,-0.1417757531622772
Great Depression,1929-1933,1931-05-20,657,531,during,0.0803165364857947
Great Depression,1929-1933,1931-05-21,658,532,during,0.19509427429909
Great Depression,1929-1933,1931-05-22,659,533,during,0.2145238122479059
Great Depression,1929-1933,1931-05-23,660,534,during,0.2129829363327741
Great Depression,1929-1933,1931-05-25,662,535,during,0.1703310375766121
Great Depression,1929-1933,1931-05-26,663,536,during,0.1515852202059805
Great Depression,1929-1933,1931-05-27,664,537,during,0.2216773042291301
Great Depression,1929-1933,1931-05-28,665,538,during,0.093369455243423
Great Depression,1929-1933,1931-05-29,666,539,during,-0.0048924335593403
Great Depression,1929-1933,1931-06-01,669,540,during,0.3221140226109414
Great Depression,1929-1933,1931-06-02,670,541,during,0.1532199529769627
Great Depression,1929-1933,1931-06-03,671,542,during,0.4936315260472306
Great Depression,1929-1933,1931-06-04,672,543,during,0.3689676900986805
Great Depression,1929-1933,1931-06-05,673,544,during,0.38511723306869
Great Depression,1929-1933,1931-06-06,674,545,during,0.4375706159671386
Great Depression,1929-1933,1931-06-08,676,546,during,0.2652386483840837
Great Depression,1929-1933,1931-06-09,677,547,during,0.3832977697117541
Great Depression,1929-1933,1931-06-10,678,548,during,0.3031810691501923
Great Depression,1929-1933,1931-06-11,679,549,during,0.445559817618375
Great Depression,1929-1933,1931-06-12,680,550,during,0.4740991492697065
Great Depression,1929-1933,1931-06-13,681,551,during,0.3632483875463492
Great Depression,1929-1933,1931-06-15,683,552,during,0.4879204969244444
Great Depression,1929-1933,1931-06-16,684,553,during,0.478449757289015
Great Depression,1929-1933,1931-06-17,685,554,during,0.4846638931104058
Great Depression,1929-1933,1931-06-18,686,555,during,0.4661021009331877
Great Depression,1929-1933,1931-06-19,687,556,during,0.4317459829588219
Great Depression,1929-1933,1931-06-20,688,557,during,0.4944485185805313
Great Depression,1929-1933,1931-06-22,690,558,during,0.3805388876364436
Great Depression,1929-1933,1931-06-23,691,559,during,0.3825141807285773
Great Depression,1929-1933,1931-06-24,692,560,during,0.3405541423896424
Great Depression,1929-1933,1931-06-25,693,561,during,0.3428237940078635
Great Depression,1929-1933,1931-06-26,694,562,during,0.2314973321176763
Great Depression,1929-1933,1931-06-27,695,563,during,0.2188557450383877
Great Depression,1929-1933,1931-06-29,697,564,during,0.3787380736480409
Great Depression,1929-1933,1931-06-30,698,565,during,0.2976484717096627
Great Depression,1929-1933,1931-07-01,699,566,during,0.304555180311751
Great Depression,1929-1933,1931-07-02,700,567,during,0.3176023324609043
Great Depression,1929-1933,1931-07-03,701,568,during,0.3666222161392807
Great Depression,1929-1933,1931-07-06,704,569,during,0.3587125316097995
Great Depression,1929-1933,1931-07-07,705,570,during,0.4807722835757566
Great Depression,1929-1933,1931-07-08,706,571,during,0.3990443285939821
Great Depression,1929-1933,1931-07-09,707,572,during,0.3804056987276989
Great Depression,1929-1933,1931-07-10,708,573,during,0.2872671859013355
Great Depression,1929-1933,1931-07-11,709,574,during,0.4037732082732986
Great Depression,1929-1933,1931-07-13,711,575,during,0.5513593332196839
Great Depression,1929-1933,1931-07-14,712,576,during,0.5455710422077693
Great Depression,1929-1933,1931-07-15,713,577,during,0.4290691443092447
Great Depression,1929-1933,1931-07-16,714,578,during,0.5555350495101304
Great Depression,1929-1933,1931-07-17,715,579,during,0.516829470615169
Great Depression,1929-1933,1931-07-18,716,580,during,0.5414881945290834
Great Depression,1929-1933,1931-07-20,718,581,during,0.5501107110743833
Great Depression,1929-1933,1931-07-21,719,582,during,0.396118521253962
Great Depression,1929-1933,1931-07-22,720,583,during,0.4007691332166651
Great Depression,1929-1933,1931-07-23,721,584,during,0.3950228423822389
Great Depression,1929-1933,1931-07-24,722,585,during,0.4313666436254483
Great Depression,1929-1933,1931-07-25,723,586,during,0.3806875395917933
Great Depression,1929-1933,1931-07-27,725,587,during,0.1144301960897341
Great Depression,1929-1933,1931-07-28,726,588,during,-0.0334264059586747
Great Depression,1929-1933,1931-07-29,727,589,during,0.0665333653510118
Great Depression,1929-1933,1931-07-30,728,590,during,0.3962820379371405
Great Depression,1929-1933,1931-07-31,729,591,during,0.2942970357967314
Great Depression,1929-1933,1931-08-01,730,592,during,0.3988782029520528
Great Depression,1929-1933,1931-08-03,732,593,during,0.3825750101323045
Great Depression,1929-1933,1931-08-04,733,594,during,0.5274079772837414
Great Depression,1929-1933,1931-08-05,734,595,during,0.4355913674808971
Great Depression,1929-1933,1931-08-06,735,596,during,0.5970569388616322
Great Depression,1929-1933,1931-08-07,736,597,during,0.5991555780737643
Great Depression,1929-1933,1931-08-08,737,598,during,0.3842042711637032
Great Depression,1929-1933,1931-08-10,739,599,during,0.3342158115310518
Great Depression,1929-1933,1931-08-11,740,600,during,0.3962956952264453
Great Depression,1929-1933,1931-08-12,741,601,during,0.4234757783496768
Great Depression,1929-1933,1931-08-13,742,602,during,0.1241156380485652
Great Depression,1929-1933,1931-08-14,743,603,during,0.330802464125183
Great Depression,1929-1933,1931-08-15,744,604,during,0.4002581094485647
Great Depression,1929-1933,1931-08-17,746,605,during,0.3978727106719799
Great Depression,1929-1933,1931-08-18,747,606,during,0.4989557592086909
Great Depression,1929-1933,1931-08-19,748,607,during,0.4722119040644498
Great Depression,1929-1933,1931-08-20,749,608,during,0.542896695540826
Great Depression,1929-1933,1931-08-21,750,609,during,0.4736266479298432
Great Depression,1929-1933,1931-08-22,751,610,during,0.4457451201029236
Great Depression,1929-1933,1931-08-24,753,611,during,0.4318211582778525
Great Depression,1929-1933,1931-08-25,754,612,during,0.399777407224925
Great Depression,1929-1933,1931-08-26,755,613,during,0.406754132348334
Great Depression,1929-1933,1931-08-27,756,614,during,0.3728679341532978
Great Depression,1929-1933,1931-08-28,757,615,during,0.3954913028688989
Great Depression,1929-1933,1931-08-29,758,616,during,0.2674888053674001
Great Depression,1929-1933,1931-08-31,760,617,during,0.2727376915686764
Great Depression,1929-1933,1931-09-01,761,618,during,0.279215259343612
Great Depression,1929-1933,1931-09-02,762,619,during,0.2295436172271811
Great Depression,1929-1933,1931-09-03,763,620,during,0.2605403745789755
Great Depression,1929-1933,1931-09-04,764,621,during,0.239034599077446
Great Depression,1929-1933,1931-09-08,768,622,during,0.4835020391768044
Great Depression,1929-1933,1931-09-09,769,623,during,0.5070441688847573
Great Depression,1929-1933,1931-09-10,770,624,during,0.3208097305581014
Great Depression,1929-1933,1931-09-11,771,625,during,0.3298860769892688
Great Depression,1929-1933,1931-09-12,772,626,during,0.3513292636625901
Great Depression,1929-1933,1931-09-14,774,627,during,0.4551888346886475
Great Depression,1929-1933,1931-09-15,775,628,during,0.3331308422038255
Great Depression,1929-1933,1931-09-16,776,629,during,0.4882024668471109
Great Depression,1929-1933,1931-09-17,777,630,during,0.522919975194218
Great Depression,1929-1933,1931-09-18,778,631,during,0.4166840885685733
Great Depression,1929-1933,1931-09-19,779,632,during,0.4151199901000835
Great Depression,1929-1933,1931-09-21,781,633,during,0.0672408747698491
Great Depression,1929-1933,1931-09-22,782,634,during,0.105985195063689
Great Depression,1929-1933,1931-09-23,783,635,during,0.3102502806694108
Great Depression,1929-1933,1931-09-24,784,636,during,0.3485976035290619
Great Depression,1929-1933,1931-09-25,785,637,during,0.1639030916296464
Great Depression,1929-1933,1931-09-26,786,638,during,-0.036676464036573
Great Depression,1929-1933,1931-09-28,788,639,during,0.3426053559964784
Great Depression,1929-1933,1931-09-29,789,640,during,0.5549342242034212
Great Depression,1929-1933,1931-09-30,790,641,during,0.5474985441268186
Great Depression,1929-1933,1931-10-01,791,642,during,0.3887360144297113
Great Depression,1929-1933,1931-10-02,792,643,during,0.3373789868493094
Great Depression,1929-1933,1931-10-03,793,644,during,0.300246047371081
Great Depression,1929-1933,1931-10-05,795,645,during,0.2263054056069688
Great Depression,1929-1933,1931-10-06,796,646,during,0.2995354168357224
Great Depression,1929-1933,1931-10-07,797,647,during,0.582672882631669
Great Depression,1929-1933,1931-10-08,798,648,during,0.5978426832908649
Great Depression,1929-1933,1931-10-09,799,649,during,0.5663566050516822
Great Depression,1929-1933,1931-10-10,800,650,during,0.5718793028608211
Great Depression,1929-1933,1931-10-13,803,651,during,0.5860340891163387
Great Depression,1929-1933,1931-10-14,804,652,during,0.6048208240568702
Great Depression,1929-1933,1931-10-15,805,653,during,0.6072538037231533
Great Depression,1929-1933,1931-10-16,806,654,during,0.6066423169211909
Great Depression,1929-1933,1931-10-17,807,655,during,0.6038373962619921
Great Depression,1929-1933,1931-10-19,809,656,during,0.7314430670395546
Great Depression,1929-1933,1931-10-20,810,657,during,0.610872593026635
Great Depression,1929-1933,1931-10-21,811,658,during,0.600656856613615
Great Depression,1929-1933,1931-10-22,812,659,during,0.5944562852563134
Great Depression,1929-1933,1931-10-23,813,660,during,0.604035536932415
Great Depression,1929-1933,1931-10-24,814,661,during,0.7325795133690699
Great Depression,1929-1933,1931-10-26,816,662,during,0.7341078332545891
Great Depression,1929-1933,1931-10-27,817,663,during,0.7342122031514787
Great Depression,1929-1933,1931-10-28,818,664,during,0.7337671574383411
Great Depression,1929-1933,1931-10-29,819,665,during,0.6129890102718507
Great Depression,1929-1933,1931-10-30,820,666,during,0.6134995531983476
Great Depression,1929-1933,1931-10-31,821,667,during,0.6130005352707135
Great Depression,1929-1933,1931-11-02,823,668,during,0.6157361677468647
Great Depression,1929-1933,1931-11-04,825,669,during,0.6136737367490022
Great Depression,1929-1933,1931-11-05,826,670,during,0.6135346712372023
Great Depression,1929-1933,1931-11-06,827,671,during,0.6157117748841444
Great Depression,1929-1933,1931-11-07,828,672,during,0.7390201574126957
Great Depression,1929-1933,1931-11-09,830,673,during,0.7376516151655789
Great Depression,1929-1933,1931-11-10,831,674,during,0.7378134177031516
Great Depression,1929-1933,1931-11-11,832,675,during,0.6142382360167871
Great Depression,1929-1933,1931-11-12,833,676,during,0.7365801821829935
Great Depression,1929-1933,1931-11-13,834,677,during,0.616294520812913
Great Depression,1929-1933,1931-11-14,835,678,during,0.7357861978774803
Great Depression,1929-1933,1931-11-16,837,679,during,0.6016545312513091
Great Depression,1929-1933,1931-11-17,838,680,during,0.5979259768559071
Great Depression,1929-1933,1931-11-18,839,681,during,0.4928903952931401
Great Depression,1929-1933,1931-11-19,840,682,during,0.6068374522675891
Great Depression,1929-1933,1931-11-20,841,683,during,0.6132974464772285
Great Depression,1929-1933,1931-11-21,842,684,during,0.6118711074454035
Great Depression,1929-1933,1931-11-23,844,685,during,0.6152861061471311
Great Depression,1929-1933,1931-11-24,845,686,during,0.7340523389257376
Great Depression,1929-1933,1931-11-25,846,687,during,0.615219556647354
Great Depression,1929-1933,1931-11-27,848,688,during,0.7347546690922568
Great Depression,1929-1933,1931-11-28,849,689,during,0.7352963155205835
Great Depression,1929-1933,1931-11-30,851,690,during,0.7355788595485336
Great Depression,1929-1933,1931-12-01,852,691,during,0.7347079865475509
Great Depression,1929-1933,1931-12-02,853,692,during,0.7350668532793175
Great Depression,1929-1933,1931-12-03,854,693,during,0.7380331434223166
Great Depression,1929-1933,1931-12-04,855,694,during,0.738248743725453
Great Depression,1929-1933,1931-12-05,856,695,during,0.7363603882685178
Great Depression,1929-1933,1931-12-07,858,696,during,0.7318599082189341
Great Depression,1929-1933,1931-12-08,859,697,during,0.7336496013090583
Great Depression,1929-1933,1931-12-09,860,698,during,0.7337992460579322
Great Depression,1929-1933,1931-12-10,861,699,during,0.5914367753171312
Great Depression,1929-1933,1931-12-11,862,700,during,0.6044587903361212
Great Depression,1929-1933,1931-12-12,863,701,during,0.7346215053159101
Great Depression,1929-1933,1931-12-14,865,702,during,0.6101800949911047
Great Depression,1929-1933,1931-12-15,866,703,during,0.6155885458540675
Great Depression,1929-1933,1931-12-16,867,704,during,0.7351434322448661
Great Depression,1929-1933,1931-12-17,868,705,during,0.5825332107299342
Great Depression,1929-1933,1931-12-18,869,706,during,0.5186528974527229
Great Depression,1929-1933,1931-12-19,870,707,during,0.598277862973182
Great Depression,1929-1933,1931-12-21,872,708,during,0.721606889615703
Great Depression,1929-1933,1931-12-22,873,709,during,0.5700047566268905
Great Depression,1929-1933,1931-12-23,874,710,during,0.5793052291255041
Great Depression,1929-1933,1931-12-24,875,711,during,0.5903125931493169
Great Depression,1929-1933,1931-12-28,879,712,during,0.7207025221092411
Great Depression,1929-1933,1931-12-29,880,713,during,0.7222169655875389
Great Depression,1929-1933,1931-12-30,881,714,during,0.7208164944881317
Great Depression,1929-1933,1931-12-31,882,715,during,0.7182680498424328
Great Depression,1929-1933,1932-01-02,884,716,during,0.7172267233322097
Great Depression,1929-1933,1932-01-04,886,717,during,0.7173118827911085
Great Depression,1929-1933,1932-01-05,887,718,during,0.7187194567046756
Great Depression,1929-1933,1932-01-06,888,719,during,0.5902979108865613
Great Depression,1929-1933,1932-01-07,889,720,during,0.7183873583203024
Great Depression,1929-1933,1932-01-08,890,721,during,0.5829493167187835
Great Depression,1929-1933,1932-01-09,891,722,during,0.5842175595705992
Great Depression,1929-1933,1932-01-11,893,723,during,0.5974179761022709
Great Depression,1929-1933,1932-01-12,894,724,during,0.595219922864813
Great Depression,1929-1933,1932-01-13,895,725,during,0.7167436281834455
Great Depression,1929-1933,1932-01-14,896,726,during,0.7160764418858492
Great Depression,1929-1933,1932-01-15,897,727,during,0.7158751653209668
Great Depression,1929-1933,1932-01-16,898,728,during,0.7164123909234672
Great Depression,1929-1933,1932-01-18,900,729,during,0.7153498822030521
Great Depression,1929-1933,1932-01-19,901,730,during,0.5852308839822968
Great Depression,1929-1933,1932-01-20,902,731,during,0.5842283176596623
Great Depression,1929-1933,1932-01-21,903,732,during,0.5867773138704467
Great Depression,1929-1933,1932-01-22,904,733,during,0.5669156525705837
Great Depression,1929-1933,1932-01-23,905,734,during,0.5690900855857695
Great Depression,1929-1933,1932-01-25,907,735,during,0.5657036919453138
Great Depression,1929-1933,1932-01-26,908,736,during,0.5563341317938598
Great Depression,1929-1933,1932-01-27,909,737,during,0.543908780574486
Great Depression,1929-1933,1932-01-28,910,738,during,0.5532457669876143
Great Depression,1929-1933,1932-01-29,911,739,during,0.5543389845221047
Great Depression,1929-1933,1932-01-30,912,740,during,0.5533929773890176
Great Depression,1929-1933,1932-02-01,914,741,during,0.4482916575646333
Great Depression,1929-1933,1932-02-02,915,742,during,0.424387888200212
Great Depression,1929-1933,1932-02-03,916,743,during,0.462875071860877
Great Depression,1929-1933,1932-02-04,917,744,during,0.4618681080775771
Great Depression,1929-1933,1932-02-05,918,745,during,0.5445978817080445
Great Depression,1929-1933,1932-02-06,919,746,during,0.5259120310906308
Great Depression,1929-1933,1932-02-08,921,747,during,0.4761025611652169
Great Depression,1929-1933,1932-02-09,922,748,during,0.502648077952778
Great Depression,1929-1933,1932-02-10,923,749,during,0.5075472182134391
Great Depression,1929-1933,1932-02-11,924,750,during,0.3908450167354628
Great Depression,1929-1933,1932-02-13,926,751,during,0.4477310594649876
Great Depression,1929-1933,1932-02-15,928,752,during,0.5936241061492473
Great Depression,1929-1933,1932-02-16,929,753,during,0.57460602511679
Great Depression,1929-1933,1932-02-17,930,754,during,0.5948313230656688
Great Depression,1929-1933,1932-02-18,931,755,during,0.5964261923001556
Great Depression,1929-1933,1932-02-19,932,756,during,0.5946098534155688
Great Depression,1929-1933,1932-02-20,933,757,during,0.60020725414874
Great Depression,1929-1933,1932-02-23,936,758,during,0.6053631221539063
Great Depression,1929-1933,1932-02-24,937,759,during,0.7287651671586065
Great Depression,1929-1933,1932-02-25,938,760,during,0.6000728382381433
Great Depression,1929-1933,1932-02-26,939,761,during,0.5783421363979496
Great Depression,1929-1933,1932-02-27,940,762,during,0.5752883436358532
Great Depression,1929-1933,1932-02-29,942,763,during,0.5844725805691194
Great Depression,1929-1933,1932-03-01,943,764,during,0.5885293692049104
Great Depression,1929-1933,1932-03-02,944,765,during,0.59692395367638
Great Depression,1929-1933,1932-03-03,945,766,during,0.5547415342808816
Great Depression,1929-1933,1932-03-04,946,767,during,0.564795560479883
Great Depression,1929-1933,1932-03-05,947,768,during,0.5865906317755626
Great Depression,1929-1933,1932-03-07,949,769,during,0.5709863824589954
Great Depression,1929-1933,1932-03-08,950,770,during,0.567844117480179
Great Depression,1929-1933,1932-03-09,951,771,during,0.5849921448684461
Great Depression,1929-1933,1932-03-10,952,772,during,0.5735888706927611
Great Depression,1929-1933,1932-03-11,953,773,during,0.5446092529191011
Great Depression,1929-1933,1932-03-12,954,774,during,0.5727981685320109
Great Depression,1929-1933,1932-03-14,956,775,during,0.589016291032942
Great Depression,1929-1933,1932-03-15,957,776,during,0.5864515783484695
Great Depression,1929-1933,1932-03-16,958,777,during,0.6095059077198879
Great Depression,1929-1933,1932-03-17,959,778,during,0.7314175483276438
Great Depression,1929-1933,1932-03-18,960,779,during,0.7300269173851579
Great Depression,1929-1933,1932-03-19,961,780,during,0.7339651452279797
Great Depression,1929-1933,1932-03-21,963,781,during,0.7349564145406461
Great Depression,1929-1933,1932-03-22,964,782,during,0.734770482793847
Great Depression,1929-1933,1932-03-23,965,783,during,0.735330817421681
Great Depression,1929-1933,1932-03-24,966,784,during,0.6176663133449752
Great Depression,1929-1933,1932-03-26,968,785,during,0.5751969284169371
Great Depression,1929-1933,1932-03-28,970,786,during,0.5714270562183763
Great Depression,1929-1933,1932-03-29,971,787,during,0.5834129488607227
Great Depression,1929-1933,1932-03-30,972,788,during,0.59816908172024
Great Depression,1929-1933,1932-03-31,973,789,during,0.540296686030285
Great Depression,1929-1933,1932-04-01,974,790,during,0.5342503661436122
Great Depression,1929-1933,1932-04-02,975,791,during,0.5051949296408276
Great Depression,1929-1933,1932-04-04,977,792,during,0.6040578688688896
Great Depression,1929-1933,1932-04-05,978,793,during,0.608570923929436
Great Depression,1929-1933,1932-04-06,979,794,during,0.5934369328489351
Great Depression,1929-1933,1932-04-07,980,795,during,0.5976894297748845
Great Depression,1929-1933,1932-04-08,981,796,during,0.4513632213807046
Great Depression,1929-1933,1932-04-09,982,797,during,0.5364917638886741
Great Depression,1929-1933,1932-04-11,984,798,during,0.5817179369623746
Great Depression,1929-1933,1932-04-12,985,799,during,0.5992870115122245
Great Depression,1929-1933,1932-04-13,986,800,during,0.5970658970778633
Great Depression,1929-1933,1932-04-14,987,801,during,0.5623159905771355
Great Depression,1929-1933,1932-04-15,988,802,during,0.5005640639234904
Great Depression,1929-1933,1932-04-16,989,803,during,0.4898774135661449
Great Depression,1929-1933,1932-04-18,991,804,during,0.5655854037130768
Great Depression,1929-1933,1932-04-19,992,805,during,0.5661316467201716
Great Depression,1929-1933,1932-04-20,993,806,during,0.5647906215133849
Great Depression,1929-1933,1932-04-21,994,807,during,0.533619082970062
Great Depression,1929-1933,1932-04-22,995,808,during,0.5483695865973803
Great Depression,1929-1933,1932-04-23,996,809,during,0.5670040071715269
Great Depression,1929-1933,1932-04-25,998,810,during,0.4549847658486493
Great Depression,1929-1933,1932-04-26,999,811,during,0.4173781536230685
Great Depression,1929-1933,1932-04-27,1000,812,during,0.4091321292464787
Great Depression,1929-1933,1932-04-28,1001,813,during,0.5654848596934653
Great Depression,1929-1933,1932-04-29,1002,814,during,0.5746253422364334
Great Depression,1929-1933,1932-04-30,1003,815,during,0.5597519116452894
Great Depression,1929-1933,1932-05-02,1005,816,during,0.5524594502467955
Great Depression,1929-1933,1932-05-03,1006,817,during,0.5443063956573024
Great Depression,1929-1933,1932-05-04,1007,818,during,0.2042565220259738
Great Depression,1929-1933,1932-05-05,1008,819,during,0.494766509597096
Great Depression,1929-1933,1932-05-06,1009,820,during,0.4370198105605082
Great Depression,1929-1933,1932-05-07,1010,821,during,0.4438299738303442
Great Depression,1929-1933,1932-05-09,1012,822,during,0.4553031407490804
Great Depression,1929-1933,1932-05-10,1013,823,during,0.4451253682191918
Great Depression,1929-1933,1932-05-11,1014,824,during,0.4248276355092241
Great Depression,1929-1933,1932-05-12,1015,825,during,0.5278290437785573
Great Depression,1929-1933,1932-05-13,1016,826,during,0.5579339065096527
Great Depression,1929-1933,1932-05-14,1017,827,during,0.5436107929910323
Great Depression,1929-1933,1932-05-16,1019,828,during,0.5448822098093149
Great Depression,1929-1933,1932-05-17,1020,829,during,0.5164660687295837
Great Depression,1929-1933,1932-05-18,1021,830,during,0.3745047732744549
Great Depression,1929-1933,1932-05-19,1022,831,during,0.4548269195106263
Great Depression,1929-1933,1932-05-20,1023,832,during,0.3648424977000055
Great Depression,1929-1933,1932-05-21,1024,833,during,0.3732702547220143
Great Depression,1929-1933,1932-05-23,1026,834,during,0.1554886922587077
Great Depression,1929-1933,1932-05-24,1027,835,during,0.385278187079322
Great Depression,1929-1933,1932-05-25,1028,836,during,0.2446426100856596
Great Depression,1929-1933,1932-05-26,1029,837,during,0.255451820194739
Great Depression,1929-1933,1932-05-27,1030,838,during,-0.0600752824668848
Great Depression,1929-1933,1932-05-28,1031,839,during,0.0445792952447688
Great Depression,1929-1933,1932-05-31,1034,840,during,0.3599963170087801
Great Depression,1929-1933,1932-06-01,1035,841,during,0.095199659693404
Great Depression,1929-1933,1932-06-02,1036,842,during,0.2254612744769269
Great Depression,1929-1933,1932-06-03,1037,843,during,0.4847574368824157
Great Depression,1929-1933,1932-06-04,1038,844,during,0.557308489700328
Great Depression,1929-1933,1932-06-06,1040,845,during,0.3565528541429089
Great Depression,1929-1933,1932-06-07,1041,846,during,0.2934916456225156
Great Depression,1929-1933,1932-06-08,1042,847,during,0.4331867288981543
Great Depression,1929-1933,1932-06-09,1043,848,during,0.243002006855037
Great Depression,1929-1933,1932-06-10,1044,849,during,0.3125128149479266
Great Depression,1929-1933,1932-06-11,1045,850,during,0.3272765763955846
Great Depression,1929-1933,1932-06-13,1047,851,during,0.3221539328488811
Great Depression,1929-1933,1932-06-14,1048,852,during,0.2664391086520646
Great Depression,1929-1933,1932-06-15,1049,853,during,0.5302334661609533
Great Depression,1929-1933,1932-06-16,1050,854,during,0.5561578827960227
Great Depression,1929-1933,1932-06-17,1051,855,during,0.5771784428997749
Great Depression,1929-1933,1932-06-18,1052,856,during,0.5716638236376251
Great Depression,1929-1933,1932-06-20,1054,857,during,0.5774737042939329
Great Depression,1929-1933,1932-06-21,1055,858,during,0.5855015626044578
Great Depression,1929-1933,1932-06-22,1056,859,during,0.5235485055223524
Great Depression,1929-1933,1932-06-23,1057,860,during,0.401431346391538
Great Depression,1929-1933,1932-06-24,1058,861,during,0.5098508642968647
Great Depression,1929-1933,1932-06-25,1059,862,during,0.3630733844406214
Great Depression,1929-1933,1932-06-27,1061,863,during,0.3721524677777801
Great Depression,1929-1933,1932-06-28,1062,864,during,0.4293900330809632
Great Depression,1929-1933,1932-06-29,1063,865,during,0.5120700654021773
Great Depression,1929-1933,1932-06-30,1064,866,during,0.535517967940974
Great Depression,1929-1933,1932-07-01,1065,867,during,0.5445506118321897
Great Depression,1929-1933,1932-07-05,1069,868,during,0.499203139713248
Great Depression,1929-1933,1932-07-06,1070,869,during,0.3604296512670091
Great Depression,1929-1933,1932-07-07,1071,870,during,0.4632248850290629
Great Depression,1929-1933,1932-07-08,1072,871,during,0.510064510341454
Great Depression,1929-1933,1932-07-09,1073,872,during,0.5248629163535816
Great Depression,1929-1933,1932-07-11,1075,873,during,0.4863660965040802
Great Depression,1929-1933,1932-07-12,1076,874,during,0.3559485116378935
Great Depression,1929-1933,1932-07-13,1077,875,during,0.3625748943546986
Great Depression,1929-1933,1932-07-14,1078,876,during,0.4041818981181649
Great Depression,1929-1933,1932-07-15,1079,877,during,0.3833033340087676
Great Depression,1929-1933,1932-07-16,1080,878,during,0.3410269277251744
Great Depression,1929-1933,1932-07-18,1082,879,during,0.3142791089468456
Great Depression,1929-1933,1932-07-19,1083,880,during,0.3532256808510993
Great Depression,1929-1933,1932-07-20,1084,881,during,0.4918322720893354
Great Depression,1929-1933,1932-07-21,1085,882,during,0.5820504765821255
Great Depression,1929-1933,1932-07-22,1086,883,during,0.5920769951010818
Great Depression,1929-1933,1932-07-23,1087,884,during,0.7161767079988612
Great Depression,1929-1933,1932-07-25,1089,885,during,0.57642141547631
Great Depression,1929-1933,1932-07-26,1090,886,during,0.5607128696699188
Great Depression,1929-1933,1932-07-27,1091,887,during,0.5465834929262108
Great Depression,1929-1933,1932-07-28,1092,888,during,0.5536078062489722
Great Depression,1929-1933,1932-07-29,1093,889,during,0.561398382526876
Great Depression,1929-1933,1932-07-30,1094,890,during,0.561083834654787
Great Depression,1929-1933,1932-08-01,1096,891,during,0.5548702954376287
Great Depression,1929-1933,1932-08-02,1097,892,during,0.4483875919394036
Great Depression,1929-1933,1932-08-03,1098,893,during,0.539836121789759
Great Depression,1929-1933,1932-08-04,1099,894,during,0.337022993260391
Great Depression,1929-1933,1932-08-05,1100,895,during,0.3839975415824971
Great Depression,1929-1933,1932-08-06,1101,896,during,0.2387120867161823
Great Depression,1929-1933,1932-08-08,1103,897,during,0.3347894263812324
Great Depression,1929-1933,1932-08-09,1104,898,during,0.3471992016463087
Great Depression,1929-1933,1932-08-10,1105,899,during,0.5201901244370524
Great Depression,1929-1933,1932-08-11,1106,900,during,0.378108580592757
Great Depression,1929-1933,1932-08-12,1107,901,during,0.1939162670411535
Great Depression,1929-1933,1932-08-13,1108,902,during,0.2404081709405238
Great Depression,1929-1933,1932-08-15,1110,903,during,0.4711588006900777
Great Depression,1929-1933,1932-08-16,1111,904,during,0.3750966799066855
Great Depression,1929-1933,1932-08-17,1112,905,during,0.4310357253408426
Great Depression,1929-1933,1932-08-18,1113,906,during,0.4981303882481114
Great Depression,1929-1933,1932-08-19,1114,907,during,0.4615290834913177
Great Depression,1929-1933,1932-08-20,1115,908,during,0.3830711955618367
Great Depression,1929-1933,1932-08-22,1117,909,during,0.3964614374247525
Great Depression,1929-1933,1932-08-23,1118,910,during,0.4313489072258644
Great Depression,1929-1933,1932-08-24,1119,911,during,0.483838491823213
Great Depression,1929-1933,1932-08-25,1120,912,during,0.5075627587111667
Great Depression,1929-1933,1932-08-26,1121,913,during,0.4940452911977548
Great Depression,1929-1933,1932-08-27,1122,914,during,0.4344128447589523
Great Depression,1929-1933,1932-08-29,1124,915,during,0.5031177514888633
Great Depression,1929-1933,1932-08-30,1125,916,during,0.1651204283900864
Great Depression,1929-1933,1932-08-31,1126,917,during,0.1048528607461254
Great Depression,1929-1933,1932-09-01,1127,918,during,-0.0110744403840907
Great Depression,1929-1933,1932-09-02,1128,919,during,-0.0794700248734831
Great Depression,1929-1933,1932-09-03,1129,920,during,-0.0876785552831519
Great Depression,1929-1933,1932-09-06,1132,921,during,-0.1561966622323898
Great Depression,1929-1933,1932-09-07,1133,922,during,0.2305022270388441
Great Depression,1929-1933,1932-09-08,1134,923,during,0.2941694502086468
Great Depression,1929-1933,1932-09-09,1135,924,during,0.1597747936875989
Great Depression,1929-1933,1932-09-10,1136,925,during,0.2182345630490031
Great Depression,1929-1933,1932-09-12,1138,926,during,0.0728001334825902
Great Depression,1929-1933,1932-09-13,1139,927,during,0.0298431939018545
Great Depression,1929-1933,1932-09-14,1140,928,during,0.2175656227894856
Great Depression,1929-1933,1932-09-15,1141,929,during,0.2929216673583086
Great Depression,1929-1933,1932-09-16,1142,930,during,0.1449899165341811
Great Depression,1929-1933,1932-09-17,1143,931,during,0.0552805650936377
Great Depression,1929-1933,1932-09-19,1145,932,during,0.0013035510454047
Great Depression,1929-1933,1932-09-20,1146,933,during,0.0268812093218899
Great Depression,1929-1933,1932-09-21,1147,934,during,0.1949760716890129
Great Depression,1929-1933,1932-09-22,1148,935,during,0.1976466295731763
Great Depression,1929-1933,1932-09-23,1149,936,during,0.2731696283259022
Great Depression,1929-1933,1932-09-24,1150,937,during,0.2287870785311689
Great Depression,1929-1933,1932-09-26,1152,938,during,0.2624764860439768
Great Depression,1929-1933,1932-09-27,1153,939,during,0.2078985526040579
Great Depression,1929-1933,1932-09-28,1154,940,during,0.2034658178918258
Great Depression,1929-1933,1932-09-29,1155,941,during,0.1873776212670652
Great Depression,1929-1933,1932-09-30,1156,942,during,0.2250822220788694
Great Depression,1929-1933,1932-10-01,1157,943,during,0.1590141458514271
Great Depression,1929-1933,1932-10-03,1159,944,during,0.2058942269936974
Great Depression,1929-1933,1932-10-04,1160,945,during,0.228680485816799
Great Depression,1929-1933,1932-10-05,1161,946,during,0.2525673366719682
Great Depression,1929-1933,1932-10-06,1162,947,during,0.3071692011439569
Great Depression,1929-1933,1932-10-07,1163,948,during,0.2683594835843038
Great Depression,1929-1933,1932-10-08,1164,949,during,0.4628708890548
Great Depression,1929-1933,1932-10-10,1166,950,during,0.4600652168140059
Great Depression,1929-1933,1932-10-11,1167,951,during,0.5302085191037014
Great Depression,1929-1933,1932-10-13,1169,952,during,0.5156351747011003
Great Depression,1929-1933,1932-10-14,1170,953,during,0.5057275069952621
Great Depression,1929-1933,1932-10-15,1171,954,during,0.5033265700788124
Great Depression,1929-1933,1932-10-17,1173,955,during,0.5262957408912367
Great Depression,1929-1933,1932-10-18,1174,956,during,0.3858280446229257
Great Depression,1929-1933,1932-10-19,1175,957,during,0.3668115467128525
Great Depression,1929-1933,1932-10-20,1176,958,during,0.564811330343955
Great Depression,1929-1933,1932-10-21,1177,959,during,0.264083445252708
Great Depression,1929-1933,1932-10-22,1178,960,during,0.4212311938353886
Great Depression,1929-1933,1932-10-24,1180,961,during,0.5241075654941169
Great Depression,1929-1933,1932-10-25,1181,962,during,0.5405290125775505
Great Depression,1929-1933,1932-10-26,1182,963,during,0.5611260510965927
Great Depression,1929-1933,1932-10-27,1183,964,during,0.560177928957107
Great Depression,1929-1933,1932-10-28,1184,965,during,0.5437870061915049
Great Depression,1929-1933,1932-10-29,1185,966,during,0.4386554965608393
Great Depression,1929-1933,1932-10-31,1187,967,during,0.5595943566989615
Great Depression,1929-1933,1932-11-01,1188,968,during,0.4473622050485953
Great Depression,1929-1933,1932-11-02,1189,969,during,0.5525386424401928
Great Depression,1929-1933,1932-11-03,1190,970,during,0.5216597598582655
Great Depression,1929-1933,1932-11-04,1191,971,during,0.5237842791807384
Great Depression,1929-1933,1932-11-05,1192,972,during,0.5358609569454236
Great Depression,1929-1933,1932-11-07,1194,973,during,0.5491688728411603
Great Depression,1929-1933,1932-11-09,1196,974,during,0.5816412812323459
Great Depression,1929-1933,1932-11-10,1197,975,during,0.6115164372607269
Great Depression,1929-1933,1932-11-11,1198,976,during,0.5945429753518561
Great Depression,1929-1933,1932-11-12,1199,977,during,0.5913081326236722
Great Depression,1929-1933,1932-11-14,1201,978,during,0.5965330572256662
Great Depression,1929-1933,1932-11-15,1202,979,during,0.5956783011538413
Great Depression,1929-1933,1932-11-16,1203,980,during,0.5996496165821175
Great Depression,1929-1933,1932-11-17,1204,981,during,0.6012069421966765
Great Depression,1929-1933,1932-11-18,1205,982,during,0.5485828209365091
Great Depression,1929-1933,1932-11-19,1206,983,during,0.5607044695908503
Great Depression,1929-1933,1932-11-21,1208,984,during,0.536888297068758
Great Depression,1929-1933,1932-11-22,1209,985,during,0.5874462147588992
Great Depression,1929-1933,1932-11-23,1210,986,during,0.6016709624459295
Great Depression,1929-1933,1932-11-25,1212,987,during,0.4110637395869748
Great Depression,1929-1933,1932-11-26,1213,988,during,0.4651090199006895
Great Depression,1929-1933,1932-11-28,1215,989,during,0.6272031228504329
Great Depression,1929-1933,1932-11-29,1216,990,during,0.6096564967790414
Great Depression,1929-1933,1932-11-30,1217,991,during,0.5958135555263124
Great Depression,1929-1933,1932-12-01,1218,992,during,0.5827520550409442
Great Depression,1929-1933,1932-12-02,1219,993,during,0.5702728419837394
Great Depression,1929-1933,1932-12-03,1220,994,during,0.5360558587808855
Great Depression,1929-1933,1932-12-05,1222,995,during,0.6034650472607059
Great Depression,1929-1933,1932-12-06,1223,996,during,0.6039829910147242
Great Depression,1929-1933,1932-12-07,1224,997,during,0.6172963692668623
Great Depression,1929-1933,1932-12-08,1225,998,during,0.6268553947751914
Great Depression,1929-1933,1932-12-09,1226,999,during,0.6254956637796438
Great Depression,1929-1933,1932-12-10,1227,1000,during,0.6305333309744899
Great Depression,1929-1933,1932-12-12,1229,1001,during,0.7517607443772301
Great Depression,1929-1933,1932-12-13,1230,1002,during,0.6309892950236067
Great Depression,1929-1933,1932-12-14,1231,1003,during,0.6266260644022396
Great Depression,1929-1933,1932-12-15,1232,1004,during,0.6167517704365996
Great Depression,1929-1933,1932-12-16,1233,1005,during,0.6219825281014616
Great Depression,1929-1933,1932-12-17,1234,1006,during,0.6261346194602515
Great Depression,1929-1933,1932-12-19,1236,1007,during,0.7458292140965022
Great Depression,1929-1933,1932-12-20,1237,1008,during,0.7453515264103923
Great Depression,1929-1933,1932-12-21,1238,1009,during,0.6212496939293043
Great Depression,1929-1933,1932-12-22,1239,1010,during,0.6065139124004932
Great Depression,1929-1933,1932-12-23,1240,1011,during,0.6208540904677728
Great Depression,1929-1933,1932-12-24,1241,1012,during,0.7450896892496018
Great Depression,1929-1933,1932-12-27,1244,1013,during,0.7420134504315996
Great Depression,1929-1933,1932-12-28,1245,1014,during,0.6216922842654716
Great Depression,1929-1933,1932-12-29,1246,1015,during,0.6163730572687754
Great Depression,1929-1933,1932-12-30,1247,1016,during,0.6166366321532782
Great Depression,1929-1933,1932-12-31,1248,1017,during,0.6157401894831105
Great Depression,1929-1933,1933-01-03,1251,1018,during,0.614820141563747
Great Depression,1929-1933,1933-01-04,1252,1019,during,0.7366266464678924
Great Depression,1929-1933,1933-01-05,1253,1020,during,0.6095474306230235
Great Depression,1929-1933,1933-01-06,1254,1021,during,0.5866816640381357
Great Depression,1929-1933,1933-01-09,1257,1022,during,0.5865661790338914
Great Depression,1929-1933,1933-01-10,1258,1023,during,0.7347404358565436
Great Depression,1929-1933,1933-01-11,1259,1024,during,0.7360982836975678
Great Depression,1929-1933,1933-01-12,1260,1025,during,0.7383607932990082
Great Depression,1929-1933,1933-01-13,1261,1026,during,0.7373468429507058
Great Depression,1929-1933,1933-01-14,1262,1027,during,0.616868070011696
Great Depression,1929-1933,1933-01-16,1264,1028,during,0.5848820052555505
Great Depression,1929-1933,1933-01-17,1265,1029,during,0.576778160780406
Great Depression,1929-1933,1933-01-18,1266,1030,during,0.5761806143259509
Great Depression,1929-1933,1933-01-19,1267,1031,during,0.548521044675771
Great Depression,1929-1933,1933-01-20,1268,1032,during,0.552530663822034
Great Depression,1929-1933,1933-01-21,1269,1033,during,0.4866571199203267
Great Depression,1929-1933,1933-01-23,1271,1034,during,0.5652085220147859
Great Depression,1929-1933,1933-01-24,1272,1035,during,0.5696185180786185
Great Depression,1929-1933,1933-01-25,1273,1036,during,0.556049256957091
Great Depression,1929-1933,1933-01-26,1274,1037,during,0.554862086936956
Great Depression,1929-1933,1933-01-27,1275,1038,during,0.5350646579057452
Great Depression,1929-1933,1933-01-28,1276,1039,during,0.5544645204131673
Great Depression,1929-1933,1933-01-30,1278,1040,during,0.5660714420384709
Great Depression,1929-1933,1933-01-31,1279,1041,during,0.3845406663031009
Great Depression,1929-1933,1933-02-01,1280,1042,during,0.3875160867467271
Great Depression,1929-1933,1933-02-02,1281,1043,during,0.5373084272666879
Great Depression,1929-1933,1933-02-03,1282,1044,during,0.5201840234138865
Great Depression,1929-1933,1933-02-04,1283,1045,during,0.5089023619011319
Great Depression,1929-1933,1933-02-06,1285,1046,during,0.463377601886773
Great Depression,1929-1933,1933-02-07,1286,1047,during,0.5158533072810187
Great Depression,1929-1933,1933-02-08,1287,1048,during,0.44213666602384
Great Depression,1929-1933,1933-02-09,1288,1049,during,0.5064619751071476
Great Depression,1929-1933,1933-02-10,1289,1050,during,0.3578031394932083
Great Depression,1929-1933,1933-02-11,1290,1051,during,0.3047733468615959
Great Depression,1929-1933,1933-02-14,1293,1052,during,0.3947935366628202
Great Depression,1929-1933,1933-02-15,1294,1053,during,0.3440818428267566
Great Depression,1929-1933,1933-02-16,1295,1054,during,0.3382291166363073
Great Depression,1929-1933,1933-02-17,1296,1055,during,0.3770767999999515
Great Depression,1929-1933,1933-02-18,1297,1056,during,0.2005106615853826
Great Depression,1929-1933,1933-02-20,1299,1057,during,0.5379638052910218
Great Depression,1929-1933,1933-02-21,1300,1058,during,0.5407579068773066
Great Depression,1929-1933,1933-02-23,1302,1059,during,0.4076026245301716
Great Depression,1929-1933,1933-02-24,1303,1060,during,0.5698971664038972
Great Depression,1929-1933,1933-02-25,1304,1061,during,0.4471579703303129
Great Depression,1929-1933,1933-02-27,1306,1062,during,0.3514291799863672
Great Depression,1929-1933,1933-02-28,1307,1063,during,0.1487731990417758
Great Depression,1929-1933,1933-03-01,1308,1064,during,0.1920909747304677
Great Depression,1929-1933,1933-03-02,1309,1065,post,0.3605312602951702
Great Depression,1929-1933,1933-03-03,1310,1066,post,0.2372022266450536
Great Depression,1929-1933,1933-03-15,1322,1067,post,0.531648473610226
Great Depression,1929-1933,1933-03-16,1323,1068,post,0.5262824192141469
Great Depression,1929-1933,1933-03-17,1324,1069,post,0.5535052201352114
Great Depression,1929-1933,1933-03-18,1325,1070,post,0.5270078051819695
Great Depression,1929-1933,1933-03-20,1327,1071,post,0.5214830391389235
Great Depression,1929-1933,1933-03-21,1328,1072,post,0.5065263001069211
Great Depression,1929-1933,1933-03-22,1329,1073,post,0.5131350944005199
Great Depression,1929-1933,1933-03-23,1330,1074,post,0.5352072995629414
Great Depression,1929-1933,1933-03-24,1331,1075,post,0.5206983223631524
Great Depression,1929-1933,1933-03-25,1332,1076,post,0.5458294011785024
Great Depression,1929-1933,1933-03-27,1334,1077,post,0.4045984014773351
Great Depression,1929-1933,1933-03-28,1335,1078,post,0.3832233970373826
Great Depression,1929-1933,1933-03-29,1336,1079,post,0.3788870915210306
Great Depression,1929-1933,1933-03-30,1337,1080,post,0.3658197959780747
Great Depression,1929-1933,1933-03-31,1338,1081,post,0.4669080662364994
Great Depression,1929-1933,1933-04-01,1339,1082,post,0.4708540705018415
Great Depression,1929-1933,1933-04-03,1341,1083,post,0.37355882388509
Great Depression,1929-1933,1933-04-04,1342,1084,post,0.4712514667685545
Great Depression,1929-1933,1933-04-05,1343,1085,post,0.4581246633795251
Great Depression,1929-1933,1933-04-06,1344,1086,post,0.485042060415382
Great Depression,1929-1933,1933-04-07,1345,1087,post,0.3623464855101477
Great Depression,1929-1933,1933-04-08,1346,1088,post,0.5263539116026255
Great Depression,1929-1933,1933-04-10,1348,1089,post,0.5335547334984116
Great Depression,1929-1933,1933-04-11,1349,1090,post,0.5673536539704063
Great Depression,1929-1933,1933-04-12,1350,1091,post,0.5702484198741743
Great Depression,1929-1933,1933-04-13,1351,1092,post,0.563305066993318
Great Depression,1929-1933,1933-04-15,1353,1093,post,0.5606470747367661
Great Depression,1929-1933,1933-04-17,1355,1094,post,0.5732378546655182
Great Depression,1929-1933,1933-04-18,1356,1095,post,0.5698595494324434
Great Depression,1929-1933,1933-04-19,1357,1096,post,0.5771938278937582
Great Depression,1929-1933,1933-04-20,1358,1097,post,0.5795784834419737
Great Depression,1929-1933,1933-04-21,1359,1098,post,0.5918724652747906
Great Depression,1929-1933,1933-04-22,1360,1099,post,0.5909156890706047
Great Depression,1929-1933,1933-04-24,1362,1100,post,0.7212686724889803
Great Depression,1929-1933,1933-04-25,1363,1101,post,0.7195352021895648
Great Depression,1929-1933,1933-04-26,1364,1102,post,0.5979140393193664
Great Depression,1929-1933,1933-04-27,1365,1103,post,0.5960295710381579
Great Depression,1929-1933,1933-04-28,1366,1104,post,0.5942484920683914
Great Depression,1929-1933,1933-04-29,1367,1105,post,0.7200581050471332
Great Depression,1929-1933,1933-05-01,1369,1106,post,0.7196596985956546
Great Depression,1929-1933,1933-05-02,1370,1107,post,0.7187859897214508
Great Depression,1929-1933,1933-05-03,1371,1108,post,0.5954510121609762
Great Depression,1929-1933,1933-05-04,1372,1109,post,0.593076843083856
Great Depression,1929-1933,1933-05-05,1373,1110,post,0.5952194915792532
Great Depression,1929-1933,1933-05-06,1374,1111,post,0.5975755772895209
Great Depression,1929-1933,1933-05-08,1376,1112,post,0.7161368194287444
Great Depression,1929-1933,1933-05-09,1377,1113,post,0.5897611001211144
Great Depression,1929-1933,1933-05-10,1378,1114,post,0.4634627011057703
Great Depression,1929-1933,1933-05-11,1379,1115,post,0.4490038810481679
Great Depression,1929-1933,1933-05-12,1380,1116,post,0.4340011032159919
Great Depression,1929-1933,1933-05-13,1381,1117,post,0.4146348667310857
Great Depression,1929-1933,1933-05-15,1383,1118,post,0.4215869243687613
Great Depression,1929-1933,1933-05-16,1384,1119,post,0.4115203179349177
Great Depression,1929-1933,1933-05-17,1385,1120,post,0.5560039683480873
Great Depression,1929-1933,1933-05-18,1386,1121,post,0.5527996238961884
Great Depression,1929-1933,1933-05-19,1387,1122,post,0.5438655753794285
Great Depression,1929-1933,1933-05-20,1388,1123,post,0.5514579679288769
Great Depression,1929-1933,1933-05-22,1390,1124,post,0.5466818987519287
Great Depression,1929-1933,1933-05-23,1391,1125,post,0.5850825170338794
Great Depression,1929-1933,1933-05-24,1392,1126,post,0.4641047892591519
Great Depression,1929-1933,1933-05-25,1393,1127,post,0.5112266468014284
Great Depression,1929-1933,1933-05-26,1394,1128,post,0.5595304138956368
Great Depression,1929-1933,1933-05-27,1395,1129,post,0.5758413833987637
Great Depression,1929-1933,1933-05-29,1397,1130,post,0.5365558453032546
Great Depression,1929-1933,1933-05-31,1399,1131,post,0.4935510387747296
Great Depression,1929-1933,1933-06-01,1400,1132,post,0.495749890644469
Great Depression,1929-1933,1933-06-02,1401,1133,post,0.5177486568039796
Great Depression,1929-1933,1933-06-03,1402,1134,post,0.5507421549645706
Great Depression,1929-1933,1933-06-05,1404,1135,post,0.5504673751931585
Great Depression,1929-1933,1933-06-06,1405,1136,post,0.55035285855542
Great Depression,1929-1933,1933-06-07,1406,1137,post,0.552204830856554
Great Depression,1929-1933,1933-06-08,1407,1138,post,0.551515782868403
Great Depression,1929-1933,1933-06-09,1408,1139,post,0.546545777970798
Great Depression,1929-1933,1933-06-10,1409,1140,post,0.5318594524104048
Great Depression,1929-1933,1933-06-12,1411,1141,post,0.4875092744105027
Great Depression,1929-1933,1933-06-13,1412,1142,post,0.4600652914978168
Great Depression,1929-1933,1933-06-14,1413,1143,post,0.4752839667633781
Great Depression,1929-1933,1933-06-15,1414,1144,post,0.4967897404338289
Great Depression,1929-1933,1933-06-16,1415,1145,post,0.4790886318240073
Great Depression,1929-1933,1933-06-17,1416,1146,post,0.480425113947388
Great Depression,1929-1933,1933-06-19,1418,1147,post,0.4821509030496584
Great Depression,1929-1933,1933-06-20,1419,1148,post,0.4944415075661038
Great Depression,1929-1933,1933-06-21,1420,1149,post,0.4808720469223562
Great Depression,1929-1933,1933-06-22,1421,1150,post,0.4307227773585924
Great Depression,1929-1933,1933-06-23,1422,1151,post,0.421344981841548
Great Depression,1929-1933,1933-06-24,1423,1152,post,0.4504949005078953
Great Depression,1929-1933,1933-06-26,1425,1153,post,0.4138589450725624
Great Depression,1929-1933,1933-06-27,1426,1154,post,0.4356613309882791
Great Depression,1929-1933,1933-06-28,1427,1155,post,0.4024819484974022
Great Depression,1929-1933,1933-06-29,1428,1156,post,0.5527753356467466
Great Depression,1929-1933,1933-06-30,1429,1157,post,0.5451652873182623
Great Depression,1929-1933,1933-07-01,1430,1158,post,0.3636243797087243
Great Depression,1929-1933,1933-07-03,1432,1159,post,0.5400556318306806
Great Depression,1929-1933,1933-07-05,1434,1160,post,0.5347923078224814
1937-1938 recession,1937-1938,1936-12-28,-124,-103,pre,0.4127582065685556
1937-1938 recession,1937-1938,1936-12-29,-123,-102,pre,0.3556092881470267
1937-1938 recession,1937-1938,1936-12-30,-122,-101,pre,0.3558207026756372
1937-1938 recession,1937-1938,1936-12-31,-121,-100,pre,0.3685137396799171
1937-1938 recession,1937-1938,1937-01-02,-119,-99,pre,0.5001233925509617
1937-1938 recession,1937-1938,1937-01-04,-117,-98,pre,0.4866765594733918
1937-1938 recession,1937-1938,1937-01-05,-116,-97,pre,0.3405016435282744
1937-1938 recession,1937-1938,1937-01-06,-115,-96,pre,0.3985337472058749
1937-1938 recession,1937-1938,1937-01-07,-114,-95,pre,0.2462537228742241
1937-1938 recession,1937-1938,1937-01-08,-113,-94,pre,0.233618939078108
1937-1938 recession,1937-1938,1937-01-09,-112,-93,pre,0.2760515071880354
1937-1938 recession,1937-1938,1937-01-11,-110,-92,pre,0.1638378042814285
1937-1938 recession,1937-1938,1937-01-12,-109,-91,pre,0.0302380710240564
1937-1938 recession,1937-1938,1937-01-13,-108,-90,pre,-0.2341916802432394
1937-1938 recession,1937-1938,1937-01-14,-107,-89,pre,-0.168740660151199
1937-1938 recession,1937-1938,1937-01-15,-106,-88,pre,-0.107010784987602
1937-1938 recession,1937-1938,1937-01-16,-105,-87,pre,-0.0178898740498085
1937-1938 recession,1937-1938,1937-01-18,-103,-86,pre,0.0001930319038837
1937-1938 recession,1937-1938,1937-01-19,-102,-85,pre,0.3697655229979013
1937-1938 recession,1937-1938,1937-01-20,-101,-84,pre,0.2727252628195374
1937-1938 recession,1937-1938,1937-01-21,-100,-83,pre,0.116971262224775
1937-1938 recession,1937-1938,1937-01-22,-99,-82,pre,-0.114375110460735
1937-1938 recession,1937-1938,1937-01-23,-98,-81,pre,-0.0925551236674854
1937-1938 recession,1937-1938,1937-01-25,-96,-80,pre,0.2258645080476834
1937-1938 recession,1937-1938,1937-01-26,-95,-79,pre,0.2822380220155137
1937-1938 recession,1937-1938,1937-01-27,-94,-78,pre,0.2883610945037377
1937-1938 recession,1937-1938,1937-01-28,-93,-77,pre,0.1537915368223948
1937-1938 recession,1937-1938,1937-01-29,-92,-76,pre,-0.1008476171316793
1937-1938 recession,1937-1938,1937-01-30,-91,-75,pre,0.0921782387749829
1937-1938 recession,1937-1938,1937-02-01,-89,-74,pre,-0.0221172650920301
1937-1938 recession,1937-1938,1937-02-02,-88,-73,pre,0.0703328284914057
1937-1938 recession,1937-1938,1937-02-03,-87,-72,pre,0.2173372871344948
1937-1938 recession,1937-1938,1937-02-04,-86,-71,pre,0.2607984478731996
1937-1938 recession,1937-1938,1937-02-05,-85,-70,pre,-0.0776974193316374
1937-1938 recession,1937-1938,1937-02-06,-84,-69,pre,0.0718721274800515
1937-1938 recession,1937-1938,1937-02-08,-82,-68,pre,0.0754371832289048
1937-1938 recession,1937-1938,1937-02-09,-81,-67,pre,-0.0167199438504974
1937-1938 recession,1937-1938,1937-02-10,-80,-66,pre,0.1440387721145049
1937-1938 recession,1937-1938,1937-02-11,-79,-65,pre,0.1684575912992903
1937-1938 recession,1937-1938,1937-02-13,-77,-64,pre,0.153874543099777
1937-1938 recession,1937-1938,1937-02-15,-75,-63,pre,0.2732469884351253
1937-1938 recession,1937-1938,1937-02-16,-74,-62,pre,0.0689234107862949
1937-1938 recession,1937-1938,1937-02-17,-73,-61,pre,0.1093697422819948
1937-1938 recession,1937-1938,1937-02-18,-72,-60,pre,0.1070385284995744
1937-1938 recession,1937-1938,1937-02-19,-71,-59,pre,-0.4854196599461809
1937-1938 recession,1937-1938,1937-02-20,-70,-58,pre,-0.2805817230436985
1937-1938 recession,1937-1938,1937-02-23,-67,-57,pre,0.0955651494377835
1937-1938 recession,1937-1938,1937-02-24,-66,-56,pre,0.1064925147324091
1937-1938 recession,1937-1938,1937-02-25,-65,-55,pre,0.0290896084987382
1937-1938 recession,1937-1938,1937-02-26,-64,-54,pre,-0.0022578914165374
1937-1938 recession,1937-1938,1937-02-27,-63,-53,pre,0.1984071683115507
1937-1938 recession,1937-1938,1937-03-01,-61,-52,pre,0.3811131330089639
1937-1938 recession,1937-1938,1937-03-02,-60,-51,pre,0.424328736176799
1937-1938 recession,1937-1938,1937-03-03,-59,-50,pre,0.168178128198498
1937-1938 recession,1937-1938,1937-03-04,-58,-49,pre,0.0542170275910395
1937-1938 recession,1937-1938,1937-03-05,-57,-48,pre,0.0649733981471977
1937-1938 recession,1937-1938,1937-03-06,-56,-47,pre,-0.3547691338299219
1937-1938 recession,1937-1938,1937-03-08,-54,-46,pre,-0.1198964336782497
1937-1938 recession,1937-1938,1937-03-09,-53,-45,pre,-0.110249102938811
1937-1938 recession,1937-1938,1937-03-10,-52,-44,pre,-0.1799939645092536
1937-1938 recession,1937-1938,1937-03-11,-51,-43,pre,-0.1943619377678089
1937-1938 recession,1937-1938,1937-03-12,-50,-42,pre,-0.3561496930015783
1937-1938 recession,1937-1938,1937-03-13,-49,-41,pre,0.0411221027813883
1937-1938 recession,1937-1938,1937-03-15,-47,-40,pre,-0.0731237645350615
1937-1938 recession,1937-1938,1937-03-16,-46,-39,pre,-0.1921336163494543
1937-1938 recession,1937-1938,1937-03-17,-45,-38,pre,-0.5200681068147519
1937-1938 recession,1937-1938,1937-03-18,-44,-37,pre,-0.4094462051705193
1937-1938 recession,1937-1938,1937-03-19,-43,-36,pre,-0.3021541210741641
1937-1938 recession,1937-1938,1937-03-20,-42,-35,pre,-0.4445641842858805
1937-1938 recession,1937-1938,1937-03-22,-40,-34,pre,0.284992195735423
1937-1938 recession,1937-1938,1937-03-23,-39,-33,pre,-0.0626148165882301
1937-1938 recession,1937-1938,1937-03-24,-38,-32,pre,-0.1078825324572997
1937-1938 recession,1937-1938,1937-03-25,-37,-31,pre,-0.0558569271887747
1937-1938 recession,1937-1938,1937-03-27,-35,-30,pre,0.079386427158506
1937-1938 recession,1937-1938,1937-03-29,-33,-29,pre,0.3674091034645241
1937-1938 recession,1937-1938,1937-03-30,-32,-28,pre,0.2257914324047535
1937-1938 recession,1937-1938,1937-03-31,-31,-27,pre,0.031489380219823
1937-1938 recession,1937-1938,1937-04-01,-30,-26,pre,0.2030808386774386
1937-1938 recession,1937-1938,1937-04-02,-29,-25,pre,0.2155817684452444
1937-1938 recession,1937-1938,1937-04-03,-28,-24,pre,0.2660792440487357
1937-1938 recession,1937-1938,1937-04-05,-26,-23,pre,0.1407526253345486
1937-1938 recession,1937-1938,1937-04-06,-25,-22,pre,-0.06769161414746
1937-1938 recession,1937-1938,1937-04-07,-24,-21,pre,0.278968546880798
1937-1938 recession,1937-1938,1937-04-08,-23,-20,pre,0.3121640026932405
1937-1938 recession,1937-1938,1937-04-09,-22,-19,pre,0.4496472433734531
1937-1938 recession,1937-1938,1937-04-10,-21,-18,pre,0.4613756534667551
1937-1938 recession,1937-1938,1937-04-12,-19,-17,pre,0.3707230117822727
1937-1938 recession,1937-1938,1937-04-13,-18,-16,pre,0.4234167715774151
1937-1938 recession,1937-1938,1937-04-14,-17,-15,pre,0.4014549540335029
1937-1938 recession,1937-1938,1937-04-15,-16,-14,pre,0.2813037933120114
1937-1938 recession,1937-1938,1937-04-16,-15,-13,pre,0.299445048664498
1937-1938 recession,1937-1938,1937-04-17,-14,-12,pre,0.4116337467029981
1937-1938 recession,1937-1938,1937-04-19,-12,-11,pre,0.4401903694205134
1937-1938 recession,1937-1938,1937-04-20,-11,-10,pre,0.3881304328985926
1937-1938 recession,1937-1938,1937-04-21,-10,-9,pre,0.2678220567672909
1937-1938 recession,1937-1938,1937-04-22,-9,-8,pre,0.3600194372530285
1937-1938 recession,1937-1938,1937-04-23,-8,-7,pre,0.3786942842726051
1937-1938 recession,1937-1938,1937-04-24,-7,-6,pre,0.3329122488050193
1937-1938 recession,1937-1938,1937-04-26,-5,-5,pre,0.4325260623853729
1937-1938 recession,1937-1938,1937-04-27,-4,-4,pre,0.3558332818627788
1937-1938 recession,1937-1938,1937-04-28,-3,-3,pre,0.4229120258086664
1937-1938 recession,1937-1938,1937-04-29,-2,-2,pre,0.2157801454825966
1937-1938 recession,1937-1938,1937-04-30,-1,-1,pre,0.2676606397484077
1937-1938 recession,1937-1938,1937-05-01,0,0,during,0.1880485942390795
1937-1938 recession,1937-1938,1937-05-03,2,1,during,0.4539511798176804
1937-1938 recession,1937-1938,1937-05-04,3,2,during,0.4416390162352078
1937-1938 recession,1937-1938,1937-05-05,4,3,during,0.4312712422973851
1937-1938 recession,1937-1938,1937-05-06,5,4,during,0.4718311740776283
1937-1938 recession,1937-1938,1937-05-07,6,5,during,0.5006958488117664
1937-1938 recession,1937-1938,1937-05-08,7,6,during,0.5288397835023302
1937-1938 recession,1937-1938,1937-05-10,9,7,during,0.5343040778402501
1937-1938 recession,1937-1938,1937-05-11,10,8,during,0.5259948769120117
1937-1938 recession,1937-1938,1937-05-12,11,9,during,0.5190003117920605
1937-1938 recession,1937-1938,1937-05-13,12,10,during,0.3925448742081047
1937-1938 recession,1937-1938,1937-05-14,13,11,during,0.547857076180834
1937-1938 recession,1937-1938,1937-05-15,14,12,during,0.5375219059615037
1937-1938 recession,1937-1938,1937-05-17,16,13,during,0.5190488351687268
1937-1938 recession,1937-1938,1937-05-18,17,14,during,0.4953267469510162
1937-1938 recession,1937-1938,1937-05-19,18,15,during,0.2608667853854859
1937-1938 recession,1937-1938,1937-05-20,19,16,during,0.3534693690957265
1937-1938 recession,1937-1938,1937-05-21,20,17,during,0.3850018152200834
1937-1938 recession,1937-1938,1937-05-22,21,18,during,0.3734623421123858
1937-1938 recession,1937-1938,1937-05-24,23,19,during,0.3746420315223998
1937-1938 recession,1937-1938,1937-05-25,24,20,during,0.2022463123319115
1937-1938 recession,1937-1938,1937-05-26,25,21,during,0.3113428489289696
1937-1938 recession,1937-1938,1937-05-27,26,22,during,0.3128512983569978
1937-1938 recession,1937-1938,1937-05-28,27,23,during,0.3139685449542048
1937-1938 recession,1937-1938,1937-06-01,31,24,during,0.4215537028846411
1937-1938 recession,1937-1938,1937-06-02,32,25,during,0.3477945887049249
1937-1938 recession,1937-1938,1937-06-03,33,26,during,0.4385733750203814
1937-1938 recession,1937-1938,1937-06-04,34,27,during,0.2089008957874098
1937-1938 recession,1937-1938,1937-06-05,35,28,during,0.297855319452912
1937-1938 recession,1937-1938,1937-06-07,37,29,during,0.2513007355980742
1937-1938 recession,1937-1938,1937-06-08,38,30,during,0.3401848082904427
1937-1938 recession,1937-1938,1937-06-09,39,31,during,0.465251759808743
1937-1938 recession,1937-1938,1937-06-10,40,32,during,0.4650415624527461
1937-1938 recession,1937-1938,1937-06-11,41,33,during,0.4874297940050958
1937-1938 recession,1937-1938,1937-06-12,42,34,during,0.4675304714265482
1937-1938 recession,1937-1938,1937-06-14,44,35,during,0.5020883809926047
1937-1938 recession,1937-1938,1937-06-15,45,36,during,0.3648528259821105
1937-1938 recession,1937-1938,1937-06-16,46,37,during,0.4787166802570868
1937-1938 recession,1937-1938,1937-06-17,47,38,during,0.493326183417352
1937-1938 recession,1937-1938,1937-06-18,48,39,during,0.4534295618515115
1937-1938 recession,1937-1938,1937-06-19,49,40,during,0.472928328312461
1937-1938 recession,1937-1938,1937-06-21,51,41,during,0.483143246526461
1937-1938 recession,1937-1938,1937-06-22,52,42,during,0.5254598630685454
1937-1938 recession,1937-1938,1937-06-23,53,43,during,0.5515508914311456
1937-1938 recession,1937-1938,1937-06-24,54,44,during,0.4702568996772048
1937-1938 recession,1937-1938,1937-06-25,55,45,during,0.453529567759773
1937-1938 recession,1937-1938,1937-06-26,56,46,during,0.46569028723534
1937-1938 recession,1937-1938,1937-06-28,58,47,during,0.4205836082348073
1937-1938 recession,1937-1938,1937-06-29,59,48,during,0.4444796072249858
1937-1938 recession,1937-1938,1937-06-30,60,49,during,0.4131882899944538
1937-1938 recession,1937-1938,1937-07-01,61,50,during,0.2607133757288336
1937-1938 recession,1937-1938,1937-07-02,62,51,during,0.4807542336748555
1937-1938 recession,1937-1938,1937-07-06,66,52,during,0.5121661334425621
1937-1938 recession,1937-1938,1937-07-07,67,53,during,0.5380534787996369
1937-1938 recession,1937-1938,1937-07-08,68,54,during,0.5277199088518963
1937-1938 recession,1937-1938,1937-07-09,69,55,during,0.3492240524490693
1937-1938 recession,1937-1938,1937-07-10,70,56,during,0.486463419948473
1937-1938 recession,1937-1938,1937-07-12,72,57,during,0.4371671094140525
1937-1938 recession,1937-1938,1937-07-13,73,58,during,0.5463825400106889
1937-1938 recession,1937-1938,1937-07-14,74,59,during,0.5255155443017937
1937-1938 recession,1937-1938,1937-07-15,75,60,during,0.5267957131298056
1937-1938 recession,1937-1938,1937-07-16,76,61,during,0.5114058037614282
1937-1938 recession,1937-1938,1937-07-17,77,62,during,0.5334687407840245
1937-1938 recession,1937-1938,1937-07-19,79,63,during,0.4216130486955
1937-1938 recession,1937-1938,1937-07-20,80,64,during,0.4093527513232452
1937-1938 recession,1937-1938,1937-07-21,81,65,during,0.5439497746820195
1937-1938 recession,1937-1938,1937-07-22,82,66,during,0.5596801469155028
1937-1938 recession,1937-1938,1937-07-23,83,67,during,0.5301398224617602
1937-1938 recession,1937-1938,1937-07-24,84,68,during,0.5093981181499568
1937-1938 recession,1937-1938,1937-07-26,86,69,during,0.498159108049316
1937-1938 recession,1937-1938,1937-07-27,87,70,during,0.5471060888663307
1937-1938 recession,1937-1938,1937-07-28,88,71,during,0.5082177833698477
1937-1938 recession,1937-1938,1937-07-29,89,72,during,0.5078124584617811
1937-1938 recession,1937-1938,1937-07-30,90,73,during,0.4939997941688519
1937-1938 recession,1937-1938,1937-07-31,91,74,during,0.4914900176856004
1937-1938 recession,1937-1938,1937-08-02,93,75,during,0.3611561374619151
1937-1938 recession,1937-1938,1937-08-03,94,76,during,0.4471447511390924
1937-1938 recession,1937-1938,1937-08-04,95,77,during,0.43485764593091
1937-1938 recession,1937-1938,1937-08-05,96,78,during,0.4756873789326937
1937-1938 recession,1937-1938,1937-08-06,97,79,during,0.4810120563806591
1937-1938 recession,1937-1938,1937-08-07,98,80,during,0.5008135762833459
1937-1938 recession,1937-1938,1937-08-09,100,81,during,0.3953507527731107
1937-1938 recession,1937-1938,1937-08-10,101,82,during,0.5241672207674204
1937-1938 recession,1937-1938,1937-08-11,102,83,during,0.4942701465982778
1937-1938 recession,1937-1938,1937-08-12,103,84,during,0.4765059840343477
1937-1938 recession,1937-1938,1937-08-13,104,85,during,0.3580762681830681
1937-1938 recession,1937-1938,1937-08-14,105,86,during,0.5265812823145429
1937-1938 recession,1937-1938,1937-08-16,107,87,during,0.4751483290788484
1937-1938 recession,1937-1938,1937-08-17,108,88,during,0.4523122564209985
1937-1938 recession,1937-1938,1937-08-18,109,89,during,0.4148337961337554
1937-1938 recession,1937-1938,1937-08-19,110,90,during,0.375192530303346
1937-1938 recession,1937-1938,1937-08-20,111,91,during,0.3628436329123902
1937-1938 recession,1937-1938,1937-08-21,112,92,during,0.3544121846858034
1937-1938 recession,1937-1938,1937-08-23,114,93,during,0.3611179094076464
1937-1938 recession,1937-1938,1937-08-24,115,94,during,0.3646440616148655
1937-1938 recession,1937-1938,1937-08-25,116,95,during,0.2515877234894784
1937-1938 recession,1937-1938,1937-08-26,117,96,during,0.2997291397078129
1937-1938 recession,1937-1938,1937-08-27,118,97,during,0.1674753558573816
1937-1938 recession,1937-1938,1937-08-28,119,98,during,0.3761164939561366
1937-1938 recession,1937-1938,1937-08-30,121,99,during,0.4371682955243106
1937-1938 recession,1937-1938,1937-08-31,122,100,during,0.3416959015633544
1937-1938 recession,1937-1938,1937-09-01,123,101,during,0.3542687449502651
1937-1938 recession,1937-1938,1937-09-02,124,102,during,0.3515538842396746
1937-1938 recession,1937-1938,1937-09-03,125,103,during,0.3705464429141784
1937-1938 recession,1937-1938,1937-09-04,126,104,during,0.3978978753076908
1937-1938 recession,1937-1938,1937-09-07,129,105,during,0.5623917462943627
1937-1938 recession,1937-1938,1937-09-08,130,106,during,0.5259791793512512
1937-1938 recession,1937-1938,1937-09-09,131,107,during,0.3782613133695026
1937-1938 recession,1937-1938,1937-09-10,132,108,during,0.3918674277806357
1937-1938 recession,1937-1938,1937-09-11,133,109,during,0.4195637710731201
1937-1938 recession,1937-1938,1937-09-13,135,110,during,0.4181078643118828
1937-1938 recession,1937-1938,1937-09-14,136,111,during,0.5520629417114062
1937-1938 recession,1937-1938,1937-09-15,137,112,during,0.5798791425944126
1937-1938 recession,1937-1938,1937-09-16,138,113,during,0.5516974645558594
1937-1938 recession,1937-1938,1937-09-17,139,114,during,0.5336245828024568
1937-1938 recession,1937-1938,1937-09-18,140,115,during,0.5813222710812368
1937-1938 recession,1937-1938,1937-09-20,142,116,during,0.5549774670572025
1937-1938 recession,1937-1938,1937-09-21,143,117,during,0.5449240854747491
1937-1938 recession,1937-1938,1937-09-22,144,118,during,0.5300703858585728
1937-1938 recession,1937-1938,1937-09-23,145,119,during,0.5344135135713936
1937-1938 recession,1937-1938,1937-09-24,146,120,during,0.526617995891485
1937-1938 recession,1937-1938,1937-09-25,147,121,during,0.5667012164061836
1937-1938 recession,1937-1938,1937-09-27,149,122,during,0.5827852881081188
1937-1938 recession,1937-1938,1937-09-28,150,123,during,0.564127296965265
1937-1938 recession,1937-1938,1937-09-29,151,124,during,0.5547075367617973
1937-1938 recession,1937-1938,1937-09-30,152,125,during,0.4832366269736137
1937-1938 recession,1937-1938,1937-10-01,153,126,during,0.533065134257781
1937-1938 recession,1937-1938,1937-10-02,154,127,during,0.5255103048732337
1937-1938 recession,1937-1938,1937-10-04,156,128,during,0.4827361360372221
1937-1938 recession,1937-1938,1937-10-05,157,129,during,0.5825089043430823
1937-1938 recession,1937-1938,1937-10-06,158,130,during,0.5577034548324227
1937-1938 recession,1937-1938,1937-10-07,159,131,during,0.5539497383241725
1937-1938 recession,1937-1938,1937-10-08,160,132,during,0.5227824872535541
1937-1938 recession,1937-1938,1937-10-09,161,133,during,0.5169120148799217
1937-1938 recession,1937-1938,1937-10-11,163,134,during,0.5104206269317728
1937-1938 recession,1937-1938,1937-10-13,165,135,during,0.5744127072295443
1937-1938 recession,1937-1938,1937-10-14,166,136,during,0.5537648574372138
1937-1938 recession,1937-1938,1937-10-15,167,137,during,0.5370911794528966
1937-1938 recession,1937-1938,1937-10-16,168,138,during,0.5489886106818239
1937-1938 recession,1937-1938,1937-10-18,170,139,during,0.5827400775853395
1937-1938 recession,1937-1938,1937-10-19,171,140,during,0.3776843528145764
1937-1938 recession,1937-1938,1937-10-20,172,141,during,0.3837182904875827
1937-1938 recession,1937-1938,1937-10-21,173,142,during,0.1893753135465704
1937-1938 recession,1937-1938,1937-10-22,174,143,during,0.1971537194106173
1937-1938 recession,1937-1938,1937-10-23,175,144,during,0.3817623157644692
1937-1938 recession,1937-1938,1937-10-25,177,145,during,0.4250347319898688
1937-1938 recession,1937-1938,1937-10-26,178,146,during,0.4181644860752874
1937-1938 recession,1937-1938,1937-10-27,179,147,during,0.3961734244145799
1937-1938 recession,1937-1938,1937-10-28,180,148,during,0.3621942644197967
1937-1938 recession,1937-1938,1937-10-29,181,149,during,0.3591613505040413
1937-1938 recession,1937-1938,1937-10-30,182,150,during,0.3477712223918322
1937-1938 recession,1937-1938,1937-11-01,184,151,during,0.3364001017139958
1937-1938 recession,1937-1938,1937-11-03,186,152,during,0.3750753975431671
1937-1938 recession,1937-1938,1937-11-04,187,153,during,0.3563983106103777
1937-1938 recession,1937-1938,1937-11-05,188,154,during,0.3582876307865172
1937-1938 recession,1937-1938,1937-11-06,189,155,during,0.4888271350897492
1937-1938 recession,1937-1938,1937-11-08,191,156,during,0.3691127171491238
1937-1938 recession,1937-1938,1937-11-09,192,157,during,0.3704014627604347
1937-1938 recession,1937-1938,1937-11-10,193,158,during,0.508591690535478
1937-1938 recession,1937-1938,1937-11-12,195,159,during,0.3788585785001431
1937-1938 recession,1937-1938,1937-11-13,196,160,during,0.3703075681598422
1937-1938 recession,1937-1938,1937-11-15,198,161,during,0.4862093916549755
1937-1938 recession,1937-1938,1937-11-16,199,162,during,0.5241761368168837
1937-1938 recession,1937-1938,1937-11-17,200,163,during,0.5388291944933555
1937-1938 recession,1937-1938,1937-11-18,201,164,during,0.5397945272647976
1937-1938 recession,1937-1938,1937-11-19,202,165,during,0.5492977615934576
1937-1938 recession,1937-1938,1937-11-20,203,166,during,0.2401578415491219
1937-1938 recession,1937-1938,1937-11-22,205,167,during,0.501590989211361
1937-1938 recession,1937-1938,1937-11-23,206,168,during,0.4006364388156366
1937-1938 recession,1937-1938,1937-11-24,207,169,during,0.3914379422167763
1937-1938 recession,1937-1938,1937-11-26,209,170,during,0.3720456233472338
1937-1938 recession,1937-1938,1937-11-27,210,171,during,0.4157228845315945
1937-1938 recession,1937-1938,1937-11-29,212,172,during,0.3862224052136956
1937-1938 recession,1937-1938,1937-11-30,213,173,during,0.3435472755847783
1937-1938 recession,1937-1938,1937-12-01,214,174,during,0.4986796474476751
1937-1938 recession,1937-1938,1937-12-02,215,175,during,0.4760535756504138
1937-1938 recession,1937-1938,1937-12-03,216,176,during,0.5100252175052934
1937-1938 recession,1937-1938,1937-12-04,217,177,during,0.5034385331138352
1937-1938 recession,1937-1938,1937-12-06,219,178,during,0.5028384235948815
1937-1938 recession,1937-1938,1937-12-07,220,179,during,0.5114825122171973
1937-1938 recession,1937-1938,1937-12-08,221,180,during,0.5063163672861652
1937-1938 recession,1937-1938,1937-12-09,222,181,during,0.5602307095770035
1937-1938 recession,1937-1938,1937-12-10,223,182,during,0.5588621149010057
1937-1938 recession,1937-1938,1937-12-11,224,183,during,0.5572344964421484
1937-1938 recession,1937-1938,1937-12-13,226,184,during,0.5474019533992796
1937-1938 recession,1937-1938,1937-12-14,227,185,during,0.5450795871552631
1937-1938 recession,1937-1938,1937-12-15,228,186,during,0.5463219151554577
1937-1938 recession,1937-1938,1937-12-16,229,187,during,0.5330116675825753
1937-1938 recession,1937-1938,1937-12-17,230,188,during,0.530996306801547
1937-1938 recession,1937-1938,1937-12-18,231,189,during,0.5492333825258899
1937-1938 recession,1937-1938,1937-12-20,233,190,during,0.5430448014274394
1937-1938 recession,1937-1938,1937-12-21,234,191,during,0.544797134343602
1937-1938 recession,1937-1938,1937-12-22,235,192,during,0.5411794659774
1937-1938 recession,1937-1938,1937-12-23,236,193,during,0.5428277337821165
1937-1938 recession,1937-1938,1937-12-24,237,194,during,0.411742031466608
1937-1938 recession,1937-1938,1937-12-27,240,195,during,0.4211106012727147
1937-1938 recession,1937-1938,1937-12-28,241,196,during,0.4172474208353048
1937-1938 recession,1937-1938,1937-12-29,242,197,during,0.4220725854910814
1937-1938 recession,1937-1938,1937-12-30,243,198,during,0.5511557914904945
1937-1938 recession,1937-1938,1937-12-31,244,199,during,0.5468682626785353
1937-1938 recession,1937-1938,1938-01-03,247,200,during,0.4462064779133911
1937-1938 recession,1937-1938,1938-01-04,248,201,during,0.475350385878692
1937-1938 recession,1937-1938,1938-01-05,249,202,during,0.532587368028307
1937-1938 recession,1937-1938,1938-01-06,250,203,during,0.570113014763589
1937-1938 recession,1937-1938,1938-01-07,251,204,during,0.5605917927533849
1937-1938 recession,1937-1938,1938-01-08,252,205,during,0.5603324281417944
1937-1938 recession,1937-1938,1938-01-10,254,206,during,0.5403671841043021
1937-1938 recession,1937-1938,1938-01-11,255,207,during,0.5347418572984033
1937-1938 recession,1937-1938,1938-01-12,256,208,during,0.4682466340104518
1937-1938 recession,1937-1938,1938-01-13,257,209,during,0.4712681136452509
1937-1938 recession,1937-1938,1938-01-14,258,210,during,0.4466022427215383
1937-1938 recession,1937-1938,1938-01-15,259,211,during,0.3248509002179804
1937-1938 recession,1937-1938,1938-01-17,261,212,during,0.2553793233314486
1937-1938 recession,1937-1938,1938-01-18,262,213,during,0.3593820912162619
1937-1938 recession,1937-1938,1938-01-19,263,214,during,0.3364980324200801
1937-1938 recession,1937-1938,1938-01-20,264,215,during,0.3958146038482447
1937-1938 recession,1937-1938,1938-01-21,265,216,during,0.3949277163777187
1937-1938 recession,1937-1938,1938-01-22,266,217,during,0.4334739448616875
1937-1938 recession,1937-1938,1938-01-24,268,218,during,0.4946871853820825
1937-1938 recession,1937-1938,1938-01-25,269,219,during,0.4934752814923621
1937-1938 recession,1937-1938,1938-01-26,270,220,during,0.5223093502707793
1937-1938 recession,1937-1938,1938-01-27,271,221,during,0.5303317036042959
1937-1938 recession,1937-1938,1938-01-28,272,222,during,0.5442048906988546
1937-1938 recession,1937-1938,1938-01-29,273,223,during,0.404745581746826
1937-1938 recession,1937-1938,1938-01-31,275,224,during,0.4394288729120791
1937-1938 recession,1937-1938,1938-02-01,276,225,during,0.4934126027256786
1937-1938 recession,1937-1938,1938-02-02,277,226,during,0.3793970991405553
1937-1938 recession,1937-1938,1938-02-03,278,227,during,0.3680708804216233
1937-1938 recession,1937-1938,1938-02-04,279,228,during,0.4538043405748426
1937-1938 recession,1937-1938,1938-02-05,280,229,during,0.4065167884868527
1937-1938 recession,1937-1938,1938-02-07,282,230,during,0.5335225145203513
1937-1938 recession,1937-1938,1938-02-08,283,231,during,0.5511186379514772
1937-1938 recession,1937-1938,1938-02-09,284,232,during,0.5589687635088856
1937-1938 recession,1937-1938,1938-02-10,285,233,during,0.553150499971838
1937-1938 recession,1937-1938,1938-02-11,286,234,during,0.5643103956993392
1937-1938 recession,1937-1938,1938-02-14,289,235,during,0.5403811911876193
1937-1938 recession,1937-1938,1938-02-15,290,236,during,0.4714749021291586
1937-1938 recession,1937-1938,1938-02-16,291,237,during,0.5007859045704712
1937-1938 recession,1937-1938,1938-02-17,292,238,during,0.5217010913281793
1937-1938 recession,1937-1938,1938-02-18,293,239,during,0.5308037774636508
1937-1938 recession,1937-1938,1938-02-19,294,240,during,0.5228297994770412
1937-1938 recession,1937-1938,1938-02-21,296,241,during,0.5250943309737007
1937-1938 recession,1937-1938,1938-02-23,298,242,during,0.5429336435403561
1937-1938 recession,1937-1938,1938-02-24,299,243,during,0.5374872045955962
1937-1938 recession,1937-1938,1938-02-25,300,244,during,0.4872535338612888
1937-1938 recession,1937-1938,1938-02-26,301,245,during,0.4724575002537988
1937-1938 recession,1937-1938,1938-02-28,303,246,during,0.4977798080099164
1937-1938 recession,1937-1938,1938-03-01,304,247,during,0.5200058520734162
1937-1938 recession,1937-1938,1938-03-02,305,248,during,0.5346023473977224
1937-1938 recession,1937-1938,1938-03-03,306,249,during,0.5214692362596278
1937-1938 recession,1937-1938,1938-03-04,307,250,during,0.5107128423382068
1937-1938 recession,1937-1938,1938-03-05,308,251,during,0.4119723540261013
1937-1938 recession,1937-1938,1938-03-07,310,252,during,0.5160855895919347
1937-1938 recession,1937-1938,1938-03-08,311,253,during,0.513574574645104
1937-1938 recession,1937-1938,1938-03-09,312,254,during,0.5126639288981611
1937-1938 recession,1937-1938,1938-03-10,313,255,during,0.4958097193370834
1937-1938 recession,1937-1938,1938-03-11,314,256,during,0.3415243099926129
1937-1938 recession,1937-1938,1938-03-12,315,257,during,0.4130966507914039
1937-1938 recession,1937-1938,1938-03-14,317,258,during,0.5039868289446089
1937-1938 recession,1937-1938,1938-03-15,318,259,during,0.4966363921039508
1937-1938 recession,1937-1938,1938-03-16,319,260,during,0.5101263311986992
1937-1938 recession,1937-1938,1938-03-17,320,261,during,0.4391957362061403
1937-1938 recession,1937-1938,1938-03-18,321,262,during,0.4467691975597775
1937-1938 recession,1937-1938,1938-03-19,322,263,during,0.4462919744990342
1937-1938 recession,1937-1938,1938-03-21,324,264,during,0.3724633787150792
1937-1938 recession,1937-1938,1938-03-22,325,265,during,0.4000197133862458
1937-1938 recession,1937-1938,1938-03-23,326,266,during,0.4633697373683107
1937-1938 recession,1937-1938,1938-03-24,327,267,during,0.3176243117451532
1937-1938 recession,1937-1938,1938-03-25,328,268,during,0.5059498440393236
1937-1938 recession,1937-1938,1938-03-26,329,269,during,0.5301753286065314
1937-1938 recession,1937-1938,1938-03-28,331,270,during,0.4202998646682306
1937-1938 recession,1937-1938,1938-03-29,332,271,during,0.4601476091867928
1937-1938 recession,1937-1938,1938-03-30,333,272,during,0.3079673473966608
1937-1938 recession,1937-1938,1938-03-31,334,273,during,0.4662330019632586
1937-1938 recession,1937-1938,1938-04-01,335,274,during,0.457742255050884
1937-1938 recession,1937-1938,1938-04-02,336,275,during,0.4594538467724217
1937-1938 recession,1937-1938,1938-04-04,338,276,during,0.5553995915547361
1937-1938 recession,1937-1938,1938-04-05,339,277,during,0.5714715561262791
1937-1938 recession,1937-1938,1938-04-06,340,278,during,0.5609191857173104
1937-1938 recession,1937-1938,1938-04-07,341,279,during,0.5573707556417686
1937-1938 recession,1937-1938,1938-04-08,342,280,during,0.5669754339311988
1937-1938 recession,1937-1938,1938-04-09,343,281,during,0.5840694402048918
1937-1938 recession,1937-1938,1938-04-11,345,282,during,0.5703607044028953
1937-1938 recession,1937-1938,1938-04-12,346,283,during,0.5802526561910604
1937-1938 recession,1937-1938,1938-04-13,347,284,during,0.5744866398129649
1937-1938 recession,1937-1938,1938-04-14,348,285,during,0.5863376130500173
1937-1938 recession,1937-1938,1938-04-16,350,286,during,0.7134360954158527
1937-1938 recession,1937-1938,1938-04-18,352,287,during,0.5920045172227762
1937-1938 recession,1937-1938,1938-04-19,353,288,during,0.5868360743506393
1937-1938 recession,1937-1938,1938-04-20,354,289,during,0.5913875156893958
1937-1938 recession,1937-1938,1938-04-21,355,290,during,0.5925183927530933
1937-1938 recession,1937-1938,1938-04-22,356,291,during,0.711363937806961
1937-1938 recession,1937-1938,1938-04-23,357,292,during,0.7112203287298199
1937-1938 recession,1937-1938,1938-04-25,359,293,during,0.7118290048793329
1937-1938 recession,1937-1938,1938-04-26,360,294,during,0.711700598773221
1937-1938 recession,1937-1938,1938-04-27,361,295,during,0.7119373437956517
1937-1938 recession,1937-1938,1938-04-28,362,296,during,0.5921954841248928
1937-1938 recession,1937-1938,1938-04-29,363,297,during,0.5880134814895356
1937-1938 recession,1937-1938,1938-04-30,364,298,during,0.5865517888533771
1937-1938 recession,1937-1938,1938-05-02,366,299,during,0.5872977435840557
1937-1938 recession,1937-1938,1938-05-03,367,300,during,0.590858821283743
1937-1938 recession,1937-1938,1938-05-04,368,301,during,0.5746076987576321
1937-1938 recession,1937-1938,1938-05-05,369,302,during,0.557320880093549
1937-1938 recession,1937-1938,1938-05-06,370,303,during,0.437713674363091
1937-1938 recession,1937-1938,1938-05-07,371,304,during,0.4382804482867862
1937-1938 recession,1937-1938,1938-05-09,373,305,during,0.4128573269214585
1937-1938 recession,1937-1938,1938-05-10,374,306,during,0.5346375171042996
1937-1938 recession,1937-1938,1938-05-11,375,307,during,0.527204138411833
1937-1938 recession,1937-1938,1938-05-12,376,308,during,0.5328406110359788
1937-1938 recession,1937-1938,1938-05-13,377,309,during,0.5331780673783347
1937-1938 recession,1937-1938,1938-05-14,378,310,during,0.52589347273575
1937-1938 recession,1937-1938,1938-05-16,380,311,during,0.5199366807307841
1937-1938 recession,1937-1938,1938-05-17,381,312,during,0.517962927486253
1937-1938 recession,1937-1938,1938-05-18,382,313,during,0.53543098428941
1937-1938 recession,1937-1938,1938-05-19,383,314,during,0.541834597057654
1937-1938 recession,1937-1938,1938-05-20,384,315,during,0.5435971636412127
1937-1938 recession,1937-1938,1938-05-21,385,316,during,0.5369974964556474
1937-1938 recession,1937-1938,1938-05-23,387,317,during,0.5290556970397382
1937-1938 recession,1937-1938,1938-05-24,388,318,during,0.5436310480827741
1937-1938 recession,1937-1938,1938-05-25,389,319,during,0.5408411970956996
1937-1938 recession,1937-1938,1938-05-26,390,320,during,0.5194759836121228
1937-1938 recession,1937-1938,1938-05-27,391,321,during,0.5375406291707439
1937-1938 recession,1937-1938,1938-05-28,392,322,during,0.5208870455683929
1937-1938 recession,1937-1938,1938-05-31,395,323,during,0.5331230593981694
1937-1938 recession,1937-1938,1938-06-01,396,324,during,0.5176858889181981
1937-1938 recession,1937-1938,1938-06-02,397,325,post,0.5327078031558591
1937-1938 recession,1937-1938,1938-06-03,398,326,post,0.524347370732969
1937-1938 recession,1937-1938,1938-06-04,399,327,post,0.5546233543450099
1937-1938 recession,1937-1938,1938-06-06,401,328,post,0.461384830341202
1937-1938 recession,1937-1938,1938-06-07,402,329,post,0.5501313605004947
1937-1938 recession,1937-1938,1938-06-08,403,330,post,0.5693023359359363
1937-1938 recession,1937-1938,1938-06-09,404,331,post,0.7036091420337198
1937-1938 recession,1937-1938,1938-06-10,405,332,post,0.5224789254166586
1937-1938 recession,1937-1938,1938-06-11,406,333,post,0.5817997124080487
1937-1938 recession,1937-1938,1938-06-13,408,334,post,0.5560386292028812
1937-1938 recession,1937-1938,1938-06-14,409,335,post,0.5447647640561963
1937-1938 recession,1937-1938,1938-06-15,410,336,post,0.5213736048607507
1937-1938 recession,1937-1938,1938-06-16,411,337,post,0.5841412910304573
1937-1938 recession,1937-1938,1938-06-17,412,338,post,0.542583527712761
1937-1938 recession,1937-1938,1938-06-18,413,339,post,0.5448934476900235
1937-1938 recession,1937-1938,1938-06-20,415,340,post,0.5048295569261454
1937-1938 recession,1937-1938,1938-06-21,416,341,post,0.5150219109259655
1937-1938 recession,1937-1938,1938-06-22,417,342,post,0.5057780047672501
1937-1938 recession,1937-1938,1938-06-23,418,343,post,0.5207716391322155
1937-1938 recession,1937-1938,1938-06-24,419,344,post,0.5102373690481756
1937-1938 recession,1937-1938,1938-06-25,420,345,post,0.5198060884861487
1937-1938 recession,1937-1938,1938-06-27,422,346,post,0.5648189188913059
1937-1938 recession,1937-1938,1938-06-28,423,347,post,0.5591380614026996
1937-1938 recession,1937-1938,1938-06-29,424,348,post,0.5748673941089227
1937-1938 recession,1937-1938,1938-06-30,425,349,post,0.5486391351727831
1937-1938 recession,1937-1938,1938-07-01,426,350,post,0.5602516859797789
1937-1938 recession,1937-1938,1938-07-02,427,351,post,0.527002867721526
1937-1938 recession,1937-1938,1938-07-05,430,352,post,0.2969516642595887
1937-1938 recession,1937-1938,1938-07-06,431,353,post,0.3316633718947517
1937-1938 recession,1937-1938,1938-07-07,432,354,post,0.4768705211032042
1937-1938 recession,1937-1938,1938-07-08,433,355,post,0.4610894923128544
1937-1938 recession,1937-1938,1938-07-09,434,356,post,0.2711838351162156
1937-1938 recession,1937-1938,1938-07-11,436,357,post,0.276148809919821
1937-1938 recession,1937-1938,1938-07-12,437,358,post,0.433888065111368
1937-1938 recession,1937-1938,1938-07-13,438,359,post,0.44073736902618
1937-1938 recession,1937-1938,1938-07-14,439,360,post,0.4790737783246148
1937-1938 recession,1937-1938,1938-07-15,440,361,post,0.5123240332179735
1937-1938 recession,1937-1938,1938-07-16,441,362,post,0.5483478699220188
1937-1938 recession,1937-1938,1938-07-18,443,363,post,0.4717598794421699
1937-1938 recession,1937-1938,1938-07-19,444,364,post,0.4640587812453276
1937-1938 recession,1937-1938,1938-07-20,445,365,post,0.5089191792330338
1937-1938 recession,1937-1938,1938-07-21,446,366,post,0.5128538820264621
1937-1938 recession,1937-1938,1938-07-22,447,367,post,0.5119663936422916
1937-1938 recession,1937-1938,1938-07-23,448,368,post,0.531152202907289
1937-1938 recession,1937-1938,1938-07-25,450,369,post,0.5443608915405188
1937-1938 recession,1937-1938,1938-07-26,451,370,post,0.5398114762942814
1937-1938 recession,1937-1938,1938-07-27,452,371,post,0.5338479202829342
1937-1938 recession,1937-1938,1938-07-28,453,372,post,0.5272902979023493
1937-1938 recession,1937-1938,1938-07-29,454,373,post,0.538057421650829
1937-1938 recession,1937-1938,1938-07-30,455,374,post,0.5380613877216649
1937-1938 recession,1937-1938,1938-08-01,457,375,post,0.5534705022941468
1937-1938 recession,1937-1938,1938-08-02,458,376,post,0.5499185626681135
1937-1938 recession,1937-1938,1938-08-03,459,377,post,0.5384920165138531
1937-1938 recession,1937-1938,1938-08-04,460,378,post,0.4495403483726932
1937-1938 recession,1937-1938,1938-08-05,461,379,post,0.2010927356055184
1937-1938 recession,1937-1938,1938-08-06,462,380,post,0.2388599930955477
1937-1938 recession,1937-1938,1938-08-08,464,381,post,0.0970772218914324
1937-1938 recession,1937-1938,1938-08-09,465,382,post,0.1623823915561021
1937-1938 recession,1937-1938,1938-08-10,466,383,post,0.1401030449589933
1937-1938 recession,1937-1938,1938-08-11,467,384,post,0.304279815887611
1937-1938 recession,1937-1938,1938-08-12,468,385,post,0.3260512470248619
1937-1938 recession,1937-1938,1938-08-13,469,386,post,0.5014173640306547
1937-1938 recession,1937-1938,1938-08-15,471,387,post,0.4645177300805413
1937-1938 recession,1937-1938,1938-08-16,472,388,post,0.4737983212601965
1937-1938 recession,1937-1938,1938-08-17,473,389,post,0.4840566941514647
1937-1938 recession,1937-1938,1938-08-18,474,390,post,0.4664674419795093
1937-1938 recession,1937-1938,1938-08-19,475,391,post,0.3544392248157477
1937-1938 recession,1937-1938,1938-08-20,476,392,post,0.3865809383362903
1937-1938 recession,1937-1938,1938-08-22,478,393,post,0.3660303207978997
1937-1938 recession,1937-1938,1938-08-23,479,394,post,0.3986571420123327
1937-1938 recession,1937-1938,1938-08-24,480,395,post,0.4054277633592301
1937-1938 recession,1937-1938,1938-08-25,481,396,post,0.3969197630792823
1937-1938 recession,1937-1938,1938-08-26,482,397,post,0.4016659293404487
1937-1938 recession,1937-1938,1938-08-27,483,398,post,0.3894247456264944
1937-1938 recession,1937-1938,1938-08-29,485,399,post,0.4051722444903619
1937-1938 recession,1937-1938,1938-08-30,486,400,post,0.38271003295853
1937-1938 recession,1937-1938,1938-08-31,487,401,post,0.4381191528046898
1937-1938 recession,1937-1938,1938-09-01,488,402,post,0.4470577598770543
1937-1938 recession,1937-1938,1938-09-02,489,403,post,0.4060916004709852
1937-1938 recession,1937-1938,1938-09-03,490,404,post,0.2662004778755785
1937-1938 recession,1937-1938,1938-09-06,493,405,post,0.4161898151493891
1937-1938 recession,1937-1938,1938-09-07,494,406,post,0.3139304987353216
1937-1938 recession,1937-1938,1938-09-08,495,407,post,0.4688663820386394
1937-1938 recession,1937-1938,1938-09-09,496,408,post,0.504418737691716
1937-1938 recession,1937-1938,1938-09-10,497,409,post,0.507440072593748
1937-1938 recession,1937-1938,1938-09-12,499,410,post,0.4956156714354046
1937-1938 recession,1937-1938,1938-09-13,500,411,post,0.5684608468413402
1937-1938 recession,1937-1938,1938-09-14,501,412,post,0.5017357271167023
1937-1938 recession,1937-1938,1938-09-15,502,413,post,0.3376947383896415
1937-1938 recession,1937-1938,1938-09-16,503,414,post,0.4338447262910385
1937-1938 recession,1937-1938,1938-09-17,504,415,post,0.4372759719198965
1937-1938 recession,1937-1938,1938-09-19,506,416,post,0.5257221720700153
1937-1938 recession,1937-1938,1938-09-20,507,417,post,0.5421373651535866
1937-1938 recession,1937-1938,1938-09-21,508,418,post,0.5369380182929644
1937-1938 recession,1937-1938,1938-09-22,509,419,post,0.5422280168286707
1937-1938 recession,1937-1938,1938-09-23,510,420,post,0.5394854422850864
1937-1938 recession,1937-1938,1938-09-24,511,421,post,0.5448599584944894
1937-1938 recession,1937-1938,1938-09-26,513,422,post,0.5635427460074672
1937-1938 recession,1937-1938,1938-09-27,514,423,post,0.5502300231135347
1937-1938 recession,1937-1938,1938-09-28,515,424,post,0.544714715617838
1937-1938 recession,1937-1938,1938-09-29,516,425,post,0.570259869466869
1937-1938 recession,1937-1938,1938-09-30,517,426,post,0.5796556559898446
1937-1938 recession,1937-1938,1938-10-01,518,427,post,0.5903698352708953
1937-1938 recession,1937-1938,1938-10-03,520,428,post,0.5331212126689808
1937-1938 recession,1937-1938,1938-10-04,521,429,post,0.5329157785045819
1937-1938 recession,1937-1938,1938-10-05,522,430,post,0.5399938809771611
Postwar recession,1945,1944-09-28,-126,-102,pre,0.5640375856488933
Postwar recession,1945,1944-09-29,-125,-101,pre,0.7001740729652518
Postwar recession,1945,1944-09-30,-124,-100,pre,0.5752863877241818
Postwar recession,1945,1944-10-02,-122,-99,pre,0.5679504339293928
Postwar recession,1945,1944-10-03,-121,-98,pre,0.5669394908245459
Postwar recession,1945,1944-10-04,-120,-97,pre,0.5037564649311321
Postwar recession,1945,1944-10-05,-119,-96,pre,0.5042288940182607
Postwar recession,1945,1944-10-06,-118,-95,pre,0.48751185029908
Postwar recession,1945,1944-10-07,-117,-94,pre,0.4658119261548487
Postwar recession,1945,1944-10-09,-115,-93,pre,0.5032408446220613
Postwar recession,1945,1944-10-10,-114,-92,pre,0.5444517749218656
Postwar recession,1945,1944-10-11,-113,-91,pre,0.574933851732293
Postwar recession,1945,1944-10-13,-111,-90,pre,0.5374132052031377
Postwar recession,1945,1944-10-14,-110,-89,pre,0.5745386655324154
Postwar recession,1945,1944-10-16,-108,-88,pre,0.5511144971073217
Postwar recession,1945,1944-10-17,-107,-87,pre,0.5387444541923838
Postwar recession,1945,1944-10-18,-106,-86,pre,0.5450097815219248
Postwar recession,1945,1944-10-19,-105,-85,pre,0.4859747825312936
Postwar recession,1945,1944-10-20,-104,-84,pre,0.4612208866404524
Postwar recession,1945,1944-10-21,-103,-83,pre,0.5241151413255885
Postwar recession,1945,1944-10-23,-101,-82,pre,0.5129502911332802
Postwar recession,1945,1944-10-24,-100,-81,pre,0.5610425989787446
Postwar recession,1945,1944-10-25,-99,-80,pre,0.5555791943941919
Postwar recession,1945,1944-10-26,-98,-79,pre,0.5504915500470992
Postwar recession,1945,1944-10-27,-97,-78,pre,0.4981216925571767
Postwar recession,1945,1944-10-28,-96,-77,pre,0.5114925886126065
Postwar recession,1945,1944-10-30,-94,-76,pre,0.5252738359287326
Postwar recession,1945,1944-10-31,-93,-75,pre,0.5468160904439856
Postwar recession,1945,1944-11-01,-92,-74,pre,0.533722990413657
Postwar recession,1945,1944-11-02,-91,-73,pre,0.5610227121670986
Postwar recession,1945,1944-11-03,-90,-72,pre,0.6900705009343598
Postwar recession,1945,1944-11-04,-89,-71,pre,0.6898578210052249
Postwar recession,1945,1944-11-06,-87,-70,pre,0.550596249481518
Postwar recession,1945,1944-11-08,-85,-69,pre,0.5414784916143428
Postwar recession,1945,1944-11-09,-84,-68,pre,0.6889510424807552
Postwar recession,1945,1944-11-10,-83,-67,pre,0.4789002455056131
Postwar recession,1945,1944-11-13,-80,-66,pre,0.4996669077232994
Postwar recession,1945,1944-11-14,-79,-65,pre,0.3832423250856175
Postwar recession,1945,1944-11-15,-78,-64,pre,0.3865727726894817
Postwar recession,1945,1944-11-16,-77,-63,pre,0.4988011768974865
Postwar recession,1945,1944-11-17,-76,-62,pre,0.3324360972110908
Postwar recession,1945,1944-11-18,-75,-61,pre,0.3329889826933125
Postwar recession,1945,1944-11-20,-73,-60,pre,0.4797853226508334
Postwar recession,1945,1944-11-21,-72,-59,pre,0.5342968154611493
Postwar recession,1945,1944-11-22,-71,-58,pre,0.5195895292617473
Postwar recession,1945,1944-11-24,-69,-57,pre,0.5668937070304791
Postwar recession,1945,1944-11-25,-68,-56,pre,0.558824924195575
Postwar recession,1945,1944-11-27,-66,-55,pre,0.5636158563507387
Postwar recession,1945,1944-11-28,-65,-54,pre,0.5795423420198749
Postwar recession,1945,1944-11-29,-64,-53,pre,0.218918878515588
Postwar recession,1945,1944-11-30,-63,-52,pre,0.093806242403487
Postwar recession,1945,1944-12-01,-62,-51,pre,0.1547617659536552
Postwar recession,1945,1944-12-02,-61,-50,pre,0.193338469641939
Postwar recession,1945,1944-12-04,-59,-49,pre,0.3780832346488111
Postwar recession,1945,1944-12-05,-58,-48,pre,0.3490550774667427
Postwar recession,1945,1944-12-06,-57,-47,pre,0.399927693357491
Postwar recession,1945,1944-12-07,-56,-46,pre,0.4335905577085823
Postwar recession,1945,1944-12-08,-55,-45,pre,0.4811470639228675
Postwar recession,1945,1944-12-09,-54,-44,pre,0.3056160793947369
Postwar recession,1945,1944-12-11,-52,-43,pre,0.5715585336211635
Postwar recession,1945,1944-12-12,-51,-42,pre,0.5517499829632125
Postwar recession,1945,1944-12-13,-50,-41,pre,0.5678015746995236
Postwar recession,1945,1944-12-14,-49,-40,pre,0.5362948431228661
Postwar recession,1945,1944-12-15,-48,-39,pre,0.545567674425713
Postwar recession,1945,1944-12-16,-47,-38,pre,0.5567285568868713
Postwar recession,1945,1944-12-18,-45,-37,pre,0.5226720201809896
Postwar recession,1945,1944-12-19,-44,-36,pre,0.5092246545062595
Postwar recession,1945,1944-12-20,-43,-35,pre,0.5266741629939482
Postwar recession,1945,1944-12-21,-42,-34,pre,0.5798054750657309
Postwar recession,1945,1944-12-22,-41,-33,pre,0.5568361574287775
Postwar recession,1945,1944-12-23,-40,-32,pre,0.5679557884568205
Postwar recession,1945,1944-12-26,-37,-31,pre,0.5587301185140436
Postwar recession,1945,1944-12-27,-36,-30,pre,0.5592201175378874
Postwar recession,1945,1944-12-28,-35,-29,pre,0.5073091225785811
Postwar recession,1945,1944-12-29,-34,-28,pre,0.5326857562762529
Postwar recession,1945,1944-12-30,-33,-27,pre,0.5197042516902277
Postwar recession,1945,1945-01-02,-30,-26,pre,0.4749145543074247
Postwar recession,1945,1945-01-03,-29,-25,pre,0.5410023318658872
Postwar recession,1945,1945-01-04,-28,-24,pre,0.4611190032611721
Postwar recession,1945,1945-01-05,-27,-23,pre,0.4314363490983478
Postwar recession,1945,1945-01-06,-26,-22,pre,0.3534874810494575
Postwar recession,1945,1945-01-08,-24,-21,pre,0.4572620190481887
Postwar recession,1945,1945-01-09,-23,-20,pre,0.4632027824632106
Postwar recession,1945,1945-01-10,-22,-19,pre,0.4775957985239965
Postwar recession,1945,1945-01-11,-21,-18,pre,0.4422694549240272
Postwar recession,1945,1945-01-12,-20,-17,pre,0.4496895843654868
Postwar recession,1945,1945-01-13,-19,-16,pre,0.219242892847643
Postwar recession,1945,1945-01-15,-17,-15,pre,0.3387866790284368
Postwar recession,1945,1945-01-16,-16,-14,pre,0.5251856336988132
Postwar recession,1945,1945-01-17,-15,-13,pre,0.5051819819203189
Postwar recession,1945,1945-01-18,-14,-12,pre,0.4717679774125257
Postwar recession,1945,1945-01-19,-13,-11,pre,0.4465165768552106
Postwar recession,1945,1945-01-20,-12,-10,pre,0.4030021462722077
Postwar recession,1945,1945-01-22,-10,-9,pre,0.2313576019373168
Postwar recession,1945,1945-01-23,-9,-8,pre,0.3320577114047967
Postwar recession,1945,1945-01-24,-8,-7,pre,0.2142155957785597
Postwar recession,1945,1945-01-25,-7,-6,pre,0.2700798323671874
Postwar recession,1945,1945-01-26,-6,-5,pre,0.0821128882390217
Postwar recession,1945,1945-01-27,-5,-4,pre,0.2471975646515679
Postwar recession,1945,1945-01-29,-3,-3,pre,0.2524238959509304
Postwar recession,1945,1945-01-30,-2,-2,pre,0.4970406653938536
Postwar recession,1945,1945-01-31,-1,-1,pre,0.4801596355897729
Postwar recession,1945,1945-02-01,0,0,during,0.3849283359878698
Postwar recession,1945,1945-02-02,1,1,during,0.3834929178005
Postwar recession,1945,1945-02-03,2,2,during,0.3945212941575561
Postwar recession,1945,1945-02-05,4,3,during,0.4637948635266472
Postwar recession,1945,1945-02-06,5,4,during,0.2860258068583424
Postwar recession,1945,1945-02-07,6,5,during,0.3156051763911646
Postwar recession,1945,1945-02-08,7,6,during,0.3271162313630698
Postwar recession,1945,1945-02-09,8,7,during,0.2965354319918703
Postwar recession,1945,1945-02-10,9,8,during,0.3472343463277479
Postwar recession,1945,1945-02-13,12,9,during,0.4804657651242154
Postwar recession,1945,1945-02-14,13,10,during,0.4613807219448264
Postwar recession,1945,1945-02-15,14,11,during,0.4253689809783612
Postwar recession,1945,1945-02-16,15,12,during,0.4778949374062459
Postwar recession,1945,1945-02-17,16,13,during,0.3026939575670024
Postwar recession,1945,1945-02-19,18,14,during,0.3733615191496554
Postwar recession,1945,1945-02-20,19,15,during,0.3496868224291385
Postwar recession,1945,1945-02-21,20,16,during,0.4767316760980651
Postwar recession,1945,1945-02-23,22,17,during,0.2615851341944296
Postwar recession,1945,1945-02-24,23,18,during,0.3851979853032081
Postwar recession,1945,1945-02-26,25,19,during,0.3602229392400889
Postwar recession,1945,1945-02-27,26,20,during,0.3543260518572874
Postwar recession,1945,1945-02-28,27,21,during,0.4599182847420529
Postwar recession,1945,1945-03-01,28,22,during,0.4881306841141345
Postwar recession,1945,1945-03-02,29,23,during,0.5364756572253745
Postwar recession,1945,1945-03-03,30,24,during,0.3349951993747845
Postwar recession,1945,1945-03-05,32,25,during,0.4594201153344623
Postwar recession,1945,1945-03-06,33,26,during,0.4137994406952719
Postwar recession,1945,1945-03-07,34,27,during,0.4111785937958826
Postwar recession,1945,1945-03-08,35,28,during,0.4874128962649533
Postwar recession,1945,1945-03-09,36,29,during,0.4230876378388125
Postwar recession,1945,1945-03-10,37,30,during,0.5544181243170708
Postwar recession,1945,1945-03-12,39,31,during,0.5407911884171319
Postwar recession,1945,1945-03-13,40,32,during,0.5202912425965389
Postwar recession,1945,1945-03-14,41,33,during,0.3661178026836719
Postwar recession,1945,1945-03-15,42,34,during,0.387344856460177
Postwar recession,1945,1945-03-16,43,35,during,0.3270336433263949
Postwar recession,1945,1945-03-17,44,36,during,0.3393689408168466
Postwar recession,1945,1945-03-19,46,37,during,0.4364318434793096
Postwar recession,1945,1945-03-20,47,38,during,0.2650483515660543
Postwar recession,1945,1945-03-21,48,39,during,0.3246430427867927
Postwar recession,1945,1945-03-22,49,40,during,0.4652582193901415
Postwar recession,1945,1945-03-23,50,41,during,0.5188528827359351
Postwar recession,1945,1945-03-24,51,42,during,0.5095197210616338
Postwar recession,1945,1945-03-26,53,43,during,0.5410207734291382
Postwar recession,1945,1945-03-27,54,44,during,0.5420985924047791
Postwar recession,1945,1945-03-28,55,45,during,0.6801785892837943
Postwar recession,1945,1945-03-29,56,46,during,0.6799537240166658
Postwar recession,1945,1945-03-31,58,47,during,0.5498594552656864
Postwar recession,1945,1945-04-02,60,48,during,0.555157819382059
Postwar recession,1945,1945-04-03,61,49,during,0.5574901062653697
Postwar recession,1945,1945-04-04,62,50,during,0.5592233084416116
Postwar recession,1945,1945-04-05,63,51,during,0.5424415767736207
Postwar recession,1945,1945-04-06,64,52,during,0.5275194076273457
Postwar recession,1945,1945-04-07,65,53,during,0.5445753655089044
Postwar recession,1945,1945-04-09,67,54,during,0.405488195060734
Postwar recession,1945,1945-04-10,68,55,during,0.5107922905289755
Postwar recession,1945,1945-04-11,69,56,during,0.2968059331887473
Postwar recession,1945,1945-04-12,70,57,during,0.5036355676830218
Postwar recession,1945,1945-04-13,71,58,during,0.5146533258646498
Postwar recession,1945,1945-04-16,74,59,during,0.5106943166220702
Postwar recession,1945,1945-04-17,75,60,during,0.3055829234804649
Postwar recession,1945,1945-04-18,76,61,during,0.3297005210361091
Postwar recession,1945,1945-04-19,77,62,during,0.3185930324910243
Postwar recession,1945,1945-04-20,78,63,during,0.486136605362695
Postwar recession,1945,1945-04-21,79,64,during,0.3450689932234009
Postwar recession,1945,1945-04-23,81,65,during,0.5228347243971152
Postwar recession,1945,1945-04-24,82,66,during,0.4807041351002131
Postwar recession,1945,1945-04-25,83,67,during,0.4906028893896941
Postwar recession,1945,1945-04-26,84,68,during,0.4874157539905255
Postwar recession,1945,1945-04-27,85,69,during,0.4935305344775884
Postwar recession,1945,1945-04-28,86,70,during,0.5182526552240675
Postwar recession,1945,1945-04-30,88,71,during,0.531149364502199
Postwar recession,1945,1945-05-01,89,72,during,0.5320178341016568
Postwar recession,1945,1945-05-02,90,73,during,0.5319476489411171
Postwar recession,1945,1945-05-03,91,74,during,0.5332408819303891
Postwar recession,1945,1945-05-04,92,75,during,0.5395262257243074
Postwar recession,1945,1945-05-05,93,76,during,0.5524155199205836
Postwar recession,1945,1945-05-07,95,77,during,0.4903655156746381
Postwar recession,1945,1945-05-08,96,78,during,0.4868850017444069
Postwar recession,1945,1945-05-09,97,79,during,0.3225062663798487
Postwar recession,1945,1945-05-10,98,80,during,0.4981315424325354
Postwar recession,1945,1945-05-11,99,81,during,0.5119332396237429
Postwar recession,1945,1945-05-12,100,82,during,0.4764367490230542
Postwar recession,1945,1945-05-14,102,83,during,0.4647462223237969
Postwar recession,1945,1945-05-15,103,84,during,0.3344005246276418
Postwar recession,1945,1945-05-16,104,85,during,0.4667893812801814
Postwar recession,1945,1945-05-17,105,86,during,0.5216591186121793
Postwar recession,1945,1945-05-18,106,87,during,0.545794488225752
Postwar recession,1945,1945-05-19,107,88,during,0.5595504345043217
Postwar recession,1945,1945-05-21,109,89,during,0.36388342468789
Postwar recession,1945,1945-05-22,110,90,during,0.3988652113481588
Postwar recession,1945,1945-05-23,111,91,during,0.4093652931034112
Postwar recession,1945,1945-05-24,112,92,during,0.5145507936382906
Postwar recession,1945,1945-05-25,113,93,during,0.5441987149686254
Postwar recession,1945,1945-05-26,114,94,during,0.5082160184691229
Postwar recession,1945,1945-05-28,116,95,during,0.5145170614913466
Postwar recession,1945,1945-05-29,117,96,during,0.3878449369055844
Postwar recession,1945,1945-05-31,119,97,during,0.3900450408740402
Postwar recession,1945,1945-06-01,120,98,during,0.3556392897587923
Postwar recession,1945,1945-06-02,121,99,during,0.197711153497543
Postwar recession,1945,1945-06-04,123,100,during,0.3455080548935832
Postwar recession,1945,1945-06-05,124,101,during,0.3676949291648313
Postwar recession,1945,1945-06-06,125,102,during,0.3694654631833974
Postwar recession,1945,1945-06-07,126,103,during,0.4257173349575676
Postwar recession,1945,1945-06-08,127,104,during,0.3198883324957776
Postwar recession,1945,1945-06-09,128,105,during,0.3599576011540177
Postwar recession,1945,1945-06-11,130,106,during,0.3865654998208436
Postwar recession,1945,1945-06-12,131,107,during,0.4441224716333174
Postwar recession,1945,1945-06-13,132,108,during,0.2628315150986686
Postwar recession,1945,1945-06-14,133,109,during,0.4140956334951644
Postwar recession,1945,1945-06-15,134,110,during,0.3502180770502477
Postwar recession,1945,1945-06-16,135,111,during,0.2989159938924771
Postwar recession,1945,1945-06-18,137,112,during,0.3575696221054714
Postwar recession,1945,1945-06-19,138,113,during,0.2939824838656518
Postwar recession,1945,1945-06-20,139,114,during,0.2971614995128318
Postwar recession,1945,1945-06-21,140,115,during,0.3434228743033123
Postwar recession,1945,1945-06-22,141,116,during,0.3281229574232298
Postwar recession,1945,1945-06-23,142,117,during,0.472761584813442
Postwar recession,1945,1945-06-25,144,118,during,0.3848177824684353
Postwar recession,1945,1945-06-26,145,119,during,0.4669382901325958
Postwar recession,1945,1945-06-27,146,120,during,0.342734363143273
Postwar recession,1945,1945-06-28,147,121,during,0.5079609577796849
Postwar recession,1945,1945-06-29,148,122,during,0.4206185313254019
Postwar recession,1945,1945-06-30,149,123,during,0.5481398815412227
Postwar recession,1945,1945-07-02,151,124,during,0.3847624359391033
Postwar recession,1945,1945-07-03,152,125,during,0.3847877377641241
Postwar recession,1945,1945-07-05,154,126,during,0.4817486839980883
Postwar recession,1945,1945-07-06,155,127,during,0.4975123268386774
Postwar recession,1945,1945-07-09,158,128,during,0.2850170325776779
Postwar recession,1945,1945-07-10,159,129,during,0.3223400113020659
Postwar recession,1945,1945-07-11,160,130,during,0.5194267416203696
Postwar recession,1945,1945-07-12,161,131,during,0.5008655848128674
Postwar recession,1945,1945-07-13,162,132,during,0.2848159320625384
Postwar recession,1945,1945-07-16,165,133,during,0.3526591824520642
Postwar recession,1945,1945-07-17,166,134,during,0.5023093474974223
Postwar recession,1945,1945-07-18,167,135,during,0.3485355165432556
Postwar recession,1945,1945-07-19,168,136,during,0.5052286211237682
Postwar recession,1945,1945-07-20,169,137,during,0.4898687288038117
Postwar recession,1945,1945-07-23,172,138,during,0.4618411052846952
Postwar recession,1945,1945-07-24,173,139,during,0.5429181857465013
Postwar recession,1945,1945-07-25,174,140,during,0.5264508951393794
Postwar recession,1945,1945-07-26,175,141,during,0.364257540197593
Postwar recession,1945,1945-07-27,176,142,during,0.3941999961116
Postwar recession,1945,1945-07-30,179,143,during,0.3656123408758865
Postwar recession,1945,1945-07-31,180,144,during,0.365591821012701
Postwar recession,1945,1945-08-01,181,145,during,0.4936751477834611
Postwar recession,1945,1945-08-02,182,146,during,0.5176434602748203
Postwar recession,1945,1945-08-03,183,147,during,0.4840436948827309
Postwar recession,1945,1945-08-06,186,148,during,0.4602492997425517
Postwar recession,1945,1945-08-07,187,149,during,0.4978861110417926
Postwar recession,1945,1945-08-08,188,150,during,0.3749185520390479
Postwar recession,1945,1945-08-09,189,151,during,0.3809550881754867
Postwar recession,1945,1945-08-10,190,152,during,0.327002655644667
Postwar recession,1945,1945-08-13,193,153,during,0.3172390674105559
Postwar recession,1945,1945-08-14,194,154,during,0.2395578600810117
Postwar recession,1945,1945-08-17,197,155,during,0.1841670355828187
Postwar recession,1945,1945-08-20,200,156,during,0.1989683402043907
Postwar recession,1945,1945-08-21,201,157,during,0.1165162687717922
Postwar recession,1945,1945-08-22,202,158,during,0.0936868496304984
Postwar recession,1945,1945-08-23,203,159,during,0.3541489947423268
Postwar recession,1945,1945-08-24,204,160,during,0.4429798889856751
Postwar recession,1945,1945-08-27,207,161,during,0.3219301480182961
Postwar recession,1945,1945-08-28,208,162,during,0.4712120550378827
Postwar recession,1945,1945-08-29,209,163,during,0.5171985429050803
Postwar recession,1945,1945-08-30,210,164,during,0.2383177624852287
Postwar recession,1945,1945-08-31,211,165,during,0.2124859778376535
Postwar recession,1945,1945-09-04,215,166,during,0.1884549377894305
Postwar recession,1945,1945-09-05,216,167,during,0.1415912077877789
Postwar recession,1945,1945-09-06,217,168,during,0.2246793161391322
Postwar recession,1945,1945-09-07,218,169,during,0.2180840469751225
Postwar recession,1945,1945-09-08,219,170,during,0.0252972491883079
Postwar recession,1945,1945-09-10,221,171,during,0.2273860703190837
Postwar recession,1945,1945-09-11,222,172,during,0.1071912884956501
Postwar recession,1945,1945-09-12,223,173,during,0.2701712137621556
Postwar recession,1945,1945-09-13,224,174,during,0.3001172421459106
Postwar recession,1945,1945-09-14,225,175,during,0.1959917852778035
Postwar recession,1945,1945-09-15,226,176,during,0.3132382104643448
Postwar recession,1945,1945-09-17,228,177,during,0.3046358570753107
Postwar recession,1945,1945-09-18,229,178,during,0.2222763752516749
Postwar recession,1945,1945-09-19,230,179,during,0.3501470925525888
Postwar recession,1945,1945-09-20,231,180,during,0.3147111151132734
Postwar recession,1945,1945-09-21,232,181,during,0.1446355275328944
Postwar recession,1945,1945-09-22,233,182,during,0.2316645857594219
Postwar recession,1945,1945-09-24,235,183,during,0.2731069959823219
Postwar recession,1945,1945-09-25,236,184,during,0.2299552145907064
Postwar recession,1945,1945-09-26,237,185,during,0.3150335122227423
Postwar recession,1945,1945-09-27,238,186,during,0.3834363046679331
Postwar recession,1945,1945-09-28,239,187,during,0.496641579805374
Postwar recession,1945,1945-09-29,240,188,during,0.5310722412524341
Postwar recession,1945,1945-10-01,242,189,during,0.5274811795143951
Postwar recession,1945,1945-10-02,243,190,post,0.5164962702107089
Postwar recession,1945,1945-10-03,244,191,post,0.5046630107045065
Postwar recession,1945,1945-10-04,245,192,post,0.3714033853152833
Postwar recession,1945,1945-10-05,246,193,post,0.5638514985938364
Postwar recession,1945,1945-10-06,247,194,post,0.5663575918145145
Postwar recession,1945,1945-10-08,249,195,post,0.5396196940922947
Postwar recession,1945,1945-10-09,250,196,post,0.4506355884054021
Postwar recession,1945,1945-10-10,251,197,post,0.5033836694403259
Postwar recession,1945,1945-10-11,252,198,post,0.48610058381745
Postwar recession,1945,1945-10-15,256,199,post,0.3850907852683533
Postwar recession,1945,1945-10-16,257,200,post,0.442222437168995
Postwar recession,1945,1945-10-17,258,201,post,0.4621429828979696
Postwar recession,1945,1945-10-18,259,202,post,0.424133198093447
Postwar recession,1945,1945-10-19,260,203,post,0.4098790529953945
Postwar recession,1945,1945-10-20,261,204,post,0.4457232314869408
Postwar recession,1945,1945-10-22,263,205,post,0.4913120092939462
Postwar recession,1945,1945-10-23,264,206,post,0.4709316254736351
Postwar recession,1945,1945-10-24,265,207,post,0.4882697892937844
Postwar recession,1945,1945-10-25,266,208,post,0.4635371723755776
Postwar recession,1945,1945-10-26,267,209,post,0.4368994807307824
Postwar recession,1945,1945-10-29,270,210,post,0.4124122076744753
Postwar recession,1945,1945-10-30,271,211,post,0.4274139230956836
Postwar recession,1945,1945-10-31,272,212,post,0.5473493028383182
Postwar recession,1945,1945-11-01,273,213,post,0.6965570278122712
Postwar recession,1945,1945-11-02,274,214,post,0.5478739072601906
Postwar recession,1945,1945-11-03,275,215,post,0.5345057330745464
Postwar recession,1945,1945-11-05,277,216,post,0.5126620136517921
Postwar recession,1945,1945-11-07,279,217,post,0.5436770961680426
Postwar recession,1945,1945-11-08,280,218,post,0.5566137107565576
Postwar recession,1945,1945-11-09,281,219,post,0.523412815392335
Postwar recession,1945,1945-11-10,282,220,post,0.572599005288881
Postwar recession,1945,1945-11-13,285,221,post,0.3145603903612256
Postwar recession,1945,1945-11-14,286,222,post,0.3469162173094781
Postwar recession,1945,1945-11-15,287,223,post,0.248003412675978
Postwar recession,1945,1945-11-16,288,224,post,0.2813832929850621
Postwar recession,1945,1945-11-17,289,225,post,0.332359247908666
Postwar recession,1945,1945-11-19,291,226,post,0.1186907047462582
Postwar recession,1945,1945-11-20,292,227,post,0.3002502909896002
Postwar recession,1945,1945-11-21,293,228,post,0.1388883820140006
Postwar recession,1945,1945-11-23,295,229,post,0.216452427472036
Postwar recession,1945,1945-11-24,296,230,post,0.2785049304403858
Postwar recession,1945,1945-11-26,298,231,post,0.4646389211156961
Postwar recession,1945,1945-11-27,299,232,post,0.4135715395219453
Postwar recession,1945,1945-11-28,300,233,post,0.4082630111460844
Postwar recession,1945,1945-11-29,301,234,post,0.4647411527157604
Postwar recession,1945,1945-11-30,302,235,post,0.4021313166564021
Postwar recession,1945,1945-12-01,303,236,post,0.3666079754536173
Postwar recession,1945,1945-12-03,305,237,post,0.3884903574914031
Postwar recession,1945,1945-12-04,306,238,post,0.3701202240140978
Postwar recession,1945,1945-12-05,307,239,post,0.1901638167061528
Postwar recession,1945,1945-12-06,308,240,post,0.3217535691676905
Postwar recession,1945,1945-12-07,309,241,post,0.265333768493008
Postwar recession,1945,1945-12-08,310,242,post,0.1085723227890337
Postwar recession,1945,1945-12-10,312,243,post,0.3124335328550046
Postwar recession,1945,1945-12-11,313,244,post,0.3522247250446048
Postwar recession,1945,1945-12-12,314,245,post,0.4306785671422282
Postwar recession,1945,1945-12-13,315,246,post,0.5349399310183294
Postwar recession,1945,1945-12-14,316,247,post,0.5503770044991412
Postwar recession,1945,1945-12-15,317,248,post,0.5051208613873336
Postwar recession,1945,1945-12-17,319,249,post,0.5190437729525568
Postwar recession,1945,1945-12-18,320,250,post,0.5264927336501112
Postwar recession,1945,1945-12-19,321,251,post,0.6785690724556664
Postwar recession,1945,1945-12-20,322,252,post,0.678573178930041
Postwar recession,1945,1945-12-21,323,253,post,0.5540615016153198
Postwar recession,1945,1945-12-22,324,254,post,0.5485840461025826
Postwar recession,1945,1945-12-26,328,255,post,0.5505313083704901
Postwar recession,1945,1945-12-27,329,256,post,0.556159229474791
Postwar recession,1945,1945-12-28,330,257,post,0.6792720799476963
Postwar recession,1945,1945-12-29,331,258,post,0.5566180650976132
Postwar recession,1945,1945-12-31,333,259,post,0.5495158268144672
Postwar recession,1945,1946-01-02,335,260,post,0.5448477595008732
Postwar recession,1945,1946-01-03,336,261,post,0.5432153067938877
Postwar recession,1945,1946-01-04,337,262,post,0.5334812740104795
Postwar recession,1945,1946-01-05,338,263,post,0.6785141205699231
Postwar recession,1945,1946-01-07,340,264,post,0.5568640472984309
Postwar recession,1945,1946-01-08,341,265,post,0.5285584989527783
Postwar recession,1945,1946-01-09,342,266,post,0.5030392067323045
Postwar recession,1945,1946-01-10,343,267,post,0.5364672857852711
Postwar recession,1945,1946-01-11,344,268,post,0.5485545423033977
Postwar recession,1945,1946-01-12,345,269,post,0.536619448654547
Postwar recession,1945,1946-01-14,347,270,post,0.5445897021932484
Postwar recession,1945,1946-01-15,348,271,post,0.5472696678945976
Postwar recession,1945,1946-01-16,349,272,post,0.5295099398323511
Postwar recession,1945,1946-01-17,350,273,post,0.5184111351297929
Postwar recession,1945,1946-01-18,351,274,post,0.5028221557510181
Postwar recession,1945,1946-01-19,352,275,post,0.5248496828294199
Postwar recession,1945,1946-01-21,354,276,post,0.5562396031918813
Postwar recession,1945,1946-01-22,355,277,post,0.5119207490395907
Postwar recession,1945,1946-01-23,356,278,post,0.5305280534373009
Postwar recession,1945,1946-01-24,357,279,post,0.5309429462713037
Postwar recession,1945,1946-01-25,358,280,post,0.5082750202601792
Postwar recession,1945,1946-01-26,359,281,post,0.4695658091391631
Postwar recession,1945,1946-01-28,361,282,post,0.2899279925106023
Postwar recession,1945,1946-01-29,362,283,post,0.5124395329117474
Postwar recession,1945,1946-01-30,363,284,post,0.4840064538411932
Postwar recession,1945,1946-01-31,364,285,post,0.4988248536708085
Postwar recession,1945,1946-02-01,365,286,post,0.4919070706117477
Postwar recession,1945,1946-02-02,366,287,post,0.516420150101127
Postwar recession,1945,1946-02-04,368,288,post,0.504624316968275
1948-1949 recession,1948-1949,1948-06-28,-126,-92,pre,0.225988997895911
1948-1949 recession,1948-1949,1948-06-29,-125,-91,pre,0.0780882868770387
1948-1949 recession,1948-1949,1948-06-30,-124,-90,pre,0.3059517173655921
1948-1949 recession,1948-1949,1948-07-01,-123,-89,pre,0.107429976701618
1948-1949 recession,1948-1949,1948-07-02,-122,-88,pre,0.1517358986883094
1948-1949 recession,1948-1949,1948-07-06,-118,-87,pre,0.103886591148147
1948-1949 recession,1948-1949,1948-07-07,-117,-86,pre,0.1519690508985291
1948-1949 recession,1948-1949,1948-07-08,-116,-85,pre,0.0984897256219736
1948-1949 recession,1948-1949,1948-07-09,-115,-84,pre,0.0730482638605488
1948-1949 recession,1948-1949,1948-07-12,-112,-83,pre,-0.0641350321443134
1948-1949 recession,1948-1949,1948-07-13,-111,-82,pre,0.1617608026390934
1948-1949 recession,1948-1949,1948-07-14,-110,-81,pre,0.1655051149660504
1948-1949 recession,1948-1949,1948-07-15,-109,-80,pre,0.2074827851645341
1948-1949 recession,1948-1949,1948-07-16,-108,-79,pre,0.5213273976698544
1948-1949 recession,1948-1949,1948-07-19,-105,-78,pre,0.5233497526356429
1948-1949 recession,1948-1949,1948-07-20,-104,-77,pre,0.5151392736528502
1948-1949 recession,1948-1949,1948-07-21,-103,-76,pre,0.5389322550214126
1948-1949 recession,1948-1949,1948-07-22,-102,-75,pre,0.5520844044362464
1948-1949 recession,1948-1949,1948-07-23,-101,-74,pre,0.6778591610299264
1948-1949 recession,1948-1949,1948-07-26,-98,-73,pre,0.5458599925280401
1948-1949 recession,1948-1949,1948-07-27,-97,-72,pre,0.4796650383291633
1948-1949 recession,1948-1949,1948-07-28,-96,-71,pre,0.4846348747431038
1948-1949 recession,1948-1949,1948-07-29,-95,-70,pre,0.5250453481945934
1948-1949 recession,1948-1949,1948-07-30,-94,-69,pre,0.3918447024371784
1948-1949 recession,1948-1949,1948-08-02,-91,-68,pre,0.3978708470656569
1948-1949 recession,1948-1949,1948-08-03,-90,-67,pre,0.3864280625215271
1948-1949 recession,1948-1949,1948-08-04,-89,-66,pre,0.308404839575047
1948-1949 recession,1948-1949,1948-08-05,-88,-65,pre,0.4477103238082597
1948-1949 recession,1948-1949,1948-08-06,-87,-64,pre,0.3464250903546054
1948-1949 recession,1948-1949,1948-08-09,-84,-63,pre,0.4818885228584126
1948-1949 recession,1948-1949,1948-08-10,-83,-62,pre,0.5305780904355343
1948-1949 recession,1948-1949,1948-08-11,-82,-61,pre,0.527779848575585
1948-1949 recession,1948-1949,1948-08-12,-81,-60,pre,0.5395933052096489
1948-1949 recession,1948-1949,1948-08-13,-80,-59,pre,0.5385061191851437
1948-1949 recession,1948-1949,1948-08-16,-77,-58,pre,0.5254072210620142
1948-1949 recession,1948-1949,1948-08-17,-76,-57,pre,0.5309011045453189
1948-1949 recession,1948-1949,1948-08-18,-75,-56,pre,0.5060870696605498
1948-1949 recession,1948-1949,1948-08-19,-74,-55,pre,0.4856999954199104
1948-1949 recession,1948-1949,1948-08-20,-73,-54,pre,0.5258262403328775
1948-1949 recession,1948-1949,1948-08-23,-70,-53,pre,0.5461555055758232
1948-1949 recession,1948-1949,1948-08-24,-69,-52,pre,0.5341288068930882
1948-1949 recession,1948-1949,1948-08-25,-68,-51,pre,0.5237834153499733
1948-1949 recession,1948-1949,1948-08-26,-67,-50,pre,0.4964767261609368
1948-1949 recession,1948-1949,1948-08-27,-66,-49,pre,0.5363547468391626
1948-1949 recession,1948-1949,1948-08-30,-63,-48,pre,0.5372188930511042
1948-1949 recession,1948-1949,1948-08-31,-62,-47,pre,0.510379516487445
1948-1949 recession,1948-1949,1948-09-01,-61,-46,pre,0.5292561587997728
1948-1949 recession,1948-1949,1948-09-02,-60,-45,pre,0.5402117216380621
1948-1949 recession,1948-1949,1948-09-03,-59,-44,pre,0.5488225280506016
1948-1949 recession,1948-1949,1948-09-07,-55,-43,pre,0.5496322892472091
1948-1949 recession,1948-1949,1948-09-08,-54,-42,pre,0.5383201698251178
1948-1949 recession,1948-1949,1948-09-09,-53,-41,pre,0.5385728159117592
1948-1949 recession,1948-1949,1948-09-10,-52,-40,pre,0.5608370946236467
1948-1949 recession,1948-1949,1948-09-13,-49,-39,pre,0.5582938984014796
1948-1949 recession,1948-1949,1948-09-14,-48,-38,pre,0.5483173110496311
1948-1949 recession,1948-1949,1948-09-15,-47,-37,pre,0.6842930613945739
1948-1949 recession,1948-1949,1948-09-16,-46,-36,pre,0.684761795934584
1948-1949 recession,1948-1949,1948-09-17,-45,-35,pre,0.5654253601427456
1948-1949 recession,1948-1949,1948-09-20,-42,-34,pre,0.5638378130675195
1948-1949 recession,1948-1949,1948-09-21,-41,-33,pre,0.5638446850318951
1948-1949 recession,1948-1949,1948-09-22,-40,-32,pre,0.5651332193340675
1948-1949 recession,1948-1949,1948-09-23,-39,-31,pre,0.5017369434100237
1948-1949 recession,1948-1949,1948-09-24,-38,-30,pre,0.5433659723561595
1948-1949 recession,1948-1949,1948-09-27,-35,-29,pre,0.5577055097517932
1948-1949 recession,1948-1949,1948-09-28,-34,-28,pre,0.6896140162482984
1948-1949 recession,1948-1949,1948-09-29,-33,-27,pre,0.5594847865408968
1948-1949 recession,1948-1949,1948-09-30,-32,-26,pre,0.5701989969399235
1948-1949 recession,1948-1949,1948-10-01,-31,-25,pre,0.6914707447764499
1948-1949 recession,1948-1949,1948-10-02,-30,-24,pre,0.5733998786625083
1948-1949 recession,1948-1949,1948-10-04,-28,-23,pre,0.5745095281792538
1948-1949 recession,1948-1949,1948-10-05,-27,-22,pre,0.5716435285882187
1948-1949 recession,1948-1949,1948-10-06,-26,-21,pre,0.6940217686173111
1948-1949 recession,1948-1949,1948-10-07,-25,-20,pre,0.5672002165689543
1948-1949 recession,1948-1949,1948-10-08,-24,-19,pre,0.5581505464767424
1948-1949 recession,1948-1949,1948-10-09,-23,-18,pre,0.4310978166781761
1948-1949 recession,1948-1949,1948-10-11,-21,-17,pre,0.482305404885223
1948-1949 recession,1948-1949,1948-10-13,-19,-16,pre,0.414649351899315
1948-1949 recession,1948-1949,1948-10-14,-18,-15,pre,0.2560642784145311
1948-1949 recession,1948-1949,1948-10-15,-17,-14,pre,0.371148028750733
1948-1949 recession,1948-1949,1948-10-16,-16,-13,pre,0.4541256439701884
1948-1949 recession,1948-1949,1948-10-18,-14,-12,pre,0.5425849917247392
1948-1949 recession,1948-1949,1948-10-19,-13,-11,pre,0.5154062056570667
1948-1949 recession,1948-1949,1948-10-20,-12,-10,pre,0.5362827528520041
1948-1949 recession,1948-1949,1948-10-21,-11,-9,pre,0.5301405331313359
1948-1949 recession,1948-1949,1948-10-22,-10,-8,pre,0.5352073398512366
1948-1949 recession,1948-1949,1948-10-23,-9,-7,pre,0.389627546359295
1948-1949 recession,1948-1949,1948-10-25,-7,-6,pre,0.5211774541366857
1948-1949 recession,1948-1949,1948-10-26,-6,-5,pre,0.5201039773173868
1948-1949 recession,1948-1949,1948-10-27,-5,-4,pre,0.5436706777988964
1948-1949 recession,1948-1949,1948-10-28,-4,-3,pre,0.5221411313354808
1948-1949 recession,1948-1949,1948-10-29,-3,-2,pre,0.4547342358823833
1948-1949 recession,1948-1949,1948-10-30,-2,-1,pre,0.4736182781951445
1948-1949 recession,1948-1949,1948-11-01,0,0,during,0.4294869935582987
1948-1949 recession,1948-1949,1948-11-03,2,1,during,0.556768303692701
1948-1949 recession,1948-1949,1948-11-04,3,2,during,0.377333169736702
1948-1949 recession,1948-1949,1948-11-05,4,3,during,0.404317061330278
1948-1949 recession,1948-1949,1948-11-06,5,4,during,0.4082825106815061
1948-1949 recession,1948-1949,1948-11-08,7,5,during,0.4358006299743008
1948-1949 recession,1948-1949,1948-11-09,8,6,during,0.6000825646577809
1948-1949 recession,1948-1949,1948-11-10,9,7,during,0.5850023368066847
1948-1949 recession,1948-1949,1948-11-12,11,8,during,0.6000161161880035
1948-1949 recession,1948-1949,1948-11-13,12,9,during,0.5897265509269795
1948-1949 recession,1948-1949,1948-11-15,14,10,during,0.589706362545172
1948-1949 recession,1948-1949,1948-11-16,15,11,during,0.5852116638101704
1948-1949 recession,1948-1949,1948-11-17,16,12,during,0.5704762997841373
1948-1949 recession,1948-1949,1948-11-18,17,13,during,0.5504777722046559
1948-1949 recession,1948-1949,1948-11-19,18,14,during,0.377484994897183
1948-1949 recession,1948-1949,1948-11-20,19,15,during,0.3726129837087158
1948-1949 recession,1948-1949,1948-11-22,21,16,during,0.3703869450437436
1948-1949 recession,1948-1949,1948-11-23,22,17,during,0.4326960017065744
1948-1949 recession,1948-1949,1948-11-24,23,18,during,0.44490790026314
1948-1949 recession,1948-1949,1948-11-26,25,19,during,0.4226892901510819
1948-1949 recession,1948-1949,1948-11-27,26,20,during,0.4019016351860344
1948-1949 recession,1948-1949,1948-11-29,28,21,during,0.2890870159221917
1948-1949 recession,1948-1949,1948-11-30,29,22,during,0.2476493694789944
1948-1949 recession,1948-1949,1948-12-01,30,23,during,0.2849548517212091
1948-1949 recession,1948-1949,1948-12-02,31,24,during,0.5359801696031558
1948-1949 recession,1948-1949,1948-12-03,32,25,during,0.4248346105217099
1948-1949 recession,1948-1949,1948-12-04,33,26,during,0.5353149095588023
1948-1949 recession,1948-1949,1948-12-06,35,27,during,0.5512465826552324
1948-1949 recession,1948-1949,1948-12-07,36,28,during,0.5511518173193666
1948-1949 recession,1948-1949,1948-12-08,37,29,during,0.5602676504668335
1948-1949 recession,1948-1949,1948-12-09,38,30,during,0.5672120378679987
1948-1949 recession,1948-1949,1948-12-10,39,31,during,0.5576532163779501
1948-1949 recession,1948-1949,1948-12-11,40,32,during,0.5625672978741976
1948-1949 recession,1948-1949,1948-12-13,42,33,during,0.5505380887678705
1948-1949 recession,1948-1949,1948-12-14,43,34,during,0.556956946655989
1948-1949 recession,1948-1949,1948-12-15,44,35,during,0.5544474431159709
1948-1949 recession,1948-1949,1948-12-16,45,36,during,0.5576491410441762
1948-1949 recession,1948-1949,1948-12-17,46,37,during,0.549711220255372
1948-1949 recession,1948-1949,1948-12-18,47,38,during,0.5573615457008418
1948-1949 recession,1948-1949,1948-12-20,49,39,during,0.5503180733629
1948-1949 recession,1948-1949,1948-12-21,50,40,during,0.5496159280127237
1948-1949 recession,1948-1949,1948-12-22,51,41,during,0.5608583604018935
1948-1949 recession,1948-1949,1948-12-23,52,42,during,0.5593478907562061
1948-1949 recession,1948-1949,1948-12-24,53,43,during,0.5642273821106328
1948-1949 recession,1948-1949,1948-12-27,56,44,during,0.5686865627326465
1948-1949 recession,1948-1949,1948-12-28,57,45,during,0.5772414144702915
1948-1949 recession,1948-1949,1948-12-29,58,46,during,0.5901606136518351
1948-1949 recession,1948-1949,1948-12-30,59,47,during,0.5896741990720519
1948-1949 recession,1948-1949,1948-12-31,60,48,during,0.5887400049516819
1948-1949 recession,1948-1949,1949-01-03,63,49,during,0.7083116474049224
1948-1949 recession,1948-1949,1949-01-04,64,50,during,0.7086947839507743
1948-1949 recession,1948-1949,1949-01-05,65,51,during,0.5883572171879672
1948-1949 recession,1948-1949,1949-01-06,66,52,during,0.581866416474702
1948-1949 recession,1948-1949,1949-01-07,67,53,during,0.5611732453615109
1948-1949 recession,1948-1949,1949-01-08,68,54,during,0.5472768541934749
1948-1949 recession,1948-1949,1949-01-10,70,55,during,0.5519944285090134
1948-1949 recession,1948-1949,1949-01-11,71,56,during,0.548866530495668
1948-1949 recession,1948-1949,1949-01-12,72,57,during,0.5660262126321467
1948-1949 recession,1948-1949,1949-01-13,73,58,during,0.5654563217308208
1948-1949 recession,1948-1949,1949-01-14,74,59,during,0.5520991269194543
1948-1949 recession,1948-1949,1949-01-15,75,60,during,0.526375915529005
1948-1949 recession,1948-1949,1949-01-17,77,61,during,0.6951049846173272
1948-1949 recession,1948-1949,1949-01-18,78,62,during,0.6963698823559559
1948-1949 recession,1948-1949,1949-01-19,79,63,during,0.5539843173839285
1948-1949 recession,1948-1949,1949-01-20,80,64,during,0.6870511006904099
1948-1949 recession,1948-1949,1949-01-21,81,65,during,0.5660947941084712
1948-1949 recession,1948-1949,1949-01-22,82,66,during,0.4729211922401627
1948-1949 recession,1948-1949,1949-01-24,84,67,during,0.4495892575429871
1948-1949 recession,1948-1949,1949-01-25,85,68,during,0.3077172857100403
1948-1949 recession,1948-1949,1949-01-26,86,69,during,0.4559913148478438
1948-1949 recession,1948-1949,1949-01-27,87,70,during,0.3879788810049548
1948-1949 recession,1948-1949,1949-01-28,88,71,during,0.5533034365279413
1948-1949 recession,1948-1949,1949-01-29,89,72,during,0.5442334139163497
1948-1949 recession,1948-1949,1949-01-31,91,73,during,0.5364238417267007
1948-1949 recession,1948-1949,1949-02-01,92,74,during,0.5553837812330188
1948-1949 recession,1948-1949,1949-02-02,93,75,during,0.5689107573644746
1948-1949 recession,1948-1949,1949-02-03,94,76,during,0.688543609106435
1948-1949 recession,1948-1949,1949-02-04,95,77,during,0.5426630904099579
1948-1949 recession,1948-1949,1949-02-05,96,78,during,0.5278259586421444
1948-1949 recession,1948-1949,1949-02-07,98,79,during,0.5431005911037995
1948-1949 recession,1948-1949,1949-02-08,99,80,during,0.5268938158179842
1948-1949 recession,1948-1949,1949-02-09,100,81,during,0.5619199034170509
1948-1949 recession,1948-1949,1949-02-10,101,82,during,0.553977450128852
1948-1949 recession,1948-1949,1949-02-11,102,83,during,0.5151072626430563
1948-1949 recession,1948-1949,1949-02-14,105,84,during,0.3020874386417621
1948-1949 recession,1948-1949,1949-02-15,106,85,during,0.460281089409179
1948-1949 recession,1948-1949,1949-02-16,107,86,during,0.4374210671032615
1948-1949 recession,1948-1949,1949-02-17,108,87,during,0.3900194741836714
1948-1949 recession,1948-1949,1949-02-18,109,88,during,0.3934491413423343
1948-1949 recession,1948-1949,1949-02-19,110,89,during,0.4195408501867393
1948-1949 recession,1948-1949,1949-02-21,112,90,during,0.4147082218532632
1948-1949 recession,1948-1949,1949-02-23,114,91,during,0.4581204108163642
1948-1949 recession,1948-1949,1949-02-24,115,92,during,0.4893444463159284
1948-1949 recession,1948-1949,1949-02-25,116,93,during,0.4994663976384547
1948-1949 recession,1948-1949,1949-02-26,117,94,during,0.5168221318255873
1948-1949 recession,1948-1949,1949-02-28,119,95,during,0.5168011715509391
1948-1949 recession,1948-1949,1949-03-01,120,96,during,0.5221901401865585
1948-1949 recession,1948-1949,1949-03-02,121,97,during,0.5098305184469442
1948-1949 recession,1948-1949,1949-03-03,122,98,during,0.5192379874480978
1948-1949 recession,1948-1949,1949-03-04,123,99,during,0.4801163745503936
1948-1949 recession,1948-1949,1949-03-05,124,100,during,0.5132175307744187
1948-1949 recession,1948-1949,1949-03-07,126,101,during,0.5572094323100224
1948-1949 recession,1948-1949,1949-03-08,127,102,during,0.5236721627614362
1948-1949 recession,1948-1949,1949-03-09,128,103,during,0.5133551000279941
1948-1949 recession,1948-1949,1949-03-10,129,104,during,0.5410971489179442
1948-1949 recession,1948-1949,1949-03-11,130,105,during,0.5262021677654605
1948-1949 recession,1948-1949,1949-03-12,131,106,during,0.5119590954924589
1948-1949 recession,1948-1949,1949-03-14,133,107,during,0.2801985566317151
1948-1949 recession,1948-1949,1949-03-15,134,108,during,0.1161958000934603
1948-1949 recession,1948-1949,1949-03-16,135,109,during,0.1868846757244444
1948-1949 recession,1948-1949,1949-03-17,136,110,during,0.2246510351349013
1948-1949 recession,1948-1949,1949-03-18,137,111,during,0.3224502589159684
1948-1949 recession,1948-1949,1949-03-19,138,112,during,0.3540202920274418
1948-1949 recession,1948-1949,1949-03-21,140,113,during,0.5330673495162728
1948-1949 recession,1948-1949,1949-03-22,141,114,during,0.5665105159340933
1948-1949 recession,1948-1949,1949-03-23,142,115,during,0.5381166861143861
1948-1949 recession,1948-1949,1949-03-24,143,116,during,0.505023025282913
1948-1949 recession,1948-1949,1949-03-25,144,117,during,0.5241092327885857
1948-1949 recession,1948-1949,1949-03-26,145,118,during,0.5147975390016547
1948-1949 recession,1948-1949,1949-03-28,147,119,during,0.5217495396794949
1948-1949 recession,1948-1949,1949-03-29,148,120,during,0.513773582338128
1948-1949 recession,1948-1949,1949-03-30,149,121,during,0.5302843410072159
1948-1949 recession,1948-1949,1949-03-31,150,122,during,0.5472805234346605
1948-1949 recession,1948-1949,1949-04-01,151,123,during,0.439014017971142
1948-1949 recession,1948-1949,1949-04-02,152,124,during,0.549455553714913
1948-1949 recession,1948-1949,1949-04-04,154,125,during,0.5632793782886024
1948-1949 recession,1948-1949,1949-04-05,155,126,during,0.5624667022687188
1948-1949 recession,1948-1949,1949-04-06,156,127,during,0.5592318425398265
1948-1949 recession,1948-1949,1949-04-07,157,128,during,0.54386824353757
1948-1949 recession,1948-1949,1949-04-08,158,129,during,0.4616655605034006
1948-1949 recession,1948-1949,1949-04-09,159,130,during,0.3421319132312498
1948-1949 recession,1948-1949,1949-04-11,161,131,during,0.2012015911580692
1948-1949 recession,1948-1949,1949-04-12,162,132,during,0.4897129024348096
1948-1949 recession,1948-1949,1949-04-13,163,133,during,0.3861661294100895
1948-1949 recession,1948-1949,1949-04-14,164,134,during,0.3918716596869962
1948-1949 recession,1948-1949,1949-04-16,166,135,during,0.3929565793534992
1948-1949 recession,1948-1949,1949-04-18,168,136,during,0.3858162905328058
1948-1949 recession,1948-1949,1949-04-19,169,137,during,0.3890807117193863
1948-1949 recession,1948-1949,1949-04-20,170,138,during,0.3824935428870751
1948-1949 recession,1948-1949,1949-04-21,171,139,during,0.3879134130389822
1948-1949 recession,1948-1949,1949-04-22,172,140,during,0.3193526815093919
1948-1949 recession,1948-1949,1949-04-23,173,141,during,0.2848864250504822
1948-1949 recession,1948-1949,1949-04-25,175,142,during,0.2342527642190452
1948-1949 recession,1948-1949,1949-04-26,176,143,during,0.0562548532442847
1948-1949 recession,1948-1949,1949-04-27,177,144,during,0.427070035338871
1948-1949 recession,1948-1949,1949-04-28,178,145,during,0.4483644640673477
1948-1949 recession,1948-1949,1949-04-29,179,146,during,0.5056665155416136
1948-1949 recession,1948-1949,1949-04-30,180,147,during,0.5150074882517851
1948-1949 recession,1948-1949,1949-05-02,182,148,during,0.4757274080627655
1948-1949 recession,1948-1949,1949-05-03,183,149,during,0.4851830591626273
1948-1949 recession,1948-1949,1949-05-04,184,150,during,0.3702894835061775
1948-1949 recession,1948-1949,1949-05-05,185,151,during,0.4158553926960667
1948-1949 recession,1948-1949,1949-05-06,186,152,during,0.3276046368360167
1948-1949 recession,1948-1949,1949-05-07,187,153,during,0.4997831165041514
1948-1949 recession,1948-1949,1949-05-09,189,154,during,0.30883755236936
1948-1949 recession,1948-1949,1949-05-10,190,155,during,0.2972171610539829
1948-1949 recession,1948-1949,1949-05-11,191,156,during,0.395118628481989
1948-1949 recession,1948-1949,1949-05-12,192,157,during,0.3147649425917117
1948-1949 recession,1948-1949,1949-05-13,193,158,during,0.0241218812267353
1948-1949 recession,1948-1949,1949-05-14,194,159,during,-0.1689560957358885
1948-1949 recession,1948-1949,1949-05-16,196,160,during,-0.1135090450595674
1948-1949 recession,1948-1949,1949-05-17,197,161,during,0.0856089657896194
1948-1949 recession,1948-1949,1949-05-18,198,162,during,0.2840776327769246
1948-1949 recession,1948-1949,1949-05-19,199,163,during,0.2559128390075063
1948-1949 recession,1948-1949,1949-05-20,200,164,during,0.2553873919402052
1948-1949 recession,1948-1949,1949-05-21,201,165,during,0.3830295750962559
1948-1949 recession,1948-1949,1949-05-23,203,166,during,0.4185800114816123
1948-1949 recession,1948-1949,1949-05-24,204,167,during,0.4518409411300093
1948-1949 recession,1948-1949,1949-05-25,205,168,during,0.3772235824200602
1948-1949 recession,1948-1949,1949-05-26,206,169,during,0.3691740313470067
1948-1949 recession,1948-1949,1949-05-27,207,170,during,0.2811864838047323
1948-1949 recession,1948-1949,1949-05-31,211,171,during,0.1018073520985139
1948-1949 recession,1948-1949,1949-06-01,212,172,during,0.1800752171960562
1948-1949 recession,1948-1949,1949-06-02,213,173,during,0.1914472444801612
1948-1949 recession,1948-1949,1949-06-03,214,174,during,0.0587329577023109
1948-1949 recession,1948-1949,1949-06-06,217,175,during,0.2006466270811945
1948-1949 recession,1948-1949,1949-06-07,218,176,during,0.1840526040579992
1948-1949 recession,1948-1949,1949-06-08,219,177,during,0.0846361535978008
1948-1949 recession,1948-1949,1949-06-09,220,178,during,0.0981965137800823
1948-1949 recession,1948-1949,1949-06-10,221,179,during,0.2174825875137715
1948-1949 recession,1948-1949,1949-06-13,224,180,during,0.5202049331048576
1948-1949 recession,1948-1949,1949-06-14,225,181,during,0.5576000315241662
1948-1949 recession,1948-1949,1949-06-15,226,182,during,0.3730245125047209
1948-1949 recession,1948-1949,1949-06-16,227,183,during,0.3730626913670537
1948-1949 recession,1948-1949,1949-06-17,228,184,during,0.2782340335478491
1948-1949 recession,1948-1949,1949-06-20,231,185,during,0.3717148387000296
1948-1949 recession,1948-1949,1949-06-21,232,186,during,0.5102243010153797
1948-1949 recession,1948-1949,1949-06-22,233,187,during,0.5191260281199283
1948-1949 recession,1948-1949,1949-06-23,234,188,during,0.3970931523019889
1948-1949 recession,1948-1949,1949-06-24,235,189,during,0.4715584827633867
1948-1949 recession,1948-1949,1949-06-27,238,190,during,0.5015900905937578
1948-1949 recession,1948-1949,1949-06-28,239,191,during,0.5022099708807891
1948-1949 recession,1948-1949,1949-06-29,240,192,during,0.4706588102326634
1948-1949 recession,1948-1949,1949-06-30,241,193,during,0.4587491418505012
1948-1949 recession,1948-1949,1949-07-01,242,194,during,0.3456284287720255
1948-1949 recession,1948-1949,1949-07-05,246,195,during,0.4422773451444187
1948-1949 recession,1948-1949,1949-07-06,247,196,during,0.1243579084013848
1948-1949 recession,1948-1949,1949-07-07,248,197,during,0.0570925814555735
1948-1949 recession,1948-1949,1949-07-08,249,198,during,0.063385763350282
1948-1949 recession,1948-1949,1949-07-11,252,199,during,-0.0104784470039331
1948-1949 recession,1948-1949,1949-07-12,253,200,during,0.1091517112756861
1948-1949 recession,1948-1949,1949-07-13,254,201,during,0.1745634860896736
1948-1949 recession,1948-1949,1949-07-14,255,202,during,0.2368986260982823
1948-1949 recession,1948-1949,1949-07-15,256,203,during,0.382254861866185
1948-1949 recession,1948-1949,1949-07-18,259,204,during,0.3691919017553204
1948-1949 recession,1948-1949,1949-07-19,260,205,during,0.3898041458226199
1948-1949 recession,1948-1949,1949-07-20,261,206,during,0.3776212851799155
1948-1949 recession,1948-1949,1949-07-21,262,207,during,0.374183894512334
1948-1949 recession,1948-1949,1949-07-22,263,208,during,0.3514173380290598
1948-1949 recession,1948-1949,1949-07-25,266,209,during,0.2257025619824441
1948-1949 recession,1948-1949,1949-07-26,267,210,during,0.3900307245952079
1948-1949 recession,1948-1949,1949-07-27,268,211,during,0.4804061737235601
1948-1949 recession,1948-1949,1949-07-28,269,212,during,0.4596756544303201
1948-1949 recession,1948-1949,1949-07-29,270,213,during,0.4698931999318144
1948-1949 recession,1948-1949,1949-08-01,273,214,during,0.4317881648201589
1948-1949 recession,1948-1949,1949-08-02,274,215,during,0.4600616592778213
1948-1949 recession,1948-1949,1949-08-03,275,216,during,0.3348641932131491
1948-1949 recession,1948-1949,1949-08-04,276,217,during,0.3254565089087606
1948-1949 recession,1948-1949,1949-08-05,277,218,during,0.5514682435046883
1948-1949 recession,1948-1949,1949-08-08,280,219,during,0.534702832869654
1948-1949 recession,1948-1949,1949-08-09,281,220,during,0.5314030796460545
1948-1949 recession,1948-1949,1949-08-10,282,221,during,0.521891226351283
1948-1949 recession,1948-1949,1949-08-11,283,222,during,0.5136472745228
1948-1949 recession,1948-1949,1949-08-12,284,223,during,0.5081518180642262
1948-1949 recession,1948-1949,1949-08-15,287,224,during,0.5181020454036728
1948-1949 recession,1948-1949,1949-08-16,288,225,during,0.522818461110154
1948-1949 recession,1948-1949,1949-08-17,289,226,during,0.6851665449159322
1948-1949 recession,1948-1949,1949-08-18,290,227,during,0.6853622335181212
1948-1949 recession,1948-1949,1949-08-19,291,228,during,0.5559862334212016
1948-1949 recession,1948-1949,1949-08-22,294,229,during,0.5379393527880811
1948-1949 recession,1948-1949,1949-08-23,295,230,during,0.391200954632925
1948-1949 recession,1948-1949,1949-08-24,296,231,during,0.2701025295939644
1948-1949 recession,1948-1949,1949-08-25,297,232,during,0.5370674099535113
1948-1949 recession,1948-1949,1949-08-26,298,233,during,0.5375796799258307
1948-1949 recession,1948-1949,1949-08-29,301,234,during,0.3625293098677073
1948-1949 recession,1948-1949,1949-08-30,302,235,during,0.3985546058917456
1948-1949 recession,1948-1949,1949-08-31,303,236,during,0.5275196992234374
1948-1949 recession,1948-1949,1949-09-01,304,237,during,0.5306856390193614
1948-1949 recession,1948-1949,1949-09-02,305,238,during,0.5344318416533085
1948-1949 recession,1948-1949,1949-09-06,309,239,during,0.4097701033775847
1948-1949 recession,1948-1949,1949-09-07,310,240,during,0.5460751938158271
1948-1949 recession,1948-1949,1949-09-08,311,241,during,0.5413534418144078
1948-1949 recession,1948-1949,1949-09-09,312,242,during,0.5047338317980463
1948-1949 recession,1948-1949,1949-09-12,315,243,during,0.4058028827762604
1948-1949 recession,1948-1949,1949-09-13,316,244,during,0.2842960146739017
1948-1949 recession,1948-1949,1949-09-14,317,245,during,0.4619712404088235
1948-1949 recession,1948-1949,1949-09-15,318,246,during,0.2519840526782559
1948-1949 recession,1948-1949,1949-09-16,319,247,during,0.3099210390313137
1948-1949 recession,1948-1949,1949-09-19,322,248,during,0.3212113318611285
1948-1949 recession,1948-1949,1949-09-20,323,249,during,0.399932510543019
1948-1949 recession,1948-1949,1949-09-21,324,250,during,0.4621545902935255
1948-1949 recession,1948-1949,1949-09-22,325,251,during,0.1332991236632354
1948-1949 recession,1948-1949,1949-09-23,326,252,during,0.3787906205017305
1948-1949 recession,1948-1949,1949-09-26,329,253,during,0.327473069399307
1948-1949 recession,1948-1949,1949-09-27,330,254,during,0.3533877394782473
1948-1949 recession,1948-1949,1949-09-28,331,255,during,0.3431404997494734
1948-1949 recession,1948-1949,1949-09-29,332,256,during,0.3666456270994054
1948-1949 recession,1948-1949,1949-09-30,333,257,during,0.0688709332763126
1948-1949 recession,1948-1949,1949-10-01,334,258,during,0.0481356951868842
1948-1949 recession,1948-1949,1949-10-03,336,259,post,0.0347264067057687
1948-1949 recession,1948-1949,1949-10-04,337,260,post,0.0568618549613083
1948-1949 recession,1948-1949,1949-10-05,338,261,post,0.0636388360506957
1948-1949 recession,1948-1949,1949-10-06,339,262,post,0.1803009209189098
1948-1949 recession,1948-1949,1949-10-07,340,263,post,0.1733444918134918
1948-1949 recession,1948-1949,1949-10-08,341,264,post,0.1911100044227797
1948-1949 recession,1948-1949,1949-10-10,343,265,post,0.191160012274686
1948-1949 recession,1948-1949,1949-10-11,344,266,post,0.1988758993355185
1948-1949 recession,1948-1949,1949-10-13,346,267,post,0.1621937394188133
1948-1949 recession,1948-1949,1949-10-14,347,268,post,0.1839575579777453
1948-1949 recession,1948-1949,1949-10-15,348,269,post,0.3831878704496068
1948-1949 recession,1948-1949,1949-10-17,350,270,post,0.4604836881183081
1948-1949 recession,1948-1949,1949-10-18,351,271,post,0.4863646586476101
1948-1949 recession,1948-1949,1949-10-19,352,272,post,0.477634554529884
1948-1949 recession,1948-1949,1949-10-20,353,273,post,0.5176704552847605
1948-1949 recession,1948-1949,1949-10-21,354,274,post,0.5168105061431761
1948-1949 recession,1948-1949,1949-10-22,355,275,post,0.543568796465632
1948-1949 recession,1948-1949,1949-10-24,357,276,post,0.5374780417442071
1948-1949 recession,1948-1949,1949-10-25,358,277,post,0.5210633355122565
1948-1949 recession,1948-1949,1949-10-26,359,278,post,0.4492125856201149
1948-1949 recession,1948-1949,1949-10-27,360,279,post,0.4287196385625932
1948-1949 recession,1948-1949,1949-10-28,361,280,post,0.4297646481100793
1948-1949 recession,1948-1949,1949-10-29,362,281,post,0.4148291081444014
1948-1949 recession,1948-1949,1949-10-31,364,282,post,0.3206785182202445
1948-1949 recession,1948-1949,1949-11-01,365,283,post,0.3315400550293683
1948-1949 recession,1948-1949,1949-11-02,366,284,post,0.4860742215694089
1948-1949 recession,1948-1949,1949-11-03,367,285,post,0.4761578981889407
1948-1949 recession,1948-1949,1949-11-04,368,286,post,0.3163705021381677
1948-1949 recession,1948-1949,1949-11-05,369,287,post,0.3354786868561398
1948-1949 recession,1948-1949,1949-11-07,371,288,post,0.4473224420291563
1948-1949 recession,1948-1949,1949-11-09,373,289,post,0.4596569784830242
1948-1949 recession,1948-1949,1949-11-10,374,290,post,0.466859636085802
1948-1949 recession,1948-1949,1949-11-12,376,291,post,0.4932891545470327
1948-1949 recession,1948-1949,1949-11-14,378,292,post,0.4847243826798136
1948-1949 recession,1948-1949,1949-11-15,379,293,post,0.4743327965254057
1948-1949 recession,1948-1949,1949-11-16,380,294,post,0.4190768464764726
1948-1949 recession,1948-1949,1949-11-17,381,295,post,0.4454902839515851
1948-1949 recession,1948-1949,1949-11-18,382,296,post,0.379038215117601
1948-1949 recession,1948-1949,1949-11-19,383,297,post,0.3816755298673698
1948-1949 recession,1948-1949,1949-11-21,385,298,post,0.3914980042626091
1948-1949 recession,1948-1949,1949-11-22,386,299,post,0.4873162614340073
1948-1949 recession,1948-1949,1949-11-23,387,300,post,0.5197479209852254
1948-1949 recession,1948-1949,1949-11-25,389,301,post,0.3721922931371877
1948-1949 recession,1948-1949,1949-11-26,390,302,post,0.4955268928471921
1948-1949 recession,1948-1949,1949-11-28,392,303,post,0.506639032743298
1948-1949 recession,1948-1949,1949-11-29,393,304,post,0.4232557531531393
1948-1949 recession,1948-1949,1949-11-30,394,305,post,0.5091492962598595
1948-1949 recession,1948-1949,1949-12-01,395,306,post,0.5532410361663025
1948-1949 recession,1948-1949,1949-12-02,396,307,post,0.5418648277425822
1948-1949 recession,1948-1949,1949-12-03,397,308,post,0.4685872154516159
1948-1949 recession,1948-1949,1949-12-05,399,309,post,0.4829172804766287
1948-1949 recession,1948-1949,1949-12-06,400,310,post,0.4736214043460817
1948-1949 recession,1948-1949,1949-12-07,401,311,post,0.3458130405304883
1948-1949 recession,1948-1949,1949-12-08,402,312,post,0.3660488737874487
1948-1949 recession,1948-1949,1949-12-09,403,313,post,0.5320654135178018
1948-1949 recession,1948-1949,1949-12-10,404,314,post,0.4510133232722143
1948-1949 recession,1948-1949,1949-12-12,406,315,post,0.1708524752214966
1948-1949 recession,1948-1949,1949-12-13,407,316,post,0.1472695221814318
1948-1949 recession,1948-1949,1949-12-14,408,317,post,0.0359604460611516
1948-1949 recession,1948-1949,1949-12-15,409,318,post,-0.2117438457089091
1948-1949 recession,1948-1949,1949-12-16,410,319,post,-0.3012240463842205
1948-1949 recession,1948-1949,1949-12-17,411,320,post,-0.1598632900400595
1948-1949 recession,1948-1949,1949-12-19,413,321,post,-0.3677157632974133
1948-1949 recession,1948-1949,1949-12-20,414,322,post,-0.4545550085019386
1948-1949 recession,1948-1949,1949-12-21,415,323,post,-0.3811141619706742
1948-1949 recession,1948-1949,1949-12-22,416,324,post,-0.1966581614569371
1948-1949 recession,1948-1949,1949-12-23,417,325,post,-0.1953450852065942
1948-1949 recession,1948-1949,1949-12-27,421,326,post,-0.2309352714229261
1948-1949 recession,1948-1949,1949-12-28,422,327,post,-0.1174023525360372
1948-1949 recession,1948-1949,1949-12-29,423,328,post,-0.2768073677471487
1948-1949 recession,1948-1949,1949-12-30,424,329,post,-0.2146749771583334
1948-1949 recession,1948-1949,1949-12-31,425,330,post,-0.3456839813060791
1948-1949 recession,1948-1949,1950-01-03,428,331,post,-0.2397407712713902
1948-1949 recession,1948-1949,1950-01-04,429,332,post,-0.3941758786209387
1948-1949 recession,1948-1949,1950-01-05,430,333,post,-0.3536532610581874
1948-1949 recession,1948-1949,1950-01-06,431,334,post,-0.4079282748751842
1948-1949 recession,1948-1949,1950-01-07,432,335,post,-0.2608416587475618
1948-1949 recession,1948-1949,1950-01-09,434,336,post,-0.3795424731298669
1948-1949 recession,1948-1949,1950-01-10,435,337,post,-0.4656423263907364
1948-1949 recession,1948-1949,1950-01-11,436,338,post,-0.3815846494489371
1948-1949 recession,1948-1949,1950-01-12,437,339,post,-0.025930957685546
1948-1949 recession,1948-1949,1950-01-13,438,340,post,0.090935768021152
1948-1949 recession,1948-1949,1950-01-14,439,341,post,0.1381106568768639
1948-1949 recession,1948-1949,1950-01-16,441,342,post,0.20318687130566
1948-1949 recession,1948-1949,1950-01-17,442,343,post,0.1301315988000145
1948-1949 recession,1948-1949,1950-01-18,443,344,post,-0.2222091236493416
1948-1949 recession,1948-1949,1950-01-19,444,345,post,-0.0678772759819341
1948-1949 recession,1948-1949,1950-01-20,445,346,post,-0.2025731124802678
1948-1949 recession,1948-1949,1950-01-21,446,347,post,-0.1809779801311271
1948-1949 recession,1948-1949,1950-01-23,448,348,post,-0.0739713253554036
1948-1949 recession,1948-1949,1950-01-24,449,349,post,0.1212296515313432
1948-1949 recession,1948-1949,1950-01-25,450,350,post,0.2162081501845101
1948-1949 recession,1948-1949,1950-01-26,451,351,post,0.2026743932549536
1948-1949 recession,1948-1949,1950-01-27,452,352,post,0.2316284504505888
1948-1949 recession,1948-1949,1950-01-28,453,353,post,0.3479349146608784
1948-1949 recession,1948-1949,1950-01-30,455,354,post,0.2030301445875338
1948-1949 recession,1948-1949,1950-01-31,456,355,post,0.170922518528352
1948-1949 recession,1948-1949,1950-02-01,457,356,post,0.2266150629671579
1948-1949 recession,1948-1949,1950-02-02,458,357,post,0.2365942756224293
1948-1949 recession,1948-1949,1950-02-03,459,358,post,0.3074449531729716
1948-1949 recession,1948-1949,1950-02-04,460,359,post,0.3302951415570277
1953-1954 recession,1953-1954,1953-02-25,-126,-89,pre,-0.2506802501622077
1953-1954 recession,1953-1954,1953-02-26,-125,-88,pre,-0.2794331977798717
1953-1954 recession,1953-1954,1953-02-27,-124,-87,pre,-0.2949006946973282
1953-1954 recession,1953-1954,1953-03-02,-121,-86,pre,-0.4284742565553602
1953-1954 recession,1953-1954,1953-03-03,-120,-85,pre,-0.4775518810999483
1953-1954 recession,1953-1954,1953-03-04,-119,-84,pre,-0.3736524204955974
1953-1954 recession,1953-1954,1953-03-05,-118,-83,pre,-0.5015295501634703
1953-1954 recession,1953-1954,1953-03-06,-117,-82,pre,-0.525225127538372
1953-1954 recession,1953-1954,1953-03-09,-114,-81,pre,-0.4510470882385318
1953-1954 recession,1953-1954,1953-03-10,-113,-80,pre,-0.4686909244009081
1953-1954 recession,1953-1954,1953-03-11,-112,-79,pre,-0.4381263881324045
1953-1954 recession,1953-1954,1953-03-12,-111,-78,pre,-0.4402454778532941
1953-1954 recession,1953-1954,1953-03-13,-110,-77,pre,-0.047221514434651
1953-1954 recession,1953-1954,1953-03-16,-107,-76,pre,0.0214631203739373
1953-1954 recession,1953-1954,1953-03-17,-106,-75,pre,-0.1710246219688408
1953-1954 recession,1953-1954,1953-03-18,-105,-74,pre,-0.0078566675358206
1953-1954 recession,1953-1954,1953-03-19,-104,-73,pre,-0.1513668595334009
1953-1954 recession,1953-1954,1953-03-20,-103,-72,pre,0.2339215395365164
1953-1954 recession,1953-1954,1953-03-23,-100,-71,pre,0.2068906643369505
1953-1954 recession,1953-1954,1953-03-24,-99,-70,pre,-0.1739821239430869
1953-1954 recession,1953-1954,1953-03-25,-98,-69,pre,0.0304716513709441
1953-1954 recession,1953-1954,1953-03-26,-97,-68,pre,0.0472592333856535
1953-1954 recession,1953-1954,1953-03-27,-96,-67,pre,-0.0130750072736755
1953-1954 recession,1953-1954,1953-03-30,-93,-66,pre,0.3420621599506335
1953-1954 recession,1953-1954,1953-03-31,-92,-65,pre,0.5054728893374274
1953-1954 recession,1953-1954,1953-04-01,-91,-64,pre,0.5394078145093852
1953-1954 recession,1953-1954,1953-04-02,-90,-63,pre,0.5285520279051343
1953-1954 recession,1953-1954,1953-04-06,-86,-62,pre,0.4356003292544058
1953-1954 recession,1953-1954,1953-04-07,-85,-61,pre,0.4355786031598608
1953-1954 recession,1953-1954,1953-04-08,-84,-60,pre,0.4966137372004487
1953-1954 recession,1953-1954,1953-04-09,-83,-59,pre,0.4923183442851748
1953-1954 recession,1953-1954,1953-04-10,-82,-58,pre,0.4599663348313097
1953-1954 recession,1953-1954,1953-04-13,-79,-57,pre,0.3330357425134573
1953-1954 recession,1953-1954,1953-04-14,-78,-56,pre,0.314225745471855
1953-1954 recession,1953-1954,1953-04-15,-77,-55,pre,0.5196278188738389
1953-1954 recession,1953-1954,1953-04-16,-76,-54,pre,0.5233861943052751
1953-1954 recession,1953-1954,1953-04-17,-75,-53,pre,0.4905608825638311
1953-1954 recession,1953-1954,1953-04-20,-72,-52,pre,0.4875961834551386
1953-1954 recession,1953-1954,1953-04-21,-71,-51,pre,0.5024879217953812
1953-1954 recession,1953-1954,1953-04-22,-70,-50,pre,0.5238015856120675
1953-1954 recession,1953-1954,1953-04-23,-69,-49,pre,0.5156689973873286
1953-1954 recession,1953-1954,1953-04-24,-68,-48,pre,0.3591095386649127
1953-1954 recession,1953-1954,1953-04-27,-65,-47,pre,0.4947081917966517
1953-1954 recession,1953-1954,1953-04-28,-64,-46,pre,0.4946175583133523
1953-1954 recession,1953-1954,1953-04-29,-63,-45,pre,0.4909534774720328
1953-1954 recession,1953-1954,1953-04-30,-62,-44,pre,0.4968600204708092
1953-1954 recession,1953-1954,1953-05-01,-61,-43,pre,0.5007486476663104
1953-1954 recession,1953-1954,1953-05-04,-58,-42,pre,0.5157360147438846
1953-1954 recession,1953-1954,1953-05-05,-57,-41,pre,0.503511103966703
1953-1954 recession,1953-1954,1953-05-06,-56,-40,pre,0.4927253770884604
1953-1954 recession,1953-1954,1953-05-07,-55,-39,pre,0.4971448367551037
1953-1954 recession,1953-1954,1953-05-08,-54,-38,pre,0.3805191180142918
1953-1954 recession,1953-1954,1953-05-11,-51,-37,pre,0.5209887769670521
1953-1954 recession,1953-1954,1953-05-12,-50,-36,pre,0.5489955979997578
1953-1954 recession,1953-1954,1953-05-13,-49,-35,pre,0.5504120837380454
1953-1954 recession,1953-1954,1953-05-14,-48,-34,pre,0.5424122355932489
1953-1954 recession,1953-1954,1953-05-15,-47,-33,pre,0.5541919021911619
1953-1954 recession,1953-1954,1953-05-18,-44,-32,pre,0.5328370260975841
1953-1954 recession,1953-1954,1953-05-19,-43,-31,pre,0.536636670877703
1953-1954 recession,1953-1954,1953-05-20,-42,-30,pre,0.5308510870188432
1953-1954 recession,1953-1954,1953-05-21,-41,-29,pre,0.5071516618987734
1953-1954 recession,1953-1954,1953-05-22,-40,-28,pre,0.4157799217409586
1953-1954 recession,1953-1954,1953-05-25,-37,-27,pre,0.5280715860358373
1953-1954 recession,1953-1954,1953-05-26,-36,-26,pre,0.5317373581699784
1953-1954 recession,1953-1954,1953-05-27,-35,-25,pre,0.525202725519666
1953-1954 recession,1953-1954,1953-05-28,-34,-24,pre,0.5328037387013744
1953-1954 recession,1953-1954,1953-05-29,-33,-23,pre,0.5563306009677766
1953-1954 recession,1953-1954,1953-06-01,-30,-22,pre,0.681177319599999
1953-1954 recession,1953-1954,1953-06-02,-29,-21,pre,0.556083725195055
1953-1954 recession,1953-1954,1953-06-03,-28,-20,pre,0.5599843697011408
1953-1954 recession,1953-1954,1953-06-04,-27,-19,pre,0.5382174041052565
1953-1954 recession,1953-1954,1953-06-05,-26,-18,pre,0.3301379938928426
1953-1954 recession,1953-1954,1953-06-08,-23,-17,pre,0.5232396894473101
1953-1954 recession,1953-1954,1953-06-09,-22,-16,pre,0.5243937424513485
1953-1954 recession,1953-1954,1953-06-10,-21,-15,pre,0.4785305635372266
1953-1954 recession,1953-1954,1953-06-11,-20,-14,pre,0.4525569043486644
1953-1954 recession,1953-1954,1953-06-12,-19,-13,pre,0.5364744998592731
1953-1954 recession,1953-1954,1953-06-15,-16,-12,pre,0.5333679627608074
1953-1954 recession,1953-1954,1953-06-16,-15,-11,pre,0.5361019228811685
1953-1954 recession,1953-1954,1953-06-17,-14,-10,pre,0.5355913545849922
1953-1954 recession,1953-1954,1953-06-18,-13,-9,pre,0.5305303117557056
1953-1954 recession,1953-1954,1953-06-19,-12,-8,pre,0.4119231638835963
1953-1954 recession,1953-1954,1953-06-22,-9,-7,pre,0.5268767856462775
1953-1954 recession,1953-1954,1953-06-23,-8,-6,pre,0.5157888018627232
1953-1954 recession,1953-1954,1953-06-24,-7,-5,pre,0.5271789580977411
1953-1954 recession,1953-1954,1953-06-25,-6,-4,pre,0.5606089580216297
1953-1954 recession,1953-1954,1953-06-26,-5,-3,pre,0.5580967294772039
1953-1954 recession,1953-1954,1953-06-29,-2,-2,pre,0.5101196873994998
1953-1954 recession,1953-1954,1953-06-30,-1,-1,pre,0.6806006301498408
1953-1954 recession,1953-1954,1953-07-01,0,0,during,0.545076370515695
1953-1954 recession,1953-1954,1953-07-02,1,1,during,0.5309622657624893
1953-1954 recession,1953-1954,1953-07-03,2,2,during,0.525558800449338
1953-1954 recession,1953-1954,1953-07-06,5,3,during,0.5004788601760259
1953-1954 recession,1953-1954,1953-07-07,6,4,during,0.4024888633402808
1953-1954 recession,1953-1954,1953-07-08,7,5,during,0.3864687158921784
1953-1954 recession,1953-1954,1953-07-09,8,6,during,0.5237938086880094
1953-1954 recession,1953-1954,1953-07-10,9,7,during,0.5315698919735252
1953-1954 recession,1953-1954,1953-07-13,12,8,during,0.3307170395301378
1953-1954 recession,1953-1954,1953-07-14,13,9,during,0.3223752721427471
1953-1954 recession,1953-1954,1953-07-15,14,10,during,0.2970823635022173
1953-1954 recession,1953-1954,1953-07-16,15,11,during,0.2447932305849808
1953-1954 recession,1953-1954,1953-07-17,16,12,during,0.2801815094245614
1953-1954 recession,1953-1954,1953-07-20,19,13,during,0.2576242338348306
1953-1954 recession,1953-1954,1953-07-21,20,14,during,0.2862725500187876
1953-1954 recession,1953-1954,1953-07-22,21,15,during,0.3369517408207046
1953-1954 recession,1953-1954,1953-07-23,22,16,during,0.4631841072320181
1953-1954 recession,1953-1954,1953-07-24,23,17,during,0.4590181784808778
1953-1954 recession,1953-1954,1953-07-27,26,18,during,0.4931787679500196
1953-1954 recession,1953-1954,1953-07-28,27,19,during,0.3417863565136829
1953-1954 recession,1953-1954,1953-07-29,28,20,during,0.3339347210771569
1953-1954 recession,1953-1954,1953-07-30,29,21,during,0.2111065432619925
1953-1954 recession,1953-1954,1953-07-31,30,22,during,0.2610365681943205
1953-1954 recession,1953-1954,1953-08-03,33,23,during,0.2294429023025351
1953-1954 recession,1953-1954,1953-08-04,34,24,during,0.3478155141746653
1953-1954 recession,1953-1954,1953-08-05,35,25,during,0.2800707011461461
1953-1954 recession,1953-1954,1953-08-06,36,26,during,0.2871884410882969
1953-1954 recession,1953-1954,1953-08-07,37,27,during,0.2964247256900864
1953-1954 recession,1953-1954,1953-08-10,40,28,during,0.2685912473570033
1953-1954 recession,1953-1954,1953-08-11,41,29,during,0.276228504375588
1953-1954 recession,1953-1954,1953-08-12,42,30,during,0.3295299478952408
1953-1954 recession,1953-1954,1953-08-13,43,31,during,0.5420621880411884
1953-1954 recession,1953-1954,1953-08-14,44,32,during,0.5540283391135876
1953-1954 recession,1953-1954,1953-08-17,47,33,during,0.435181079038503
1953-1954 recession,1953-1954,1953-08-18,48,34,during,0.5539817260390176
1953-1954 recession,1953-1954,1953-08-19,49,35,during,0.557433108482847
1953-1954 recession,1953-1954,1953-08-20,50,36,during,0.5431000773054605
1953-1954 recession,1953-1954,1953-08-21,51,37,during,0.5514838638546374
1953-1954 recession,1953-1954,1953-08-24,54,38,during,0.540522985822036
1953-1954 recession,1953-1954,1953-08-25,55,39,during,0.502197584590594
1953-1954 recession,1953-1954,1953-08-26,56,40,during,0.5102164625860093
1953-1954 recession,1953-1954,1953-08-27,57,41,during,0.5574313187437052
1953-1954 recession,1953-1954,1953-08-28,58,42,during,0.5385045538415156
1953-1954 recession,1953-1954,1953-08-31,61,43,during,0.5424809555817107
1953-1954 recession,1953-1954,1953-09-01,62,44,during,0.4693628939582905
1953-1954 recession,1953-1954,1953-09-02,63,45,during,0.5366573858035585
1953-1954 recession,1953-1954,1953-09-03,64,46,during,0.4301775741939133
1953-1954 recession,1953-1954,1953-09-04,65,47,during,0.5485056430679646
1953-1954 recession,1953-1954,1953-09-08,69,48,during,0.533461770204332
1953-1954 recession,1953-1954,1953-09-09,70,49,during,0.5408748069008068
1953-1954 recession,1953-1954,1953-09-10,71,50,during,0.5438645609533792
1953-1954 recession,1953-1954,1953-09-11,72,51,during,0.4411697245229701
1953-1954 recession,1953-1954,1953-09-14,75,52,during,0.5548947138952307
1953-1954 recession,1953-1954,1953-09-15,76,53,during,0.549915016685345
1953-1954 recession,1953-1954,1953-09-16,77,54,during,0.5611979884963159
1953-1954 recession,1953-1954,1953-09-17,78,55,during,0.487425067884637
1953-1954 recession,1953-1954,1953-09-18,79,56,during,0.4709503650422338
1953-1954 recession,1953-1954,1953-09-21,82,57,during,0.5028645676051516
1953-1954 recession,1953-1954,1953-09-22,83,58,during,0.5256124942983174
1953-1954 recession,1953-1954,1953-09-23,84,59,during,0.5174492350127546
1953-1954 recession,1953-1954,1953-09-24,85,60,during,0.5173255140591061
1953-1954 recession,1953-1954,1953-09-25,86,61,during,0.4975511408679262
1953-1954 recession,1953-1954,1953-09-28,89,62,during,0.535219155426614
1953-1954 recession,1953-1954,1953-09-29,90,63,during,0.5616364393666171
1953-1954 recession,1953-1954,1953-09-30,91,64,during,0.5604713635234485
1953-1954 recession,1953-1954,1953-10-01,92,65,during,0.5032224971557189
1953-1954 recession,1953-1954,1953-10-02,93,66,during,0.5198575567732389
1953-1954 recession,1953-1954,1953-10-05,96,67,during,0.539199541436785
1953-1954 recession,1953-1954,1953-10-06,97,68,during,0.5619794180951418
1953-1954 recession,1953-1954,1953-10-07,98,69,during,0.5548710386058158
1953-1954 recession,1953-1954,1953-10-08,99,70,during,0.5300345428687494
1953-1954 recession,1953-1954,1953-10-09,100,71,during,0.5344852509198531
1953-1954 recession,1953-1954,1953-10-13,104,72,during,0.5103010408018045
1953-1954 recession,1953-1954,1953-10-14,105,73,during,0.5524589393063539
1953-1954 recession,1953-1954,1953-10-15,106,74,during,0.5111531009527103
1953-1954 recession,1953-1954,1953-10-16,107,75,during,0.4988027861672643
1953-1954 recession,1953-1954,1953-10-19,110,76,during,0.3649437712786719
1953-1954 recession,1953-1954,1953-10-20,111,77,during,0.4076287791355218
1953-1954 recession,1953-1954,1953-10-21,112,78,during,0.4031782886166448
1953-1954 recession,1953-1954,1953-10-22,113,79,during,0.4200064685158165
1953-1954 recession,1953-1954,1953-10-23,114,80,during,0.4149169532543563
1953-1954 recession,1953-1954,1953-10-26,117,81,during,0.5474450099976779
1953-1954 recession,1953-1954,1953-10-27,118,82,during,0.5209213135912433
1953-1954 recession,1953-1954,1953-10-28,119,83,during,0.501990649417271
1953-1954 recession,1953-1954,1953-10-29,120,84,during,0.4858024438437689
1953-1954 recession,1953-1954,1953-10-30,121,85,during,0.4971690252378491
1953-1954 recession,1953-1954,1953-11-02,124,86,during,0.5522244146929166
1953-1954 recession,1953-1954,1953-11-04,126,87,during,0.5552854579018713
1953-1954 recession,1953-1954,1953-11-05,127,88,during,0.5167635294957726
1953-1954 recession,1953-1954,1953-11-06,128,89,during,0.4995657538841545
1953-1954 recession,1953-1954,1953-11-09,131,90,during,0.4957588384481692
1953-1954 recession,1953-1954,1953-11-10,132,91,during,0.3480172849855152
1953-1954 recession,1953-1954,1953-11-12,134,92,during,0.386230792779474
1953-1954 recession,1953-1954,1953-11-13,135,93,during,0.4630424488303698
1953-1954 recession,1953-1954,1953-11-16,138,94,during,0.4981264126102595
1953-1954 recession,1953-1954,1953-11-17,139,95,during,0.462805217848297
1953-1954 recession,1953-1954,1953-11-18,140,96,during,0.4740433665370007
1953-1954 recession,1953-1954,1953-11-19,141,97,during,0.4868474712199475
1953-1954 recession,1953-1954,1953-11-20,142,98,during,0.3348260805893457
1953-1954 recession,1953-1954,1953-11-23,145,99,during,0.381313874256385
1953-1954 recession,1953-1954,1953-11-24,146,100,during,0.4552754022742133
1953-1954 recession,1953-1954,1953-11-25,147,101,during,0.4303283194000253
1953-1954 recession,1953-1954,1953-11-27,149,102,during,0.2649222182935316
1953-1954 recession,1953-1954,1953-11-30,152,103,during,0.3991255107724119
1953-1954 recession,1953-1954,1953-12-01,153,104,during,0.4655945723966764
1953-1954 recession,1953-1954,1953-12-02,154,105,during,0.4195495252991398
1953-1954 recession,1953-1954,1953-12-03,155,106,during,0.4282045270813476
1953-1954 recession,1953-1954,1953-12-04,156,107,during,0.2875135308597178
1953-1954 recession,1953-1954,1953-12-07,159,108,during,0.2263295033688624
1953-1954 recession,1953-1954,1953-12-08,160,109,during,0.2632814064288376
1953-1954 recession,1953-1954,1953-12-09,161,110,during,0.277364785729579
1953-1954 recession,1953-1954,1953-12-10,162,111,during,0.1033205102206308
1953-1954 recession,1953-1954,1953-12-11,163,112,during,-0.5171705369401617
1953-1954 recession,1953-1954,1953-12-14,166,113,during,-0.411434966720835
1953-1954 recession,1953-1954,1953-12-15,167,114,during,0.0604724312225927
1953-1954 recession,1953-1954,1953-12-16,168,115,during,-0.2020106526664725
1953-1954 recession,1953-1954,1953-12-17,169,116,during,-0.3055847618804737
1953-1954 recession,1953-1954,1953-12-18,170,117,during,-0.3557847950583708
1953-1954 recession,1953-1954,1953-12-21,173,118,during,-0.2281630941259157
1953-1954 recession,1953-1954,1953-12-22,174,119,during,-0.3021270448516281
1953-1954 recession,1953-1954,1953-12-23,175,120,during,-0.4390369591904166
1953-1954 recession,1953-1954,1953-12-24,176,121,during,-0.4454832177396904
1953-1954 recession,1953-1954,1953-12-28,180,122,during,-0.2897130203853034
1953-1954 recession,1953-1954,1953-12-29,181,123,during,-0.1914062242623036
1953-1954 recession,1953-1954,1953-12-30,182,124,during,-0.3702625587077351
1953-1954 recession,1953-1954,1953-12-31,183,125,during,-0.3745190016106408
1953-1954 recession,1953-1954,1954-01-04,187,126,during,-0.0431263835004633
1953-1954 recession,1953-1954,1954-01-05,188,127,during,-0.1794015651205522
1953-1954 recession,1953-1954,1954-01-06,189,128,during,-0.204233317678301
1953-1954 recession,1953-1954,1954-01-07,190,129,during,-0.4667141427019468
1953-1954 recession,1953-1954,1954-01-08,191,130,during,-0.2118283967179271
1953-1954 recession,1953-1954,1954-01-11,194,131,during,-0.7063294917046277
1953-1954 recession,1953-1954,1954-01-12,195,132,during,-0.681767127164033
1953-1954 recession,1953-1954,1954-01-13,196,133,during,-0.6542128026419524
1953-1954 recession,1953-1954,1954-01-14,197,134,during,-0.4592257864064111
1953-1954 recession,1953-1954,1954-01-15,198,135,during,-0.4052606668680717
1953-1954 recession,1953-1954,1954-01-18,201,136,during,-0.5724928792346637
1953-1954 recession,1953-1954,1954-01-19,202,137,during,-0.7747341084475299
1953-1954 recession,1953-1954,1954-01-20,203,138,during,-0.819099975953385
1953-1954 recession,1953-1954,1954-01-21,204,139,during,-0.983830850625402
1953-1954 recession,1953-1954,1954-01-22,205,140,during,-0.9726184151062311
1953-1954 recession,1953-1954,1954-01-25,208,141,during,-1.0137020090509812
1953-1954 recession,1953-1954,1954-01-26,209,142,during,-1.0321250371975883
1953-1954 recession,1953-1954,1954-01-27,210,143,during,-0.5752966389352124
1953-1954 recession,1953-1954,1954-01-28,211,144,during,-0.0872572246487363
1953-1954 recession,1953-1954,1954-01-29,212,145,during,-0.2188142538559165
1953-1954 recession,1953-1954,1954-02-01,215,146,during,-0.2351335656531522
1953-1954 recession,1953-1954,1954-02-02,216,147,during,-0.1948747586993209
1953-1954 recession,1953-1954,1954-02-03,217,148,during,0.0286129816841322
1953-1954 recession,1953-1954,1954-02-04,218,149,during,0.125736188205555
1953-1954 recession,1953-1954,1954-02-05,219,150,during,0.1400984727058071
1953-1954 recession,1953-1954,1954-02-08,222,151,during,0.0867365114461014
1953-1954 recession,1953-1954,1954-02-09,223,152,during,0.0762036093508029
1953-1954 recession,1953-1954,1954-02-10,224,153,during,0.2341910283926503
1953-1954 recession,1953-1954,1954-02-11,225,154,during,0.1583471443036635
1953-1954 recession,1953-1954,1954-02-12,226,155,during,0.2473614980247115
1953-1954 recession,1953-1954,1954-02-15,229,156,during,0.2365028130090195
1953-1954 recession,1953-1954,1954-02-16,230,157,during,0.1340913108017483
1953-1954 recession,1953-1954,1954-02-17,231,158,during,0.1108408754136105
1953-1954 recession,1953-1954,1954-02-18,232,159,during,0.4160443178628806
1953-1954 recession,1953-1954,1954-02-19,233,160,during,0.2360518126689882
1953-1954 recession,1953-1954,1954-02-23,237,161,during,0.3298082608881896
1953-1954 recession,1953-1954,1954-02-24,238,162,during,0.1280293597670112
1953-1954 recession,1953-1954,1954-02-25,239,163,during,0.2008227143834154
1953-1954 recession,1953-1954,1954-02-26,240,164,during,0.1807793005104175
1953-1954 recession,1953-1954,1954-03-01,243,165,during,0.1925171936926451
1953-1954 recession,1953-1954,1954-03-02,244,166,during,0.3579259725479224
1953-1954 recession,1953-1954,1954-03-03,245,167,during,0.3128731612587553
1953-1954 recession,1953-1954,1954-03-04,246,168,during,0.1375218238699503
1953-1954 recession,1953-1954,1954-03-05,247,169,during,0.1708436374387653
1953-1954 recession,1953-1954,1954-03-08,250,170,during,0.3403141303975746
1953-1954 recession,1953-1954,1954-03-09,251,171,during,0.3345154336867917
1953-1954 recession,1953-1954,1954-03-10,252,172,during,0.3450241346466199
1953-1954 recession,1953-1954,1954-03-11,253,173,during,0.1894429708352152
1953-1954 recession,1953-1954,1954-03-12,254,174,during,0.2140927346427663
1953-1954 recession,1953-1954,1954-03-15,257,175,during,0.4422887116492299
1953-1954 recession,1953-1954,1954-03-16,258,176,during,0.4736608506454213
1953-1954 recession,1953-1954,1954-03-17,259,177,during,0.4360857034182416
1953-1954 recession,1953-1954,1954-03-18,260,178,during,0.443063120233317
1953-1954 recession,1953-1954,1954-03-19,261,179,during,0.3218810009078293
1953-1954 recession,1953-1954,1954-03-22,264,180,during,0.3613706968751829
1953-1954 recession,1953-1954,1954-03-23,265,181,during,0.413204727203207
1953-1954 recession,1953-1954,1954-03-24,266,182,during,0.2436582573130296
1953-1954 recession,1953-1954,1954-03-25,267,183,during,0.2324948304678939
1953-1954 recession,1953-1954,1954-03-26,268,184,during,0.0883812538742
1953-1954 recession,1953-1954,1954-03-29,271,185,during,-0.0491159585004907
1953-1954 recession,1953-1954,1954-03-30,272,186,during,0.1648616733315427
1953-1954 recession,1953-1954,1954-03-31,273,187,during,0.1486595685304933
1953-1954 recession,1953-1954,1954-04-01,274,188,during,-0.0338802878721837
1953-1954 recession,1953-1954,1954-04-02,275,189,during,0.0624947565538178
1953-1954 recession,1953-1954,1954-04-05,278,190,during,0.0835986010355971
1953-1954 recession,1953-1954,1954-04-06,279,191,during,0.0030969460584818
1953-1954 recession,1953-1954,1954-04-07,280,192,during,-0.0783095601871411
1953-1954 recession,1953-1954,1954-04-08,281,193,during,-0.0665003118391569
1953-1954 recession,1953-1954,1954-04-09,282,194,during,-0.1176628532831553
1953-1954 recession,1953-1954,1954-04-12,285,195,during,-0.1063070166117616
1953-1954 recession,1953-1954,1954-04-13,286,196,during,0.0120883105224092
1953-1954 recession,1953-1954,1954-04-14,287,197,during,0.2102894473090265
1953-1954 recession,1953-1954,1954-04-15,288,198,during,0.2599661005995616
1953-1954 recession,1953-1954,1954-04-19,292,199,during,0.2537141435581269
1953-1954 recession,1953-1954,1954-04-20,293,200,during,0.2275335501644465
1953-1954 recession,1953-1954,1954-04-21,294,201,during,-0.0334709374123689
1953-1954 recession,1953-1954,1954-04-22,295,202,during,0.0344794247119106
1953-1954 recession,1953-1954,1954-04-23,296,203,during,0.1846228341481492
1953-1954 recession,1953-1954,1954-04-26,299,204,during,0.1420254463214318
1953-1954 recession,1953-1954,1954-04-27,300,205,during,0.109175755978029
1953-1954 recession,1953-1954,1954-04-28,301,206,during,0.1770209831268087
1953-1954 recession,1953-1954,1954-04-29,302,207,during,0.3185064939903694
1953-1954 recession,1953-1954,1954-04-30,303,208,during,0.2410001719115579
1953-1954 recession,1953-1954,1954-05-03,306,209,post,0.2484628656370673
1953-1954 recession,1953-1954,1954-05-04,307,210,post,0.2925363159596543
1953-1954 recession,1953-1954,1954-05-05,308,211,post,0.1665824852026874
1953-1954 recession,1953-1954,1954-05-06,309,212,post,0.0944522233577441
1953-1954 recession,1953-1954,1954-05-07,310,213,post,0.3224782053541363
1953-1954 recession,1953-1954,1954-05-10,313,214,post,0.1876391859768313
1953-1954 recession,1953-1954,1954-05-11,314,215,post,0.0198310937671177
1953-1954 recession,1953-1954,1954-05-12,315,216,post,0.2842235018199604
1953-1954 recession,1953-1954,1954-05-13,316,217,post,0.1637599206772352
1953-1954 recession,1953-1954,1954-05-14,317,218,post,0.1729891060429543
1953-1954 recession,1953-1954,1954-05-17,320,219,post,0.1082428216022014
1953-1954 recession,1953-1954,1954-05-18,321,220,post,-0.0186733970823586
1953-1954 recession,1953-1954,1954-05-19,322,221,post,-0.127042840800357
1953-1954 recession,1953-1954,1954-05-20,323,222,post,-0.0095745606450243
1953-1954 recession,1953-1954,1954-05-21,324,223,post,-0.0700313826877733
1953-1954 recession,1953-1954,1954-05-24,327,224,post,-0.064976004840395
1953-1954 recession,1953-1954,1954-05-25,328,225,post,0.0615257063248143
1953-1954 recession,1953-1954,1954-05-26,329,226,post,-0.4006834211927959
1953-1954 recession,1953-1954,1954-05-27,330,227,post,-0.3262827106815238
1953-1954 recession,1953-1954,1954-05-28,331,228,post,-0.5062049043177057
1953-1954 recession,1953-1954,1954-06-01,335,229,post,-0.8528552580266359
1953-1954 recession,1953-1954,1954-06-02,336,230,post,-0.9787962345944246
1953-1954 recession,1953-1954,1954-06-03,337,231,post,-1.0100595351101127
1953-1954 recession,1953-1954,1954-06-04,338,232,post,-0.7225319507220671
1953-1954 recession,1953-1954,1954-06-07,341,233,post,-0.7857153921629773
1953-1954 recession,1953-1954,1954-06-08,342,234,post,0.1103057349490145
1953-1954 recession,1953-1954,1954-06-09,343,235,post,0.3088839984743988
1953-1954 recession,1953-1954,1954-06-10,344,236,post,0.1485868419264184
1953-1954 recession,1953-1954,1954-06-11,345,237,post,0.2166438298415912
1953-1954 recession,1953-1954,1954-06-14,348,238,post,0.3383504005317045
1953-1954 recession,1953-1954,1954-06-15,349,239,post,0.3007940401508321
1953-1954 recession,1953-1954,1954-06-16,350,240,post,0.300814761526018
1953-1954 recession,1953-1954,1954-06-17,351,241,post,0.1917656836691222
1953-1954 recession,1953-1954,1954-06-18,352,242,post,-0.0297897337651358
1953-1954 recession,1953-1954,1954-06-21,355,243,post,0.0368423752530898
1953-1954 recession,1953-1954,1954-06-22,356,244,post,-0.2003905515845032
1953-1954 recession,1953-1954,1954-06-23,357,245,post,-0.115691060001085
1953-1954 recession,1953-1954,1954-06-24,358,246,post,-0.0756682557648617
1953-1954 recession,1953-1954,1954-06-25,359,247,post,0.1069100848969772
1953-1954 recession,1953-1954,1954-06-28,362,248,post,0.0286350059830769
1953-1954 recession,1953-1954,1954-06-29,363,249,post,-0.0880212414128513
1953-1954 recession,1953-1954,1954-06-30,364,250,post,-0.0082513648839502
1953-1954 recession,1953-1954,1954-07-01,365,251,post,-0.2303259634300279
1953-1954 recession,1953-1954,1954-07-02,366,252,post,-0.1601631458273155
1953-1954 recession,1953-1954,1954-07-06,370,253,post,-0.0126612061339809
1953-1954 recession,1953-1954,1954-07-07,371,254,post,0.1696423672352837
1953-1954 recession,1953-1954,1954-07-08,372,255,post,0.0339190870879285
1953-1954 recession,1953-1954,1954-07-09,373,256,post,-0.1282116697349155
1953-1954 recession,1953-1954,1954-07-12,376,257,post,-0.2094617452245231
1953-1954 recession,1953-1954,1954-07-13,377,258,post,-0.1567997237650044
1953-1954 recession,1953-1954,1954-07-14,378,259,post,-0.0527143322236357
1953-1954 recession,1953-1954,1954-07-15,379,260,post,-0.1444555989812258
1953-1954 recession,1953-1954,1954-07-16,380,261,post,-0.4789315091912739
1953-1954 recession,1953-1954,1954-07-19,383,262,post,-0.4020617625331093
1953-1954 recession,1953-1954,1954-07-20,384,263,post,-0.4209632346987677
1953-1954 recession,1953-1954,1954-07-21,385,264,post,-0.3952535027171952
1953-1954 recession,1953-1954,1954-07-22,386,265,post,-0.1768305604477363
1953-1954 recession,1953-1954,1954-07-23,387,266,post,-0.0882074511575986
1953-1954 recession,1953-1954,1954-07-26,390,267,post,-0.3437999913637294
1953-1954 recession,1953-1954,1954-07-27,391,268,post,-0.1785875565844147
1953-1954 recession,1953-1954,1954-07-28,392,269,post,0.0075469531796601
1953-1954 recession,1953-1954,1954-07-29,393,270,post,-0.214548165223324
1953-1954 recession,1953-1954,1954-07-30,394,271,post,-0.1981318647138076
1953-1954 recession,1953-1954,1954-08-02,397,272,post,-0.395392909329022
1953-1954 recession,1953-1954,1954-08-03,398,273,post,-0.3677822427180813
1953-1954 recession,1953-1954,1954-08-04,399,274,post,-0.513766361914043
1953-1954 recession,1953-1954,1954-08-05,400,275,post,-0.3357535216104416
1953-1954 recession,1953-1954,1954-08-06,401,276,post,0.0263246001415579
1953-1954 recession,1953-1954,1954-08-09,404,277,post,-0.0827345976112552
1953-1954 recession,1953-1954,1954-08-10,405,278,post,0.2438116082840443
1953-1954 recession,1953-1954,1954-08-11,406,279,post,0.1357513320792703
1953-1954 recession,1953-1954,1954-08-12,407,280,post,0.1886696965625073
1953-1954 recession,1953-1954,1954-08-13,408,281,post,0.275748801515144
1953-1954 recession,1953-1954,1954-08-16,411,282,post,0.2739621589163992
1953-1954 recession,1953-1954,1954-08-17,412,283,post,0.2911997812795526
1953-1954 recession,1953-1954,1954-08-18,413,284,post,0.3279862140806228
1953-1954 recession,1953-1954,1954-08-19,414,285,post,0.2075112747983577
1953-1954 recession,1953-1954,1954-08-20,415,286,post,0.1412933204328309
1953-1954 recession,1953-1954,1954-08-23,418,287,post,-0.0563024544288689
1953-1954 recession,1953-1954,1954-08-24,419,288,post,-0.0166857773860022
1953-1954 recession,1953-1954,1954-08-25,420,289,post,0.0941462120005766
1953-1954 recession,1953-1954,1954-08-26,421,290,post,-0.0207100593312378
1953-1954 recession,1953-1954,1954-08-27,422,291,post,-0.1356503897382389
1953-1954 recession,1953-1954,1954-08-30,425,292,post,0.161368390875413
1953-1954 recession,1953-1954,1954-08-31,426,293,post,0.170755838704219
1953-1954 recession,1953-1954,1954-09-01,427,294,post,0.1960025826507223
1953-1954 recession,1953-1954,1954-09-02,428,295,post,0.2859903451458849
1953-1954 recession,1953-1954,1954-09-03,429,296,post,0.3046289343311467
1957-1958 recession,1957-1958,1957-03-28,-126,-87,pre,0.522989200479951
1957-1958 recession,1957-1958,1957-03-29,-125,-86,pre,0.516990033503981
1957-1958 recession,1957-1958,1957-04-01,-122,-85,pre,0.5434909152578513
1957-1958 recession,1957-1958,1957-04-02,-121,-84,pre,0.5355379301750152
1957-1958 recession,1957-1958,1957-04-03,-120,-83,pre,0.5000433739837723
1957-1958 recession,1957-1958,1957-04-04,-119,-82,pre,0.5222117155679626
1957-1958 recession,1957-1958,1957-04-05,-118,-81,pre,0.4155809477634742
1957-1958 recession,1957-1958,1957-04-08,-115,-80,pre,0.5391960725361076
1957-1958 recession,1957-1958,1957-04-09,-114,-79,pre,0.546066295646634
1957-1958 recession,1957-1958,1957-04-10,-113,-78,pre,0.5448492883154005
1957-1958 recession,1957-1958,1957-04-11,-112,-77,pre,0.5181623388624086
1957-1958 recession,1957-1958,1957-04-12,-111,-76,pre,0.5153335847680387
1957-1958 recession,1957-1958,1957-04-15,-108,-75,pre,0.5384571140767831
1957-1958 recession,1957-1958,1957-04-16,-107,-74,pre,0.5623508951569863
1957-1958 recession,1957-1958,1957-04-17,-106,-73,pre,0.55983217359601
1957-1958 recession,1957-1958,1957-04-18,-105,-72,pre,0.5438748678237244
1957-1958 recession,1957-1958,1957-04-22,-101,-71,pre,0.5422728830815059
1957-1958 recession,1957-1958,1957-04-23,-100,-70,pre,0.5099070762659952
1957-1958 recession,1957-1958,1957-04-24,-99,-69,pre,0.4675533937885333
1957-1958 recession,1957-1958,1957-04-25,-98,-68,pre,0.4583681326134682
1957-1958 recession,1957-1958,1957-04-26,-97,-67,pre,0.4596430077109473
1957-1958 recession,1957-1958,1957-04-29,-94,-66,pre,0.4876527134808867
1957-1958 recession,1957-1958,1957-04-30,-93,-65,pre,0.3561225050003739
1957-1958 recession,1957-1958,1957-05-01,-92,-64,pre,0.2748813907168435
1957-1958 recession,1957-1958,1957-05-02,-91,-63,pre,0.4118593834892939
1957-1958 recession,1957-1958,1957-05-03,-90,-62,pre,0.5343412904479277
1957-1958 recession,1957-1958,1957-05-06,-87,-61,pre,0.1989103830613639
1957-1958 recession,1957-1958,1957-05-07,-86,-60,pre,0.1595707331647556
1957-1958 recession,1957-1958,1957-05-08,-85,-59,pre,-0.9191468453198932
1957-1958 recession,1957-1958,1957-05-09,-84,-58,pre,-0.9584107695363592
1957-1958 recession,1957-1958,1957-05-10,-83,-57,pre,-0.646781066908231
1957-1958 recession,1957-1958,1957-05-13,-80,-56,pre,-0.4929071578367446
1957-1958 recession,1957-1958,1957-05-14,-79,-55,pre,-0.7927409062455646
1957-1958 recession,1957-1958,1957-05-15,-78,-54,pre,-0.8751217747089225
1957-1958 recession,1957-1958,1957-05-16,-77,-53,pre,-0.9640700200181606
1957-1958 recession,1957-1958,1957-05-17,-76,-52,pre,-1.4524797575328214
1957-1958 recession,1957-1958,1957-05-20,-73,-51,pre,-1.1555987511034376
1957-1958 recession,1957-1958,1957-05-21,-72,-50,pre,-1.1024682890415058
1957-1958 recession,1957-1958,1957-05-22,-71,-49,pre,-1.0747014259210874
1957-1958 recession,1957-1958,1957-05-23,-70,-48,pre,-0.8190451139063606
1957-1958 recession,1957-1958,1957-05-24,-69,-47,pre,-0.3367236086152443
1957-1958 recession,1957-1958,1957-05-27,-66,-46,pre,-0.2578109307595866
1957-1958 recession,1957-1958,1957-05-28,-65,-45,pre,-0.299826154322006
1957-1958 recession,1957-1958,1957-05-29,-64,-44,pre,-0.6428299497919685
1957-1958 recession,1957-1958,1957-05-31,-62,-43,pre,-0.8176153033861027
1957-1958 recession,1957-1958,1957-06-03,-59,-42,pre,-0.4580343447199428
1957-1958 recession,1957-1958,1957-06-04,-58,-41,pre,0.210393519172913
1957-1958 recession,1957-1958,1957-06-05,-57,-40,pre,0.1418247442865352
1957-1958 recession,1957-1958,1957-06-06,-56,-39,pre,-0.3409405723967649
1957-1958 recession,1957-1958,1957-06-07,-55,-38,pre,-0.37430273151278
1957-1958 recession,1957-1958,1957-06-10,-52,-37,pre,-0.1100281639182487
1957-1958 recession,1957-1958,1957-06-11,-51,-36,pre,-0.2778668996153807
1957-1958 recession,1957-1958,1957-06-12,-50,-35,pre,-0.2997087449671857
1957-1958 recession,1957-1958,1957-06-13,-49,-34,pre,-0.6288450047204417
1957-1958 recession,1957-1958,1957-06-14,-48,-33,pre,-0.3447385339376422
1957-1958 recession,1957-1958,1957-06-17,-45,-32,pre,-0.3262927413007968
1957-1958 recession,1957-1958,1957-06-18,-44,-31,pre,-0.6312156998529369
1957-1958 recession,1957-1958,1957-06-19,-43,-30,pre,-0.4763467522802125
1957-1958 recession,1957-1958,1957-06-20,-42,-29,pre,-0.1426102266083294
1957-1958 recession,1957-1958,1957-06-21,-41,-28,pre,-0.4238469404332157
1957-1958 recession,1957-1958,1957-06-24,-38,-27,pre,-0.3217188453594667
1957-1958 recession,1957-1958,1957-06-25,-37,-26,pre,-0.1652063892297759
1957-1958 recession,1957-1958,1957-06-26,-36,-25,pre,-0.3240930051904381
1957-1958 recession,1957-1958,1957-06-27,-35,-24,pre,-0.5094977285201718
1957-1958 recession,1957-1958,1957-06-28,-34,-23,pre,-0.637999870135969
1957-1958 recession,1957-1958,1957-07-01,-31,-22,pre,-0.2453435164837183
1957-1958 recession,1957-1958,1957-07-02,-30,-21,pre,-0.0753358104019141
1957-1958 recession,1957-1958,1957-07-03,-29,-20,pre,0.1840348080522768
1957-1958 recession,1957-1958,1957-07-05,-27,-19,pre,0.1545925271226868
1957-1958 recession,1957-1958,1957-07-08,-24,-18,pre,0.366926305182936
1957-1958 recession,1957-1958,1957-07-09,-23,-17,pre,0.1510653068884696
1957-1958 recession,1957-1958,1957-07-10,-22,-16,pre,0.2966427135819877
1957-1958 recession,1957-1958,1957-07-11,-21,-15,pre,0.2618934017030909
1957-1958 recession,1957-1958,1957-07-12,-20,-14,pre,0.2115309392212424
1957-1958 recession,1957-1958,1957-07-15,-17,-13,pre,0.0817007296743178
1957-1958 recession,1957-1958,1957-07-16,-16,-12,pre,0.1014835178696506
1957-1958 recession,1957-1958,1957-07-17,-15,-11,pre,0.2143379396818371
1957-1958 recession,1957-1958,1957-07-18,-14,-10,pre,0.2418793313712507
1957-1958 recession,1957-1958,1957-07-19,-13,-9,pre,0.27969788528035
1957-1958 recession,1957-1958,1957-07-22,-10,-8,pre,0.3063122696294259
1957-1958 recession,1957-1958,1957-07-23,-9,-7,pre,0.1917395638216031
1957-1958 recession,1957-1958,1957-07-24,-8,-6,pre,0.3433062606943682
1957-1958 recession,1957-1958,1957-07-25,-7,-5,pre,0.28142813609865
1957-1958 recession,1957-1958,1957-07-26,-6,-4,pre,-0.0062192949595995
1957-1958 recession,1957-1958,1957-07-29,-3,-3,pre,0.1673615564715034
1957-1958 recession,1957-1958,1957-07-30,-2,-2,pre,0.2312590570548394
1957-1958 recession,1957-1958,1957-07-31,-1,-1,pre,0.2708833020729
1957-1958 recession,1957-1958,1957-08-01,0,0,during,0.2839587988731484
1957-1958 recession,1957-1958,1957-08-02,1,1,during,0.4880748365984499
1957-1958 recession,1957-1958,1957-08-05,4,2,during,0.3924134441020701
1957-1958 recession,1957-1958,1957-08-06,5,3,during,0.4819107859237229
1957-1958 recession,1957-1958,1957-08-07,6,4,during,0.5257804569025303
1957-1958 recession,1957-1958,1957-08-08,7,5,during,0.5002508664987881
1957-1958 recession,1957-1958,1957-08-09,8,6,during,0.4622096829748209
1957-1958 recession,1957-1958,1957-08-12,11,7,during,0.5119118774876501
1957-1958 recession,1957-1958,1957-08-13,12,8,during,0.4954594458699201
1957-1958 recession,1957-1958,1957-08-14,13,9,during,0.4843287702801945
1957-1958 recession,1957-1958,1957-08-15,14,10,during,0.3566382033996297
1957-1958 recession,1957-1958,1957-08-16,15,11,during,0.4749117901007987
1957-1958 recession,1957-1958,1957-08-19,18,12,during,0.515922827062047
1957-1958 recession,1957-1958,1957-08-20,19,13,during,0.5062907828598242
1957-1958 recession,1957-1958,1957-08-21,20,14,during,0.5911290736599731
1957-1958 recession,1957-1958,1957-08-22,21,15,during,0.5519516587620157
1957-1958 recession,1957-1958,1957-08-23,22,16,during,0.5609917426209259
1957-1958 recession,1957-1958,1957-08-26,25,17,during,0.3913022669261792
1957-1958 recession,1957-1958,1957-08-27,26,18,during,0.5590034714804694
1957-1958 recession,1957-1958,1957-08-28,27,19,during,0.566968480633237
1957-1958 recession,1957-1958,1957-08-29,28,20,during,0.5817514952119279
1957-1958 recession,1957-1958,1957-08-30,29,21,during,0.5568741099062716
1957-1958 recession,1957-1958,1957-09-03,33,22,during,0.5670977368078776
1957-1958 recession,1957-1958,1957-09-04,34,23,during,0.5016515985637259
1957-1958 recession,1957-1958,1957-09-05,35,24,during,0.5547927933588399
1957-1958 recession,1957-1958,1957-09-06,36,25,during,0.5370729206488342
1957-1958 recession,1957-1958,1957-09-09,39,26,during,0.530342217834449
1957-1958 recession,1957-1958,1957-09-10,40,27,during,0.5763660515171946
1957-1958 recession,1957-1958,1957-09-11,41,28,during,0.5463490196841903
1957-1958 recession,1957-1958,1957-09-12,42,29,during,0.6998226797703534
1957-1958 recession,1957-1958,1957-09-13,43,30,during,0.7023277536345771
1957-1958 recession,1957-1958,1957-09-16,46,31,during,0.7044522345567513
1957-1958 recession,1957-1958,1957-09-17,47,32,during,0.7043304308096368
1957-1958 recession,1957-1958,1957-09-18,48,33,during,0.552895318345469
1957-1958 recession,1957-1958,1957-09-19,49,34,during,0.5809605486901157
1957-1958 recession,1957-1958,1957-09-20,50,35,during,0.7036446162961262
1957-1958 recession,1957-1958,1957-09-23,53,36,during,0.7008610245891017
1957-1958 recession,1957-1958,1957-09-24,54,37,during,0.5809263876063746
1957-1958 recession,1957-1958,1957-09-25,55,38,during,0.5583492637908033
1957-1958 recession,1957-1958,1957-09-26,56,39,during,0.5638955542946037
1957-1958 recession,1957-1958,1957-09-27,57,40,during,0.5693554925814477
1957-1958 recession,1957-1958,1957-09-30,60,41,during,0.434723311665357
1957-1958 recession,1957-1958,1957-10-01,61,42,during,0.4150980127377531
1957-1958 recession,1957-1958,1957-10-02,62,43,during,0.435010759248656
1957-1958 recession,1957-1958,1957-10-03,63,44,during,0.5786101801135433
1957-1958 recession,1957-1958,1957-10-04,64,45,during,0.5292272082091741
1957-1958 recession,1957-1958,1957-10-07,67,46,during,0.5238073840247941
1957-1958 recession,1957-1958,1957-10-08,68,47,during,0.560291144372722
1957-1958 recession,1957-1958,1957-10-09,69,48,during,0.7019638461222568
1957-1958 recession,1957-1958,1957-10-10,70,49,during,0.7006790392209592
1957-1958 recession,1957-1958,1957-10-11,71,50,during,0.5714436805017197
1957-1958 recession,1957-1958,1957-10-14,74,51,during,0.6973221025383378
1957-1958 recession,1957-1958,1957-10-15,75,52,during,0.550889355596146
1957-1958 recession,1957-1958,1957-10-16,76,53,during,0.5627195330687249
1957-1958 recession,1957-1958,1957-10-17,77,54,during,0.5785298617518834
1957-1958 recession,1957-1958,1957-10-18,78,55,during,0.5475996648774812
1957-1958 recession,1957-1958,1957-10-21,81,56,during,0.5579503940454505
1957-1958 recession,1957-1958,1957-10-22,82,57,during,0.5585410036475907
1957-1958 recession,1957-1958,1957-10-23,83,58,during,0.5888193360058958
1957-1958 recession,1957-1958,1957-10-24,84,59,during,0.7142457978738849
1957-1958 recession,1957-1958,1957-10-25,85,60,during,0.5943553730233921
1957-1958 recession,1957-1958,1957-10-28,88,61,during,0.5936393303231379
1957-1958 recession,1957-1958,1957-10-29,89,62,during,0.590590061113736
1957-1958 recession,1957-1958,1957-10-30,90,63,during,0.7129153630222858
1957-1958 recession,1957-1958,1957-10-31,91,64,during,0.7122136351742208
1957-1958 recession,1957-1958,1957-11-01,92,65,during,0.5820397194480342
1957-1958 recession,1957-1958,1957-11-04,95,66,during,0.57375150460066
1957-1958 recession,1957-1958,1957-11-06,97,67,during,0.5718523930121536
1957-1958 recession,1957-1958,1957-11-07,98,68,during,0.5755385513083481
1957-1958 recession,1957-1958,1957-11-08,99,69,during,0.5808435178137402
1957-1958 recession,1957-1958,1957-11-11,102,70,during,0.590265014534555
1957-1958 recession,1957-1958,1957-11-12,103,71,during,0.5899859093793627
1957-1958 recession,1957-1958,1957-11-13,104,72,during,0.5788408478831639
1957-1958 recession,1957-1958,1957-11-14,105,73,during,0.5618309245710649
1957-1958 recession,1957-1958,1957-11-15,106,74,during,0.5460566718265214
1957-1958 recession,1957-1958,1957-11-18,109,75,during,0.5582080919875089
1957-1958 recession,1957-1958,1957-11-19,110,76,during,0.5615790271300003
1957-1958 recession,1957-1958,1957-11-20,111,77,during,0.5711514054971515
1957-1958 recession,1957-1958,1957-11-21,112,78,during,0.5182396274709788
1957-1958 recession,1957-1958,1957-11-22,113,79,during,0.4994107452492537
1957-1958 recession,1957-1958,1957-11-25,116,80,during,0.5461974337428661
1957-1958 recession,1957-1958,1957-11-26,117,81,during,0.5618312175493504
1957-1958 recession,1957-1958,1957-11-27,118,82,during,0.584337964512789
1957-1958 recession,1957-1958,1957-11-29,120,83,during,0.581758110845795
1957-1958 recession,1957-1958,1957-12-02,123,84,during,0.5614265418936271
1957-1958 recession,1957-1958,1957-12-03,124,85,during,0.559556596980897
1957-1958 recession,1957-1958,1957-12-04,125,86,during,0.5536302497095924
1957-1958 recession,1957-1958,1957-12-05,126,87,during,0.5648730595831912
1957-1958 recession,1957-1958,1957-12-06,127,88,during,0.5387034068800328
1957-1958 recession,1957-1958,1957-12-09,130,89,during,0.5181779583933233
1957-1958 recession,1957-1958,1957-12-10,131,90,during,0.5391716861676655
1957-1958 recession,1957-1958,1957-12-11,132,91,during,0.5287481547541852
1957-1958 recession,1957-1958,1957-12-12,133,92,during,0.4826889632303449
1957-1958 recession,1957-1958,1957-12-13,134,93,during,0.4753761275826464
1957-1958 recession,1957-1958,1957-12-16,137,94,during,0.4688934912255044
1957-1958 recession,1957-1958,1957-12-17,138,95,during,0.4911709352950056
1957-1958 recession,1957-1958,1957-12-18,139,96,during,0.4681714186835209
1957-1958 recession,1957-1958,1957-12-19,140,97,during,0.447989057136464
1957-1958 recession,1957-1958,1957-12-20,141,98,during,0.455030731265524
1957-1958 recession,1957-1958,1957-12-23,144,99,during,0.4208797960066696
1957-1958 recession,1957-1958,1957-12-24,145,100,during,0.4311128716831526
1957-1958 recession,1957-1958,1957-12-26,147,101,during,0.4397524365465792
1957-1958 recession,1957-1958,1957-12-27,148,102,during,0.4184191659801582
1957-1958 recession,1957-1958,1957-12-30,151,103,during,0.3140913704504531
1957-1958 recession,1957-1958,1957-12-31,152,104,during,0.4360204482248628
1957-1958 recession,1957-1958,1958-01-02,154,105,during,0.2531795885533051
1957-1958 recession,1957-1958,1958-01-03,155,106,during,0.3972589928013285
1957-1958 recession,1957-1958,1958-01-06,158,107,during,0.3199160548860782
1957-1958 recession,1957-1958,1958-01-07,159,108,during,0.4904403191426107
1957-1958 recession,1957-1958,1958-01-08,160,109,during,0.3667449594049614
1957-1958 recession,1957-1958,1958-01-09,161,110,during,0.519211106459338
1957-1958 recession,1957-1958,1958-01-10,162,111,during,0.3668111563131041
1957-1958 recession,1957-1958,1958-01-13,165,112,during,0.2557069728004876
1957-1958 recession,1957-1958,1958-01-14,166,113,during,0.2653509074310969
1957-1958 recession,1957-1958,1958-01-15,167,114,during,0.2786802456315767
1957-1958 recession,1957-1958,1958-01-16,168,115,during,0.2512384720408039
1957-1958 recession,1957-1958,1958-01-17,169,116,during,0.3996381511793271
1957-1958 recession,1957-1958,1958-01-20,172,117,during,0.4926584013337901
1957-1958 recession,1957-1958,1958-01-21,173,118,during,0.4980491277756395
1957-1958 recession,1957-1958,1958-01-22,174,119,during,0.5208407752783177
1957-1958 recession,1957-1958,1958-01-23,175,120,during,0.5168147797462422
1957-1958 recession,1957-1958,1958-01-24,176,121,during,0.5478273972790665
1957-1958 recession,1957-1958,1958-01-27,179,122,during,0.5389999839382812
1957-1958 recession,1957-1958,1958-01-28,180,123,during,0.5338279042854959
1957-1958 recession,1957-1958,1958-01-29,181,124,during,0.5574717958406487
1957-1958 recession,1957-1958,1958-01-30,182,125,during,0.5377497569103601
1957-1958 recession,1957-1958,1958-01-31,183,126,during,0.5263594949431097
1957-1958 recession,1957-1958,1958-02-03,186,127,during,0.4736940891526463
1957-1958 recession,1957-1958,1958-02-04,187,128,during,0.4586628566104035
1957-1958 recession,1957-1958,1958-02-05,188,129,during,0.5179569849709597
1957-1958 recession,1957-1958,1958-02-06,189,130,during,0.493437444686496
1957-1958 recession,1957-1958,1958-02-07,190,131,during,0.4417638885233825
1957-1958 recession,1957-1958,1958-02-10,193,132,during,0.4537039626774361
1957-1958 recession,1957-1958,1958-02-11,194,133,during,0.307257757447116
1957-1958 recession,1957-1958,1958-02-12,195,134,during,0.2363258317568179
1957-1958 recession,1957-1958,1958-02-13,196,135,during,0.2459169141227513
1957-1958 recession,1957-1958,1958-02-14,197,136,during,0.1993373853713776
1957-1958 recession,1957-1958,1958-02-17,200,137,during,0.2264726985078326
1957-1958 recession,1957-1958,1958-02-18,201,138,during,0.1196340061460054
1957-1958 recession,1957-1958,1958-02-19,202,139,during,0.1479416990878925
1957-1958 recession,1957-1958,1958-02-20,203,140,during,0.3054018766956006
1957-1958 recession,1957-1958,1958-02-21,204,141,during,0.2553577596825181
1957-1958 recession,1957-1958,1958-02-24,207,142,during,0.4029009579807976
1957-1958 recession,1957-1958,1958-02-25,208,143,during,0.3829576780539211
1957-1958 recession,1957-1958,1958-02-26,209,144,during,0.5274095696402623
1957-1958 recession,1957-1958,1958-02-27,210,145,during,0.5209929672538272
1957-1958 recession,1957-1958,1958-02-28,211,146,during,0.5380307965310374
1957-1958 recession,1957-1958,1958-03-03,214,147,during,0.362402162852305
1957-1958 recession,1957-1958,1958-03-04,215,148,during,0.553833014578954
1957-1958 recession,1957-1958,1958-03-05,216,149,during,0.5324455343075787
1957-1958 recession,1957-1958,1958-03-06,217,150,during,0.4900974642578442
1957-1958 recession,1957-1958,1958-03-07,218,151,during,0.4828776014181576
1957-1958 recession,1957-1958,1958-03-10,221,152,during,0.5639159396934258
1957-1958 recession,1957-1958,1958-03-11,222,153,during,0.6838080546588998
1957-1958 recession,1957-1958,1958-03-12,223,154,during,0.5545261936342964
1957-1958 recession,1957-1958,1958-03-13,224,155,during,0.4515972476990101
1957-1958 recession,1957-1958,1958-03-14,225,156,during,0.4863601171270314
1957-1958 recession,1957-1958,1958-03-17,228,157,during,0.4810215149797489
1957-1958 recession,1957-1958,1958-03-18,229,158,during,0.4416240406599266
1957-1958 recession,1957-1958,1958-03-19,230,159,during,0.4872448296567023
1957-1958 recession,1957-1958,1958-03-20,231,160,during,0.4998780110914573
1957-1958 recession,1957-1958,1958-03-21,232,161,during,0.5189137358660768
1957-1958 recession,1957-1958,1958-03-24,235,162,during,0.5077310848971969
1957-1958 recession,1957-1958,1958-03-25,236,163,during,0.3744922330004054
1957-1958 recession,1957-1958,1958-03-26,237,164,during,0.562940800637824
1957-1958 recession,1957-1958,1958-03-27,238,165,during,0.3754923801373666
1957-1958 recession,1957-1958,1958-03-28,239,166,during,0.2388922483201168
1957-1958 recession,1957-1958,1958-03-31,242,167,during,0.1336552187478522
1957-1958 recession,1957-1958,1958-04-01,243,168,during,-0.0180935946372178
1957-1958 recession,1957-1958,1958-04-02,244,169,post,0.3187229294700652
1957-1958 recession,1957-1958,1958-04-03,245,170,post,0.1097474639021867
1957-1958 recession,1957-1958,1958-04-07,249,171,post,0.0524152918604999
1957-1958 recession,1957-1958,1958-04-08,250,172,post,0.2621212344182931
1957-1958 recession,1957-1958,1958-04-09,251,173,post,0.2849712931071225
1957-1958 recession,1957-1958,1958-04-10,252,174,post,0.2648841943445621
1957-1958 recession,1957-1958,1958-04-11,253,175,post,0.5070141885923904
1957-1958 recession,1957-1958,1958-04-14,256,176,post,0.512967049650334
1957-1958 recession,1957-1958,1958-04-15,257,177,post,0.479354805347678
1957-1958 recession,1957-1958,1958-04-16,258,178,post,0.2768266977218532
1957-1958 recession,1957-1958,1958-04-17,259,179,post,0.4062561625991805
1957-1958 recession,1957-1958,1958-04-18,260,180,post,0.5391901910996265
1957-1958 recession,1957-1958,1958-04-21,263,181,post,0.4988219857577207
1957-1958 recession,1957-1958,1958-04-22,264,182,post,0.4515904875043812
1957-1958 recession,1957-1958,1958-04-23,265,183,post,0.4806211746997885
1957-1958 recession,1957-1958,1958-04-24,266,184,post,0.367150410188387
1957-1958 recession,1957-1958,1958-04-25,267,185,post,0.3613548768269802
1957-1958 recession,1957-1958,1958-04-28,270,186,post,0.3516230303689505
1957-1958 recession,1957-1958,1958-04-29,271,187,post,0.5165223497034397
1957-1958 recession,1957-1958,1958-04-30,272,188,post,0.3341102599754226
1957-1958 recession,1957-1958,1958-05-01,273,189,post,0.3926621662402328
1957-1958 recession,1957-1958,1958-05-02,274,190,post,0.3741115843790433
1957-1958 recession,1957-1958,1958-05-05,277,191,post,0.5394311665441723
1957-1958 recession,1957-1958,1958-05-06,278,192,post,0.5231512283338369
1957-1958 recession,1957-1958,1958-05-07,279,193,post,0.5602470092115256
1957-1958 recession,1957-1958,1958-05-08,280,194,post,0.5050937143035119
1957-1958 recession,1957-1958,1958-05-09,281,195,post,0.4419895866230628
1957-1958 recession,1957-1958,1958-05-12,284,196,post,0.3182909495373918
1957-1958 recession,1957-1958,1958-05-13,285,197,post,0.4377441284105051
1957-1958 recession,1957-1958,1958-05-14,286,198,post,0.4988116776551165
1957-1958 recession,1957-1958,1958-05-15,287,199,post,0.5197790687576606
1957-1958 recession,1957-1958,1958-05-16,288,200,post,0.5002021610259145
1957-1958 recession,1957-1958,1958-05-19,291,201,post,0.4923323284416431
1957-1958 recession,1957-1958,1958-05-20,292,202,post,0.3476433830140404
1957-1958 recession,1957-1958,1958-05-21,293,203,post,0.4559631329566989
1957-1958 recession,1957-1958,1958-05-22,294,204,post,0.4169337623613258
1957-1958 recession,1957-1958,1958-05-23,295,205,post,0.3635894409449601
1957-1958 recession,1957-1958,1958-05-26,298,206,post,0.3771185865447357
1957-1958 recession,1957-1958,1958-05-27,299,207,post,0.3886270493952057
1957-1958 recession,1957-1958,1958-05-28,300,208,post,0.3114396043453109
1957-1958 recession,1957-1958,1958-05-29,301,209,post,0.3312982089419851
1957-1958 recession,1957-1958,1958-06-02,305,210,post,0.4884942895350977
1957-1958 recession,1957-1958,1958-06-03,306,211,post,0.4725029369795503
1957-1958 recession,1957-1958,1958-06-04,307,212,post,0.3760437676125623
1957-1958 recession,1957-1958,1958-06-05,308,213,post,0.2286596837126485
1957-1958 recession,1957-1958,1958-06-06,309,214,post,0.2706719114624005
1957-1958 recession,1957-1958,1958-06-09,312,215,post,0.2317833008580064
1957-1958 recession,1957-1958,1958-06-10,313,216,post,0.3336736893027167
1957-1958 recession,1957-1958,1958-06-11,314,217,post,0.1522126396793653
1957-1958 recession,1957-1958,1958-06-12,315,218,post,-0.2789248849983893
1957-1958 recession,1957-1958,1958-06-13,316,219,post,0.0493620211795017
1957-1958 recession,1957-1958,1958-06-16,319,220,post,0.1859372264318647
1957-1958 recession,1957-1958,1958-06-17,320,221,post,0.21460573798194
1957-1958 recession,1957-1958,1958-06-18,321,222,post,0.1511401818094688
1957-1958 recession,1957-1958,1958-06-19,322,223,post,0.2787933775981188
1957-1958 recession,1957-1958,1958-06-20,323,224,post,0.4389949573448015
1957-1958 recession,1957-1958,1958-06-23,326,225,post,0.4908743235233848
1957-1958 recession,1957-1958,1958-06-24,327,226,post,0.5272604215131148
1957-1958 recession,1957-1958,1958-06-25,328,227,post,0.5196485735561134
1957-1958 recession,1957-1958,1958-06-26,329,228,post,0.523383024139991
1957-1958 recession,1957-1958,1958-06-27,330,229,post,0.4846298368000672
1957-1958 recession,1957-1958,1958-06-30,333,230,post,0.1105562927865501
1957-1958 recession,1957-1958,1958-07-01,334,231,post,0.4228369173077782
1957-1958 recession,1957-1958,1958-07-02,335,232,post,0.157670053047475
1957-1958 recession,1957-1958,1958-07-03,336,233,post,-0.0019608297084681
1957-1958 recession,1957-1958,1958-07-07,340,234,post,-0.0761433311714244
1957-1958 recession,1957-1958,1958-07-08,341,235,post,0.0380473547426235
1957-1958 recession,1957-1958,1958-07-09,342,236,post,0.1737800559865762
1957-1958 recession,1957-1958,1958-07-10,343,237,post,0.1095897615604145
1957-1958 recession,1957-1958,1958-07-11,344,238,post,0.3386463817248197
1957-1958 recession,1957-1958,1958-07-14,347,239,post,0.3959914920972617
1957-1958 recession,1957-1958,1958-07-15,348,240,post,0.1827958327744538
1957-1958 recession,1957-1958,1958-07-16,349,241,post,0.2584387283160667
1957-1958 recession,1957-1958,1958-07-17,350,242,post,0.105285085799215
1957-1958 recession,1957-1958,1958-07-18,351,243,post,0.0826450694943518
1957-1958 recession,1957-1958,1958-07-21,354,244,post,-0.0930384501114805
1957-1958 recession,1957-1958,1958-07-22,355,245,post,-0.2899159425109969
1957-1958 recession,1957-1958,1958-07-23,356,246,post,-0.3029936284935873
1957-1958 recession,1957-1958,1958-07-24,357,247,post,-0.3756867619003435
1957-1958 recession,1957-1958,1958-07-25,358,248,post,-0.6170667529568877
1957-1958 recession,1957-1958,1958-07-28,361,249,post,-0.2614633019103508
1957-1958 recession,1957-1958,1958-07-29,362,250,post,-0.4646220382046019
1957-1958 recession,1957-1958,1958-07-30,363,251,post,-0.3145467327806126
1957-1958 recession,1957-1958,1958-07-31,364,252,post,-0.2394493626423786
1957-1958 recession,1957-1958,1958-08-01,365,253,post,-0.0953217259952399
1957-1958 recession,1957-1958,1958-08-04,368,254,post,0.0176723547674311
1957-1958 recession,1957-1958,1958-08-05,369,255,post,0.1536303736978203
1960-1961 recession,1960-1961,1959-11-27,-126,-87,pre,0.2160378831326329
1960-1961 recession,1960-1961,1959-11-30,-123,-86,pre,0.1707503373413348
1960-1961 recession,1960-1961,1959-12-01,-122,-85,pre,0.251089835979141
1960-1961 recession,1960-1961,1959-12-02,-121,-84,pre,0.2333503574724847
1960-1961 recession,1960-1961,1959-12-03,-120,-83,pre,0.2836007087479347
1960-1961 recession,1960-1961,1959-12-04,-119,-82,pre,0.2328007924035676
1960-1961 recession,1960-1961,1959-12-07,-116,-81,pre,0.171126431546284
1960-1961 recession,1960-1961,1959-12-08,-115,-80,pre,0.0497480455539838
1960-1961 recession,1960-1961,1959-12-09,-114,-79,pre,0.1263034692012926
1960-1961 recession,1960-1961,1959-12-10,-113,-78,pre,0.0955624286287058
1960-1961 recession,1960-1961,1959-12-11,-112,-77,pre,0.1853139569522891
1960-1961 recession,1960-1961,1959-12-14,-109,-76,pre,0.1453687224370036
1960-1961 recession,1960-1961,1959-12-15,-108,-75,pre,0.1695494761049217
1960-1961 recession,1960-1961,1959-12-16,-107,-74,pre,0.0758348503519465
1960-1961 recession,1960-1961,1959-12-17,-106,-73,pre,0.0017602048881404
1960-1961 recession,1960-1961,1959-12-18,-105,-72,pre,-0.3854419938481816
1960-1961 recession,1960-1961,1959-12-21,-102,-71,pre,-0.5388359937204878
1960-1961 recession,1960-1961,1959-12-22,-101,-70,pre,-0.7610705598608554
1960-1961 recession,1960-1961,1959-12-23,-100,-69,pre,-0.5507655080392055
1960-1961 recession,1960-1961,1959-12-24,-99,-68,pre,-0.5566672650987207
1960-1961 recession,1960-1961,1959-12-28,-95,-67,pre,-0.6282340433677687
1960-1961 recession,1960-1961,1959-12-29,-94,-66,pre,-0.369792147417368
1960-1961 recession,1960-1961,1959-12-30,-93,-65,pre,-0.3614093787696274
1960-1961 recession,1960-1961,1959-12-31,-92,-64,pre,-0.2118408812382012
1960-1961 recession,1960-1961,1960-01-04,-88,-63,pre,-0.3350547820282842
1960-1961 recession,1960-1961,1960-01-05,-87,-62,pre,-0.2200102329554781
1960-1961 recession,1960-1961,1960-01-06,-86,-61,pre,-0.1789664466539379
1960-1961 recession,1960-1961,1960-01-07,-85,-60,pre,-0.1643496933206608
1960-1961 recession,1960-1961,1960-01-08,-84,-59,pre,-0.3750001148357128
1960-1961 recession,1960-1961,1960-01-11,-81,-58,pre,-0.4284299866316911
1960-1961 recession,1960-1961,1960-01-12,-80,-57,pre,-0.2966801180383737
1960-1961 recession,1960-1961,1960-01-13,-79,-56,pre,0.0195745246031288
1960-1961 recession,1960-1961,1960-01-14,-78,-55,pre,0.014796342723658
1960-1961 recession,1960-1961,1960-01-15,-77,-54,pre,-0.0175881190838862
1960-1961 recession,1960-1961,1960-01-18,-74,-53,pre,0.0171282877475171
1960-1961 recession,1960-1961,1960-01-19,-73,-52,pre,0.1119744460919323
1960-1961 recession,1960-1961,1960-01-20,-72,-51,pre,0.0179729280094457
1960-1961 recession,1960-1961,1960-01-21,-71,-50,pre,-0.3441026861924475
1960-1961 recession,1960-1961,1960-01-22,-70,-49,pre,-0.5195844097076832
1960-1961 recession,1960-1961,1960-01-25,-67,-48,pre,-0.0454069062479427
1960-1961 recession,1960-1961,1960-01-26,-66,-47,pre,-0.3364094631171126
1960-1961 recession,1960-1961,1960-01-27,-65,-46,pre,-0.1409905415519024
1960-1961 recession,1960-1961,1960-01-28,-64,-45,pre,0.0143321321064075
1960-1961 recession,1960-1961,1960-01-29,-63,-44,pre,0.1930407076688867
1960-1961 recession,1960-1961,1960-02-01,-60,-43,pre,0.1795783580830569
1960-1961 recession,1960-1961,1960-02-02,-59,-42,pre,0.2200262255662954
1960-1961 recession,1960-1961,1960-02-03,-58,-41,pre,0.2006627836814563
1960-1961 recession,1960-1961,1960-02-04,-57,-40,pre,0.3145350419520275
1960-1961 recession,1960-1961,1960-02-05,-56,-39,pre,0.0226686249869675
1960-1961 recession,1960-1961,1960-02-08,-53,-38,pre,0.1042684194390737
1960-1961 recession,1960-1961,1960-02-09,-52,-37,pre,0.4563611192657403
1960-1961 recession,1960-1961,1960-02-10,-51,-36,pre,0.4969766313976355
1960-1961 recession,1960-1961,1960-02-11,-50,-35,pre,0.3612733358284131
1960-1961 recession,1960-1961,1960-02-12,-49,-34,pre,0.1675580387107748
1960-1961 recession,1960-1961,1960-02-15,-46,-33,pre,0.1612190185505142
1960-1961 recession,1960-1961,1960-02-16,-45,-32,pre,0.37359193185035
1960-1961 recession,1960-1961,1960-02-17,-44,-31,pre,0.3390670145975123
1960-1961 recession,1960-1961,1960-02-18,-43,-30,pre,0.5105775165100328
1960-1961 recession,1960-1961,1960-02-19,-42,-29,pre,0.2988590446487358
1960-1961 recession,1960-1961,1960-02-23,-38,-28,pre,0.4102271972979719
1960-1961 recession,1960-1961,1960-02-24,-37,-27,pre,0.2839448516088501
1960-1961 recession,1960-1961,1960-02-25,-36,-26,pre,0.1889184435298014
1960-1961 recession,1960-1961,1960-02-26,-35,-25,pre,0.2771726522875914
1960-1961 recession,1960-1961,1960-02-29,-32,-24,pre,0.1243251642100827
1960-1961 recession,1960-1961,1960-03-01,-31,-23,pre,0.2401987236317362
1960-1961 recession,1960-1961,1960-03-02,-30,-22,pre,0.4544944317428738
1960-1961 recession,1960-1961,1960-03-03,-29,-21,pre,0.4879488687975109
1960-1961 recession,1960-1961,1960-03-04,-28,-20,pre,0.5026427280361201
1960-1961 recession,1960-1961,1960-03-07,-25,-19,pre,0.5045602502144177
1960-1961 recession,1960-1961,1960-03-08,-24,-18,pre,0.4748469973444937
1960-1961 recession,1960-1961,1960-03-09,-23,-17,pre,0.3099229181307038
1960-1961 recession,1960-1961,1960-03-10,-22,-16,pre,0.2981643378755038
1960-1961 recession,1960-1961,1960-03-11,-21,-15,pre,0.392403618266355
1960-1961 recession,1960-1961,1960-03-14,-18,-14,pre,0.4561206387163479
1960-1961 recession,1960-1961,1960-03-15,-17,-13,pre,0.3260797710460322
1960-1961 recession,1960-1961,1960-03-16,-16,-12,pre,0.3276297833413554
1960-1961 recession,1960-1961,1960-03-17,-15,-11,pre,0.2761036639858858
1960-1961 recession,1960-1961,1960-03-18,-14,-10,pre,0.2099632598819866
1960-1961 recession,1960-1961,1960-03-21,-11,-9,pre,0.1486569014367498
1960-1961 recession,1960-1961,1960-03-22,-10,-8,pre,0.2561584687036886
1960-1961 recession,1960-1961,1960-03-23,-9,-7,pre,0.2408091307039179
1960-1961 recession,1960-1961,1960-03-24,-8,-6,pre,0.2099337534266606
1960-1961 recession,1960-1961,1960-03-25,-7,-5,pre,0.259302937372515
1960-1961 recession,1960-1961,1960-03-28,-4,-4,pre,0.3188033635756972
1960-1961 recession,1960-1961,1960-03-29,-3,-3,pre,0.5069255399219588
1960-1961 recession,1960-1961,1960-03-30,-2,-2,pre,0.4903406456509374
1960-1961 recession,1960-1961,1960-03-31,-1,-1,pre,0.4430358866123698
1960-1961 recession,1960-1961,1960-04-01,0,0,during,0.5061214618335819
1960-1961 recession,1960-1961,1960-04-04,3,1,during,0.5050584119516982
1960-1961 recession,1960-1961,1960-04-05,4,2,during,0.5013505928047681
1960-1961 recession,1960-1961,1960-04-06,5,3,during,0.4298355886370212
1960-1961 recession,1960-1961,1960-04-07,6,4,during,0.4713910740596356
1960-1961 recession,1960-1961,1960-04-08,7,5,during,0.3877197277718325
1960-1961 recession,1960-1961,1960-04-11,10,6,during,0.3993655316526771
1960-1961 recession,1960-1961,1960-04-12,11,7,during,0.2824853777394885
1960-1961 recession,1960-1961,1960-04-13,12,8,during,0.1980567729966031
1960-1961 recession,1960-1961,1960-04-14,13,9,during,0.164745956794168
1960-1961 recession,1960-1961,1960-04-18,17,10,during,0.3837350373136238
1960-1961 recession,1960-1961,1960-04-19,18,11,during,0.3841121748678829
1960-1961 recession,1960-1961,1960-04-20,19,12,during,0.4449059697777914
1960-1961 recession,1960-1961,1960-04-21,20,13,during,0.5184162181213676
1960-1961 recession,1960-1961,1960-04-22,21,14,during,0.5275256012074101
1960-1961 recession,1960-1961,1960-04-25,24,15,during,0.4771323923352192
1960-1961 recession,1960-1961,1960-04-26,25,16,during,0.3118427929631292
1960-1961 recession,1960-1961,1960-04-27,26,17,during,0.3878417419933555
1960-1961 recession,1960-1961,1960-04-28,27,18,during,0.4541362424292
1960-1961 recession,1960-1961,1960-04-29,28,19,during,0.3009061799297391
1960-1961 recession,1960-1961,1960-05-02,31,20,during,0.3856147088522837
1960-1961 recession,1960-1961,1960-05-03,32,21,during,0.4981234935946032
1960-1961 recession,1960-1961,1960-05-04,33,22,during,0.5230923979486157
1960-1961 recession,1960-1961,1960-05-05,34,23,during,0.3691466343590781
1960-1961 recession,1960-1961,1960-05-06,35,24,during,0.3461168574209207
1960-1961 recession,1960-1961,1960-05-09,38,25,during,0.2661229724998992
1960-1961 recession,1960-1961,1960-05-10,39,26,during,0.2962076827216463
1960-1961 recession,1960-1961,1960-05-11,40,27,during,0.437423496182156
1960-1961 recession,1960-1961,1960-05-12,41,28,during,0.3790267688246201
1960-1961 recession,1960-1961,1960-05-13,42,29,during,0.2955629910852944
1960-1961 recession,1960-1961,1960-05-16,45,30,during,0.2462738386864601
1960-1961 recession,1960-1961,1960-05-17,46,31,during,0.3134503761947923
1960-1961 recession,1960-1961,1960-05-18,47,32,during,0.3542439150353586
1960-1961 recession,1960-1961,1960-05-19,48,33,during,0.1593368048062644
1960-1961 recession,1960-1961,1960-05-20,49,34,during,0.2043461932653625
1960-1961 recession,1960-1961,1960-05-23,52,35,during,0.4387055591762409
1960-1961 recession,1960-1961,1960-05-24,53,36,during,0.274597287474172
1960-1961 recession,1960-1961,1960-05-25,54,37,during,0.3686267291124913
1960-1961 recession,1960-1961,1960-05-26,55,38,during,0.4509607879303267
1960-1961 recession,1960-1961,1960-05-27,56,39,during,0.3627972551930122
1960-1961 recession,1960-1961,1960-05-31,60,40,during,0.2624385903893517
1960-1961 recession,1960-1961,1960-06-01,61,41,during,0.138573838500496
1960-1961 recession,1960-1961,1960-06-02,62,42,during,0.1564815499094337
1960-1961 recession,1960-1961,1960-06-03,63,43,during,0.0610028583788994
1960-1961 recession,1960-1961,1960-06-06,66,44,during,0.1375337312696054
1960-1961 recession,1960-1961,1960-06-07,67,45,during,0.0397722167875705
1960-1961 recession,1960-1961,1960-06-08,68,46,during,-0.01199849364795
1960-1961 recession,1960-1961,1960-06-09,69,47,during,-0.3706778141132225
1960-1961 recession,1960-1961,1960-06-10,70,48,during,-0.953643801651304
1960-1961 recession,1960-1961,1960-06-13,73,49,during,-0.8057887282580438
1960-1961 recession,1960-1961,1960-06-14,74,50,during,-0.6134110238030676
1960-1961 recession,1960-1961,1960-06-15,75,51,during,-0.4260547021788226
1960-1961 recession,1960-1961,1960-06-16,76,52,during,-0.5739616092444377
1960-1961 recession,1960-1961,1960-06-17,77,53,during,-0.4171099561518172
1960-1961 recession,1960-1961,1960-06-20,80,54,during,-0.4202592692320535
1960-1961 recession,1960-1961,1960-06-21,81,55,during,-0.5994687853363365
1960-1961 recession,1960-1961,1960-06-22,82,56,during,-0.8005787355816386
1960-1961 recession,1960-1961,1960-06-23,83,57,during,-0.8767552222005627
1960-1961 recession,1960-1961,1960-06-24,84,58,during,-1.1465142432298272
1960-1961 recession,1960-1961,1960-06-27,87,59,during,-1.12307016249969
1960-1961 recession,1960-1961,1960-06-28,88,60,during,-1.1537273630528364
1960-1961 recession,1960-1961,1960-06-29,89,61,during,-1.1429566396400703
1960-1961 recession,1960-1961,1960-06-30,90,62,during,-0.8143212560693716
1960-1961 recession,1960-1961,1960-07-01,91,63,during,-1.319393989434386
1960-1961 recession,1960-1961,1960-07-05,95,64,during,-1.1864458324611544
1960-1961 recession,1960-1961,1960-07-06,96,65,during,-1.177031580786922
1960-1961 recession,1960-1961,1960-07-07,97,66,during,-1.3107643433673442
1960-1961 recession,1960-1961,1960-07-08,98,67,during,-1.16592808584887
1960-1961 recession,1960-1961,1960-07-11,101,68,during,-0.9476244094336276
1960-1961 recession,1960-1961,1960-07-12,102,69,during,-0.8949472751831167
1960-1961 recession,1960-1961,1960-07-13,103,70,during,-0.834174259481574
1960-1961 recession,1960-1961,1960-07-14,104,71,during,-0.9741304613985564
1960-1961 recession,1960-1961,1960-07-15,105,72,during,-1.1439888034891776
1960-1961 recession,1960-1961,1960-07-18,108,73,during,-1.0081450245689574
1960-1961 recession,1960-1961,1960-07-19,109,74,during,-1.0141059229799323
1960-1961 recession,1960-1961,1960-07-20,110,75,during,-1.3503524754479228
1960-1961 recession,1960-1961,1960-07-21,111,76,during,-0.764138449829105
1960-1961 recession,1960-1961,1960-07-22,112,77,during,-0.8875502749101191
1960-1961 recession,1960-1961,1960-07-25,115,78,during,-0.8396912078634496
1960-1961 recession,1960-1961,1960-07-26,116,79,during,-0.8394569434457958
1960-1961 recession,1960-1961,1960-07-27,117,80,during,-0.9039592337378434
1960-1961 recession,1960-1961,1960-07-28,118,81,during,-1.350177498677948
1960-1961 recession,1960-1961,1960-07-29,119,82,during,-0.8809968966741591
1960-1961 recession,1960-1961,1960-08-01,122,83,during,-0.9095855556524416
1960-1961 recession,1960-1961,1960-08-02,123,84,during,-0.3627732683163647
1960-1961 recession,1960-1961,1960-08-03,124,85,during,-0.5854356717347193
1960-1961 recession,1960-1961,1960-08-04,125,86,during,-0.8048050487963543
1960-1961 recession,1960-1961,1960-08-05,126,87,during,-0.7871084098298781
1960-1961 recession,1960-1961,1960-08-08,129,88,during,-0.5507823374957473
1960-1961 recession,1960-1961,1960-08-09,130,89,during,-0.4884188953573437
1960-1961 recession,1960-1961,1960-08-10,131,90,during,-0.5047310201356721
1960-1961 recession,1960-1961,1960-08-11,132,91,during,-0.5693739473644996
1960-1961 recession,1960-1961,1960-08-12,133,92,during,-0.3275342071473699
1960-1961 recession,1960-1961,1960-08-15,136,93,during,-0.0495280928159826
1960-1961 recession,1960-1961,1960-08-16,137,94,during,-0.1712614091527248
1960-1961 recession,1960-1961,1960-08-17,138,95,during,-0.2593617669616531
1960-1961 recession,1960-1961,1960-08-18,139,96,during,-0.3442944740847412
1960-1961 recession,1960-1961,1960-08-19,140,97,during,0.0647765840836706
1960-1961 recession,1960-1961,1960-08-22,143,98,during,0.0765625686723621
1960-1961 recession,1960-1961,1960-08-23,144,99,during,-0.0300279737787347
1960-1961 recession,1960-1961,1960-08-24,145,100,during,-0.017424321206988
1960-1961 recession,1960-1961,1960-08-25,146,101,during,-0.1516892022730506
1960-1961 recession,1960-1961,1960-08-26,147,102,during,0.2850127718971711
1960-1961 recession,1960-1961,1960-08-29,150,103,during,0.2292570505076376
1960-1961 recession,1960-1961,1960-08-30,151,104,during,-0.06321139321461
1960-1961 recession,1960-1961,1960-08-31,152,105,during,0.1064994790069625
1960-1961 recession,1960-1961,1960-09-01,153,106,during,-0.0947251879617898
1960-1961 recession,1960-1961,1960-09-02,154,107,during,0.0528778541593011
1960-1961 recession,1960-1961,1960-09-06,158,108,during,0.0643564650367725
1960-1961 recession,1960-1961,1960-09-07,159,109,during,0.2067377417314643
1960-1961 recession,1960-1961,1960-09-08,160,110,during,0.3295757060933842
1960-1961 recession,1960-1961,1960-09-09,161,111,during,0.1774346253782747
1960-1961 recession,1960-1961,1960-09-12,164,112,during,0.1512785962295448
1960-1961 recession,1960-1961,1960-09-13,165,113,during,0.0676394921617995
1960-1961 recession,1960-1961,1960-09-14,166,114,during,0.1764033601722214
1960-1961 recession,1960-1961,1960-09-15,167,115,during,0.171403732952403
1960-1961 recession,1960-1961,1960-09-16,168,116,during,0.2452030216454406
1960-1961 recession,1960-1961,1960-09-19,171,117,during,0.4738561072462487
1960-1961 recession,1960-1961,1960-09-20,172,118,during,0.5161683216337212
1960-1961 recession,1960-1961,1960-09-21,173,119,during,0.4894715782067835
1960-1961 recession,1960-1961,1960-09-22,174,120,during,0.4609361024005108
1960-1961 recession,1960-1961,1960-09-23,175,121,during,0.3447877665275655
1960-1961 recession,1960-1961,1960-09-26,178,122,during,0.2655592085741093
1960-1961 recession,1960-1961,1960-09-27,179,123,during,0.3369075103319465
1960-1961 recession,1960-1961,1960-09-28,180,124,during,0.320289418755332
1960-1961 recession,1960-1961,1960-09-29,181,125,during,0.2600838090618191
1960-1961 recession,1960-1961,1960-09-30,182,126,during,0.21482715360265
1960-1961 recession,1960-1961,1960-10-03,185,127,during,0.226361287207086
1960-1961 recession,1960-1961,1960-10-04,186,128,during,0.259049356769118
1960-1961 recession,1960-1961,1960-10-05,187,129,during,0.2521203134023667
1960-1961 recession,1960-1961,1960-10-06,188,130,during,0.3286383423324843
1960-1961 recession,1960-1961,1960-10-07,189,131,during,0.3833622249592466
1960-1961 recession,1960-1961,1960-10-10,192,132,during,0.3876671119058056
1960-1961 recession,1960-1961,1960-10-11,193,133,during,0.474175269521128
1960-1961 recession,1960-1961,1960-10-12,194,134,during,0.4969301815946054
1960-1961 recession,1960-1961,1960-10-13,195,135,during,0.5313745787825012
1960-1961 recession,1960-1961,1960-10-14,196,136,during,0.4933150195294692
1960-1961 recession,1960-1961,1960-10-17,199,137,during,0.5409712670986055
1960-1961 recession,1960-1961,1960-10-18,200,138,during,0.5287515093540309
1960-1961 recession,1960-1961,1960-10-19,201,139,during,0.5093656347952225
1960-1961 recession,1960-1961,1960-10-20,202,140,during,0.53104661592271
1960-1961 recession,1960-1961,1960-10-21,203,141,during,0.5279142627286981
1960-1961 recession,1960-1961,1960-10-24,206,142,during,0.4700636793698461
1960-1961 recession,1960-1961,1960-10-25,207,143,during,0.5111380059662235
1960-1961 recession,1960-1961,1960-10-26,208,144,during,0.5192929469943915
1960-1961 recession,1960-1961,1960-10-27,209,145,during,0.5364547895838128
1960-1961 recession,1960-1961,1960-10-28,210,146,during,0.5283950719995841
1960-1961 recession,1960-1961,1960-10-31,213,147,during,0.525880625373245
1960-1961 recession,1960-1961,1960-11-01,214,148,during,0.5518122528372109
1960-1961 recession,1960-1961,1960-11-02,215,149,during,0.5258613679172983
1960-1961 recession,1960-1961,1960-11-03,216,150,during,0.5307535700287549
1960-1961 recession,1960-1961,1960-11-04,217,151,during,0.5324469759304924
1960-1961 recession,1960-1961,1960-11-07,220,152,during,0.5365437141861729
1960-1961 recession,1960-1961,1960-11-09,222,153,during,0.3262120069319499
1960-1961 recession,1960-1961,1960-11-10,223,154,during,0.4954176092769822
1960-1961 recession,1960-1961,1960-11-11,224,155,during,0.5290553637121564
1960-1961 recession,1960-1961,1960-11-14,227,156,during,0.4548605754439963
1960-1961 recession,1960-1961,1960-11-15,228,157,during,0.4518829826909433
1960-1961 recession,1960-1961,1960-11-16,229,158,during,0.288611906242188
1960-1961 recession,1960-1961,1960-11-17,230,159,during,0.4720963147497199
1960-1961 recession,1960-1961,1960-11-18,231,160,during,0.3033639260524488
1960-1961 recession,1960-1961,1960-11-21,234,161,during,0.4640016214653633
1960-1961 recession,1960-1961,1960-11-22,235,162,during,0.4884945760234189
1960-1961 recession,1960-1961,1960-11-23,236,163,during,0.4526643218531381
1960-1961 recession,1960-1961,1960-11-25,238,164,during,0.453833088756423
1960-1961 recession,1960-1961,1960-11-28,241,165,during,0.340799430015976
1960-1961 recession,1960-1961,1960-11-29,242,166,during,0.3578552228488788
1960-1961 recession,1960-1961,1960-11-30,243,167,during,0.3502591408024061
1960-1961 recession,1960-1961,1960-12-01,244,168,during,0.4739835430272402
1960-1961 recession,1960-1961,1960-12-02,245,169,during,0.4051195356141536
1960-1961 recession,1960-1961,1960-12-05,248,170,during,0.2947257455688598
1960-1961 recession,1960-1961,1960-12-06,249,171,during,0.4407410851785603
1960-1961 recession,1960-1961,1960-12-07,250,172,during,0.4301375628300433
1960-1961 recession,1960-1961,1960-12-08,251,173,during,0.4805147785702106
1960-1961 recession,1960-1961,1960-12-09,252,174,during,0.470239776637266
1960-1961 recession,1960-1961,1960-12-12,255,175,during,0.4615203618501766
1960-1961 recession,1960-1961,1960-12-13,256,176,during,0.4549551051601817
1960-1961 recession,1960-1961,1960-12-14,257,177,during,0.3940629559032023
1960-1961 recession,1960-1961,1960-12-15,258,178,during,0.4277944921317378
1960-1961 recession,1960-1961,1960-12-16,259,179,during,0.4493015186646457
1960-1961 recession,1960-1961,1960-12-19,262,180,during,0.5038521915579537
1960-1961 recession,1960-1961,1960-12-20,263,181,during,0.5036046063223141
1960-1961 recession,1960-1961,1960-12-21,264,182,during,0.3428403573121988
1960-1961 recession,1960-1961,1960-12-22,265,183,during,0.3542995504720521
1960-1961 recession,1960-1961,1960-12-23,266,184,during,0.2884780073642532
1960-1961 recession,1960-1961,1960-12-27,270,185,during,0.4431652021090373
1960-1961 recession,1960-1961,1960-12-28,271,186,during,0.3252113897920488
1960-1961 recession,1960-1961,1960-12-29,272,187,during,0.3036883116054162
1960-1961 recession,1960-1961,1960-12-30,273,188,during,0.4284406393833829
1960-1961 recession,1960-1961,1961-01-03,277,189,during,0.2442522520889947
1960-1961 recession,1960-1961,1961-01-04,278,190,during,0.4253886451787604
1960-1961 recession,1960-1961,1961-01-05,279,191,during,0.4653834388340317
1960-1961 recession,1960-1961,1961-01-06,280,192,during,0.3703641643941983
1960-1961 recession,1960-1961,1961-01-09,283,193,during,0.326266884074158
1960-1961 recession,1960-1961,1961-01-10,284,194,during,0.2163214086286026
1960-1961 recession,1960-1961,1961-01-11,285,195,during,0.2351428535221917
1960-1961 recession,1960-1961,1961-01-12,286,196,during,0.3247627709505823
1960-1961 recession,1960-1961,1961-01-13,287,197,during,0.2003080794765205
1960-1961 recession,1960-1961,1961-01-16,290,198,during,-0.1165289256755947
1960-1961 recession,1960-1961,1961-01-17,291,199,during,-0.0364615295556696
1960-1961 recession,1960-1961,1961-01-18,292,200,during,-0.1017092397128074
1960-1961 recession,1960-1961,1961-01-19,293,201,during,-0.2340866485564645
1960-1961 recession,1960-1961,1961-01-20,294,202,during,-0.7242373212207476
1960-1961 recession,1960-1961,1961-01-23,297,203,during,-1.2767816426868333
1960-1961 recession,1960-1961,1961-01-24,298,204,during,-1.230894865033921
1960-1961 recession,1960-1961,1961-01-25,299,205,during,-1.213619275777906
1960-1961 recession,1960-1961,1961-01-26,300,206,during,-1.0680291655519754
1960-1961 recession,1960-1961,1961-01-27,301,207,during,-1.1410004312704358
1960-1961 recession,1960-1961,1961-01-30,304,208,during,-1.2261215803897818
1960-1961 recession,1960-1961,1961-01-31,305,209,during,-0.9984346076586708
1960-1961 recession,1960-1961,1961-02-01,306,210,during,-1.050103525488907
1960-1961 recession,1960-1961,1961-02-02,307,211,post,-0.8126975355739028
1960-1961 recession,1960-1961,1961-02-03,308,212,post,-0.9661682441087794
1960-1961 recession,1960-1961,1961-02-06,311,213,post,-0.4994964978233392
1960-1961 recession,1960-1961,1961-02-07,312,214,post,-1.2506222499981192
1960-1961 recession,1960-1961,1961-02-08,313,215,post,-0.6546027494200857
1960-1961 recession,1960-1961,1961-02-09,314,216,post,-0.4774710899536843
1960-1961 recession,1960-1961,1961-02-10,315,217,post,-0.3769032925085856
1960-1961 recession,1960-1961,1961-02-13,318,218,post,-0.3446913323711237
1960-1961 recession,1960-1961,1961-02-14,319,219,post,-0.4351272646943375
1960-1961 recession,1960-1961,1961-02-15,320,220,post,-0.2484419852421744
1960-1961 recession,1960-1961,1961-02-16,321,221,post,-0.2356551198392795
1960-1961 recession,1960-1961,1961-02-17,322,222,post,-0.4600387590706554
1960-1961 recession,1960-1961,1961-02-20,325,223,post,-0.5371589030624186
1960-1961 recession,1960-1961,1961-02-21,326,224,post,-0.5298308489300545
1960-1961 recession,1960-1961,1961-02-23,328,225,post,-0.0692626954605381
1960-1961 recession,1960-1961,1961-02-24,329,226,post,-0.2098785449075975
1960-1961 recession,1960-1961,1961-02-27,332,227,post,-0.3722448612408814
1960-1961 recession,1960-1961,1961-02-28,333,228,post,-1.0488649854166128
1960-1961 recession,1960-1961,1961-03-01,334,229,post,-1.005890492107693
1960-1961 recession,1960-1961,1961-03-02,335,230,post,-1.068842625525964
1960-1961 recession,1960-1961,1961-03-03,336,231,post,-0.8266456274355711
1960-1961 recession,1960-1961,1961-03-06,339,232,post,-0.9929546150601102
1960-1961 recession,1960-1961,1961-03-07,340,233,post,-0.7254463489918956
1960-1961 recession,1960-1961,1961-03-08,341,234,post,-0.8736525412831098
1960-1961 recession,1960-1961,1961-03-09,342,235,post,-0.8676265867908501
1960-1961 recession,1960-1961,1961-03-10,343,236,post,-0.9413458712200232
1960-1961 recession,1960-1961,1961-03-13,346,237,post,-0.909947986408128
1960-1961 recession,1960-1961,1961-03-14,347,238,post,-1.0651306427187532
1960-1961 recession,1960-1961,1961-03-15,348,239,post,-0.7028743403664832
1960-1961 recession,1960-1961,1961-03-16,349,240,post,-1.1746903355683156
1960-1961 recession,1960-1961,1961-03-17,350,241,post,-0.8108635496646042
1960-1961 recession,1960-1961,1961-03-20,353,242,post,-0.7317157129167011
1960-1961 recession,1960-1961,1961-03-21,354,243,post,-0.7257237748559356
1960-1961 recession,1960-1961,1961-03-22,355,244,post,-0.7289031119155245
1960-1961 recession,1960-1961,1961-03-23,356,245,post,-0.7315351867643709
1960-1961 recession,1960-1961,1961-03-24,357,246,post,-0.3227803171853633
1960-1961 recession,1960-1961,1961-03-27,360,247,post,-0.64470218582908
1960-1961 recession,1960-1961,1961-03-28,361,248,post,-0.4226464525758213
1960-1961 recession,1960-1961,1961-03-29,362,249,post,-0.2544144692038506
1960-1961 recession,1960-1961,1961-03-30,363,250,post,-0.1523161254127592
1960-1961 recession,1960-1961,1961-04-03,367,251,post,-0.5249714216741926
1960-1961 recession,1960-1961,1961-04-04,368,252,post,-0.4297623256675121
1960-1961 recession,1960-1961,1961-04-05,369,253,post,-0.9190153471147288
1960-1961 recession,1960-1961,1961-04-06,370,254,post,-0.9522968457835222
1960-1961 recession,1960-1961,1961-04-07,371,255,post,-0.6824856182236908
1960-1961 recession,1960-1961,1961-04-10,374,256,post,-0.6861928269499761
1960-1961 recession,1960-1961,1961-04-11,375,257,post,-0.3256263791464986
1960-1961 recession,1960-1961,1961-04-12,376,258,post,-0.6942928935523536
1960-1961 recession,1960-1961,1961-04-13,377,259,post,-1.0508319892228832
1960-1961 recession,1960-1961,1961-04-14,378,260,post,-1.2237788225830228
1960-1961 recession,1960-1961,1961-04-17,381,261,post,-0.8730489877315453
1960-1961 recession,1960-1961,1961-04-18,382,262,post,-0.8517051898870666
1960-1961 recession,1960-1961,1961-04-19,383,263,post,-0.8091275436296721
1960-1961 recession,1960-1961,1961-04-20,384,264,post,-1.0128130025193751
1960-1961 recession,1960-1961,1961-04-21,385,265,post,-1.1210425038862828
1960-1961 recession,1960-1961,1961-04-24,388,266,post,-0.5784269646047319
1960-1961 recession,1960-1961,1961-04-25,389,267,post,-0.4273717833321215
1960-1961 recession,1960-1961,1961-04-26,390,268,post,-0.1042609844794471
1960-1961 recession,1960-1961,1961-04-27,391,269,post,0.1341854054065516
1960-1961 recession,1960-1961,1961-04-28,392,270,post,0.0116104999178597
1960-1961 recession,1960-1961,1961-05-01,395,271,post,0.0720442044559617
1960-1961 recession,1960-1961,1961-05-02,396,272,post,-0.1443334553316873
1960-1961 recession,1960-1961,1961-05-03,397,273,post,-0.0350100786660651
1960-1961 recession,1960-1961,1961-05-04,398,274,post,-0.1300011258552434
1960-1961 recession,1960-1961,1961-05-05,399,275,post,-0.342807670027183
1960-1961 recession,1960-1961,1961-05-08,402,276,post,0.0353617860125661
1960-1961 recession,1960-1961,1961-05-09,403,277,post,0.1319272751075343
1960-1961 recession,1960-1961,1961-05-10,404,278,post,0.1813058272067612
1960-1961 recession,1960-1961,1961-05-11,405,279,post,-0.0741130180897921
1960-1961 recession,1960-1961,1961-05-12,406,280,post,-0.1058719994484159
1960-1961 recession,1960-1961,1961-05-15,409,281,post,-0.1850608949934279
1960-1961 recession,1960-1961,1961-05-16,410,282,post,-0.5355502244424818
1960-1961 recession,1960-1961,1961-05-17,411,283,post,-0.6576585079664037
1960-1961 recession,1960-1961,1961-05-18,412,284,post,-0.5923853135615185
1960-1961 recession,1960-1961,1961-05-19,413,285,post,-0.332832846065373
1960-1961 recession,1960-1961,1961-05-22,416,286,post,-0.3660568253002541
1960-1961 recession,1960-1961,1961-05-23,417,287,post,-0.3515912909256623
1960-1961 recession,1960-1961,1961-05-24,418,288,post,-0.0267824894283009
1960-1961 recession,1960-1961,1961-05-25,419,289,post,-0.2497777819442522
1960-1961 recession,1960-1961,1961-05-26,420,290,post,-0.2287015427208905
1960-1961 recession,1960-1961,1961-05-31,425,291,post,-0.0671167674499419
1960-1961 recession,1960-1961,1961-06-01,426,292,post,-0.055440269697187
1960-1961 recession,1960-1961,1961-06-02,427,293,post,-0.1850908857606922
1960-1961 recession,1960-1961,1961-06-05,430,294,post,-0.0907443600886894
1960-1961 recession,1960-1961,1961-06-06,431,295,post,-0.1979879477781886
1960-1961 recession,1960-1961,1961-06-07,432,296,post,-0.1452794666527113
1969-1970 recession,1969-1970,1969-07-28,-126,-88,pre,0.150980503855419
1969-1970 recession,1969-1970,1969-07-29,-125,-87,pre,0.2475690608009945
1969-1970 recession,1969-1970,1969-07-30,-124,-86,pre,0.3962347790870024
1969-1970 recession,1969-1970,1969-07-31,-123,-85,pre,0.2852337940371762
1969-1970 recession,1969-1970,1969-08-01,-122,-84,pre,0.1312172217922658
1969-1970 recession,1969-1970,1969-08-04,-119,-83,pre,-0.0791451241468093
1969-1970 recession,1969-1970,1969-08-05,-118,-82,pre,-0.1505351821460077
1969-1970 recession,1969-1970,1969-08-06,-117,-81,pre,0.0167794897156112
1969-1970 recession,1969-1970,1969-08-07,-116,-80,pre,-0.1838600065187633
1969-1970 recession,1969-1970,1969-08-08,-115,-79,pre,-0.1354091041875769
1969-1970 recession,1969-1970,1969-08-11,-112,-78,pre,-0.1688272411698353
1969-1970 recession,1969-1970,1969-08-12,-111,-77,pre,-0.0351482407451622
1969-1970 recession,1969-1970,1969-08-13,-110,-76,pre,0.0214847806686338
1969-1970 recession,1969-1970,1969-08-14,-109,-75,pre,-0.1732541929019354
1969-1970 recession,1969-1970,1969-08-15,-108,-74,pre,-0.0108220493049822
1969-1970 recession,1969-1970,1969-08-18,-105,-73,pre,0.0149906095434079
1969-1970 recession,1969-1970,1969-08-19,-104,-72,pre,0.1794389481176023
1969-1970 recession,1969-1970,1969-08-20,-103,-71,pre,0.0302824535021239
1969-1970 recession,1969-1970,1969-08-21,-102,-70,pre,0.0040578207054788
1969-1970 recession,1969-1970,1969-08-22,-101,-69,pre,0.0316306016549492
1969-1970 recession,1969-1970,1969-08-25,-98,-68,pre,0.1095805438498774
1969-1970 recession,1969-1970,1969-08-26,-97,-67,pre,0.1897270532701173
1969-1970 recession,1969-1970,1969-08-27,-96,-66,pre,0.043190173567945
1969-1970 recession,1969-1970,1969-08-28,-95,-65,pre,0.0504349223539483
1969-1970 recession,1969-1970,1969-08-29,-94,-64,pre,0.0551301205108339
1969-1970 recession,1969-1970,1969-09-02,-90,-63,pre,-0.0838126028403806
1969-1970 recession,1969-1970,1969-09-03,-89,-62,pre,-0.0118179604226893
1969-1970 recession,1969-1970,1969-09-04,-88,-61,pre,-0.0599066274389342
1969-1970 recession,1969-1970,1969-09-05,-87,-60,pre,0.0042099699364728
1969-1970 recession,1969-1970,1969-09-08,-84,-59,pre,0.0446026909017041
1969-1970 recession,1969-1970,1969-09-09,-83,-58,pre,-0.1170743149716266
1969-1970 recession,1969-1970,1969-09-10,-82,-57,pre,0.2627590993080342
1969-1970 recession,1969-1970,1969-09-11,-81,-56,pre,0.0183586294213808
1969-1970 recession,1969-1970,1969-09-12,-80,-55,pre,-0.2561498381304107
1969-1970 recession,1969-1970,1969-09-15,-77,-54,pre,-0.1323383054309074
1969-1970 recession,1969-1970,1969-09-16,-76,-53,pre,-0.0200587599420573
1969-1970 recession,1969-1970,1969-09-17,-75,-52,pre,0.0227651265757407
1969-1970 recession,1969-1970,1969-09-18,-74,-51,pre,-0.1557451729396984
1969-1970 recession,1969-1970,1969-09-19,-73,-50,pre,-0.0120119866789428
1969-1970 recession,1969-1970,1969-09-22,-70,-49,pre,-0.0590522284009841
1969-1970 recession,1969-1970,1969-09-23,-69,-48,pre,0.187760461338286
1969-1970 recession,1969-1970,1969-09-24,-68,-47,pre,0.0696213647194511
1969-1970 recession,1969-1970,1969-09-25,-67,-46,pre,0.0978366499369
1969-1970 recession,1969-1970,1969-09-26,-66,-45,pre,0.3947284242323437
1969-1970 recession,1969-1970,1969-09-29,-63,-44,pre,0.2470948093664304
1969-1970 recession,1969-1970,1969-09-30,-62,-43,pre,0.0762631506123765
1969-1970 recession,1969-1970,1969-10-01,-61,-42,pre,0.0603368091355865
1969-1970 recession,1969-1970,1969-10-02,-60,-41,pre,-0.0128494101861499
1969-1970 recession,1969-1970,1969-10-03,-59,-40,pre,-0.136376491550286
1969-1970 recession,1969-1970,1969-10-06,-56,-39,pre,-0.0280465435470352
1969-1970 recession,1969-1970,1969-10-07,-55,-38,pre,0.1787711571330332
1969-1970 recession,1969-1970,1969-10-08,-54,-37,pre,0.1689391900645877
1969-1970 recession,1969-1970,1969-10-09,-53,-36,pre,0.1610385682746132
1969-1970 recession,1969-1970,1969-10-10,-52,-35,pre,-0.1477480324877618
1969-1970 recession,1969-1970,1969-10-13,-49,-34,pre,0.0160385463523055
1969-1970 recession,1969-1970,1969-10-14,-48,-33,pre,0.0254416022164778
1969-1970 recession,1969-1970,1969-10-15,-47,-32,pre,0.0117343765348363
1969-1970 recession,1969-1970,1969-10-16,-46,-31,pre,0.1366613735943117
1969-1970 recession,1969-1970,1969-10-17,-45,-30,pre,0.1303716020940665
1969-1970 recession,1969-1970,1969-10-20,-42,-29,pre,-0.0371576704408303
1969-1970 recession,1969-1970,1969-10-21,-41,-28,pre,-0.2023634969093673
1969-1970 recession,1969-1970,1969-10-22,-40,-27,pre,0.1614074150299941
1969-1970 recession,1969-1970,1969-10-23,-39,-26,pre,-0.0999378331716299
1969-1970 recession,1969-1970,1969-10-24,-38,-25,pre,0.06240679389875
1969-1970 recession,1969-1970,1969-10-27,-35,-24,pre,-0.3727877859720986
1969-1970 recession,1969-1970,1969-10-28,-34,-23,pre,-0.3120386334119653
1969-1970 recession,1969-1970,1969-10-29,-33,-22,pre,-0.0751777686364219
1969-1970 recession,1969-1970,1969-10-30,-32,-21,pre,-0.0129872604012158
1969-1970 recession,1969-1970,1969-10-31,-31,-20,pre,-0.179614413678382
1969-1970 recession,1969-1970,1969-11-03,-28,-19,pre,-0.0567163266374683
1969-1970 recession,1969-1970,1969-11-04,-27,-18,pre,-0.0893343479659799
1969-1970 recession,1969-1970,1969-11-05,-26,-17,pre,-0.0528236538691165
1969-1970 recession,1969-1970,1969-11-06,-25,-16,pre,-0.0887571744055652
1969-1970 recession,1969-1970,1969-11-07,-24,-15,pre,0.187746831207329
1969-1970 recession,1969-1970,1969-11-10,-21,-14,pre,0.2106341873676236
1969-1970 recession,1969-1970,1969-11-11,-20,-13,pre,0.1791230037740436
1969-1970 recession,1969-1970,1969-11-12,-19,-12,pre,0.1586026363810463
1969-1970 recession,1969-1970,1969-11-13,-18,-11,pre,0.1301216981370291
1969-1970 recession,1969-1970,1969-11-14,-17,-10,pre,0.0776255809071348
1969-1970 recession,1969-1970,1969-11-17,-14,-9,pre,0.1179632864942654
1969-1970 recession,1969-1970,1969-11-18,-13,-8,pre,0.0214697996569863
1969-1970 recession,1969-1970,1969-11-19,-12,-7,pre,0.2008725798309055
1969-1970 recession,1969-1970,1969-11-20,-11,-6,pre,0.0491229809521593
1969-1970 recession,1969-1970,1969-11-21,-10,-5,pre,0.1751145020360799
1969-1970 recession,1969-1970,1969-11-24,-7,-4,pre,0.2082797406163954
1969-1970 recession,1969-1970,1969-11-25,-6,-3,pre,0.1189600477856639
1969-1970 recession,1969-1970,1969-11-26,-5,-2,pre,0.0538804092397908
1969-1970 recession,1969-1970,1969-11-28,-3,-1,pre,-0.0693019051236553
1969-1970 recession,1969-1970,1969-12-01,0,0,during,0.1270858895089262
1969-1970 recession,1969-1970,1969-12-02,1,1,during,0.0737408970987908
1969-1970 recession,1969-1970,1969-12-03,2,2,during,0.1724379148173725
1969-1970 recession,1969-1970,1969-12-04,3,3,during,-0.1864850648882277
1969-1970 recession,1969-1970,1969-12-05,4,4,during,-0.2487316653665039
1969-1970 recession,1969-1970,1969-12-08,7,5,during,-0.0051283760928482
1969-1970 recession,1969-1970,1969-12-09,8,6,during,-0.2608733358324402
1969-1970 recession,1969-1970,1969-12-10,9,7,during,-0.2797234670671168
1969-1970 recession,1969-1970,1969-12-11,10,8,during,-0.2497311962956067
1969-1970 recession,1969-1970,1969-12-12,11,9,during,-0.0735572890570445
1969-1970 recession,1969-1970,1969-12-15,14,10,during,-0.0229920870701337
1969-1970 recession,1969-1970,1969-12-16,15,11,during,-0.0386834198748705
1969-1970 recession,1969-1970,1969-12-17,16,12,during,-0.0102039586527594
1969-1970 recession,1969-1970,1969-12-18,17,13,during,0.2743069481514733
1969-1970 recession,1969-1970,1969-12-19,18,14,during,0.0778896126574483
1969-1970 recession,1969-1970,1969-12-22,21,15,during,0.1844283136080673
1969-1970 recession,1969-1970,1969-12-23,22,16,during,0.0891153105392218
1969-1970 recession,1969-1970,1969-12-24,23,17,during,0.2209408866153507
1969-1970 recession,1969-1970,1969-12-26,25,18,during,0.1699051400219612
1969-1970 recession,1969-1970,1969-12-29,28,19,during,0.1416840256695705
1969-1970 recession,1969-1970,1969-12-30,29,20,during,0.1790048640167534
1969-1970 recession,1969-1970,1969-12-31,30,21,during,-0.1390291791913423
1969-1970 recession,1969-1970,1970-01-02,32,22,during,0.2291881187436763
1969-1970 recession,1969-1970,1970-01-05,35,23,during,-0.2214593915008295
1969-1970 recession,1969-1970,1970-01-06,36,24,during,-0.1311341220122689
1969-1970 recession,1969-1970,1970-01-07,37,25,during,-0.1685970745242629
1969-1970 recession,1969-1970,1970-01-08,38,26,during,-0.198739777717501
1969-1970 recession,1969-1970,1970-01-09,39,27,during,-0.3678792289990753
1969-1970 recession,1969-1970,1970-01-12,42,28,during,-0.1098319295446145
1969-1970 recession,1969-1970,1970-01-13,43,29,during,-0.527687022925813
1969-1970 recession,1969-1970,1970-01-14,44,30,during,-0.4932401048272637
1969-1970 recession,1969-1970,1970-01-15,45,31,during,-0.421581565979692
1969-1970 recession,1969-1970,1970-01-16,46,32,during,-0.2819201048952648
1969-1970 recession,1969-1970,1970-01-19,49,33,during,-0.0118303165518749
1969-1970 recession,1969-1970,1970-01-20,50,34,during,-0.0272073504802369
1969-1970 recession,1969-1970,1970-01-21,51,35,during,-0.1585889332408431
1969-1970 recession,1969-1970,1970-01-22,52,36,during,0.0153650365450104
1969-1970 recession,1969-1970,1970-01-23,53,37,during,0.070005360405929
1969-1970 recession,1969-1970,1970-01-26,56,38,during,-0.030871158298546
1969-1970 recession,1969-1970,1970-01-27,57,39,during,0.0287307629308485
1969-1970 recession,1969-1970,1970-01-28,58,40,during,-0.1575714679917501
1969-1970 recession,1969-1970,1970-01-29,59,41,during,-0.1354263962145223
1969-1970 recession,1969-1970,1970-01-30,60,42,during,0.0896584950599456
1969-1970 recession,1969-1970,1970-02-02,63,43,during,0.2700395936541452
1969-1970 recession,1969-1970,1970-02-03,64,44,during,0.2968631499714806
1969-1970 recession,1969-1970,1970-02-04,65,45,during,0.2527090040413636
1969-1970 recession,1969-1970,1970-02-05,66,46,during,-0.0037218806993529
1969-1970 recession,1969-1970,1970-02-06,67,47,during,0.1251509867665263
1969-1970 recession,1969-1970,1970-02-09,70,48,during,0.2631239514562943
1969-1970 recession,1969-1970,1970-02-10,71,49,during,0.0047139891700487
1969-1970 recession,1969-1970,1970-02-11,72,50,during,0.1010250738550763
1969-1970 recession,1969-1970,1970-02-12,73,51,during,-0.1091269515820691
1969-1970 recession,1969-1970,1970-02-13,74,52,during,-0.1641158702360713
1969-1970 recession,1969-1970,1970-02-16,77,53,during,-0.1791883374103204
1969-1970 recession,1969-1970,1970-02-17,78,54,during,-0.2952506124774309
1969-1970 recession,1969-1970,1970-02-18,79,55,during,-0.3922929806809473
1969-1970 recession,1969-1970,1970-02-19,80,56,during,-0.275569319139479
1969-1970 recession,1969-1970,1970-02-20,81,57,during,0.054522186245854
1969-1970 recession,1969-1970,1970-02-24,85,58,during,-0.1817902525885542
1969-1970 recession,1969-1970,1970-02-25,86,59,during,-0.0500602148241436
1969-1970 recession,1969-1970,1970-02-26,87,60,during,-0.0592040554995437
1969-1970 recession,1969-1970,1970-02-27,88,61,during,-0.0078363810294571
1969-1970 recession,1969-1970,1970-03-02,91,62,during,-0.061990852375405
1969-1970 recession,1969-1970,1970-03-03,92,63,during,0.0449508024417122
1969-1970 recession,1969-1970,1970-03-04,93,64,during,0.0801595869783892
1969-1970 recession,1969-1970,1970-03-05,94,65,during,0.0229760995538848
1969-1970 recession,1969-1970,1970-03-06,95,66,during,0.1708626804829839
1969-1970 recession,1969-1970,1970-03-09,98,67,during,0.2155628848642041
1969-1970 recession,1969-1970,1970-03-10,99,68,during,0.1945052067323923
1969-1970 recession,1969-1970,1970-03-11,100,69,during,0.2311030632512529
1969-1970 recession,1969-1970,1970-03-12,101,70,during,0.2584850816002124
1969-1970 recession,1969-1970,1970-03-13,102,71,during,0.2280685665807464
1969-1970 recession,1969-1970,1970-03-16,105,72,during,0.1467128136801442
1969-1970 recession,1969-1970,1970-03-17,106,73,during,0.1518041985297774
1969-1970 recession,1969-1970,1970-03-18,107,74,during,0.0578312337351225
1969-1970 recession,1969-1970,1970-03-19,108,75,during,0.1171302958716169
1969-1970 recession,1969-1970,1970-03-20,109,76,during,0.121850047403442
1969-1970 recession,1969-1970,1970-03-23,112,77,during,0.0264359060336681
1969-1970 recession,1969-1970,1970-03-24,113,78,during,-0.1952754286596143
1969-1970 recession,1969-1970,1970-03-25,114,79,during,0.0742562403712152
1969-1970 recession,1969-1970,1970-03-26,115,80,during,0.0841569160397096
1969-1970 recession,1969-1970,1970-03-30,119,81,during,0.0498034824080404
1969-1970 recession,1969-1970,1970-03-31,120,82,during,0.0891215563990107
1969-1970 recession,1969-1970,1970-04-01,121,83,during,0.153546309046958
1969-1970 recession,1969-1970,1970-04-02,122,84,during,0.2787258692528246
1969-1970 recession,1969-1970,1970-04-03,123,85,during,0.1366794823995262
1969-1970 recession,1969-1970,1970-04-06,126,86,during,0.3032541610304952
1969-1970 recession,1969-1970,1970-04-07,127,87,during,0.2070922123509603
1969-1970 recession,1969-1970,1970-04-08,128,88,during,0.268821709405194
1969-1970 recession,1969-1970,1970-04-09,129,89,during,0.2948644729027429
1969-1970 recession,1969-1970,1970-04-10,130,90,during,0.309494142514734
1969-1970 recession,1969-1970,1970-04-13,133,91,during,0.3136172934778671
1969-1970 recession,1969-1970,1970-04-14,134,92,during,0.3102483604515413
1969-1970 recession,1969-1970,1970-04-15,135,93,during,0.4486239194058637
1969-1970 recession,1969-1970,1970-04-16,136,94,during,0.4619560460423287
1969-1970 recession,1969-1970,1970-04-17,137,95,during,0.4734908127847614
1969-1970 recession,1969-1970,1970-04-20,140,96,during,0.3097729381576071
1969-1970 recession,1969-1970,1970-04-21,141,97,during,0.1932581819348001
1969-1970 recession,1969-1970,1970-04-22,142,98,during,0.4414639099159264
1969-1970 recession,1969-1970,1970-04-23,143,99,during,0.4544643658675628
1969-1970 recession,1969-1970,1970-04-24,144,100,during,0.447058244896467
1969-1970 recession,1969-1970,1970-04-27,147,101,during,0.4545993750490346
1969-1970 recession,1969-1970,1970-04-28,148,102,during,0.4661725596360998
1969-1970 recession,1969-1970,1970-04-29,149,103,during,0.1749219893998771
1969-1970 recession,1969-1970,1970-04-30,150,104,during,-0.1263817388972538
1969-1970 recession,1969-1970,1970-05-01,151,105,during,-0.0534660121446261
1969-1970 recession,1969-1970,1970-05-04,154,106,during,0.1082566768630335
1969-1970 recession,1969-1970,1970-05-05,155,107,during,-0.0956667960888889
1969-1970 recession,1969-1970,1970-05-06,156,108,during,-0.044514021214606
1969-1970 recession,1969-1970,1970-05-07,157,109,during,-0.1278108122108295
1969-1970 recession,1969-1970,1970-05-08,158,110,during,0.0038133555198773
1969-1970 recession,1969-1970,1970-05-11,161,111,during,0.2320502831719567
1969-1970 recession,1969-1970,1970-05-12,162,112,during,0.1352484477264521
1969-1970 recession,1969-1970,1970-05-13,163,113,during,0.264734566013997
1969-1970 recession,1969-1970,1970-05-14,164,114,during,0.2787582368099746
1969-1970 recession,1969-1970,1970-05-15,165,115,during,0.293990043566427
1969-1970 recession,1969-1970,1970-05-18,168,116,during,0.2839376470454276
1969-1970 recession,1969-1970,1970-05-19,169,117,during,0.2603801530567806
1969-1970 recession,1969-1970,1970-05-20,170,118,during,0.1641561733251043
1969-1970 recession,1969-1970,1970-05-21,171,119,during,-0.1693209883563839
1969-1970 recession,1969-1970,1970-05-22,172,120,during,0.2308978635107299
1969-1970 recession,1969-1970,1970-05-25,175,121,during,0.2914535538440691
1969-1970 recession,1969-1970,1970-05-26,176,122,during,0.2480220321527066
1969-1970 recession,1969-1970,1970-05-27,177,123,during,0.2137245789124967
1969-1970 recession,1969-1970,1970-05-28,178,124,during,0.3575595001803557
1969-1970 recession,1969-1970,1970-05-29,179,125,during,0.2985780741836868
1969-1970 recession,1969-1970,1970-06-01,182,126,during,0.3049871188183497
1969-1970 recession,1969-1970,1970-06-02,183,127,during,0.1645874537223771
1969-1970 recession,1969-1970,1970-06-03,184,128,during,0.108406564583724
1969-1970 recession,1969-1970,1970-06-04,185,129,during,0.1706521993953584
1969-1970 recession,1969-1970,1970-06-05,186,130,during,0.296057374418908
1969-1970 recession,1969-1970,1970-06-08,189,131,during,0.3061354008253109
1969-1970 recession,1969-1970,1970-06-09,190,132,during,0.3307962332996302
1969-1970 recession,1969-1970,1970-06-10,191,133,during,0.4494232341331732
1969-1970 recession,1969-1970,1970-06-11,192,134,during,0.4170138554006206
1969-1970 recession,1969-1970,1970-06-12,193,135,during,0.3160258394149141
1969-1970 recession,1969-1970,1970-06-15,196,136,during,0.3185320607965626
1969-1970 recession,1969-1970,1970-06-16,197,137,during,0.3166656110174942
1969-1970 recession,1969-1970,1970-06-17,198,138,during,0.3196473423335829
1969-1970 recession,1969-1970,1970-06-18,199,139,during,0.3051569171362659
1969-1970 recession,1969-1970,1970-06-19,200,140,during,0.3033960902070581
1969-1970 recession,1969-1970,1970-06-22,203,141,during,0.3122843109591103
1969-1970 recession,1969-1970,1970-06-23,204,142,during,0.3301961309568748
1969-1970 recession,1969-1970,1970-06-24,205,143,during,0.3277060191997206
1969-1970 recession,1969-1970,1970-06-25,206,144,during,0.3122705325410428
1969-1970 recession,1969-1970,1970-06-26,207,145,during,0.4276661309049043
1969-1970 recession,1969-1970,1970-06-29,210,146,during,0.4389947691825107
1969-1970 recession,1969-1970,1970-06-30,211,147,during,0.3220051835293912
1969-1970 recession,1969-1970,1970-07-01,212,148,during,0.4658931853752543
1969-1970 recession,1969-1970,1970-07-02,213,149,during,0.1891446581171605
1969-1970 recession,1969-1970,1970-07-06,217,150,during,0.4513070665067221
1969-1970 recession,1969-1970,1970-07-07,218,151,during,0.2862583541891694
1969-1970 recession,1969-1970,1970-07-08,219,152,during,0.5019978783443154
1969-1970 recession,1969-1970,1970-07-09,220,153,during,0.5090047734324757
1969-1970 recession,1969-1970,1970-07-10,221,154,during,0.4921621969570384
1969-1970 recession,1969-1970,1970-07-13,224,155,during,0.4933541625981336
1969-1970 recession,1969-1970,1970-07-14,225,156,during,0.4668941338116715
1969-1970 recession,1969-1970,1970-07-15,226,157,during,0.3589832713916831
1969-1970 recession,1969-1970,1970-07-16,227,158,during,0.2188481754704578
1969-1970 recession,1969-1970,1970-07-17,228,159,during,0.4783667286092091
1969-1970 recession,1969-1970,1970-07-20,231,160,during,0.3493482043655624
1969-1970 recession,1969-1970,1970-07-21,232,161,during,0.4918529675331358
1969-1970 recession,1969-1970,1970-07-22,233,162,during,0.3592776922282387
1969-1970 recession,1969-1970,1970-07-23,234,163,during,0.3052266518664788
1969-1970 recession,1969-1970,1970-07-24,235,164,during,0.3154137931086013
1969-1970 recession,1969-1970,1970-07-27,238,165,during,0.3028411548617373
1969-1970 recession,1969-1970,1970-07-28,239,166,during,0.2731959285103109
1969-1970 recession,1969-1970,1970-07-29,240,167,during,0.3282788124528453
1969-1970 recession,1969-1970,1970-07-30,241,168,during,0.2164263175399614
1969-1970 recession,1969-1970,1970-07-31,242,169,during,0.0511116241835542
1969-1970 recession,1969-1970,1970-08-03,245,170,during,0.0525409607691006
1969-1970 recession,1969-1970,1970-08-04,246,171,during,0.029880011325636
1969-1970 recession,1969-1970,1970-08-05,247,172,during,0.0273021666585161
1969-1970 recession,1969-1970,1970-08-06,248,173,during,0.1473803118570518
1969-1970 recession,1969-1970,1970-08-07,249,174,during,0.2185618549470896
1969-1970 recession,1969-1970,1970-08-10,252,175,during,0.2403797501851377
1969-1970 recession,1969-1970,1970-08-11,253,176,during,0.2257262153042329
1969-1970 recession,1969-1970,1970-08-12,254,177,during,0.2352141560710869
1969-1970 recession,1969-1970,1970-08-13,255,178,during,0.3625057467196029
1969-1970 recession,1969-1970,1970-08-14,256,179,during,0.4600887987339425
1969-1970 recession,1969-1970,1970-08-17,259,180,during,0.3308614616195546
1969-1970 recession,1969-1970,1970-08-18,260,181,during,0.2772963696301216
1969-1970 recession,1969-1970,1970-08-19,261,182,during,0.2899129090707698
1969-1970 recession,1969-1970,1970-08-20,262,183,during,0.2544459422586328
1969-1970 recession,1969-1970,1970-08-21,263,184,during,0.0341645872075193
1969-1970 recession,1969-1970,1970-08-24,266,185,during,-0.2000443444326273
1969-1970 recession,1969-1970,1970-08-25,267,186,during,-0.041129076100363
1969-1970 recession,1969-1970,1970-08-26,268,187,during,-0.2907477486454712
1969-1970 recession,1969-1970,1970-08-27,269,188,during,-0.1169031229619674
1969-1970 recession,1969-1970,1970-08-28,270,189,during,-0.0532219974865083
1969-1970 recession,1969-1970,1970-08-31,273,190,during,-0.0917663899617164
1969-1970 recession,1969-1970,1970-09-01,274,191,during,-0.2361294293937725
1969-1970 recession,1969-1970,1970-09-02,275,192,during,0.0592671272468843
1969-1970 recession,1969-1970,1970-09-03,276,193,during,0.0720440416135611
1969-1970 recession,1969-1970,1970-09-04,277,194,during,-0.2003688777070379
1969-1970 recession,1969-1970,1970-09-08,281,195,during,0.0176750670805916
1969-1970 recession,1969-1970,1970-09-09,282,196,during,-0.1670104750706812
1969-1970 recession,1969-1970,1970-09-10,283,197,during,-0.2061162592084423
1969-1970 recession,1969-1970,1970-09-11,284,198,during,-0.0994611194853833
1969-1970 recession,1969-1970,1970-09-14,287,199,during,-0.214804316901512
1969-1970 recession,1969-1970,1970-09-15,288,200,during,-0.2172038299400197
1969-1970 recession,1969-1970,1970-09-16,289,201,during,-0.1999569293336348
1969-1970 recession,1969-1970,1970-09-17,290,202,during,-0.1979475953216199
1969-1970 recession,1969-1970,1970-09-18,291,203,during,-0.3251486927559308
1969-1970 recession,1969-1970,1970-09-21,294,204,during,-0.210935309384335
1969-1970 recession,1969-1970,1970-09-22,295,205,during,-0.2079991796692507
1969-1970 recession,1969-1970,1970-09-23,296,206,during,-0.3541427214783587
1969-1970 recession,1969-1970,1970-09-24,297,207,during,-0.1505217038294521
1969-1970 recession,1969-1970,1970-09-25,298,208,during,-0.1970118105280656
1969-1970 recession,1969-1970,1970-09-28,301,209,during,-0.0126211767244347
1969-1970 recession,1969-1970,1970-09-29,302,210,during,-0.6112548726904105
1969-1970 recession,1969-1970,1970-09-30,303,211,during,-0.2043570163401358
1969-1970 recession,1969-1970,1970-10-01,304,212,during,-0.4899312207945741
1969-1970 recession,1969-1970,1970-10-02,305,213,during,-0.2405659851357874
1969-1970 recession,1969-1970,1970-10-05,308,214,during,0.101878985788387
1969-1970 recession,1969-1970,1970-10-06,309,215,during,0.3948833142776684
1969-1970 recession,1969-1970,1970-10-07,310,216,during,0.3689734881730299
1969-1970 recession,1969-1970,1970-10-08,311,217,during,0.233172425319116
1969-1970 recession,1969-1970,1970-10-09,312,218,during,0.4033396078367998
1969-1970 recession,1969-1970,1970-10-12,315,219,during,0.3271667429740398
1969-1970 recession,1969-1970,1970-10-13,316,220,during,0.1651876062048446
1969-1970 recession,1969-1970,1970-10-14,317,221,during,0.1656575269306754
1969-1970 recession,1969-1970,1970-10-15,318,222,during,0.0910888896742469
1969-1970 recession,1969-1970,1970-10-16,319,223,during,0.1493902098984176
1969-1970 recession,1969-1970,1970-10-19,322,224,during,0.1850640772042852
1969-1970 recession,1969-1970,1970-10-20,323,225,during,0.203087081526999
1969-1970 recession,1969-1970,1970-10-21,324,226,during,0.0913174181488216
1969-1970 recession,1969-1970,1970-10-22,325,227,during,-0.0856944410258807
1969-1970 recession,1969-1970,1970-10-23,326,228,during,-0.2381546206028304
1969-1970 recession,1969-1970,1970-10-26,329,229,during,-0.0589543580684187
1969-1970 recession,1969-1970,1970-10-27,330,230,during,-0.09199474027191
1969-1970 recession,1969-1970,1970-10-28,331,231,during,-0.0454062102457563
1969-1970 recession,1969-1970,1970-10-29,332,232,during,-0.0473618377749187
1969-1970 recession,1969-1970,1970-10-30,333,233,during,-0.0203921570498711
1969-1970 recession,1969-1970,1970-11-02,336,234,post,-0.0454465120639885
1969-1970 recession,1969-1970,1970-11-03,337,235,post,0.0512088106038109
1969-1970 recession,1969-1970,1970-11-04,338,236,post,0.1686360604986273
1969-1970 recession,1969-1970,1970-11-05,339,237,post,-0.045782190196148
1969-1970 recession,1969-1970,1970-11-06,340,238,post,0.0449820158758354
1969-1970 recession,1969-1970,1970-11-09,343,239,post,0.0514037955950016
1969-1970 recession,1969-1970,1970-11-10,344,240,post,0.1297767257224236
1969-1970 recession,1969-1970,1970-11-11,345,241,post,0.3310262228781327
1969-1970 recession,1969-1970,1970-11-12,346,242,post,0.1717167524120909
1969-1970 recession,1969-1970,1970-11-13,347,243,post,0.3396680503372845
1969-1970 recession,1969-1970,1970-11-16,350,244,post,0.3101814142303022
1969-1970 recession,1969-1970,1970-11-17,351,245,post,0.2259633346816079
1969-1970 recession,1969-1970,1970-11-18,352,246,post,0.1070052257162251
1969-1970 recession,1969-1970,1970-11-19,353,247,post,0.1740235788950597
1969-1970 recession,1969-1970,1970-11-20,354,248,post,0.2241904034851417
1969-1970 recession,1969-1970,1970-11-23,357,249,post,0.1799030552339597
1969-1970 recession,1969-1970,1970-11-24,358,250,post,0.0832058013937962
1969-1970 recession,1969-1970,1970-11-25,359,251,post,0.1966217001173513
1969-1970 recession,1969-1970,1970-11-27,361,252,post,0.2320178194503658
1969-1970 recession,1969-1970,1970-11-30,364,253,post,0.2226393074034164
1969-1970 recession,1969-1970,1970-12-01,365,254,post,0.1171247612926749
1969-1970 recession,1969-1970,1970-12-02,366,255,post,-0.0342748369782099
1969-1970 recession,1969-1970,1970-12-03,367,256,post,0.1171306535974485
1969-1970 recession,1969-1970,1970-12-04,368,257,post,0.1513217801308179
1969-1970 recession,1969-1970,1970-12-07,371,258,post,0.0882257310679836
1969-1970 recession,1969-1970,1970-12-08,372,259,post,0.0895851460082276
1969-1970 recession,1969-1970,1970-12-09,373,260,post,0.0439014693234604
1969-1970 recession,1969-1970,1970-12-10,374,261,post,0.051662695533573
1969-1970 recession,1969-1970,1970-12-11,375,262,post,0.1579606664099815
1969-1970 recession,1969-1970,1970-12-14,378,263,post,0.020730309203536
1969-1970 recession,1969-1970,1970-12-15,379,264,post,-0.0055665224997931
1969-1970 recession,1969-1970,1970-12-16,380,265,post,0.0138491296097134
1969-1970 recession,1969-1970,1970-12-17,381,266,post,0.2350721258840069
1969-1970 recession,1969-1970,1970-12-18,382,267,post,-0.188694424309931
1969-1970 recession,1969-1970,1970-12-21,385,268,post,-0.3186334630661415
1969-1970 recession,1969-1970,1970-12-22,386,269,post,0.0812521247483497
1969-1970 recession,1969-1970,1970-12-23,387,270,post,-0.1834203691677194
1969-1970 recession,1969-1970,1970-12-24,388,271,post,0.1213379286076171
1969-1970 recession,1969-1970,1970-12-28,392,272,post,0.166510160481789
1969-1970 recession,1969-1970,1970-12-29,393,273,post,-0.0248764853244766
1969-1970 recession,1969-1970,1970-12-30,394,274,post,0.0201112737260773
1969-1970 recession,1969-1970,1970-12-31,395,275,post,0.1942788874293877
1969-1970 recession,1969-1970,1971-01-04,399,276,post,0.186171235216353
1969-1970 recession,1969-1970,1971-01-05,400,277,post,-0.0939093390444506
1969-1970 recession,1969-1970,1971-01-06,401,278,post,0.1371585450281284
1969-1970 recession,1969-1970,1971-01-07,402,279,post,-0.0864338895014106
1969-1970 recession,1969-1970,1971-01-08,403,280,post,0.0463319395699105
1969-1970 recession,1969-1970,1971-01-11,406,281,post,0.1130604873460507
1969-1970 recession,1969-1970,1971-01-12,407,282,post,-0.5831173827616343
1969-1970 recession,1969-1970,1971-01-13,408,283,post,-0.6898585795938564
1969-1970 recession,1969-1970,1971-01-14,409,284,post,-0.4641538862157784
1969-1970 recession,1969-1970,1971-01-15,410,285,post,-0.5397392720536278
1969-1970 recession,1969-1970,1971-01-18,413,286,post,-0.818258985433028
1969-1970 recession,1969-1970,1971-01-19,414,287,post,-1.0095004127981433
1969-1970 recession,1969-1970,1971-01-20,415,288,post,-0.6832639183042358
1969-1970 recession,1969-1970,1971-01-21,416,289,post,-0.5553208475770764
1969-1970 recession,1969-1970,1971-01-22,417,290,post,-0.4667447535180791
1969-1970 recession,1969-1970,1971-01-25,420,291,post,-0.2804359059825764
1969-1970 recession,1969-1970,1971-01-26,421,292,post,-0.6046033105293438
1969-1970 recession,1969-1970,1971-01-27,422,293,post,-0.8620629771496897
1969-1970 recession,1969-1970,1971-01-28,423,294,post,-1.5529671048380898
1969-1970 recession,1969-1970,1971-01-29,424,295,post,-1.3577734469645162
1969-1970 recession,1969-1970,1971-02-01,427,296,post,-0.8854834140808503
1969-1970 recession,1969-1970,1971-02-02,428,297,post,-1.0854979763881492
1969-1970 recession,1969-1970,1971-02-03,429,298,post,-0.5270811473173096
1969-1970 recession,1969-1970,1971-02-04,430,299,post,-1.00289684395964
1969-1970 recession,1969-1970,1971-02-05,431,300,post,-1.2450129249063635
1969-1970 recession,1969-1970,1971-02-08,434,301,post,-1.0622228314549536
1969-1970 recession,1969-1970,1971-02-09,435,302,post,-1.7085339296438853
1969-1970 recession,1969-1970,1971-02-10,436,303,post,-1.7786223119183835
1969-1970 recession,1969-1970,1971-02-11,437,304,post,-1.6976692081305695
1969-1970 recession,1969-1970,1971-02-12,438,305,post,-1.827667419019228
1969-1970 recession,1969-1970,1971-02-16,442,306,post,-1.7252643808519903
1969-1970 recession,1969-1970,1971-02-17,443,307,post,-1.457102494135323
1969-1970 recession,1969-1970,1971-02-18,444,308,post,-1.2138886639468482
1969-1970 recession,1969-1970,1971-02-19,445,309,post,-1.5938008930873004
1969-1970 recession,1969-1970,1971-02-22,448,310,post,-1.0742027594409065
1969-1970 recession,1969-1970,1971-02-23,449,311,post,-0.9970037182210728
1969-1970 recession,1969-1970,1971-02-24,450,312,post,-1.0076415313261793
1969-1970 recession,1969-1970,1971-02-25,451,313,post,-0.8668089672947843
1969-1970 recession,1969-1970,1971-02-26,452,314,post,-0.7966775857714415
1969-1970 recession,1969-1970,1971-03-01,455,315,post,-0.7586292318312597
1969-1970 recession,1969-1970,1971-03-02,456,316,post,-1.226620535960279
1969-1970 recession,1969-1970,1971-03-03,457,317,post,-1.1217724612195294
1969-1970 recession,1969-1970,1971-03-04,458,318,post,-0.8183622411530524
1969-1970 recession,1969-1970,1971-03-05,459,319,post,-0.6434253201661585
1973-1975 recession,1973-1975,1973-06-28,-126,-88,pre,-0.0481220459834218
1973-1975 recession,1973-1975,1973-06-29,-125,-87,pre,-0.0634480866760051
1973-1975 recession,1973-1975,1973-07-02,-122,-86,pre,0.087848259951277
1973-1975 recession,1973-1975,1973-07-03,-121,-85,pre,-0.1449135127094437
1973-1975 recession,1973-1975,1973-07-05,-119,-84,pre,0.1969407289574317
1973-1975 recession,1973-1975,1973-07-06,-118,-83,pre,0.1231558871456854
1973-1975 recession,1973-1975,1973-07-09,-115,-82,pre,0.0589370877238431
1973-1975 recession,1973-1975,1973-07-10,-114,-81,pre,0.3264885460650161
1973-1975 recession,1973-1975,1973-07-11,-113,-80,pre,0.0760089696802367
1973-1975 recession,1973-1975,1973-07-12,-112,-79,pre,0.0074927481558237
1973-1975 recession,1973-1975,1973-07-13,-111,-78,pre,0.1362242771829632
1973-1975 recession,1973-1975,1973-07-16,-108,-77,pre,0.0905281000068263
1973-1975 recession,1973-1975,1973-07-17,-107,-76,pre,0.0522626727445835
1973-1975 recession,1973-1975,1973-07-18,-106,-75,pre,0.2141253302810549
1973-1975 recession,1973-1975,1973-07-19,-105,-74,pre,0.1623368817996723
1973-1975 recession,1973-1975,1973-07-20,-104,-73,pre,0.1545346283833624
1973-1975 recession,1973-1975,1973-07-23,-101,-72,pre,0.2181713784016127
1973-1975 recession,1973-1975,1973-07-24,-100,-71,pre,0.0528739210515828
1973-1975 recession,1973-1975,1973-07-25,-99,-70,pre,0.2432844000073536
1973-1975 recession,1973-1975,1973-07-26,-98,-69,pre,0.2704656063271249
1973-1975 recession,1973-1975,1973-07-27,-97,-68,pre,0.2900402259385097
1973-1975 recession,1973-1975,1973-07-30,-94,-67,pre,0.2114052513691714
1973-1975 recession,1973-1975,1973-07-31,-93,-66,pre,0.2361643694551943
1973-1975 recession,1973-1975,1973-08-01,-92,-65,pre,0.3884885518826345
1973-1975 recession,1973-1975,1973-08-02,-91,-64,pre,0.2450694297549452
1973-1975 recession,1973-1975,1973-08-03,-90,-63,pre,0.2243481594441657
1973-1975 recession,1973-1975,1973-08-06,-87,-62,pre,0.1984810185788271
1973-1975 recession,1973-1975,1973-08-07,-86,-61,pre,0.1990078769388625
1973-1975 recession,1973-1975,1973-08-08,-85,-60,pre,0.2147196032894202
1973-1975 recession,1973-1975,1973-08-09,-84,-59,pre,0.2539989938019115
1973-1975 recession,1973-1975,1973-08-10,-83,-58,pre,0.2607195486948305
1973-1975 recession,1973-1975,1973-08-13,-80,-57,pre,0.4036082668291003
1973-1975 recession,1973-1975,1973-08-14,-79,-56,pre,0.4055295544076541
1973-1975 recession,1973-1975,1973-08-15,-78,-55,pre,0.2530739332961126
1973-1975 recession,1973-1975,1973-08-16,-77,-54,pre,0.4392937520200619
1973-1975 recession,1973-1975,1973-08-17,-76,-53,pre,0.4052110374486161
1973-1975 recession,1973-1975,1973-08-20,-73,-52,pre,0.3007801806333773
1973-1975 recession,1973-1975,1973-08-21,-72,-51,pre,0.397830811876982
1973-1975 recession,1973-1975,1973-08-22,-71,-50,pre,0.4669224869836842
1973-1975 recession,1973-1975,1973-08-23,-70,-49,pre,0.4483943315652224
1973-1975 recession,1973-1975,1973-08-24,-69,-48,pre,0.3954689266081673
1973-1975 recession,1973-1975,1973-08-27,-66,-47,pre,0.2895571999375989
1973-1975 recession,1973-1975,1973-08-28,-65,-46,pre,0.3957475732493384
1973-1975 recession,1973-1975,1973-08-29,-64,-45,pre,0.3909753897846749
1973-1975 recession,1973-1975,1973-08-30,-63,-44,pre,0.282487107066986
1973-1975 recession,1973-1975,1973-08-31,-62,-43,pre,0.4153153956780205
1973-1975 recession,1973-1975,1973-09-04,-58,-42,pre,0.1724079024596217
1973-1975 recession,1973-1975,1973-09-05,-57,-41,pre,0.2342452442066618
1973-1975 recession,1973-1975,1973-09-06,-56,-40,pre,0.1702438134804471
1973-1975 recession,1973-1975,1973-09-07,-55,-39,pre,0.0271061418378224
1973-1975 recession,1973-1975,1973-09-10,-52,-38,pre,0.2214778696274532
1973-1975 recession,1973-1975,1973-09-11,-51,-37,pre,0.1896072178805214
1973-1975 recession,1973-1975,1973-09-12,-50,-36,pre,0.2039965751781502
1973-1975 recession,1973-1975,1973-09-13,-49,-35,pre,0.1680663074170343
1973-1975 recession,1973-1975,1973-09-14,-48,-34,pre,0.1604993987541588
1973-1975 recession,1973-1975,1973-09-17,-45,-33,pre,0.3401062294078769
1973-1975 recession,1973-1975,1973-09-18,-44,-32,pre,0.3374485531427503
1973-1975 recession,1973-1975,1973-09-19,-43,-31,pre,0.3463227973661937
1973-1975 recession,1973-1975,1973-09-20,-42,-30,pre,0.3817274519169659
1973-1975 recession,1973-1975,1973-09-21,-41,-29,pre,0.252058958803283
1973-1975 recession,1973-1975,1973-09-24,-38,-28,pre,0.233791383456841
1973-1975 recession,1973-1975,1973-09-25,-37,-27,pre,0.4112308039910252
1973-1975 recession,1973-1975,1973-09-26,-36,-26,pre,0.4214597329047974
1973-1975 recession,1973-1975,1973-09-27,-35,-25,pre,0.2272617616048397
1973-1975 recession,1973-1975,1973-09-28,-34,-24,pre,0.2176581716971016
1973-1975 recession,1973-1975,1973-10-01,-31,-23,pre,0.231345328930496
1973-1975 recession,1973-1975,1973-10-02,-30,-22,pre,0.2065071235437449
1973-1975 recession,1973-1975,1973-10-03,-29,-21,pre,0.1679964888949676
1973-1975 recession,1973-1975,1973-10-04,-28,-20,pre,0.1181650288550227
1973-1975 recession,1973-1975,1973-10-05,-27,-19,pre,0.202538378310974
1973-1975 recession,1973-1975,1973-10-08,-24,-18,pre,0.2102157200500841
1973-1975 recession,1973-1975,1973-10-09,-23,-17,pre,0.2417382213438282
1973-1975 recession,1973-1975,1973-10-10,-22,-16,pre,0.415648776457497
1973-1975 recession,1973-1975,1973-10-11,-21,-15,pre,0.4151258261192817
1973-1975 recession,1973-1975,1973-10-12,-20,-14,pre,0.2619245829238747
1973-1975 recession,1973-1975,1973-10-15,-17,-13,pre,0.3289757737663571
1973-1975 recession,1973-1975,1973-10-16,-16,-12,pre,0.3309526786810083
1973-1975 recession,1973-1975,1973-10-17,-15,-11,pre,0.3401442010201557
1973-1975 recession,1973-1975,1973-10-18,-14,-10,pre,0.3557224255401549
1973-1975 recession,1973-1975,1973-10-19,-13,-9,pre,0.377479870538898
1973-1975 recession,1973-1975,1973-10-22,-10,-8,pre,0.3613911771152905
1973-1975 recession,1973-1975,1973-10-23,-9,-7,pre,0.2385523149998561
1973-1975 recession,1973-1975,1973-10-24,-8,-6,pre,0.2754091071974838
1973-1975 recession,1973-1975,1973-10-25,-7,-5,pre,0.446770562801707
1973-1975 recession,1973-1975,1973-10-26,-6,-4,pre,0.444775249634462
1973-1975 recession,1973-1975,1973-10-29,-3,-3,pre,0.3587205411371373
1973-1975 recession,1973-1975,1973-10-30,-2,-2,pre,0.4717408675549556
1973-1975 recession,1973-1975,1973-10-31,-1,-1,pre,0.4899684339767729
1973-1975 recession,1973-1975,1973-11-01,0,0,during,0.4889082441533279
1973-1975 recession,1973-1975,1973-11-02,1,1,during,0.4840890827873101
1973-1975 recession,1973-1975,1973-11-05,4,2,during,0.4898139428645475
1973-1975 recession,1973-1975,1973-11-06,5,3,during,0.4798901334041746
1973-1975 recession,1973-1975,1973-11-07,6,4,during,0.4780410958373057
1973-1975 recession,1973-1975,1973-11-08,7,5,during,0.4753832143807971
1973-1975 recession,1973-1975,1973-11-09,8,6,during,0.4826520443399906
1973-1975 recession,1973-1975,1973-11-12,11,7,during,0.4700752118206447
1973-1975 recession,1973-1975,1973-11-13,12,8,during,0.48436091437909
1973-1975 recession,1973-1975,1973-11-14,13,9,during,0.3476715550225171
1973-1975 recession,1973-1975,1973-11-15,14,10,during,0.4462150635365595
1973-1975 recession,1973-1975,1973-11-16,15,11,during,0.2890839115770711
1973-1975 recession,1973-1975,1973-11-19,18,12,during,0.4439100256718832
1973-1975 recession,1973-1975,1973-11-20,19,13,during,0.4961711992210464
1973-1975 recession,1973-1975,1973-11-21,20,14,during,0.480870158533223
1973-1975 recession,1973-1975,1973-11-23,22,15,during,0.4641080192945364
1973-1975 recession,1973-1975,1973-11-26,25,16,during,0.357776827097731
1973-1975 recession,1973-1975,1973-11-27,26,17,during,0.3550367750270183
1973-1975 recession,1973-1975,1973-11-28,27,18,during,0.4353901207086384
1973-1975 recession,1973-1975,1973-11-29,28,19,during,0.4506581290309538
1973-1975 recession,1973-1975,1973-11-30,29,20,during,0.4545297972545541
1973-1975 recession,1973-1975,1973-12-03,32,21,during,0.3465943911027739
1973-1975 recession,1973-1975,1973-12-04,33,22,during,0.4365287865295196
1973-1975 recession,1973-1975,1973-12-05,34,23,during,0.4176753356550958
1973-1975 recession,1973-1975,1973-12-06,35,24,during,0.2800828549062421
1973-1975 recession,1973-1975,1973-12-07,36,25,during,0.419105549598775
1973-1975 recession,1973-1975,1973-12-10,39,26,during,0.2604740366125407
1973-1975 recession,1973-1975,1973-12-11,40,27,during,0.2676354173063932
1973-1975 recession,1973-1975,1973-12-12,41,28,during,0.4374908818211717
1973-1975 recession,1973-1975,1973-12-13,42,29,during,0.4822198797667788
1973-1975 recession,1973-1975,1973-12-14,43,30,during,0.3482081795503604
1973-1975 recession,1973-1975,1973-12-17,46,31,during,0.4680709126576749
1973-1975 recession,1973-1975,1973-12-18,47,32,during,0.4178711482330065
1973-1975 recession,1973-1975,1973-12-19,48,33,during,0.4640903681332444
1973-1975 recession,1973-1975,1973-12-20,49,34,during,0.4580445115900398
1973-1975 recession,1973-1975,1973-12-21,50,35,during,0.4883681198008789
1973-1975 recession,1973-1975,1973-12-24,53,36,during,0.3389360783545626
1973-1975 recession,1973-1975,1973-12-26,55,37,during,0.4864019371233999
1973-1975 recession,1973-1975,1973-12-27,56,38,during,0.5033874750175912
1973-1975 recession,1973-1975,1973-12-28,57,39,during,0.4914779213208688
1973-1975 recession,1973-1975,1973-12-31,60,40,during,0.3128079537992837
1973-1975 recession,1973-1975,1974-01-02,62,41,during,0.4110955455842544
1973-1975 recession,1973-1975,1974-01-03,63,42,during,0.3381850759671436
1973-1975 recession,1973-1975,1974-01-04,64,43,during,0.4307977028584419
1973-1975 recession,1973-1975,1974-01-07,67,44,during,0.4407440642581816
1973-1975 recession,1973-1975,1974-01-08,68,45,during,0.4340703313354798
1973-1975 recession,1973-1975,1974-01-09,69,46,during,0.4206410691092947
1973-1975 recession,1973-1975,1974-01-10,70,47,during,0.3302551818716076
1973-1975 recession,1973-1975,1974-01-11,71,48,during,0.3234572631211638
1973-1975 recession,1973-1975,1974-01-14,74,49,during,0.3227208626125626
1973-1975 recession,1973-1975,1974-01-15,75,50,during,0.3270713880394129
1973-1975 recession,1973-1975,1974-01-16,76,51,during,0.3332583933713119
1973-1975 recession,1973-1975,1974-01-17,77,52,during,0.3495632060758616
1973-1975 recession,1973-1975,1974-01-18,78,53,during,0.4822362923774417
1973-1975 recession,1973-1975,1974-01-21,81,54,during,0.4005460248892222
1973-1975 recession,1973-1975,1974-01-22,82,55,during,0.3986970012499368
1973-1975 recession,1973-1975,1974-01-23,83,56,during,0.3225178115109786
1973-1975 recession,1973-1975,1974-01-24,84,57,during,0.3189402644239166
1973-1975 recession,1973-1975,1974-01-25,85,58,during,0.3002471229620896
1973-1975 recession,1973-1975,1974-01-28,88,59,during,0.2833683562110492
1973-1975 recession,1973-1975,1974-01-29,89,60,during,0.3951952811649681
1973-1975 recession,1973-1975,1974-01-30,90,61,during,0.4120623104533611
1973-1975 recession,1973-1975,1974-01-31,91,62,during,0.2707079252753348
1973-1975 recession,1973-1975,1974-02-01,92,63,during,0.3742713149186198
1973-1975 recession,1973-1975,1974-02-04,95,64,during,0.1213170555120269
1973-1975 recession,1973-1975,1974-02-05,96,65,during,0.2592988800040895
1973-1975 recession,1973-1975,1974-02-06,97,66,during,0.2690344838205593
1973-1975 recession,1973-1975,1974-02-07,98,67,during,0.3703468076111322
1973-1975 recession,1973-1975,1974-02-08,99,68,during,0.4918258711763258
1973-1975 recession,1973-1975,1974-02-11,102,69,during,0.4944614931017497
1973-1975 recession,1973-1975,1974-02-12,103,70,during,0.3511920162432901
1973-1975 recession,1973-1975,1974-02-13,104,71,during,0.475326171964397
1973-1975 recession,1973-1975,1974-02-14,105,72,during,0.2728593232703112
1973-1975 recession,1973-1975,1974-02-15,106,73,during,0.4163907429803225
1973-1975 recession,1973-1975,1974-02-19,110,74,during,0.4407002844839944
1973-1975 recession,1973-1975,1974-02-20,111,75,during,0.2962097200800421
1973-1975 recession,1973-1975,1974-02-21,112,76,during,0.2930693635513562
1973-1975 recession,1973-1975,1974-02-22,113,77,during,0.2840226220955505
1973-1975 recession,1973-1975,1974-02-25,116,78,during,0.2727418284871035
1973-1975 recession,1973-1975,1974-02-26,117,79,during,0.2746744659017775
1973-1975 recession,1973-1975,1974-02-27,118,80,during,0.4046572895398632
1973-1975 recession,1973-1975,1974-02-28,119,81,during,0.3761853602841277
1973-1975 recession,1973-1975,1974-03-01,120,82,during,0.2463935754843905
1973-1975 recession,1973-1975,1974-03-04,123,83,during,0.3388779573060378
1973-1975 recession,1973-1975,1974-03-05,124,84,during,0.2021496895655679
1973-1975 recession,1973-1975,1974-03-06,125,85,during,0.3941333828919608
1973-1975 recession,1973-1975,1974-03-07,126,86,during,0.367213074081977
1973-1975 recession,1973-1975,1974-03-08,127,87,during,0.380293317910282
1973-1975 recession,1973-1975,1974-03-11,130,88,during,0.1998479522169109
1973-1975 recession,1973-1975,1974-03-12,131,89,during,0.1220941289703132
1973-1975 recession,1973-1975,1974-03-13,132,90,during,0.3351224911114507
1973-1975 recession,1973-1975,1974-03-14,133,91,during,0.1615047202353975
1973-1975 recession,1973-1975,1974-03-15,134,92,during,0.1924915510042134
1973-1975 recession,1973-1975,1974-03-18,137,93,during,0.1875855607283868
1973-1975 recession,1973-1975,1974-03-19,138,94,during,0.1831940908153393
1973-1975 recession,1973-1975,1974-03-20,139,95,during,0.1414695898458305
1973-1975 recession,1973-1975,1974-03-21,140,96,during,0.2026265639544941
1973-1975 recession,1973-1975,1974-03-22,141,97,during,0.1392624859052843
1973-1975 recession,1973-1975,1974-03-25,144,98,during,-0.1659183848980475
1973-1975 recession,1973-1975,1974-03-26,145,99,during,0.0537510908911252
1973-1975 recession,1973-1975,1974-03-27,146,100,during,-0.1731578114195829
1973-1975 recession,1973-1975,1974-03-28,147,101,during,-0.1425002169750371
1973-1975 recession,1973-1975,1974-03-29,148,102,during,0.1488570331738286
1973-1975 recession,1973-1975,1974-04-01,151,103,during,0.4097369675801373
1973-1975 recession,1973-1975,1974-04-02,152,104,during,0.3608017590493919
1973-1975 recession,1973-1975,1974-04-03,153,105,during,0.3322578930904499
1973-1975 recession,1973-1975,1974-04-04,154,106,during,0.2848860879514186
1973-1975 recession,1973-1975,1974-04-05,155,107,during,0.4076643346502139
1973-1975 recession,1973-1975,1974-04-08,158,108,during,0.4408675046822149
1973-1975 recession,1973-1975,1974-04-09,159,109,during,0.464204423232439
1973-1975 recession,1973-1975,1974-04-10,160,110,during,0.4693255110854302
1973-1975 recession,1973-1975,1974-04-11,161,111,during,0.4741752758914136
1973-1975 recession,1973-1975,1974-04-15,165,112,during,0.3589102320743678
1973-1975 recession,1973-1975,1974-04-16,166,113,during,0.3488540278968349
1973-1975 recession,1973-1975,1974-04-17,167,114,during,0.3452318945424206
1973-1975 recession,1973-1975,1974-04-18,168,115,during,0.2947977300056643
1973-1975 recession,1973-1975,1974-04-19,169,116,during,0.3150754500657023
1973-1975 recession,1973-1975,1974-04-22,172,117,during,0.4052216246685211
1973-1975 recession,1973-1975,1974-04-23,173,118,during,0.4172564230721439
1973-1975 recession,1973-1975,1974-04-24,174,119,during,0.4454882293693847
1973-1975 recession,1973-1975,1974-04-25,175,120,during,0.4585471084724856
1973-1975 recession,1973-1975,1974-04-26,176,121,during,0.3835378721246169
1973-1975 recession,1973-1975,1974-04-29,179,122,during,0.2684061188203056
1973-1975 recession,1973-1975,1974-04-30,180,123,during,0.3055293598578716
1973-1975 recession,1973-1975,1974-05-01,181,124,during,0.4451789611355942
1973-1975 recession,1973-1975,1974-05-02,182,125,during,0.392012592993293
1973-1975 recession,1973-1975,1974-05-03,183,126,during,0.3963322004842644
1973-1975 recession,1973-1975,1974-05-06,186,127,during,0.3023112336201657
1973-1975 recession,1973-1975,1974-05-07,187,128,during,0.2497727646701638
1973-1975 recession,1973-1975,1974-05-08,188,129,during,0.2954203375924429
1973-1975 recession,1973-1975,1974-05-09,189,130,during,0.2715271819398908
1973-1975 recession,1973-1975,1974-05-10,190,131,during,0.3824256609159228
1973-1975 recession,1973-1975,1974-05-13,193,132,during,0.392498264744459
1973-1975 recession,1973-1975,1974-05-14,194,133,during,0.2372722517646096
1973-1975 recession,1973-1975,1974-05-15,195,134,during,0.2195440880390592
1973-1975 recession,1973-1975,1974-05-16,196,135,during,0.1570330225584138
1973-1975 recession,1973-1975,1974-05-17,197,136,during,0.2240207349940271
1973-1975 recession,1973-1975,1974-05-20,200,137,during,0.2523487745991061
1973-1975 recession,1973-1975,1974-05-21,201,138,during,0.3174260181865638
1973-1975 recession,1973-1975,1974-05-22,202,139,during,0.2198481141977267
1973-1975 recession,1973-1975,1974-05-23,203,140,during,0.1903727907433809
1973-1975 recession,1973-1975,1974-05-24,204,141,during,0.1875305853345549
1973-1975 recession,1973-1975,1974-05-28,208,142,during,0.1793152660126692
1973-1975 recession,1973-1975,1974-05-29,209,143,during,0.3529263530251558
1973-1975 recession,1973-1975,1974-05-30,210,144,during,0.205102245715837
1973-1975 recession,1973-1975,1974-05-31,211,145,during,0.121431312618309
1973-1975 recession,1973-1975,1974-06-03,214,146,during,0.2000630544839471
1973-1975 recession,1973-1975,1974-06-04,215,147,during,0.373497768070546
1973-1975 recession,1973-1975,1974-06-05,216,148,during,0.3598351049017424
1973-1975 recession,1973-1975,1974-06-06,217,149,during,0.2350082826056074
1973-1975 recession,1973-1975,1974-06-07,218,150,during,0.3464718271311718
1973-1975 recession,1973-1975,1974-06-10,221,151,during,0.3475755205936469
1973-1975 recession,1973-1975,1974-06-11,222,152,during,0.3958076767498211
1973-1975 recession,1973-1975,1974-06-12,223,153,during,0.3661990390214635
1973-1975 recession,1973-1975,1974-06-13,224,154,during,0.3698717211403072
1973-1975 recession,1973-1975,1974-06-14,225,155,during,0.4256265156770628
1973-1975 recession,1973-1975,1974-06-17,228,156,during,0.3042862359952273
1973-1975 recession,1973-1975,1974-06-18,229,157,during,0.4620661584768488
1973-1975 recession,1973-1975,1974-06-19,230,158,during,0.4743560254443236
1973-1975 recession,1973-1975,1974-06-20,231,159,during,0.4901244002335141
1973-1975 recession,1973-1975,1974-06-21,232,160,during,0.4703358284054402
1973-1975 recession,1973-1975,1974-06-24,235,161,during,0.4474643608568789
1973-1975 recession,1973-1975,1974-06-25,236,162,during,0.4605882092948007
1973-1975 recession,1973-1975,1974-06-26,237,163,during,0.6076790972957641
1973-1975 recession,1973-1975,1974-06-27,238,164,during,0.6085465687405867
1973-1975 recession,1973-1975,1974-06-28,239,165,during,0.4496313697236372
1973-1975 recession,1973-1975,1974-07-01,242,166,during,0.4599290351588368
1973-1975 recession,1973-1975,1974-07-02,243,167,during,0.6083703710794806
1973-1975 recession,1973-1975,1974-07-03,244,168,during,0.4723824869953924
1973-1975 recession,1973-1975,1974-07-05,246,169,during,0.4579567484709722
1973-1975 recession,1973-1975,1974-07-08,249,170,during,0.4479153534239888
1973-1975 recession,1973-1975,1974-07-09,250,171,during,0.4371068656503693
1973-1975 recession,1973-1975,1974-07-10,251,172,during,0.4173623124640102
1973-1975 recession,1973-1975,1974-07-11,252,173,during,0.4516620236142998
1973-1975 recession,1973-1975,1974-07-12,253,174,during,0.4826925814642373
1973-1975 recession,1973-1975,1974-07-15,256,175,during,0.4466050565040816
1973-1975 recession,1973-1975,1974-07-16,257,176,during,0.4547391101465872
1973-1975 recession,1973-1975,1974-07-17,258,177,during,0.4444652111738257
1973-1975 recession,1973-1975,1974-07-18,259,178,during,0.3629108806925111
1973-1975 recession,1973-1975,1974-07-19,260,179,during,0.3706743914220574
1973-1975 recession,1973-1975,1974-07-22,263,180,during,0.3941424783607885
1973-1975 recession,1973-1975,1974-07-23,264,181,during,0.2999878531102186
1973-1975 recession,1973-1975,1974-07-24,265,182,during,0.2918068651789388
1973-1975 recession,1973-1975,1974-07-25,266,183,during,0.4203071254193785
1973-1975 recession,1973-1975,1974-07-26,267,184,during,0.2454729673335694
1973-1975 recession,1973-1975,1974-07-29,270,185,during,0.2407152035248245
1973-1975 recession,1973-1975,1974-07-30,271,186,during,0.3967943375063801
1973-1975 recession,1973-1975,1974-07-31,272,187,during,0.371873846130783
1973-1975 recession,1973-1975,1974-08-01,273,188,during,0.3751290255964772
1973-1975 recession,1973-1975,1974-08-02,274,189,during,0.2905786307090006
1973-1975 recession,1973-1975,1974-08-05,277,190,during,0.4115895935390544
1973-1975 recession,1973-1975,1974-08-06,278,191,during,0.3951318962938955
1973-1975 recession,1973-1975,1974-08-07,279,192,during,0.2757278326832296
1973-1975 recession,1973-1975,1974-08-08,280,193,during,0.292056615600809
1973-1975 recession,1973-1975,1974-08-09,281,194,during,0.2998010418742198
1973-1975 recession,1973-1975,1974-08-12,284,195,during,0.3298534095337995
1973-1975 recession,1973-1975,1974-08-13,285,196,during,0.3347558485468979
1973-1975 recession,1973-1975,1974-08-14,286,197,during,0.3242926670429631
1973-1975 recession,1973-1975,1974-08-15,287,198,during,0.3342073104114748
1973-1975 recession,1973-1975,1974-08-16,288,199,during,0.3074138208804357
1973-1975 recession,1973-1975,1974-08-19,291,200,during,0.2722078687715795
1973-1975 recession,1973-1975,1974-08-20,292,201,during,0.2653556524862467
1973-1975 recession,1973-1975,1974-08-21,293,202,during,0.2439039879804362
1973-1975 recession,1973-1975,1974-08-22,294,203,during,0.2175375452673837
1973-1975 recession,1973-1975,1974-08-23,295,204,during,0.2829740789221106
1973-1975 recession,1973-1975,1974-08-26,298,205,during,0.3148206944377686
1973-1975 recession,1973-1975,1974-08-27,299,206,during,0.2297604182414328
1973-1975 recession,1973-1975,1974-08-28,300,207,during,0.1673436939717791
1973-1975 recession,1973-1975,1974-08-29,301,208,during,0.0525854117678135
1973-1975 recession,1973-1975,1974-08-30,302,209,during,0.0711771778748917
1973-1975 recession,1973-1975,1974-09-03,306,210,during,0.150816118323867
1973-1975 recession,1973-1975,1974-09-04,307,211,during,0.1490853152788437
1973-1975 recession,1973-1975,1974-09-05,308,212,during,0.4700631714808145
1973-1975 recession,1973-1975,1974-09-06,309,213,during,0.2753522541132563
1973-1975 recession,1973-1975,1974-09-09,312,214,during,0.3004166011757038
1973-1975 recession,1973-1975,1974-09-10,313,215,during,0.2459948821676714
1973-1975 recession,1973-1975,1974-09-11,314,216,during,0.1644604467500088
1973-1975 recession,1973-1975,1974-09-12,315,217,during,0.1392128656604668
1973-1975 recession,1973-1975,1974-09-13,316,218,during,0.1466472556674768
1973-1975 recession,1973-1975,1974-09-16,319,219,during,0.2935198470679377
1973-1975 recession,1973-1975,1974-09-17,320,220,during,0.3058714651971908
1973-1975 recession,1973-1975,1974-09-18,321,221,during,0.3209891629803766
1973-1975 recession,1973-1975,1974-09-19,322,222,during,0.2149320348887953
1973-1975 recession,1973-1975,1974-09-20,323,223,during,0.3264500889211705
1973-1975 recession,1973-1975,1974-09-23,326,224,during,0.3126243332480752
1973-1975 recession,1973-1975,1974-09-24,327,225,during,0.3478015014968328
1973-1975 recession,1973-1975,1974-09-25,328,226,during,0.4798833916038137
1973-1975 recession,1973-1975,1974-09-26,329,227,during,0.2202564413824421
1973-1975 recession,1973-1975,1974-09-27,330,228,during,0.3179958551307432
1973-1975 recession,1973-1975,1974-09-30,333,229,during,0.1736924545103444
1973-1975 recession,1973-1975,1974-10-01,334,230,during,0.2448867164259957
1973-1975 recession,1973-1975,1974-10-02,335,231,during,0.0418737379077139
1973-1975 recession,1973-1975,1974-10-03,336,232,during,0.1014459885878382
1973-1975 recession,1973-1975,1974-10-04,337,233,during,0.3268367688541905
1973-1975 recession,1973-1975,1974-10-07,340,234,during,0.3183111154598734
1973-1975 recession,1973-1975,1974-10-08,341,235,during,0.469492990284121
1973-1975 recession,1973-1975,1974-10-09,342,236,during,0.355425351204134
1973-1975 recession,1973-1975,1974-10-10,343,237,during,0.5020178642522579
1973-1975 recession,1973-1975,1974-10-11,344,238,during,0.3365888586465551
1973-1975 recession,1973-1975,1974-10-14,347,239,during,0.4448203345039084
1973-1975 recession,1973-1975,1974-10-15,348,240,during,0.3074509093408087
1973-1975 recession,1973-1975,1974-10-16,349,241,during,0.459157596063226
1973-1975 recession,1973-1975,1974-10-17,350,242,during,0.4972821688567291
1973-1975 recession,1973-1975,1974-10-18,351,243,during,0.36365032204802
1973-1975 recession,1973-1975,1974-10-21,354,244,during,0.2206687854624014
1973-1975 recession,1973-1975,1974-10-22,355,245,during,0.3432465176597429
1973-1975 recession,1973-1975,1974-10-23,356,246,during,0.3283228354175265
1973-1975 recession,1973-1975,1974-10-24,357,247,during,0.2941329943382006
1973-1975 recession,1973-1975,1974-10-25,358,248,during,0.3133338040305801
1973-1975 recession,1973-1975,1974-10-28,361,249,during,0.1664944739254917
1973-1975 recession,1973-1975,1974-10-29,362,250,during,0.4663367045127482
1973-1975 recession,1973-1975,1974-10-30,363,251,during,0.351198718559127
1973-1975 recession,1973-1975,1974-10-31,364,252,during,0.3791803564222679
1973-1975 recession,1973-1975,1974-11-01,365,253,during,0.4904142428190301
1973-1975 recession,1973-1975,1974-11-04,368,254,during,0.5033610478085961
1973-1975 recession,1973-1975,1974-11-05,369,255,during,0.4697590585571385
1973-1975 recession,1973-1975,1974-11-06,370,256,during,0.5075672733107441
1973-1975 recession,1973-1975,1974-11-07,371,257,during,0.498352674214263
1973-1975 recession,1973-1975,1974-11-08,372,258,during,0.4927560361035068
1973-1975 recession,1973-1975,1974-11-11,375,259,during,0.4871865322714363
1973-1975 recession,1973-1975,1974-11-12,376,260,during,0.4884825081691707
1973-1975 recession,1973-1975,1974-11-13,377,261,during,0.49307934621416
1973-1975 recession,1973-1975,1974-11-14,378,262,during,0.487209890427408
1973-1975 recession,1973-1975,1974-11-15,379,263,during,0.3813647823896041
1973-1975 recession,1973-1975,1974-11-18,382,264,during,0.3865131410712817
1973-1975 recession,1973-1975,1974-11-19,383,265,during,0.3594372788185196
1973-1975 recession,1973-1975,1974-11-20,384,266,during,0.3702392681327552
1973-1975 recession,1973-1975,1974-11-21,385,267,during,0.217501889935647
1973-1975 recession,1973-1975,1974-11-22,386,268,during,0.1943034555234832
1973-1975 recession,1973-1975,1974-11-25,389,269,during,0.0883518540969455
1973-1975 recession,1973-1975,1974-11-26,390,270,during,0.2327072893701412
1973-1975 recession,1973-1975,1974-11-27,391,271,during,0.3352834127287533
1973-1975 recession,1973-1975,1974-11-29,393,272,during,0.4623688825225965
1973-1975 recession,1973-1975,1974-12-02,396,273,during,0.4849034204306967
1973-1975 recession,1973-1975,1974-12-03,397,274,during,0.4851307866917367
1973-1975 recession,1973-1975,1974-12-04,398,275,during,0.3505954756970789
1973-1975 recession,1973-1975,1974-12-05,399,276,during,0.3519743683680588
1973-1975 recession,1973-1975,1974-12-06,400,277,during,0.4633231928250582
1973-1975 recession,1973-1975,1974-12-09,403,278,during,0.443613299959097
1973-1975 recession,1973-1975,1974-12-10,404,279,during,0.4387508975743192
1973-1975 recession,1973-1975,1974-12-11,405,280,during,0.4540513872382461
1973-1975 recession,1973-1975,1974-12-12,406,281,during,0.3116643661417477
1973-1975 recession,1973-1975,1974-12-13,407,282,during,0.3629168949218833
1973-1975 recession,1973-1975,1974-12-16,410,283,during,0.319847404294629
1973-1975 recession,1973-1975,1974-12-17,411,284,during,0.3124384415072825
1973-1975 recession,1973-1975,1974-12-18,412,285,during,0.3232488843685389
1973-1975 recession,1973-1975,1974-12-19,413,286,during,0.485281496221379
1973-1975 recession,1973-1975,1974-12-20,414,287,during,0.5067119412168274
1973-1975 recession,1973-1975,1974-12-23,417,288,during,0.5100512187840447
1973-1975 recession,1973-1975,1974-12-24,418,289,during,0.5099290288780101
1973-1975 recession,1973-1975,1974-12-26,420,290,during,0.6333259562531426
1973-1975 recession,1973-1975,1974-12-27,421,291,during,0.6354428446092182
1973-1975 recession,1973-1975,1974-12-30,424,292,during,0.5169673020641593
1973-1975 recession,1973-1975,1974-12-31,425,293,during,0.6366074733397559
1973-1975 recession,1973-1975,1975-01-02,427,294,during,0.5104460368294902
1973-1975 recession,1973-1975,1975-01-03,428,295,during,0.5068812262561837
1973-1975 recession,1973-1975,1975-01-06,431,296,during,0.4882715187069649
1973-1975 recession,1973-1975,1975-01-07,432,297,during,0.6182579660931855
1973-1975 recession,1973-1975,1975-01-08,433,298,during,0.4814833909584414
1973-1975 recession,1973-1975,1975-01-09,434,299,during,0.4691503269985893
1973-1975 recession,1973-1975,1975-01-10,435,300,during,0.4903687049621105
1973-1975 recession,1973-1975,1975-01-13,438,301,during,0.3334438336979821
1973-1975 recession,1973-1975,1975-01-14,439,302,during,0.3153597486535593
1973-1975 recession,1973-1975,1975-01-15,440,303,during,0.3660201417969915
1973-1975 recession,1973-1975,1975-01-16,441,304,during,0.23053147229774
1973-1975 recession,1973-1975,1975-01-17,442,305,during,0.1815400755280241
1973-1975 recession,1973-1975,1975-01-20,445,306,during,0.161422188023681
1973-1975 recession,1973-1975,1975-01-21,446,307,during,0.190172115992639
1973-1975 recession,1973-1975,1975-01-22,447,308,during,0.1384673449699716
1973-1975 recession,1973-1975,1975-01-23,448,309,during,0.1716034796728925
1973-1975 recession,1973-1975,1975-01-24,449,310,during,0.4092514541404969
1973-1975 recession,1973-1975,1975-01-27,452,311,during,0.472346022513708
1973-1975 recession,1973-1975,1975-01-28,453,312,during,0.313227014991461
1973-1975 recession,1973-1975,1975-01-29,454,313,during,0.460481579357969
1973-1975 recession,1973-1975,1975-01-30,455,314,during,0.4615938519019877
1973-1975 recession,1973-1975,1975-01-31,456,315,during,0.4716798491807821
1973-1975 recession,1973-1975,1975-02-03,459,316,during,0.4581288415375716
1973-1975 recession,1973-1975,1975-02-04,460,317,during,0.4675578695488293
1973-1975 recession,1973-1975,1975-02-05,461,318,during,0.4768428969572883
1973-1975 recession,1973-1975,1975-02-06,462,319,during,0.460235049505283
1973-1975 recession,1973-1975,1975-02-07,463,320,during,0.3256719526625062
1973-1975 recession,1973-1975,1975-02-10,466,321,during,0.3161413249228955
1973-1975 recession,1973-1975,1975-02-11,467,322,during,0.1887777683684213
1973-1975 recession,1973-1975,1975-02-12,468,323,during,0.317698983430046
1973-1975 recession,1973-1975,1975-02-13,469,324,during,0.415131680782598
1973-1975 recession,1973-1975,1975-02-14,470,325,during,0.2250266287937824
1973-1975 recession,1973-1975,1975-02-18,474,326,during,0.2504979417928158
1973-1975 recession,1973-1975,1975-02-19,475,327,during,0.3584239394084715
1973-1975 recession,1973-1975,1975-02-20,476,328,during,0.4038473131092696
1973-1975 recession,1973-1975,1975-02-21,477,329,during,0.2531517558063661
1973-1975 recession,1973-1975,1975-02-24,480,330,during,0.2279893727835288
1973-1975 recession,1973-1975,1975-02-25,481,331,during,0.2473232941199792
1973-1975 recession,1973-1975,1975-02-26,482,332,during,0.242373616572236
1973-1975 recession,1973-1975,1975-02-27,483,333,during,0.3812326125754821
1973-1975 recession,1973-1975,1975-02-28,484,334,during,0.3422825288435861
1973-1975 recession,1973-1975,1975-03-03,487,335,post,0.3911209923203333
1973-1975 recession,1973-1975,1975-03-04,488,336,post,0.1224430445865202
1973-1975 recession,1973-1975,1975-03-05,489,337,post,0.1036398152261115
1973-1975 recession,1973-1975,1975-03-06,490,338,post,0.156261087111435
1973-1975 recession,1973-1975,1975-03-07,491,339,post,0.2529557581471841
1973-1975 recession,1973-1975,1975-03-10,494,340,post,0.3601034839379906
1973-1975 recession,1973-1975,1975-03-11,495,341,post,0.3158933414044985
1973-1975 recession,1973-1975,1975-03-12,496,342,post,0.3172287777952396
1973-1975 recession,1973-1975,1975-03-13,497,343,post,0.3027130144050854
1973-1975 recession,1973-1975,1975-03-14,498,344,post,0.2613311305257891
1973-1975 recession,1973-1975,1975-03-17,501,345,post,0.261638523356319
1973-1975 recession,1973-1975,1975-03-18,502,346,post,0.2880286298938418
1973-1975 recession,1973-1975,1975-03-19,503,347,post,0.4241318800188647
1973-1975 recession,1973-1975,1975-03-20,504,348,post,0.2304156252702655
1973-1975 recession,1973-1975,1975-03-21,505,349,post,0.3779539704198754
1973-1975 recession,1973-1975,1975-03-24,508,350,post,0.2699363321747882
1973-1975 recession,1973-1975,1975-03-25,509,351,post,0.2682586919942486
1973-1975 recession,1973-1975,1975-03-26,510,352,post,0.264775666568423
1973-1975 recession,1973-1975,1975-03-27,511,353,post,0.4115609389165738
1973-1975 recession,1973-1975,1975-03-31,515,354,post,0.4072272130365639
1973-1975 recession,1973-1975,1975-04-01,516,355,post,0.4204731700983739
1973-1975 recession,1973-1975,1975-04-02,517,356,post,0.1861123552304435
1973-1975 recession,1973-1975,1975-04-03,518,357,post,0.1601563810274791
1973-1975 recession,1973-1975,1975-04-04,519,358,post,0.4433731810065378
1973-1975 recession,1973-1975,1975-04-07,522,359,post,0.3206559355894424
1973-1975 recession,1973-1975,1975-04-08,523,360,post,0.0417961737973402
1973-1975 recession,1973-1975,1975-04-09,524,361,post,0.1542675184115559
1973-1975 recession,1973-1975,1975-04-10,525,362,post,0.2763904253105446
1973-1975 recession,1973-1975,1975-04-11,526,363,post,0.304632262338916
1973-1975 recession,1973-1975,1975-04-14,529,364,post,0.451453217095606
1973-1975 recession,1973-1975,1975-04-15,530,365,post,0.4317834746021255
1973-1975 recession,1973-1975,1975-04-16,531,366,post,0.2721016765290137
1973-1975 recession,1973-1975,1975-04-17,532,367,post,0.2037577339216795
1973-1975 recession,1973-1975,1975-04-18,533,368,post,0.1335401537817943
1973-1975 recession,1973-1975,1975-04-21,536,369,post,0.2093318255068267
1973-1975 recession,1973-1975,1975-04-22,537,370,post,0.2162834948904157
1973-1975 recession,1973-1975,1975-04-23,538,371,post,0.4186995298878829
1973-1975 recession,1973-1975,1975-04-24,539,372,post,0.4278147880199407
1973-1975 recession,1973-1975,1975-04-25,540,373,post,0.463071095213443
1973-1975 recession,1973-1975,1975-04-28,543,374,post,0.4672229283423841
1973-1975 recession,1973-1975,1975-04-29,544,375,post,0.4808097044510882
1973-1975 recession,1973-1975,1975-04-30,545,376,post,0.3093349859526255
1973-1975 recession,1973-1975,1975-05-01,546,377,post,0.2808480121486871
1973-1975 recession,1973-1975,1975-05-02,547,378,post,0.2484959733751267
1973-1975 recession,1973-1975,1975-05-05,550,379,post,0.25844863159757
1973-1975 recession,1973-1975,1975-05-06,551,380,post,0.3884225566684042
1973-1975 recession,1973-1975,1975-05-07,552,381,post,0.3869609012949975
1973-1975 recession,1973-1975,1975-05-08,553,382,post,0.3951051901299275
1973-1975 recession,1973-1975,1975-05-09,554,383,post,0.3836075900537168
1973-1975 recession,1973-1975,1975-05-12,557,384,post,0.3863770433397339
1973-1975 recession,1973-1975,1975-05-13,558,385,post,0.4268148261241498
1973-1975 recession,1973-1975,1975-05-14,559,386,post,0.4482720045755659
1973-1975 recession,1973-1975,1975-05-15,560,387,post,0.2817095459904873
1973-1975 recession,1973-1975,1975-05-16,561,388,post,0.291867420234743
1973-1975 recession,1973-1975,1975-05-19,564,389,post,0.1312003454903632
1973-1975 recession,1973-1975,1975-05-20,565,390,post,0.1093182825178891
1973-1975 recession,1973-1975,1975-05-21,566,391,post,0.0749703549970084
1973-1975 recession,1973-1975,1975-05-22,567,392,post,-0.0395340769873648
1973-1975 recession,1973-1975,1975-05-23,568,393,post,-0.0185435342215554
1973-1975 recession,1973-1975,1975-05-27,572,394,post,-0.0992625596263577
1973-1975 recession,1973-1975,1975-05-28,573,395,post,-0.0220450120635031
1973-1975 recession,1973-1975,1975-05-29,574,396,post,0.1777204062678724
1973-1975 recession,1973-1975,1975-05-30,575,397,post,-0.0100065955577525
1973-1975 recession,1973-1975,1975-06-02,578,398,post,-0.0023191485290394
1973-1975 recession,1973-1975,1975-06-03,579,399,post,0.0288671729420585
1973-1975 recession,1973-1975,1975-06-04,580,400,post,0.1148990414107995
1973-1975 recession,1973-1975,1975-06-05,581,401,post,0.0781191018022818
1973-1975 recession,1973-1975,1975-06-06,582,402,post,0.0725050325012098
1973-1975 recession,1973-1975,1975-06-09,585,403,post,-0.0348407107904706
1973-1975 recession,1973-1975,1975-06-10,586,404,post,-0.0451729954288716
1973-1975 recession,1973-1975,1975-06-11,587,405,post,-0.157892704903495
1973-1975 recession,1973-1975,1975-06-12,588,406,post,-0.1557980983527312
1973-1975 recession,1973-1975,1975-06-13,589,407,post,-0.1249201021319504
1973-1975 recession,1973-1975,1975-06-16,592,408,post,0.0149151951622162
1973-1975 recession,1973-1975,1975-06-17,593,409,post,-0.042293393456845
1973-1975 recession,1973-1975,1975-06-18,594,410,post,0.0545416469145202
1973-1975 recession,1973-1975,1975-06-19,595,411,post,0.0473085898753382
1973-1975 recession,1973-1975,1975-06-20,596,412,post,-0.0509922326792426
1973-1975 recession,1973-1975,1975-06-23,599,413,post,0.0293093089804868
1973-1975 recession,1973-1975,1975-06-24,600,414,post,-0.0680133488047183
1973-1975 recession,1973-1975,1975-06-25,601,415,post,0.1347479215410017
1973-1975 recession,1973-1975,1975-06-26,602,416,post,0.0837771421473625
1973-1975 recession,1973-1975,1975-06-27,603,417,post,-0.0964314038869835
1973-1975 recession,1973-1975,1975-06-30,606,418,post,-0.001046939482811
1973-1975 recession,1973-1975,1975-07-01,607,419,post,-0.1297969013145962
1973-1975 recession,1973-1975,1975-07-02,608,420,post,-0.036062556003472
1973-1975 recession,1973-1975,1975-07-03,609,421,post,-0.0809505597323138
1980 recession,1980,1979-08-28,-126,-87,pre,0.2490558542929774
1980 recession,1980,1979-08-29,-125,-86,pre,0.2728908227298641
1980 recession,1980,1979-08-30,-124,-85,pre,0.2134416408368635
1980 recession,1980,1979-08-31,-123,-84,pre,0.2706950512463183
1980 recession,1980,1979-09-04,-119,-83,pre,0.2926883721448431
1980 recession,1980,1979-09-05,-118,-82,pre,0.4361550000092203
1980 recession,1980,1979-09-06,-117,-81,pre,0.3963637105042106
1980 recession,1980,1979-09-07,-116,-80,pre,0.441161301277628
1980 recession,1980,1979-09-10,-113,-79,pre,0.4370128783997349
1980 recession,1980,1979-09-11,-112,-78,pre,0.4599458257063835
1980 recession,1980,1979-09-12,-111,-77,pre,0.4283344878199753
1980 recession,1980,1979-09-13,-110,-76,pre,0.268946772329007
1980 recession,1980,1979-09-14,-109,-75,pre,0.4251322510322717
1980 recession,1980,1979-09-17,-106,-74,pre,0.4293492911940328
1980 recession,1980,1979-09-18,-105,-73,pre,0.431190425960924
1980 recession,1980,1979-09-19,-104,-72,pre,0.3763422585773267
1980 recession,1980,1979-09-20,-103,-71,pre,0.3978168867249935
1980 recession,1980,1979-09-21,-102,-70,pre,0.2609345137867696
1980 recession,1980,1979-09-24,-99,-69,pre,0.249253494411266
1980 recession,1980,1979-09-25,-98,-68,pre,0.3800580656035933
1980 recession,1980,1979-09-26,-97,-67,pre,0.2437827075836604
1980 recession,1980,1979-09-27,-96,-66,pre,0.3629952090684569
1980 recession,1980,1979-09-28,-95,-65,pre,0.3978013754194694
1980 recession,1980,1979-10-01,-92,-64,pre,0.3565365198551044
1980 recession,1980,1979-10-02,-91,-63,pre,0.2528286007136769
1980 recession,1980,1979-10-03,-90,-62,pre,0.277338139767577
1980 recession,1980,1979-10-04,-89,-61,pre,0.2928435283305138
1980 recession,1980,1979-10-05,-88,-60,pre,0.3144239635705115
1980 recession,1980,1979-10-08,-85,-59,pre,0.311523225166634
1980 recession,1980,1979-10-09,-84,-58,pre,0.4975998679220483
1980 recession,1980,1979-10-10,-83,-57,pre,0.4793123891695723
1980 recession,1980,1979-10-11,-82,-56,pre,0.520441937754819
1980 recession,1980,1979-10-12,-81,-55,pre,0.5166112182868937
1980 recession,1980,1979-10-15,-78,-54,pre,0.5146821955614869
1980 recession,1980,1979-10-16,-77,-53,pre,0.5226000497915247
1980 recession,1980,1979-10-17,-76,-52,pre,0.522312274663342
1980 recession,1980,1979-10-18,-75,-51,pre,0.5035789104508112
1980 recession,1980,1979-10-19,-74,-50,pre,0.5297651571272985
1980 recession,1980,1979-10-22,-71,-49,pre,0.5115587968963221
1980 recession,1980,1979-10-23,-70,-48,pre,0.5012033788808132
1980 recession,1980,1979-10-24,-69,-47,pre,0.4720741010717829
1980 recession,1980,1979-10-25,-68,-46,pre,0.4812450774137198
1980 recession,1980,1979-10-26,-67,-45,pre,0.5093355457815228
1980 recession,1980,1979-10-29,-64,-44,pre,0.371421738950376
1980 recession,1980,1979-10-30,-63,-43,pre,0.5263627939971876
1980 recession,1980,1979-10-31,-62,-42,pre,0.5262701273619829
1980 recession,1980,1979-11-01,-61,-41,pre,0.5336983209925537
1980 recession,1980,1979-11-02,-60,-40,pre,0.4129425567446411
1980 recession,1980,1979-11-05,-57,-39,pre,0.5324310770690245
1980 recession,1980,1979-11-06,-56,-38,pre,0.5339819960016324
1980 recession,1980,1979-11-07,-55,-37,pre,0.5366186625348524
1980 recession,1980,1979-11-08,-54,-36,pre,0.536602834954104
1980 recession,1980,1979-11-09,-53,-35,pre,0.5327393812152681
1980 recession,1980,1979-11-12,-50,-34,pre,0.5353552999211364
1980 recession,1980,1979-11-13,-49,-33,pre,0.5336730145952039
1980 recession,1980,1979-11-14,-48,-32,pre,0.5381229212378139
1980 recession,1980,1979-11-15,-47,-31,pre,0.5439780902123659
1980 recession,1980,1979-11-16,-46,-30,pre,0.6661214268662047
1980 recession,1980,1979-11-19,-43,-29,pre,0.546916468430387
1980 recession,1980,1979-11-20,-42,-28,pre,0.6659624639755334
1980 recession,1980,1979-11-21,-41,-27,pre,0.5461197210615008
1980 recession,1980,1979-11-23,-39,-26,pre,0.6651128310968302
1980 recession,1980,1979-11-26,-36,-25,pre,0.5401159514281846
1980 recession,1980,1979-11-27,-35,-24,pre,0.5351103855271881
1980 recession,1980,1979-11-28,-34,-23,pre,0.5369101909153057
1980 recession,1980,1979-11-29,-33,-22,pre,0.5273469202448727
1980 recession,1980,1979-11-30,-32,-21,pre,0.5426966833071755
1980 recession,1980,1979-12-03,-29,-20,pre,0.6631444883869714
1980 recession,1980,1979-12-04,-28,-19,pre,0.6649357825337333
1980 recession,1980,1979-12-05,-27,-18,pre,0.5351108138720176
1980 recession,1980,1979-12-06,-26,-17,pre,0.5239611160553256
1980 recession,1980,1979-12-07,-25,-16,pre,0.540863032365172
1980 recession,1980,1979-12-10,-22,-15,pre,0.5386691541292661
1980 recession,1980,1979-12-11,-21,-14,pre,0.5382749824610077
1980 recession,1980,1979-12-12,-20,-13,pre,0.5363426292894822
1980 recession,1980,1979-12-13,-19,-12,pre,0.5380204897158063
1980 recession,1980,1979-12-14,-18,-11,pre,0.5105992438144473
1980 recession,1980,1979-12-17,-15,-10,pre,0.4782544029949272
1980 recession,1980,1979-12-18,-14,-9,pre,0.5005948183190211
1980 recession,1980,1979-12-19,-13,-8,pre,0.5126076699556246
1980 recession,1980,1979-12-20,-12,-7,pre,0.4818984199663457
1980 recession,1980,1979-12-21,-11,-6,pre,0.4780732461821819
1980 recession,1980,1979-12-24,-8,-5,pre,0.3458359953430033
1980 recession,1980,1979-12-26,-6,-4,pre,0.3393303217521802
1980 recession,1980,1979-12-27,-5,-3,pre,0.3362024941398494
1980 recession,1980,1979-12-28,-4,-2,pre,0.3632079198248228
1980 recession,1980,1979-12-31,-1,-1,pre,0.4798260387454428
1980 recession,1980,1980-01-02,1,0,during,0.5044760585359338
1980 recession,1980,1980-01-03,2,1,during,0.2903994457328721
1980 recession,1980,1980-01-04,3,2,during,0.1854564508150815
1980 recession,1980,1980-01-07,6,3,during,0.1089396268248204
1980 recession,1980,1980-01-08,7,4,during,0.1972528036500674
1980 recession,1980,1980-01-09,8,5,during,-0.1101874796658885
1980 recession,1980,1980-01-10,9,6,during,0.0863810757913749
1980 recession,1980,1980-01-11,10,7,during,0.0834953813286333
1980 recession,1980,1980-01-14,13,8,during,0.2887405068207226
1980 recession,1980,1980-01-15,14,9,during,0.1132119111764075
1980 recession,1980,1980-01-16,15,10,during,-0.0127907119185962
1980 recession,1980,1980-01-17,16,11,during,-0.0231477935267863
1980 recession,1980,1980-01-18,17,12,during,-0.0057834250879707
1980 recession,1980,1980-01-21,20,13,during,-0.1654818937250372
1980 recession,1980,1980-01-22,21,14,during,0.0122400071304391
1980 recession,1980,1980-01-23,22,15,during,0.0836922868523303
1980 recession,1980,1980-01-24,23,16,during,0.066676978114778
1980 recession,1980,1980-01-25,24,17,during,-0.1380142848087135
1980 recession,1980,1980-01-28,27,18,during,0.0283387809251102
1980 recession,1980,1980-01-29,28,19,during,-0.0801414933595688
1980 recession,1980,1980-01-30,29,20,during,-0.1853599754798854
1980 recession,1980,1980-01-31,30,21,during,-0.271350997115124
1980 recession,1980,1980-02-01,31,22,during,-0.0608894657165545
1980 recession,1980,1980-02-04,34,23,during,-0.3153435499108227
1980 recession,1980,1980-02-05,35,24,during,-0.180654831923421
1980 recession,1980,1980-02-06,36,25,during,-0.4124005537292562
1980 recession,1980,1980-02-07,37,26,during,-0.4530833303098974
1980 recession,1980,1980-02-08,38,27,during,-0.0428607905715885
1980 recession,1980,1980-02-11,41,28,during,-0.0207033688796105
1980 recession,1980,1980-02-12,42,29,during,-0.3504295570063475
1980 recession,1980,1980-02-13,43,30,during,-0.3057247883853611
1980 recession,1980,1980-02-14,44,31,during,-0.3690229612468377
1980 recession,1980,1980-02-15,45,32,during,-0.5959138413621516
1980 recession,1980,1980-02-19,49,33,during,-0.2314308175861562
1980 recession,1980,1980-02-20,50,34,during,-0.5060222593889179
1980 recession,1980,1980-02-21,51,35,during,-0.4034602762674013
1980 recession,1980,1980-02-22,52,36,during,0.0677283880711476
1980 recession,1980,1980-02-25,55,37,during,0.1637301753283247
1980 recession,1980,1980-02-26,56,38,during,0.0555400708931094
1980 recession,1980,1980-02-27,57,39,during,0.2301892999767131
1980 recession,1980,1980-02-28,58,40,during,0.0963802258657323
1980 recession,1980,1980-02-29,59,41,during,0.2223659975598232
1980 recession,1980,1980-03-03,62,42,during,0.2278845264955731
1980 recession,1980,1980-03-04,63,43,during,0.3853104917650321
1980 recession,1980,1980-03-05,64,44,during,0.1639851870836899
1980 recession,1980,1980-03-06,65,45,during,-0.0113171784843218
1980 recession,1980,1980-03-07,66,46,during,0.0841985071255382
1980 recession,1980,1980-03-10,69,47,during,0.3485673802107397
1980 recession,1980,1980-03-11,70,48,during,0.1474685620131735
1980 recession,1980,1980-03-12,71,49,during,0.1441674847603176
1980 recession,1980,1980-03-13,72,50,during,0.1634616087309165
1980 recession,1980,1980-03-14,73,51,during,0.0862757345137913
1980 recession,1980,1980-03-17,76,52,during,0.2286877462415513
1980 recession,1980,1980-03-18,77,53,during,0.2035196425644151
1980 recession,1980,1980-03-19,78,54,during,0.2101027254959326
1980 recession,1980,1980-03-20,79,55,during,0.1845416392462148
1980 recession,1980,1980-03-21,80,56,during,0.2109813536496562
1980 recession,1980,1980-03-24,83,57,during,0.2741772962653301
1980 recession,1980,1980-03-25,84,58,during,0.2316310628350033
1980 recession,1980,1980-03-26,85,59,during,-0.0015151761265316
1980 recession,1980,1980-03-27,86,60,during,-0.0625756930326692
1980 recession,1980,1980-03-28,87,61,during,0.1874389406705153
1980 recession,1980,1980-03-31,90,62,during,0.1843106929627641
1980 recession,1980,1980-04-01,91,63,during,0.1043496030923144
1980 recession,1980,1980-04-02,92,64,during,0.1753008936951125
1980 recession,1980,1980-04-03,93,65,during,0.1522467611056818
1980 recession,1980,1980-04-07,97,66,during,0.1553230280471745
1980 recession,1980,1980-04-08,98,67,during,0.2275015362627711
1980 recession,1980,1980-04-09,99,68,during,0.1913374274546109
1980 recession,1980,1980-04-10,100,69,during,0.1740580772260199
1980 recession,1980,1980-04-11,101,70,during,0.4122756222091224
1980 recession,1980,1980-04-14,104,71,during,0.4041576814913666
1980 recession,1980,1980-04-15,105,72,during,0.4143864078423409
1980 recession,1980,1980-04-16,106,73,during,0.4275424741426562
1980 recession,1980,1980-04-17,107,74,during,0.4198039842814715
1980 recession,1980,1980-04-18,108,75,during,0.3984329637009396
1980 recession,1980,1980-04-21,111,76,during,0.2415233161718245
1980 recession,1980,1980-04-22,112,77,during,0.2453373796449435
1980 recession,1980,1980-04-23,113,78,during,0.2902107299179269
1980 recession,1980,1980-04-24,114,79,during,0.3964067237312473
1980 recession,1980,1980-04-25,115,80,during,0.2775526001646032
1980 recession,1980,1980-04-28,118,81,during,0.3934772160439489
1980 recession,1980,1980-04-29,119,82,during,0.4434577971347644
1980 recession,1980,1980-04-30,120,83,during,0.4947050050666073
1980 recession,1980,1980-05-01,121,84,during,0.2031688359437116
1980 recession,1980,1980-05-02,122,85,during,0.422690852177366
1980 recession,1980,1980-05-05,125,86,during,0.4332189291907225
1980 recession,1980,1980-05-06,126,87,during,0.2194938559562859
1980 recession,1980,1980-05-07,127,88,during,0.4302793270945503
1980 recession,1980,1980-05-08,128,89,during,0.2948700872854775
1980 recession,1980,1980-05-09,129,90,during,0.3354397895230422
1980 recession,1980,1980-05-12,132,91,during,0.3256346832459838
1980 recession,1980,1980-05-13,133,92,during,0.315346769039912
1980 recession,1980,1980-05-14,134,93,during,0.3391305624449755
1980 recession,1980,1980-05-15,135,94,during,0.4335369344233001
1980 recession,1980,1980-05-16,136,95,during,0.4378109540362248
1980 recession,1980,1980-05-19,139,96,during,0.309054409676109
1980 recession,1980,1980-05-20,140,97,during,0.2926665906161346
1980 recession,1980,1980-05-21,141,98,during,0.1522937298173052
1980 recession,1980,1980-05-22,142,99,during,0.2540357806064411
1980 recession,1980,1980-05-23,143,100,during,0.2500586433347963
1980 recession,1980,1980-05-27,147,101,during,0.2586735103546695
1980 recession,1980,1980-05-28,148,102,during,0.2809473084466842
1980 recession,1980,1980-05-29,149,103,during,0.2539171649114521
1980 recession,1980,1980-05-30,150,104,during,0.3983928777716102
1980 recession,1980,1980-06-02,153,105,during,0.4018380686623409
1980 recession,1980,1980-06-03,154,106,during,0.3144148811864332
1980 recession,1980,1980-06-04,155,107,during,0.2976303065025391
1980 recession,1980,1980-06-05,156,108,during,0.3178398141615858
1980 recession,1980,1980-06-06,157,109,during,0.319335373275376
1980 recession,1980,1980-06-09,160,110,during,0.3064873022641938
1980 recession,1980,1980-06-10,161,111,during,0.4425334814590875
1980 recession,1980,1980-06-11,162,112,during,0.3886404310225191
1980 recession,1980,1980-06-12,163,113,during,0.2649111121091847
1980 recession,1980,1980-06-13,164,114,during,0.2448716257690636
1980 recession,1980,1980-06-16,167,115,during,0.043061676417645
1980 recession,1980,1980-06-17,168,116,during,0.1707001522059418
1980 recession,1980,1980-06-18,169,117,during,0.1159552664168681
1980 recession,1980,1980-06-19,170,118,during,0.1516028771821606
1980 recession,1980,1980-06-20,171,119,during,0.1876155018786533
1980 recession,1980,1980-06-23,174,120,during,0.3588473706260814
1980 recession,1980,1980-06-24,175,121,during,0.417084149745297
1980 recession,1980,1980-06-25,176,122,during,0.3893939277128346
1980 recession,1980,1980-06-26,177,123,during,0.307868730823493
1980 recession,1980,1980-06-27,178,124,during,0.2735060206015598
1980 recession,1980,1980-06-30,181,125,during,0.2495469106154471
1980 recession,1980,1980-07-01,182,126,during,0.26832821939738
1980 recession,1980,1980-07-02,183,127,post,0.1399014853865929
1980 recession,1980,1980-07-03,184,128,post,-0.0313600705251593
1980 recession,1980,1980-07-07,188,129,post,0.0123166041992842
1980 recession,1980,1980-07-08,189,130,post,0.1002428803003137
1980 recession,1980,1980-07-09,190,131,post,0.1088348065126439
1980 recession,1980,1980-07-10,191,132,post,0.1010265190852828
1980 recession,1980,1980-07-11,192,133,post,0.1581214959040761
1980 recession,1980,1980-07-14,195,134,post,0.0822649146981349
1980 recession,1980,1980-07-15,196,135,post,-0.0395955075072654
1980 recession,1980,1980-07-16,197,136,post,-0.2668653100856804
1980 recession,1980,1980-07-17,198,137,post,-0.1456970091123337
1980 recession,1980,1980-07-18,199,138,post,-0.2100559461461856
1980 recession,1980,1980-07-21,202,139,post,-0.1867935448467285
1980 recession,1980,1980-07-22,203,140,post,-0.1316506390961535
1980 recession,1980,1980-07-23,204,141,post,-0.2304884869913974
1980 recession,1980,1980-07-24,205,142,post,-0.2511910386511682
1980 recession,1980,1980-07-25,206,143,post,-0.1306386351479497
1980 recession,1980,1980-07-28,209,144,post,-0.237159850185419
1980 recession,1980,1980-07-29,210,145,post,-0.0588606199858426
1980 recession,1980,1980-07-30,211,146,post,0.0346659987236487
1980 recession,1980,1980-07-31,212,147,post,0.0659183614702047
1980 recession,1980,1980-08-01,213,148,post,0.3023836811285538
1980 recession,1980,1980-08-04,216,149,post,0.0532728287356416
1980 recession,1980,1980-08-05,217,150,post,0.1275867289030342
1980 recession,1980,1980-08-06,218,151,post,0.1543606076266895
1980 recession,1980,1980-08-07,219,152,post,0.0932240450800496
1980 recession,1980,1980-08-08,220,153,post,0.0858684557489477
1980 recession,1980,1980-08-11,223,154,post,-0.0341726702937392
1980 recession,1980,1980-08-12,224,155,post,0.1238326988845908
1980 recession,1980,1980-08-13,225,156,post,0.2969187264918795
1980 recession,1980,1980-08-14,226,157,post,0.3672922050593833
1980 recession,1980,1980-08-15,227,158,post,0.3248857257400825
1980 recession,1980,1980-08-18,230,159,post,0.3578175158446439
1980 recession,1980,1980-08-19,231,160,post,0.3551345985269963
1980 recession,1980,1980-08-20,232,161,post,0.1826951293809393
1980 recession,1980,1980-08-21,233,162,post,0.1963441643648681
1980 recession,1980,1980-08-22,234,163,post,0.2174469955632951
1980 recession,1980,1980-08-25,237,164,post,0.2305097886085912
1980 recession,1980,1980-08-26,238,165,post,0.2677316584612533
1980 recession,1980,1980-08-27,239,166,post,0.3915166415045036
1980 recession,1980,1980-08-28,240,167,post,0.4564893151424242
1980 recession,1980,1980-08-29,241,168,post,0.4517059558804831
1980 recession,1980,1980-09-02,245,169,post,0.463239177340665
1980 recession,1980,1980-09-03,246,170,post,0.456069190692413
1980 recession,1980,1980-09-04,247,171,post,0.4553864019972853
1980 recession,1980,1980-09-05,248,172,post,0.4315829681525234
1980 recession,1980,1980-09-08,251,173,post,0.4360176230942672
1980 recession,1980,1980-09-09,252,174,post,0.417006200639976
1980 recession,1980,1980-09-10,253,175,post,0.4165910908192387
1980 recession,1980,1980-09-11,254,176,post,0.4473406118445306
1980 recession,1980,1980-09-12,255,177,post,0.4124176882059638
1980 recession,1980,1980-09-15,258,178,post,0.2630529417117223
1980 recession,1980,1980-09-16,259,179,post,0.306122385665892
1980 recession,1980,1980-09-17,260,180,post,0.3135420861119335
1980 recession,1980,1980-09-18,261,181,post,0.2850512756814
1980 recession,1980,1980-09-19,262,182,post,0.1860785188359171
1980 recession,1980,1980-09-22,265,183,post,0.4411791026966956
1980 recession,1980,1980-09-23,266,184,post,0.4441886545334674
1980 recession,1980,1980-09-24,267,185,post,0.4557783494330064
1980 recession,1980,1980-09-25,268,186,post,0.4612995846653285
1980 recession,1980,1980-09-26,269,187,post,0.4551476918669611
1980 recession,1980,1980-09-29,272,188,post,0.4256533265456371
1980 recession,1980,1980-09-30,273,189,post,0.3874665137171764
1980 recession,1980,1980-10-01,274,190,post,0.3607767496076241
1980 recession,1980,1980-10-02,275,191,post,0.2427155617069803
1980 recession,1980,1980-10-03,276,192,post,0.3238236203121729
1980 recession,1980,1980-10-06,279,193,post,0.3363423257465268
1980 recession,1980,1980-10-07,280,194,post,0.3756210583631027
1980 recession,1980,1980-10-08,281,195,post,0.3421824891424756
1980 recession,1980,1980-10-09,282,196,post,0.335914740198983
1980 recession,1980,1980-10-10,283,197,post,0.3712185616040953
1980 recession,1980,1980-10-13,286,198,post,0.4234935695227843
1980 recession,1980,1980-10-14,287,199,post,0.4358888504793589
1980 recession,1980,1980-10-15,288,200,post,0.3872959004948692
1980 recession,1980,1980-10-16,289,201,post,0.4430539818606975
1980 recession,1980,1980-10-17,290,202,post,0.432147574996094
1980 recession,1980,1980-10-20,293,203,post,0.4646872240109138
1980 recession,1980,1980-10-21,294,204,post,0.4878064455915782
1980 recession,1980,1980-10-22,295,205,post,0.4579654210217984
1980 recession,1980,1980-10-23,296,206,post,0.4573339286707008
1980 recession,1980,1980-10-24,297,207,post,0.4550630008929374
1980 recession,1980,1980-10-27,300,208,post,0.4551363763243815
1980 recession,1980,1980-10-28,301,209,post,0.4842634722779937
1980 recession,1980,1980-10-29,302,210,post,0.4963151158746438
1980 recession,1980,1980-10-30,303,211,post,0.4895751073754938
1980 recession,1980,1980-10-31,304,212,post,0.4948811110117606
1980 recession,1980,1980-11-03,307,213,post,0.499590400350694
1981-1982 recession,1981-1982,1981-02-25,-126,-88,pre,0.0338121685056031
1981-1982 recession,1981-1982,1981-02-26,-125,-87,pre,-0.0723187842659372
1981-1982 recession,1981-1982,1981-02-27,-124,-86,pre,0.1807694548378437
1981-1982 recession,1981-1982,1981-03-02,-121,-85,pre,0.1552075925717609
1981-1982 recession,1981-1982,1981-03-03,-120,-84,pre,0.1457083161149638
1981-1982 recession,1981-1982,1981-03-04,-119,-83,pre,0.0829410949665729
1981-1982 recession,1981-1982,1981-03-05,-118,-82,pre,-0.1906780179135082
1981-1982 recession,1981-1982,1981-03-06,-117,-81,pre,-0.1616708526410223
1981-1982 recession,1981-1982,1981-03-09,-114,-80,pre,-0.0963977065992774
1981-1982 recession,1981-1982,1981-03-10,-113,-79,pre,-0.4567773890891938
1981-1982 recession,1981-1982,1981-03-11,-112,-78,pre,-0.5236882293313994
1981-1982 recession,1981-1982,1981-03-12,-111,-77,pre,-0.3149083772925568
1981-1982 recession,1981-1982,1981-03-13,-110,-76,pre,-0.3726746088961291
1981-1982 recession,1981-1982,1981-03-16,-107,-75,pre,-0.189466716437007
1981-1982 recession,1981-1982,1981-03-17,-106,-74,pre,-0.2703395845922861
1981-1982 recession,1981-1982,1981-03-18,-105,-73,pre,-0.2536777292811026
1981-1982 recession,1981-1982,1981-03-19,-104,-72,pre,0.0356678565026295
1981-1982 recession,1981-1982,1981-03-20,-103,-71,pre,-3.8179662680555214e-05
1981-1982 recession,1981-1982,1981-03-23,-100,-70,pre,0.1235085520461524
1981-1982 recession,1981-1982,1981-03-24,-99,-69,pre,-0.1046404647141667
1981-1982 recession,1981-1982,1981-03-25,-98,-68,pre,-0.0232620175403695
1981-1982 recession,1981-1982,1981-03-26,-97,-67,pre,0.0479234796922547
1981-1982 recession,1981-1982,1981-03-27,-96,-66,pre,-0.0824637138579667
1981-1982 recession,1981-1982,1981-03-30,-93,-65,pre,0.0624292863523163
1981-1982 recession,1981-1982,1981-03-31,-92,-64,pre,0.0146459984055933
1981-1982 recession,1981-1982,1981-04-01,-91,-63,pre,0.1134415181514397
1981-1982 recession,1981-1982,1981-04-02,-90,-62,pre,0.004379405508426
1981-1982 recession,1981-1982,1981-04-03,-89,-61,pre,-0.0238642131839827
1981-1982 recession,1981-1982,1981-04-06,-86,-60,pre,-0.0543930871838225
1981-1982 recession,1981-1982,1981-04-07,-85,-59,pre,-0.0120462579595251
1981-1982 recession,1981-1982,1981-04-08,-84,-58,pre,-0.0904573441628888
1981-1982 recession,1981-1982,1981-04-09,-83,-57,pre,-0.0404658615035127
1981-1982 recession,1981-1982,1981-04-10,-82,-56,pre,0.0429138496187131
1981-1982 recession,1981-1982,1981-04-13,-79,-55,pre,0.160851534495749
1981-1982 recession,1981-1982,1981-04-14,-78,-54,pre,0.1396377715757527
1981-1982 recession,1981-1982,1981-04-15,-77,-53,pre,0.3026271150666427
1981-1982 recession,1981-1982,1981-04-16,-76,-52,pre,0.1364648575381802
1981-1982 recession,1981-1982,1981-04-20,-72,-51,pre,0.0172346730921516
1981-1982 recession,1981-1982,1981-04-21,-71,-50,pre,0.0667270229339629
1981-1982 recession,1981-1982,1981-04-22,-70,-49,pre,0.1217503706744389
1981-1982 recession,1981-1982,1981-04-23,-69,-48,pre,0.0446368310963604
1981-1982 recession,1981-1982,1981-04-24,-68,-47,pre,-0.094508258187037
1981-1982 recession,1981-1982,1981-04-27,-65,-46,pre,0.032698528657423
1981-1982 recession,1981-1982,1981-04-28,-64,-45,pre,-0.1171151765131437
1981-1982 recession,1981-1982,1981-04-29,-63,-44,pre,-0.7081691350398123
1981-1982 recession,1981-1982,1981-04-30,-62,-43,pre,-0.5733756354956114
1981-1982 recession,1981-1982,1981-05-01,-61,-42,pre,-0.3810319589688135
1981-1982 recession,1981-1982,1981-05-04,-58,-41,pre,-0.0898404933511821
1981-1982 recession,1981-1982,1981-05-05,-57,-40,pre,-0.4613622825117328
1981-1982 recession,1981-1982,1981-05-06,-56,-39,pre,-0.1615193930680596
1981-1982 recession,1981-1982,1981-05-07,-55,-38,pre,-0.2794898885124687
1981-1982 recession,1981-1982,1981-05-08,-54,-37,pre,-0.3313663507129812
1981-1982 recession,1981-1982,1981-05-11,-51,-36,pre,-0.1373777506637775
1981-1982 recession,1981-1982,1981-05-12,-50,-35,pre,0.0114573532637076
1981-1982 recession,1981-1982,1981-05-13,-49,-34,pre,0.1128805020651992
1981-1982 recession,1981-1982,1981-05-14,-48,-33,pre,-0.0809880378286123
1981-1982 recession,1981-1982,1981-05-15,-47,-32,pre,-0.0897017231238016
1981-1982 recession,1981-1982,1981-05-18,-44,-31,pre,-0.3232496360034147
1981-1982 recession,1981-1982,1981-05-19,-43,-30,pre,-0.159530954462699
1981-1982 recession,1981-1982,1981-05-20,-42,-29,pre,-0.2001104941049174
1981-1982 recession,1981-1982,1981-05-21,-41,-28,pre,-0.2793497613064797
1981-1982 recession,1981-1982,1981-05-22,-40,-27,pre,0.078960892965488
1981-1982 recession,1981-1982,1981-05-26,-36,-26,pre,0.02683714630738
1981-1982 recession,1981-1982,1981-05-27,-35,-25,pre,-0.04364058709045
1981-1982 recession,1981-1982,1981-05-28,-34,-24,pre,0.0861406032022305
1981-1982 recession,1981-1982,1981-05-29,-33,-23,pre,0.111734410559052
1981-1982 recession,1981-1982,1981-06-01,-30,-22,pre,0.1549013725576107
1981-1982 recession,1981-1982,1981-06-02,-29,-21,pre,0.1455393663424876
1981-1982 recession,1981-1982,1981-06-03,-28,-20,pre,0.1235135550946432
1981-1982 recession,1981-1982,1981-06-04,-27,-19,pre,0.1200427068242196
1981-1982 recession,1981-1982,1981-06-05,-26,-18,pre,-0.0268405073106227
1981-1982 recession,1981-1982,1981-06-08,-23,-17,pre,-0.047006928521033
1981-1982 recession,1981-1982,1981-06-09,-22,-16,pre,0.0651499920298746
1981-1982 recession,1981-1982,1981-06-10,-21,-15,pre,0.0102559284339523
1981-1982 recession,1981-1982,1981-06-11,-20,-14,pre,-0.0649383010707238
1981-1982 recession,1981-1982,1981-06-12,-19,-13,pre,-0.1322927274127931
1981-1982 recession,1981-1982,1981-06-15,-16,-12,pre,0.167495696198888
1981-1982 recession,1981-1982,1981-06-16,-15,-11,pre,0.2349766902750765
1981-1982 recession,1981-1982,1981-06-17,-14,-10,pre,0.1201916751135649
1981-1982 recession,1981-1982,1981-06-18,-13,-9,pre,0.0169977016789142
1981-1982 recession,1981-1982,1981-06-19,-12,-8,pre,-0.1558301392192728
1981-1982 recession,1981-1982,1981-06-22,-9,-7,pre,0.0121466290669032
1981-1982 recession,1981-1982,1981-06-23,-8,-6,pre,0.1841499106547946
1981-1982 recession,1981-1982,1981-06-24,-7,-5,pre,0.2295424144093507
1981-1982 recession,1981-1982,1981-06-25,-6,-4,pre,0.2069127824621855
1981-1982 recession,1981-1982,1981-06-26,-5,-3,pre,0.0499075677282437
1981-1982 recession,1981-1982,1981-06-29,-2,-2,pre,0.0828331496538668
1981-1982 recession,1981-1982,1981-06-30,-1,-1,pre,0.2658789301123125
1981-1982 recession,1981-1982,1981-07-01,0,0,during,0.2502201439538875
1981-1982 recession,1981-1982,1981-07-02,1,1,during,0.2836811659902695
1981-1982 recession,1981-1982,1981-07-06,5,2,during,0.1892928189344726
1981-1982 recession,1981-1982,1981-07-07,6,3,during,0.0128273350558949
1981-1982 recession,1981-1982,1981-07-08,7,4,during,0.1652733233860673
1981-1982 recession,1981-1982,1981-07-09,8,5,during,0.1220714971358837
1981-1982 recession,1981-1982,1981-07-10,9,6,during,0.0778901226202914
1981-1982 recession,1981-1982,1981-07-13,12,7,during,0.1773489163724881
1981-1982 recession,1981-1982,1981-07-14,13,8,during,0.1683971606115849
1981-1982 recession,1981-1982,1981-07-15,14,9,during,0.1983161059206951
1981-1982 recession,1981-1982,1981-07-16,15,10,during,0.1737433729234158
1981-1982 recession,1981-1982,1981-07-17,16,11,during,0.1892342703462251
1981-1982 recession,1981-1982,1981-07-20,19,12,during,0.235950249217919
1981-1982 recession,1981-1982,1981-07-21,20,13,during,0.3105775003249958
1981-1982 recession,1981-1982,1981-07-22,21,14,during,0.2427214960726761
1981-1982 recession,1981-1982,1981-07-23,22,15,during,0.1042037206827743
1981-1982 recession,1981-1982,1981-07-24,23,16,during,0.0693800033787367
1981-1982 recession,1981-1982,1981-07-27,26,17,during,0.2072109578816583
1981-1982 recession,1981-1982,1981-07-28,27,18,during,0.1803231467224447
1981-1982 recession,1981-1982,1981-07-29,28,19,during,0.0553411578719883
1981-1982 recession,1981-1982,1981-07-30,29,20,during,-0.1662884348124194
1981-1982 recession,1981-1982,1981-07-31,30,21,during,0.0658434792267597
1981-1982 recession,1981-1982,1981-08-03,33,22,during,0.2013023653188417
1981-1982 recession,1981-1982,1981-08-04,34,23,during,0.2300499187227183
1981-1982 recession,1981-1982,1981-08-05,35,24,during,0.3349930420413005
1981-1982 recession,1981-1982,1981-08-06,36,25,during,0.3239286123102849
1981-1982 recession,1981-1982,1981-08-07,37,26,during,0.3092733125094267
1981-1982 recession,1981-1982,1981-08-10,40,27,during,0.3353485819500513
1981-1982 recession,1981-1982,1981-08-11,41,28,during,0.181764801291318
1981-1982 recession,1981-1982,1981-08-12,42,29,during,0.2227972785198841
1981-1982 recession,1981-1982,1981-08-13,43,30,during,0.3043680522002579
1981-1982 recession,1981-1982,1981-08-14,44,31,during,0.38658446348893
1981-1982 recession,1981-1982,1981-08-17,47,32,during,0.4023834154297491
1981-1982 recession,1981-1982,1981-08-18,48,33,during,0.39498478732804
1981-1982 recession,1981-1982,1981-08-19,49,34,during,0.3626258627969659
1981-1982 recession,1981-1982,1981-08-20,50,35,during,0.2968575491292637
1981-1982 recession,1981-1982,1981-08-21,51,36,during,0.4302769353658299
1981-1982 recession,1981-1982,1981-08-24,54,37,during,0.4706409390582012
1981-1982 recession,1981-1982,1981-08-25,55,38,during,0.2935458192085486
1981-1982 recession,1981-1982,1981-08-26,56,39,during,0.307736763144633
1981-1982 recession,1981-1982,1981-08-27,57,40,during,0.2868341962702065
1981-1982 recession,1981-1982,1981-08-28,58,41,during,0.4222037075777671
1981-1982 recession,1981-1982,1981-08-31,61,42,during,0.3287587766163234
1981-1982 recession,1981-1982,1981-09-01,62,43,during,0.4733634149485969
1981-1982 recession,1981-1982,1981-09-02,63,44,during,0.4695830586717454
1981-1982 recession,1981-1982,1981-09-03,64,45,during,0.4551967064135461
1981-1982 recession,1981-1982,1981-09-04,65,46,during,0.4215109421024228
1981-1982 recession,1981-1982,1981-09-08,69,47,during,0.2880243191515874
1981-1982 recession,1981-1982,1981-09-09,70,48,during,0.3017673471025978
1981-1982 recession,1981-1982,1981-09-10,71,49,during,0.2643935575663463
1981-1982 recession,1981-1982,1981-09-11,72,50,during,0.0844645161632755
1981-1982 recession,1981-1982,1981-09-14,75,51,during,0.0642197865738808
1981-1982 recession,1981-1982,1981-09-15,76,52,during,0.1095926352757905
1981-1982 recession,1981-1982,1981-09-16,77,53,during,0.1026120058262712
1981-1982 recession,1981-1982,1981-09-17,78,54,during,0.2409293389710906
1981-1982 recession,1981-1982,1981-09-18,79,55,during,-0.0445480546695381
1981-1982 recession,1981-1982,1981-09-21,82,56,during,0.0404771555687629
1981-1982 recession,1981-1982,1981-09-22,83,57,during,0.0156936304138122
1981-1982 recession,1981-1982,1981-09-23,84,58,during,0.1080095222295431
1981-1982 recession,1981-1982,1981-09-24,85,59,during,0.1492973696591147
1981-1982 recession,1981-1982,1981-09-25,86,60,during,0.2385011603950126
1981-1982 recession,1981-1982,1981-09-28,89,61,during,0.3759600981880376
1981-1982 recession,1981-1982,1981-09-29,90,62,during,0.3620354795495135
1981-1982 recession,1981-1982,1981-09-30,91,63,during,0.3568072385688305
1981-1982 recession,1981-1982,1981-10-01,92,64,during,0.3518988297869351
1981-1982 recession,1981-1982,1981-10-02,93,65,during,0.4012299698968679
1981-1982 recession,1981-1982,1981-10-05,96,66,during,0.3718146400166943
1981-1982 recession,1981-1982,1981-10-06,97,67,during,0.3788425354472527
1981-1982 recession,1981-1982,1981-10-07,98,68,during,0.3406167426328925
1981-1982 recession,1981-1982,1981-10-08,99,69,during,0.4740523807853522
1981-1982 recession,1981-1982,1981-10-09,100,70,during,0.4762193764343284
1981-1982 recession,1981-1982,1981-10-12,103,71,during,0.4692858532835179
1981-1982 recession,1981-1982,1981-10-13,104,72,during,0.4682141927559097
1981-1982 recession,1981-1982,1981-10-14,105,73,during,0.4809646453079802
1981-1982 recession,1981-1982,1981-10-15,106,74,during,0.4881552276247232
1981-1982 recession,1981-1982,1981-10-16,107,75,during,0.4928149566478967
1981-1982 recession,1981-1982,1981-10-19,110,76,during,0.4917788438974987
1981-1982 recession,1981-1982,1981-10-20,111,77,during,0.4909217993064875
1981-1982 recession,1981-1982,1981-10-21,112,78,during,0.4946485142729176
1981-1982 recession,1981-1982,1981-10-22,113,79,during,0.4959278534328407
1981-1982 recession,1981-1982,1981-10-23,114,80,during,0.4975424551773514
1981-1982 recession,1981-1982,1981-10-26,117,81,during,0.4888177615180363
1981-1982 recession,1981-1982,1981-10-27,118,82,during,0.4939806708468592
1981-1982 recession,1981-1982,1981-10-28,119,83,during,0.4597178418258961
1981-1982 recession,1981-1982,1981-10-29,120,84,during,0.454277914895438
1981-1982 recession,1981-1982,1981-10-30,121,85,during,0.4319125088466148
1981-1982 recession,1981-1982,1981-11-02,124,86,during,0.3047704578954519
1981-1982 recession,1981-1982,1981-11-03,125,87,during,0.2765221796770154
1981-1982 recession,1981-1982,1981-11-04,126,88,during,0.2662384498694924
1981-1982 recession,1981-1982,1981-11-05,127,89,during,0.2973346427774866
1981-1982 recession,1981-1982,1981-11-06,128,90,during,0.2756219203557932
1981-1982 recession,1981-1982,1981-11-09,131,91,during,0.4167641899379194
1981-1982 recession,1981-1982,1981-11-10,132,92,during,0.32907062520994
1981-1982 recession,1981-1982,1981-11-11,133,93,during,0.3094272994091182
1981-1982 recession,1981-1982,1981-11-12,134,94,during,0.2843682344872309
1981-1982 recession,1981-1982,1981-11-13,135,95,during,0.293758617686507
1981-1982 recession,1981-1982,1981-11-16,138,96,during,0.290038860770021
1981-1982 recession,1981-1982,1981-11-17,139,97,during,0.2403158561718571
1981-1982 recession,1981-1982,1981-11-18,140,98,during,0.3551142961047108
1981-1982 recession,1981-1982,1981-11-19,141,99,during,0.3652318516441731
1981-1982 recession,1981-1982,1981-11-20,142,100,during,0.3235679657250719
1981-1982 recession,1981-1982,1981-11-23,145,101,during,0.3019247068693262
1981-1982 recession,1981-1982,1981-11-24,146,102,during,0.2421651742644933
1981-1982 recession,1981-1982,1981-11-25,147,103,during,0.0863086337911004
1981-1982 recession,1981-1982,1981-11-27,149,104,during,0.2345720389987054
1981-1982 recession,1981-1982,1981-11-30,152,105,during,0.0750496452773967
1981-1982 recession,1981-1982,1981-12-01,153,106,during,0.19217275052509
1981-1982 recession,1981-1982,1981-12-02,154,107,during,-0.0005276359426586
1981-1982 recession,1981-1982,1981-12-03,155,108,during,-0.0220442591310699
1981-1982 recession,1981-1982,1981-12-04,156,109,during,0.1029256085761962
1981-1982 recession,1981-1982,1981-12-07,159,110,during,0.0130049809889973
1981-1982 recession,1981-1982,1981-12-08,160,111,during,0.1753761948908105
1981-1982 recession,1981-1982,1981-12-09,161,112,during,0.1517910942698833
1981-1982 recession,1981-1982,1981-12-10,162,113,during,0.0875571747378029
1981-1982 recession,1981-1982,1981-12-11,163,114,during,0.3295439166226536
1981-1982 recession,1981-1982,1981-12-14,166,115,during,0.2192195403438833
1981-1982 recession,1981-1982,1981-12-15,167,116,during,0.4228743576201621
1981-1982 recession,1981-1982,1981-12-16,168,117,during,0.1142605478504179
1981-1982 recession,1981-1982,1981-12-17,169,118,during,0.2422392333098896
1981-1982 recession,1981-1982,1981-12-18,170,119,during,0.2606732854489403
1981-1982 recession,1981-1982,1981-12-21,173,120,during,0.251083837841434
1981-1982 recession,1981-1982,1981-12-22,174,121,during,0.1064961566258645
1981-1982 recession,1981-1982,1981-12-23,175,122,during,0.3948575644146165
1981-1982 recession,1981-1982,1981-12-24,176,123,during,0.3597903796307563
1981-1982 recession,1981-1982,1981-12-28,180,124,during,0.2437901585536059
1981-1982 recession,1981-1982,1981-12-29,181,125,during,0.1919563740765709
1981-1982 recession,1981-1982,1981-12-30,182,126,during,0.1885494489985359
1981-1982 recession,1981-1982,1981-12-31,183,127,during,0.3664969354407374
1981-1982 recession,1981-1982,1982-01-04,187,128,during,0.1791421607121214
1981-1982 recession,1981-1982,1982-01-05,188,129,during,0.2509825229911003
1981-1982 recession,1981-1982,1982-01-06,189,130,during,0.1492423145593728
1981-1982 recession,1981-1982,1982-01-07,190,131,during,0.1673185199693191
1981-1982 recession,1981-1982,1982-01-08,191,132,during,0.1526878691540779
1981-1982 recession,1981-1982,1982-01-11,194,133,during,0.001854917420864
1981-1982 recession,1981-1982,1982-01-12,195,134,during,-0.0335928753717711
1981-1982 recession,1981-1982,1982-01-13,196,135,during,-0.1294721023551321
1981-1982 recession,1981-1982,1982-01-14,197,136,during,0.19460217056568
1981-1982 recession,1981-1982,1982-01-15,198,137,during,0.0650101554112007
1981-1982 recession,1981-1982,1982-01-18,201,138,during,0.046724424999117
1981-1982 recession,1981-1982,1982-01-19,202,139,during,0.3033417196062175
1981-1982 recession,1981-1982,1982-01-20,203,140,during,0.4589708656082903
1981-1982 recession,1981-1982,1982-01-21,204,141,during,0.3202558771326022
1981-1982 recession,1981-1982,1982-01-22,205,142,during,0.3323606498999331
1981-1982 recession,1981-1982,1982-01-25,208,143,during,0.1534242037037656
1981-1982 recession,1981-1982,1982-01-26,209,144,during,0.4513550155492476
1981-1982 recession,1981-1982,1982-01-27,210,145,during,0.1306831788754795
1981-1982 recession,1981-1982,1982-01-28,211,146,during,0.3132813416794461
1981-1982 recession,1981-1982,1982-01-29,212,147,during,0.4549328433289417
1981-1982 recession,1981-1982,1982-02-01,215,148,during,0.3106679116373396
1981-1982 recession,1981-1982,1982-02-02,216,149,during,0.3249115911581924
1981-1982 recession,1981-1982,1982-02-03,217,150,during,0.341063004470997
1981-1982 recession,1981-1982,1982-02-04,218,151,during,0.1001891917684278
1981-1982 recession,1981-1982,1982-02-05,219,152,during,0.3219918380956409
1981-1982 recession,1981-1982,1982-02-08,222,153,during,0.3339465688177991
1981-1982 recession,1981-1982,1982-02-09,223,154,during,0.4243770591636191
1981-1982 recession,1981-1982,1982-02-10,224,155,during,0.1668553793781143
1981-1982 recession,1981-1982,1982-02-11,225,156,during,0.2942741546606235
1981-1982 recession,1981-1982,1982-02-12,226,157,during,0.189393677221615
1981-1982 recession,1981-1982,1982-02-16,230,158,during,0.1801547984461651
1981-1982 recession,1981-1982,1982-02-17,231,159,during,0.1900130486086641
1981-1982 recession,1981-1982,1982-02-18,232,160,during,0.3325536674315932
1981-1982 recession,1981-1982,1982-02-19,233,161,during,0.2886828306954884
1981-1982 recession,1981-1982,1982-02-22,236,162,during,0.198019655499169
1981-1982 recession,1981-1982,1982-02-23,237,163,during,0.1593072961752296
1981-1982 recession,1981-1982,1982-02-24,238,164,during,0.2342040396823889
1981-1982 recession,1981-1982,1982-02-25,239,165,during,0.0987198539325047
1981-1982 recession,1981-1982,1982-02-26,240,166,during,0.2284571019967962
1981-1982 recession,1981-1982,1982-03-01,243,167,during,0.104472427643735
1981-1982 recession,1981-1982,1982-03-02,244,168,during,-0.1765041027667721
1981-1982 recession,1981-1982,1982-03-03,245,169,during,-0.3681548317256081
1981-1982 recession,1981-1982,1982-03-04,246,170,during,-0.3049378845007163
1981-1982 recession,1981-1982,1982-03-05,247,171,during,-0.0979598758483522
1981-1982 recession,1981-1982,1982-03-08,250,172,during,0.2167192714333199
1981-1982 recession,1981-1982,1982-03-09,251,173,during,0.2113533910322299
1981-1982 recession,1981-1982,1982-03-10,252,174,during,0.2194019016545089
1981-1982 recession,1981-1982,1982-03-11,253,175,during,0.2904253092665333
1981-1982 recession,1981-1982,1982-03-12,254,176,during,0.1373120693831632
1981-1982 recession,1981-1982,1982-03-15,257,177,during,0.1563072892647026
1981-1982 recession,1981-1982,1982-03-16,258,178,during,0.174295160600514
1981-1982 recession,1981-1982,1982-03-17,259,179,during,0.1878059560485513
1981-1982 recession,1981-1982,1982-03-18,260,180,during,0.2246861829649482
1981-1982 recession,1981-1982,1982-03-19,261,181,during,0.22811518845746
1981-1982 recession,1981-1982,1982-03-22,264,182,during,0.1872746235815444
1981-1982 recession,1981-1982,1982-03-23,265,183,during,0.2143262770171385
1981-1982 recession,1981-1982,1982-03-24,266,184,during,0.221065421329683
1981-1982 recession,1981-1982,1982-03-25,267,185,during,0.2759190892482584
1981-1982 recession,1981-1982,1982-03-26,268,186,during,0.2450431747728333
1981-1982 recession,1981-1982,1982-03-29,271,187,during,0.2902979836392306
1981-1982 recession,1981-1982,1982-03-30,272,188,during,0.290785663811102
1981-1982 recession,1981-1982,1982-03-31,273,189,during,0.259195658725387
1981-1982 recession,1981-1982,1982-04-01,274,190,during,0.2005538930226165
1981-1982 recession,1981-1982,1982-04-02,275,191,during,0.2079100562162124
1981-1982 recession,1981-1982,1982-04-05,278,192,during,0.3542403230734484
1981-1982 recession,1981-1982,1982-04-06,279,193,during,0.1801559217321961
1981-1982 recession,1981-1982,1982-04-07,280,194,during,0.190181269914142
1981-1982 recession,1981-1982,1982-04-08,281,195,during,0.1131226958087943
1981-1982 recession,1981-1982,1982-04-12,285,196,during,0.1266771772800085
1981-1982 recession,1981-1982,1982-04-13,286,197,during,0.2586023687210081
1981-1982 recession,1981-1982,1982-04-14,287,198,during,0.2848547753632203
1981-1982 recession,1981-1982,1982-04-15,288,199,during,0.4580307979863185
1981-1982 recession,1981-1982,1982-04-16,289,200,during,0.2529604413957561
1981-1982 recession,1981-1982,1982-04-19,292,201,during,0.1152940026421101
1981-1982 recession,1981-1982,1982-04-20,293,202,during,0.196072185902851
1981-1982 recession,1981-1982,1982-04-21,294,203,during,0.2269965644293443
1981-1982 recession,1981-1982,1982-04-22,295,204,during,0.1853346407050779
1981-1982 recession,1981-1982,1982-04-23,296,205,during,0.0885732795879551
1981-1982 recession,1981-1982,1982-04-26,299,206,during,0.1400726845037993
1981-1982 recession,1981-1982,1982-04-27,300,207,during,0.1526146247489792
1981-1982 recession,1981-1982,1982-04-28,301,208,during,0.2231537681857623
1981-1982 recession,1981-1982,1982-04-29,302,209,during,0.18971113088473
1981-1982 recession,1981-1982,1982-04-30,303,210,during,0.0293307476534479
1981-1982 recession,1981-1982,1982-05-03,306,211,during,-0.0151200693754373
1981-1982 recession,1981-1982,1982-05-04,307,212,during,0.1072906405240099
1981-1982 recession,1981-1982,1982-05-05,308,213,during,-0.0671776277708557
1981-1982 recession,1981-1982,1982-05-06,309,214,during,-0.1498027601730636
1981-1982 recession,1981-1982,1982-05-07,310,215,during,-0.3363331152726477
1981-1982 recession,1981-1982,1982-05-10,313,216,during,-0.1669671640706203
1981-1982 recession,1981-1982,1982-05-11,314,217,during,-0.5723295687836315
1981-1982 recession,1981-1982,1982-05-12,315,218,during,-0.2954636605034495
1981-1982 recession,1981-1982,1982-05-13,316,219,during,-0.3826525527678107
1981-1982 recession,1981-1982,1982-05-14,317,220,during,-0.4624974845565792
1981-1982 recession,1981-1982,1982-05-17,320,221,during,0.1122002512882909
1981-1982 recession,1981-1982,1982-05-18,321,222,during,-0.3848320397833235
1981-1982 recession,1981-1982,1982-05-19,322,223,during,-0.1620376509123817
1981-1982 recession,1981-1982,1982-05-20,323,224,during,0.0169361700175358
1981-1982 recession,1981-1982,1982-05-21,324,225,during,0.012827412295119
1981-1982 recession,1981-1982,1982-05-24,327,226,during,0.0108624371956615
1981-1982 recession,1981-1982,1982-05-25,328,227,during,0.0635262471797394
1981-1982 recession,1981-1982,1982-05-26,329,228,during,0.1434879918564975
1981-1982 recession,1981-1982,1982-05-27,330,229,during,-0.0417045540598275
1981-1982 recession,1981-1982,1982-05-28,331,230,during,0.0887938079164559
1981-1982 recession,1981-1982,1982-06-01,335,231,during,0.1702539389883123
1981-1982 recession,1981-1982,1982-06-02,336,232,during,0.4213144350436115
1981-1982 recession,1981-1982,1982-06-03,337,233,during,0.4204750331753524
1981-1982 recession,1981-1982,1982-06-04,338,234,during,0.3435162701278265
1981-1982 recession,1981-1982,1982-06-07,341,235,during,0.3495442870665128
1981-1982 recession,1981-1982,1982-06-08,342,236,during,0.2538813673304921
1981-1982 recession,1981-1982,1982-06-09,343,237,during,0.392740621273104
1981-1982 recession,1981-1982,1982-06-10,344,238,during,0.4737352682020483
1981-1982 recession,1981-1982,1982-06-11,345,239,during,0.1846763380357385
1981-1982 recession,1981-1982,1982-06-14,348,240,during,0.3091850281535925
1981-1982 recession,1981-1982,1982-06-15,349,241,during,0.3059587771845845
1981-1982 recession,1981-1982,1982-06-16,350,242,during,0.2804664204197513
1981-1982 recession,1981-1982,1982-06-17,351,243,during,0.3054705399117391
1981-1982 recession,1981-1982,1982-06-18,352,244,during,0.2824087128152357
1981-1982 recession,1981-1982,1982-06-21,355,245,during,0.1400022533973387
1981-1982 recession,1981-1982,1982-06-22,356,246,during,0.2111818454935653
1981-1982 recession,1981-1982,1982-06-23,357,247,during,0.4323517497643691
1981-1982 recession,1981-1982,1982-06-24,358,248,during,0.2759833710879751
1981-1982 recession,1981-1982,1982-06-25,359,249,during,0.2798019284034174
1981-1982 recession,1981-1982,1982-06-28,362,250,during,0.0519924574970756
1981-1982 recession,1981-1982,1982-06-29,363,251,during,0.4710358133058852
1981-1982 recession,1981-1982,1982-06-30,364,252,during,0.4752150079116696
1981-1982 recession,1981-1982,1982-07-01,365,253,during,0.450802222484373
1981-1982 recession,1981-1982,1982-07-02,366,254,during,0.2728526985485313
1981-1982 recession,1981-1982,1982-07-06,370,255,during,0.2675253399128142
1981-1982 recession,1981-1982,1982-07-07,371,256,during,0.1167966905047162
1981-1982 recession,1981-1982,1982-07-08,372,257,during,0.2023467852416913
1981-1982 recession,1981-1982,1982-07-09,373,258,during,0.0908859245096007
1981-1982 recession,1981-1982,1982-07-12,376,259,during,0.0723430455679271
1981-1982 recession,1981-1982,1982-07-13,377,260,during,0.1991909856312163
1981-1982 recession,1981-1982,1982-07-14,378,261,during,-0.0334824679410558
1981-1982 recession,1981-1982,1982-07-15,379,262,during,0.0393584460271364
1981-1982 recession,1981-1982,1982-07-16,380,263,during,0.2829745775598745
1981-1982 recession,1981-1982,1982-07-19,383,264,during,0.2493969367445747
1981-1982 recession,1981-1982,1982-07-20,384,265,during,0.267228705283162
1981-1982 recession,1981-1982,1982-07-21,385,266,during,0.1245042055515355
1981-1982 recession,1981-1982,1982-07-22,386,267,during,0.048058194125955
1981-1982 recession,1981-1982,1982-07-23,387,268,during,-0.0772910794182633
1981-1982 recession,1981-1982,1982-07-26,390,269,during,-0.0427847668445827
1981-1982 recession,1981-1982,1982-07-27,391,270,during,-0.1334426504466174
1981-1982 recession,1981-1982,1982-07-28,392,271,during,0.0677698352082703
1981-1982 recession,1981-1982,1982-07-29,393,272,during,-0.0023106652858262
1981-1982 recession,1981-1982,1982-07-30,394,273,during,0.0066934999955897
1981-1982 recession,1981-1982,1982-08-02,397,274,during,-0.0854924418989533
1981-1982 recession,1981-1982,1982-08-03,398,275,during,0.1739325411074626
1981-1982 recession,1981-1982,1982-08-04,399,276,during,0.2418335581986008
1981-1982 recession,1981-1982,1982-08-05,400,277,during,0.275816071643082
1981-1982 recession,1981-1982,1982-08-06,401,278,during,0.2420566653865882
1981-1982 recession,1981-1982,1982-08-09,404,279,during,0.1476638208657773
1981-1982 recession,1981-1982,1982-08-10,405,280,during,0.2607104058946234
1981-1982 recession,1981-1982,1982-08-11,406,281,during,0.1043371082604074
1981-1982 recession,1981-1982,1982-08-12,407,282,during,0.2257797304895767
1981-1982 recession,1981-1982,1982-08-13,408,283,during,-0.0744900863382213
1981-1982 recession,1981-1982,1982-08-16,411,284,during,-0.0567272493734953
1981-1982 recession,1981-1982,1982-08-17,412,285,during,-0.1401764588744242
1981-1982 recession,1981-1982,1982-08-18,413,286,during,0.0068164401533163
1981-1982 recession,1981-1982,1982-08-19,414,287,during,-0.3027489217656917
1981-1982 recession,1981-1982,1982-08-20,415,288,during,0.0416944569752822
1981-1982 recession,1981-1982,1982-08-23,418,289,during,0.1418429407382508
1981-1982 recession,1981-1982,1982-08-24,419,290,during,0.1853235920013989
1981-1982 recession,1981-1982,1982-08-25,420,291,during,-0.042179772415803
1981-1982 recession,1981-1982,1982-08-26,421,292,during,-0.0842672391735347
1981-1982 recession,1981-1982,1982-08-27,422,293,during,-0.0869286436282726
1981-1982 recession,1981-1982,1982-08-30,425,294,during,-0.3712116893211256
1981-1982 recession,1981-1982,1982-08-31,426,295,during,0.1616179745074919
1981-1982 recession,1981-1982,1982-09-01,427,296,during,0.0310611195427607
1981-1982 recession,1981-1982,1982-09-02,428,297,during,0.0368888388693957
1981-1982 recession,1981-1982,1982-09-03,429,298,during,0.0124010762950656
1981-1982 recession,1981-1982,1982-09-07,433,299,during,0.026615058707584
1981-1982 recession,1981-1982,1982-09-08,434,300,during,-0.0113840617637565
1981-1982 recession,1981-1982,1982-09-09,435,301,during,-0.0237765672473364
1981-1982 recession,1981-1982,1982-09-10,436,302,during,0.0014290714375815
1981-1982 recession,1981-1982,1982-09-13,439,303,during,0.0438595034015007
1981-1982 recession,1981-1982,1982-09-14,440,304,during,-0.0923997313245467
1981-1982 recession,1981-1982,1982-09-15,441,305,during,0.1309159802415995
1981-1982 recession,1981-1982,1982-09-16,442,306,during,0.095045141703726
1981-1982 recession,1981-1982,1982-09-17,443,307,during,0.1012541169998347
1981-1982 recession,1981-1982,1982-09-20,446,308,during,0.1503971696406018
1981-1982 recession,1981-1982,1982-09-21,447,309,during,0.141448328943569
1981-1982 recession,1981-1982,1982-09-22,448,310,during,0.1806925522100447
1981-1982 recession,1981-1982,1982-09-23,449,311,during,0.1574937272501929
1981-1982 recession,1981-1982,1982-09-24,450,312,during,0.1065140776172715
1981-1982 recession,1981-1982,1982-09-27,453,313,during,0.1185753220864637
1981-1982 recession,1981-1982,1982-09-28,454,314,during,0.1463908513822592
1981-1982 recession,1981-1982,1982-09-29,455,315,during,0.042338351183165
1981-1982 recession,1981-1982,1982-09-30,456,316,during,-0.0273957557208313
1981-1982 recession,1981-1982,1982-10-01,457,317,during,0.0953533273408328
1981-1982 recession,1981-1982,1982-10-04,460,318,during,0.0868425679812206
1981-1982 recession,1981-1982,1982-10-05,461,319,during,0.1283567331263402
1981-1982 recession,1981-1982,1982-10-06,462,320,during,-0.0034289747765131
1981-1982 recession,1981-1982,1982-10-07,463,321,during,0.0249176637238179
1981-1982 recession,1981-1982,1982-10-08,464,322,during,0.1714165951089597
1981-1982 recession,1981-1982,1982-10-11,467,323,during,0.2370396946272012
1981-1982 recession,1981-1982,1982-10-12,468,324,during,0.3265646171519308
1981-1982 recession,1981-1982,1982-10-13,469,325,during,0.1051670254454725
1981-1982 recession,1981-1982,1982-10-14,470,326,during,0.2479026249652906
1981-1982 recession,1981-1982,1982-10-15,471,327,during,0.2132386350354496
1981-1982 recession,1981-1982,1982-10-18,474,328,during,0.2788001180431125
1981-1982 recession,1981-1982,1982-10-19,475,329,during,0.2571954214983753
1981-1982 recession,1981-1982,1982-10-20,476,330,during,0.2956503755783409
1981-1982 recession,1981-1982,1982-10-21,477,331,during,0.44949924890184
1981-1982 recession,1981-1982,1982-10-22,478,332,during,0.4733053290954265
1981-1982 recession,1981-1982,1982-10-25,481,333,during,0.4985399523714746
1981-1982 recession,1981-1982,1982-10-26,482,334,during,0.4965131558662676
1981-1982 recession,1981-1982,1982-10-27,483,335,during,0.3661067648071515
1981-1982 recession,1981-1982,1982-10-28,484,336,during,0.3302252315518479
1981-1982 recession,1981-1982,1982-10-29,485,337,during,0.2944065352888296
1981-1982 recession,1981-1982,1982-11-01,488,338,during,0.2712486029488336
1981-1982 recession,1981-1982,1982-11-02,489,339,post,0.2383544461835417
1981-1982 recession,1981-1982,1982-11-03,490,340,post,0.2894673614521749
1981-1982 recession,1981-1982,1982-11-04,491,341,post,0.4293249675483002
1981-1982 recession,1981-1982,1982-11-05,492,342,post,0.2947274174908675
1981-1982 recession,1981-1982,1982-11-08,495,343,post,0.3412502583687473
1981-1982 recession,1981-1982,1982-11-09,496,344,post,0.3461271956452819
1981-1982 recession,1981-1982,1982-11-10,497,345,post,0.4635956708607741
1981-1982 recession,1981-1982,1982-11-11,498,346,post,0.344366316671028
1981-1982 recession,1981-1982,1982-11-12,499,347,post,0.4378784860277179
1981-1982 recession,1981-1982,1982-11-15,502,348,post,0.2574921597520031
1981-1982 recession,1981-1982,1982-11-16,503,349,post,0.3097614783579402
1981-1982 recession,1981-1982,1982-11-17,504,350,post,0.2425190813771528
1981-1982 recession,1981-1982,1982-11-18,505,351,post,0.2070996930529997
1981-1982 recession,1981-1982,1982-11-19,506,352,post,0.015753514937028
1981-1982 recession,1981-1982,1982-11-22,509,353,post,0.1534716338290725
1981-1982 recession,1981-1982,1982-11-23,510,354,post,0.0428985946119912
1981-1982 recession,1981-1982,1982-11-24,511,355,post,0.2217949047790748
1981-1982 recession,1981-1982,1982-11-26,513,356,post,0.255492045745511
1981-1982 recession,1981-1982,1982-11-29,516,357,post,0.2441583434625978
1981-1982 recession,1981-1982,1982-11-30,517,358,post,0.2512789232347713
1981-1982 recession,1981-1982,1982-12-01,518,359,post,0.2295146910760751
1981-1982 recession,1981-1982,1982-12-02,519,360,post,0.2179356823541114
1981-1982 recession,1981-1982,1982-12-03,520,361,post,0.2043744189984499
1981-1982 recession,1981-1982,1982-12-06,523,362,post,0.2129355083883841
1981-1982 recession,1981-1982,1982-12-07,524,363,post,0.2249114558175458
1981-1982 recession,1981-1982,1982-12-08,525,364,post,0.2894404656862619
1981-1982 recession,1981-1982,1982-12-09,526,365,post,0.2853198079815586
1981-1982 recession,1981-1982,1982-12-10,527,366,post,0.2909779796557792
1981-1982 recession,1981-1982,1982-12-13,530,367,post,0.4532824436143395
1981-1982 recession,1981-1982,1982-12-14,531,368,post,0.4970710011094686
1981-1982 recession,1981-1982,1982-12-15,532,369,post,0.5020677443172625
1981-1982 recession,1981-1982,1982-12-16,533,370,post,0.5245121636011764
1981-1982 recession,1981-1982,1982-12-17,534,371,post,0.5251487455614627
1981-1982 recession,1981-1982,1982-12-20,537,372,post,0.6447461194956329
1981-1982 recession,1981-1982,1982-12-21,538,373,post,0.5197544428154679
1981-1982 recession,1981-1982,1982-12-22,539,374,post,0.5173549759388487
1981-1982 recession,1981-1982,1982-12-23,540,375,post,0.643421214756726
1981-1982 recession,1981-1982,1982-12-27,544,376,post,0.5214217798081802
1981-1982 recession,1981-1982,1982-12-28,545,377,post,0.642195325689259
1981-1982 recession,1981-1982,1982-12-29,546,378,post,0.5238392256953961
1981-1982 recession,1981-1982,1982-12-30,547,379,post,0.5222769088831706
1981-1982 recession,1981-1982,1982-12-31,548,380,post,0.519101602450978
1981-1982 recession,1981-1982,1983-01-03,551,381,post,0.5064036079483655
1981-1982 recession,1981-1982,1983-01-04,552,382,post,0.5121920639474373
1981-1982 recession,1981-1982,1983-01-05,553,383,post,0.4880543865019072
1981-1982 recession,1981-1982,1983-01-06,554,384,post,0.3710798086197676
1981-1982 recession,1981-1982,1983-01-07,555,385,post,0.3653169921148261
1981-1982 recession,1981-1982,1983-01-10,558,386,post,0.3702938186188639
1981-1982 recession,1981-1982,1983-01-11,559,387,post,0.3936247867664607
1981-1982 recession,1981-1982,1983-01-12,560,388,post,0.3903648652843509
1981-1982 recession,1981-1982,1983-01-13,561,389,post,0.4160490801149462
1981-1982 recession,1981-1982,1983-01-14,562,390,post,0.2205088770739377
1981-1982 recession,1981-1982,1983-01-17,565,391,post,0.292221514387569
1981-1982 recession,1981-1982,1983-01-18,566,392,post,0.4243411761373755
1981-1982 recession,1981-1982,1983-01-19,567,393,post,0.3684464337171422
1981-1982 recession,1981-1982,1983-01-20,568,394,post,0.4570201145481029
1981-1982 recession,1981-1982,1983-01-21,569,395,post,0.4840116706763097
1981-1982 recession,1981-1982,1983-01-24,572,396,post,0.5011178661719856
1981-1982 recession,1981-1982,1983-01-25,573,397,post,0.4972947827982409
1981-1982 recession,1981-1982,1983-01-26,574,398,post,0.4909457653829765
1981-1982 recession,1981-1982,1983-01-27,575,399,post,0.4665643715179289
1981-1982 recession,1981-1982,1983-01-28,576,400,post,0.4634220350812823
1981-1982 recession,1981-1982,1983-01-31,579,401,post,0.4736571785155508
1981-1982 recession,1981-1982,1983-02-01,580,402,post,0.4467452495936422
1981-1982 recession,1981-1982,1983-02-02,581,403,post,0.4712816287163996
1981-1982 recession,1981-1982,1983-02-03,582,404,post,0.474814102603339
1981-1982 recession,1981-1982,1983-02-04,583,405,post,0.489258518293736
1981-1982 recession,1981-1982,1983-02-07,586,406,post,0.4983054190639022
1981-1982 recession,1981-1982,1983-02-08,587,407,post,0.4982255375864923
1981-1982 recession,1981-1982,1983-02-09,588,408,post,0.4965936791349674
1981-1982 recession,1981-1982,1983-02-10,589,409,post,0.4806440481132994
1981-1982 recession,1981-1982,1983-02-11,590,410,post,0.4651734571124983
1981-1982 recession,1981-1982,1983-02-14,593,411,post,0.4502145428013221
1981-1982 recession,1981-1982,1983-02-15,594,412,post,0.4158787393663793
1981-1982 recession,1981-1982,1983-02-16,595,413,post,0.4205064054421557
1981-1982 recession,1981-1982,1983-02-17,596,414,post,0.4286423584568378
1981-1982 recession,1981-1982,1983-02-18,597,415,post,0.3001724203767236
1981-1982 recession,1981-1982,1983-02-22,601,416,post,0.3604565120285155
1981-1982 recession,1981-1982,1983-02-23,602,417,post,0.3136885704391974
1981-1982 recession,1981-1982,1983-02-24,603,418,post,0.2261878844609914
1981-1982 recession,1981-1982,1983-02-25,604,419,post,0.399238475529483
1981-1982 recession,1981-1982,1983-02-28,607,420,post,0.4411675893387314
1981-1982 recession,1981-1982,1983-03-01,608,421,post,0.3184284240791066
1981-1982 recession,1981-1982,1983-03-02,609,422,post,0.4371680803215904
1981-1982 recession,1981-1982,1983-03-03,610,423,post,0.2331849636278585
1981-1982 recession,1981-1982,1983-03-04,611,424,post,0.2229825343268151
1981-1982 recession,1981-1982,1983-03-07,614,425,post,0.3910775887741101
1990-1991 recession,1990-1991,1990-02-26,-125,-88,pre,0.114966966254358
1990-1991 recession,1990-1991,1990-02-27,-124,-87,pre,0.23385630642373
1990-1991 recession,1990-1991,1990-02-28,-123,-86,pre,0.2251243461219451
1990-1991 recession,1990-1991,1990-03-01,-122,-85,pre,0.2136876816503875
1990-1991 recession,1990-1991,1990-03-02,-121,-84,pre,0.3654113751735658
1990-1991 recession,1990-1991,1990-03-05,-118,-83,pre,0.4079708683226458
1990-1991 recession,1990-1991,1990-03-06,-117,-82,pre,0.4508746979286689
1990-1991 recession,1990-1991,1990-03-07,-116,-81,pre,0.4396803686043472
1990-1991 recession,1990-1991,1990-03-08,-115,-80,pre,0.4436700389335467
1990-1991 recession,1990-1991,1990-03-09,-114,-79,pre,0.462716152920902
1990-1991 recession,1990-1991,1990-03-12,-111,-78,pre,0.4651184510687778
1990-1991 recession,1990-1991,1990-03-13,-110,-77,pre,0.4797544718894567
1990-1991 recession,1990-1991,1990-03-14,-109,-76,pre,0.4726356124041911
1990-1991 recession,1990-1991,1990-03-15,-108,-75,pre,0.4587027196984284
1990-1991 recession,1990-1991,1990-03-16,-107,-74,pre,0.4589015185214714
1990-1991 recession,1990-1991,1990-03-19,-104,-73,pre,0.4141139845426966
1990-1991 recession,1990-1991,1990-03-20,-103,-72,pre,0.4475562218235328
1990-1991 recession,1990-1991,1990-03-21,-102,-71,pre,0.3272180077820292
1990-1991 recession,1990-1991,1990-03-22,-101,-70,pre,0.3557065483874316
1990-1991 recession,1990-1991,1990-03-23,-100,-69,pre,0.486421108792349
1990-1991 recession,1990-1991,1990-03-26,-97,-68,pre,0.447492906154126
1990-1991 recession,1990-1991,1990-03-27,-96,-67,pre,0.4375371506197522
1990-1991 recession,1990-1991,1990-03-28,-95,-66,pre,0.464500943007371
1990-1991 recession,1990-1991,1990-03-29,-94,-65,pre,0.4894342025107212
1990-1991 recession,1990-1991,1990-03-30,-93,-64,pre,0.4853333817608645
1990-1991 recession,1990-1991,1990-04-02,-90,-63,pre,0.4928444093798716
1990-1991 recession,1990-1991,1990-04-03,-89,-62,pre,0.6171932227982614
1990-1991 recession,1990-1991,1990-04-04,-88,-61,pre,0.6175383164917401
1990-1991 recession,1990-1991,1990-04-05,-87,-60,pre,0.6154458579295262
1990-1991 recession,1990-1991,1990-04-06,-86,-59,pre,0.6147045734179974
1990-1991 recession,1990-1991,1990-04-09,-83,-58,pre,0.4638621721205524
1990-1991 recession,1990-1991,1990-04-10,-82,-57,pre,0.4545631733350207
1990-1991 recession,1990-1991,1990-04-11,-81,-56,pre,0.4154470326494216
1990-1991 recession,1990-1991,1990-04-12,-80,-55,pre,0.4401760131296673
1990-1991 recession,1990-1991,1990-04-16,-76,-54,pre,0.4594830406090072
1990-1991 recession,1990-1991,1990-04-17,-75,-53,pre,0.450217290117833
1990-1991 recession,1990-1991,1990-04-18,-74,-52,pre,0.3716848596351931
1990-1991 recession,1990-1991,1990-04-19,-73,-51,pre,0.3892986798171059
1990-1991 recession,1990-1991,1990-04-20,-72,-50,pre,0.2488136135368945
1990-1991 recession,1990-1991,1990-04-23,-69,-49,pre,0.4718429789780127
1990-1991 recession,1990-1991,1990-04-24,-68,-48,pre,0.4622181455535578
1990-1991 recession,1990-1991,1990-04-25,-67,-47,pre,0.449345042463977
1990-1991 recession,1990-1991,1990-04-26,-66,-46,pre,0.3898375045426777
1990-1991 recession,1990-1991,1990-04-27,-65,-45,pre,0.4442369696539013
1990-1991 recession,1990-1991,1990-04-30,-62,-44,pre,0.4501006526947388
1990-1991 recession,1990-1991,1990-05-01,-61,-43,pre,0.3232179699542133
1990-1991 recession,1990-1991,1990-05-02,-60,-42,pre,0.3778785951761084
1990-1991 recession,1990-1991,1990-05-03,-59,-41,pre,0.2958706226601196
1990-1991 recession,1990-1991,1990-05-04,-58,-40,pre,0.3189125617155564
1990-1991 recession,1990-1991,1990-05-07,-55,-39,pre,0.1308212641758464
1990-1991 recession,1990-1991,1990-05-08,-54,-38,pre,0.1487938341585574
1990-1991 recession,1990-1991,1990-05-09,-53,-37,pre,0.2798310849063453
1990-1991 recession,1990-1991,1990-05-10,-52,-36,pre,0.3070472569977621
1990-1991 recession,1990-1991,1990-05-11,-51,-35,pre,0.4182610678298267
1990-1991 recession,1990-1991,1990-05-14,-48,-34,pre,0.402137677957865
1990-1991 recession,1990-1991,1990-05-15,-47,-33,pre,0.4227549414816248
1990-1991 recession,1990-1991,1990-05-16,-46,-32,pre,0.4239454627484521
1990-1991 recession,1990-1991,1990-05-17,-45,-31,pre,0.411389862949617
1990-1991 recession,1990-1991,1990-05-18,-44,-30,pre,0.3818792436892749
1990-1991 recession,1990-1991,1990-05-21,-41,-29,pre,0.3672496064943257
1990-1991 recession,1990-1991,1990-05-22,-40,-28,pre,0.3396272393983893
1990-1991 recession,1990-1991,1990-05-23,-39,-27,pre,0.3267791502742738
1990-1991 recession,1990-1991,1990-05-24,-38,-26,pre,0.3578517547097438
1990-1991 recession,1990-1991,1990-05-25,-37,-25,pre,0.3139321748140376
1990-1991 recession,1990-1991,1990-05-29,-33,-24,pre,0.3202459643382681
1990-1991 recession,1990-1991,1990-05-30,-32,-23,pre,0.3770859522786366
1990-1991 recession,1990-1991,1990-05-31,-31,-22,pre,0.3727432517486731
1990-1991 recession,1990-1991,1990-06-01,-30,-21,pre,0.2461067871967724
1990-1991 recession,1990-1991,1990-06-04,-27,-20,pre,0.4211527405107647
1990-1991 recession,1990-1991,1990-06-05,-26,-19,pre,0.1033780854102559
1990-1991 recession,1990-1991,1990-06-06,-25,-18,pre,0.2727077381378814
1990-1991 recession,1990-1991,1990-06-07,-24,-17,pre,0.1282283911792569
1990-1991 recession,1990-1991,1990-06-08,-23,-16,pre,0.1436782218383714
1990-1991 recession,1990-1991,1990-06-11,-20,-15,pre,0.3086013311331166
1990-1991 recession,1990-1991,1990-06-12,-19,-14,pre,0.2937181425497632
1990-1991 recession,1990-1991,1990-06-13,-18,-13,pre,0.20169697947567
1990-1991 recession,1990-1991,1990-06-14,-17,-12,pre,0.2234694432804174
1990-1991 recession,1990-1991,1990-06-15,-16,-11,pre,0.2299396572527319
1990-1991 recession,1990-1991,1990-06-18,-13,-10,pre,0.2442932105102616
1990-1991 recession,1990-1991,1990-06-19,-12,-9,pre,0.2531096065779133
1990-1991 recession,1990-1991,1990-06-20,-11,-8,pre,0.1076278679091312
1990-1991 recession,1990-1991,1990-06-21,-10,-7,pre,0.2578089934280824
1990-1991 recession,1990-1991,1990-06-22,-9,-6,pre,0.0569211505325431
1990-1991 recession,1990-1991,1990-06-25,-6,-5,pre,0.2419894320784166
1990-1991 recession,1990-1991,1990-06-26,-5,-4,pre,0.2135948786714774
1990-1991 recession,1990-1991,1990-06-27,-4,-3,pre,0.2464745113184525
1990-1991 recession,1990-1991,1990-06-28,-3,-2,pre,0.2384963070822033
1990-1991 recession,1990-1991,1990-06-29,-2,-1,pre,0.1411955623216028
1990-1991 recession,1990-1991,1990-07-02,1,0,during,0.2153042033672709
1990-1991 recession,1990-1991,1990-07-03,2,1,during,0.4337913127938335
1990-1991 recession,1990-1991,1990-07-05,4,2,during,0.4077107042470837
1990-1991 recession,1990-1991,1990-07-06,5,3,during,0.4004057761244223
1990-1991 recession,1990-1991,1990-07-09,8,4,during,0.0897980652191101
1990-1991 recession,1990-1991,1990-07-10,9,5,during,0.0055981250416796
1990-1991 recession,1990-1991,1990-07-11,10,6,during,-0.0665657840583287
1990-1991 recession,1990-1991,1990-07-12,11,7,during,-0.0429241295155869
1990-1991 recession,1990-1991,1990-07-13,12,8,during,-0.0779728775623891
1990-1991 recession,1990-1991,1990-07-16,15,9,during,-0.1047099902736307
1990-1991 recession,1990-1991,1990-07-17,16,10,during,-0.1823422796475679
1990-1991 recession,1990-1991,1990-07-18,17,11,during,-0.5595714224806213
1990-1991 recession,1990-1991,1990-07-19,18,12,during,-0.2113190431224494
1990-1991 recession,1990-1991,1990-07-20,19,13,during,-0.4521473671946963
1990-1991 recession,1990-1991,1990-07-23,22,14,during,-0.1102669519384525
1990-1991 recession,1990-1991,1990-07-24,23,15,during,-0.0240125572293178
1990-1991 recession,1990-1991,1990-07-25,24,16,during,0.0247419033176374
1990-1991 recession,1990-1991,1990-07-26,25,17,during,-0.222300257793534
1990-1991 recession,1990-1991,1990-07-27,26,18,during,-0.0126935138946801
1990-1991 recession,1990-1991,1990-07-30,29,19,during,0.1663905876935905
1990-1991 recession,1990-1991,1990-07-31,30,20,during,0.0429950187894524
1990-1991 recession,1990-1991,1990-08-01,31,21,during,-0.1698856781094127
1990-1991 recession,1990-1991,1990-08-02,32,22,during,-0.215811173699885
1990-1991 recession,1990-1991,1990-08-03,33,23,during,0.0350234153440306
1990-1991 recession,1990-1991,1990-08-06,36,24,during,0.089392811773578
1990-1991 recession,1990-1991,1990-08-07,37,25,during,-0.075259720767998
1990-1991 recession,1990-1991,1990-08-08,38,26,during,-0.480537823393479
1990-1991 recession,1990-1991,1990-08-09,39,27,during,-0.2388883578248686
1990-1991 recession,1990-1991,1990-08-10,40,28,during,-0.1765548495189206
1990-1991 recession,1990-1991,1990-08-13,43,29,during,-0.442367968134201
1990-1991 recession,1990-1991,1990-08-14,44,30,during,-0.4954806849664249
1990-1991 recession,1990-1991,1990-08-15,45,31,during,-0.4529590070429432
1990-1991 recession,1990-1991,1990-08-16,46,32,during,-0.6565492796066804
1990-1991 recession,1990-1991,1990-08-17,47,33,during,-0.3426194896277049
1990-1991 recession,1990-1991,1990-08-20,50,34,during,-0.2757651166431997
1990-1991 recession,1990-1991,1990-08-21,51,35,during,-0.0900072339306
1990-1991 recession,1990-1991,1990-08-22,52,36,during,-0.0916256387029278
1990-1991 recession,1990-1991,1990-08-23,53,37,during,0.2405229966873057
1990-1991 recession,1990-1991,1990-08-24,54,38,during,0.1010286614516946
1990-1991 recession,1990-1991,1990-08-27,57,39,during,-0.3726964697086219
1990-1991 recession,1990-1991,1990-08-28,58,40,during,-0.2580631871053765
1990-1991 recession,1990-1991,1990-08-29,59,41,during,-0.2596192328599132
1990-1991 recession,1990-1991,1990-08-30,60,42,during,-0.1018963873305897
1990-1991 recession,1990-1991,1990-08-31,61,43,during,-0.1056399370961525
1990-1991 recession,1990-1991,1990-09-04,65,44,during,0.0559885506465764
1990-1991 recession,1990-1991,1990-09-05,66,45,during,-0.1916747534093247
1990-1991 recession,1990-1991,1990-09-06,67,46,during,-0.1771328084589637
1990-1991 recession,1990-1991,1990-09-07,68,47,during,-0.2056703786349747
1990-1991 recession,1990-1991,1990-09-10,71,48,during,-0.052732858409064
1990-1991 recession,1990-1991,1990-09-11,72,49,during,0.0162560100991474
1990-1991 recession,1990-1991,1990-09-12,73,50,during,0.1527424008793662
1990-1991 recession,1990-1991,1990-09-13,74,51,during,0.1327481012951286
1990-1991 recession,1990-1991,1990-09-14,75,52,during,0.0404207938776772
1990-1991 recession,1990-1991,1990-09-17,78,53,during,0.0265788205201121
1990-1991 recession,1990-1991,1990-09-18,79,54,during,0.1999432122949484
1990-1991 recession,1990-1991,1990-09-19,80,55,during,-0.1172433208439646
1990-1991 recession,1990-1991,1990-09-20,81,56,during,-0.1776449078059886
1990-1991 recession,1990-1991,1990-09-21,82,57,during,-0.1495334644301033
1990-1991 recession,1990-1991,1990-09-24,85,58,during,-0.030997387863732
1990-1991 recession,1990-1991,1990-09-25,86,59,during,-0.1329154578265914
1990-1991 recession,1990-1991,1990-09-26,87,60,during,0.0654651522124395
1990-1991 recession,1990-1991,1990-09-27,88,61,during,-0.1537443549580401
1990-1991 recession,1990-1991,1990-09-28,89,62,during,0.1662672859587171
1990-1991 recession,1990-1991,1990-10-01,92,63,during,0.1748193656978294
1990-1991 recession,1990-1991,1990-10-02,93,64,during,0.0610698384071019
1990-1991 recession,1990-1991,1990-10-03,94,65,during,0.0922094803569058
1990-1991 recession,1990-1991,1990-10-04,95,66,during,0.1162576188026795
1990-1991 recession,1990-1991,1990-10-05,96,67,during,0.2372422330162608
1990-1991 recession,1990-1991,1990-10-08,99,68,during,0.1173774568934381
1990-1991 recession,1990-1991,1990-10-09,100,69,during,0.0588705627785726
1990-1991 recession,1990-1991,1990-10-10,101,70,during,0.1183214037045947
1990-1991 recession,1990-1991,1990-10-11,102,71,during,0.2678725228669139
1990-1991 recession,1990-1991,1990-10-12,103,72,during,0.0733060718488097
1990-1991 recession,1990-1991,1990-10-15,106,73,during,0.0824234038884176
1990-1991 recession,1990-1991,1990-10-16,107,74,during,0.0439648904627352
1990-1991 recession,1990-1991,1990-10-17,108,75,during,0.1211930220111281
1990-1991 recession,1990-1991,1990-10-18,109,76,during,0.0633181882654879
1990-1991 recession,1990-1991,1990-10-19,110,77,during,0.1367694168464225
1990-1991 recession,1990-1991,1990-10-22,113,78,during,0.0765688819511419
1990-1991 recession,1990-1991,1990-10-23,114,79,during,0.1535052761759836
1990-1991 recession,1990-1991,1990-10-24,115,80,during,0.1517198494005761
1990-1991 recession,1990-1991,1990-10-25,116,81,during,0.0593311274070851
1990-1991 recession,1990-1991,1990-10-26,117,82,during,0.0488528538846159
1990-1991 recession,1990-1991,1990-10-29,120,83,during,0.2118145960685155
1990-1991 recession,1990-1991,1990-10-30,121,84,during,0.2502812962987432
1990-1991 recession,1990-1991,1990-10-31,122,85,during,0.4214070048833879
1990-1991 recession,1990-1991,1990-11-01,123,86,during,0.4321831664696954
1990-1991 recession,1990-1991,1990-11-02,124,87,during,0.2628754511073343
1990-1991 recession,1990-1991,1990-11-05,127,88,during,0.2923012384913463
1990-1991 recession,1990-1991,1990-11-06,128,89,during,0.2822285039711244
1990-1991 recession,1990-1991,1990-11-07,129,90,during,0.2722032558116648
1990-1991 recession,1990-1991,1990-11-08,130,91,during,0.2554953502718825
1990-1991 recession,1990-1991,1990-11-09,131,92,during,0.1877304219458942
1990-1991 recession,1990-1991,1990-11-12,134,93,during,0.1038390159356366
1990-1991 recession,1990-1991,1990-11-13,135,94,during,0.0330065106856742
1990-1991 recession,1990-1991,1990-11-14,136,95,during,0.0352133114566962
1990-1991 recession,1990-1991,1990-11-15,137,96,during,0.0147874460154386
1990-1991 recession,1990-1991,1990-11-16,138,97,during,-0.0786959061793345
1990-1991 recession,1990-1991,1990-11-19,141,98,during,-0.1106446216670852
1990-1991 recession,1990-1991,1990-11-20,142,99,during,-0.3955027642653091
1990-1991 recession,1990-1991,1990-11-21,143,100,during,-0.3829693063672101
1990-1991 recession,1990-1991,1990-11-23,145,101,during,-0.5499907576761933
1990-1991 recession,1990-1991,1990-11-26,148,102,during,-0.5113741603686994
1990-1991 recession,1990-1991,1990-11-27,149,103,during,-0.2698353954166398
1990-1991 recession,1990-1991,1990-11-28,150,104,during,-0.4177280910326647
1990-1991 recession,1990-1991,1990-11-29,151,105,during,-0.2528033312738379
1990-1991 recession,1990-1991,1990-11-30,152,106,during,-0.2027832543419979
1990-1991 recession,1990-1991,1990-12-03,155,107,during,-0.3283941580768562
1990-1991 recession,1990-1991,1990-12-04,156,108,during,-0.0389849087366837
1990-1991 recession,1990-1991,1990-12-05,157,109,during,-0.1723189551078676
1990-1991 recession,1990-1991,1990-12-06,158,110,during,-0.0877975924431422
1990-1991 recession,1990-1991,1990-12-07,159,111,during,-0.0814337358882883
1990-1991 recession,1990-1991,1990-12-10,162,112,during,-0.1164921937415639
1990-1991 recession,1990-1991,1990-12-11,163,113,during,-0.1610815717204139
1990-1991 recession,1990-1991,1990-12-12,164,114,during,-0.4262452948799168
1990-1991 recession,1990-1991,1990-12-13,165,115,during,-0.1728861460418965
1990-1991 recession,1990-1991,1990-12-14,166,116,during,-0.5178475336457813
1990-1991 recession,1990-1991,1990-12-17,169,117,during,-0.0334852089963877
1990-1991 recession,1990-1991,1990-12-18,170,118,during,-0.2253205781963207
1990-1991 recession,1990-1991,1990-12-19,171,119,during,-0.251323135559426
1990-1991 recession,1990-1991,1990-12-20,172,120,during,-0.1059816898605211
1990-1991 recession,1990-1991,1990-12-21,173,121,during,-0.208788246867044
1990-1991 recession,1990-1991,1990-12-24,176,122,during,-0.126754053034866
1990-1991 recession,1990-1991,1990-12-26,178,123,during,-0.2868272795368586
1990-1991 recession,1990-1991,1990-12-27,179,124,during,-0.595773002153152
1990-1991 recession,1990-1991,1990-12-28,180,125,during,-0.1808426543714489
1990-1991 recession,1990-1991,1990-12-31,183,126,during,-0.3217881701422282
1990-1991 recession,1990-1991,1991-01-02,185,127,during,-0.3910959431942526
1990-1991 recession,1990-1991,1991-01-03,186,128,during,0.0526011000067328
1990-1991 recession,1990-1991,1991-01-04,187,129,during,-0.09016964461588
1990-1991 recession,1990-1991,1991-01-07,190,130,during,-0.1178074345437854
1990-1991 recession,1990-1991,1991-01-08,191,131,during,-0.1818184040212194
1990-1991 recession,1990-1991,1991-01-09,192,132,during,-0.1177657636268258
1990-1991 recession,1990-1991,1991-01-10,193,133,during,-0.0877175823199018
1990-1991 recession,1990-1991,1991-01-11,194,134,during,0.1701891708967982
1990-1991 recession,1990-1991,1991-01-14,197,135,during,0.0559738623117412
1990-1991 recession,1990-1991,1991-01-15,198,136,during,-0.1099486509514947
1990-1991 recession,1990-1991,1991-01-16,199,137,during,-0.1259268575105243
1990-1991 recession,1990-1991,1991-01-17,200,138,during,0.1342719480704189
1990-1991 recession,1990-1991,1991-01-18,201,139,during,0.1045722684918125
1990-1991 recession,1990-1991,1991-01-21,204,140,during,0.1062840160866176
1990-1991 recession,1990-1991,1991-01-22,205,141,during,0.2244554431803594
1990-1991 recession,1990-1991,1991-01-23,206,142,during,0.3307426074715403
1990-1991 recession,1990-1991,1991-01-24,207,143,during,0.1929151770970629
1990-1991 recession,1990-1991,1991-01-25,208,144,during,0.2209420220954799
1990-1991 recession,1990-1991,1991-01-28,211,145,during,0.4523571462597948
1990-1991 recession,1990-1991,1991-01-29,212,146,during,0.3883646371535381
1990-1991 recession,1990-1991,1991-01-30,213,147,during,0.2406444076951165
1990-1991 recession,1990-1991,1991-01-31,214,148,during,0.2522713871839229
1990-1991 recession,1990-1991,1991-02-01,215,149,during,0.399017524772965
1990-1991 recession,1990-1991,1991-02-04,218,150,during,0.2674463823997387
1990-1991 recession,1990-1991,1991-02-05,219,151,during,0.4089798080236993
1990-1991 recession,1990-1991,1991-02-06,220,152,during,0.0543526780381145
1990-1991 recession,1990-1991,1991-02-07,221,153,during,-0.2489055188655196
1990-1991 recession,1990-1991,1991-02-08,222,154,during,-0.1232540961675507
1990-1991 recession,1990-1991,1991-02-11,225,155,during,0.0694455998628389
1990-1991 recession,1990-1991,1991-02-12,226,156,during,0.0929899868365765
1990-1991 recession,1990-1991,1991-02-13,227,157,during,0.1390924885579786
1990-1991 recession,1990-1991,1991-02-14,228,158,during,0.130335451661626
1990-1991 recession,1990-1991,1991-02-15,229,159,during,-0.0956999605124783
1990-1991 recession,1990-1991,1991-02-19,233,160,during,-0.1810234652847327
1990-1991 recession,1990-1991,1991-02-20,234,161,during,-0.022171463558955
1990-1991 recession,1990-1991,1991-02-21,235,162,during,0.095528672677206
1990-1991 recession,1990-1991,1991-02-22,236,163,during,-0.1034889688811151
1990-1991 recession,1990-1991,1991-02-25,239,164,during,-0.0755962391206143
1990-1991 recession,1990-1991,1991-02-26,240,165,during,0.1130873746279125
1990-1991 recession,1990-1991,1991-02-27,241,166,during,-0.2358945759778385
1990-1991 recession,1990-1991,1991-02-28,242,167,during,-0.135725329375503
1990-1991 recession,1990-1991,1991-03-01,243,168,during,-0.1383834831939907
1990-1991 recession,1990-1991,1991-03-04,246,169,post,-0.2228447851065897
1990-1991 recession,1990-1991,1991-03-05,247,170,post,-0.1990064733679694
1990-1991 recession,1990-1991,1991-03-06,248,171,post,-0.1674806496406217
1990-1991 recession,1990-1991,1991-03-07,249,172,post,-0.0251324715013845
1990-1991 recession,1990-1991,1991-03-08,250,173,post,-0.039036357204001
1990-1991 recession,1990-1991,1991-03-11,253,174,post,0.0021476953647147
1990-1991 recession,1990-1991,1991-03-12,254,175,post,-0.1088134326101773
1990-1991 recession,1990-1991,1991-03-13,255,176,post,-0.2599663911890688
1990-1991 recession,1990-1991,1991-03-14,256,177,post,-0.1787234040666934
1990-1991 recession,1990-1991,1991-03-15,257,178,post,-0.339087634375837
1990-1991 recession,1990-1991,1991-03-18,260,179,post,-0.1938630672254471
1990-1991 recession,1990-1991,1991-03-19,261,180,post,-0.1812999075825925
1990-1991 recession,1990-1991,1991-03-20,262,181,post,-0.212051207224086
1990-1991 recession,1990-1991,1991-03-21,263,182,post,-0.2037140990506328
1990-1991 recession,1990-1991,1991-03-22,264,183,post,-0.1353864864388584
1990-1991 recession,1990-1991,1991-03-25,267,184,post,-0.1494595582427423
1990-1991 recession,1990-1991,1991-03-26,268,185,post,-0.1097696182692499
1990-1991 recession,1990-1991,1991-03-27,269,186,post,-0.1797676458384338
1990-1991 recession,1990-1991,1991-03-28,270,187,post,-0.1301317207273659
1990-1991 recession,1990-1991,1991-04-01,274,188,post,-0.1502714307592612
1990-1991 recession,1990-1991,1991-04-02,275,189,post,-0.2099664158225307
1990-1991 recession,1990-1991,1991-04-03,276,190,post,-0.5026985663312744
1990-1991 recession,1990-1991,1991-04-04,277,191,post,-0.394597387591782
1990-1991 recession,1990-1991,1991-04-05,278,192,post,-0.2117698566522949
1990-1991 recession,1990-1991,1991-04-08,281,193,post,-0.238947270054656
1990-1991 recession,1990-1991,1991-04-09,282,194,post,-0.1117237081924727
1990-1991 recession,1990-1991,1991-04-10,283,195,post,-0.2470684163369798
1990-1991 recession,1990-1991,1991-04-11,284,196,post,-0.095999605830506
1990-1991 recession,1990-1991,1991-04-12,285,197,post,-0.1172609139459001
1990-1991 recession,1990-1991,1991-04-15,288,198,post,0.0839305684960615
1990-1991 recession,1990-1991,1991-04-16,289,199,post,0.0998891560807087
1990-1991 recession,1990-1991,1991-04-17,290,200,post,0.0087719835885998
1990-1991 recession,1990-1991,1991-04-18,291,201,post,0.0055483964978411
1990-1991 recession,1990-1991,1991-04-19,292,202,post,0.2351938894449323
1990-1991 recession,1990-1991,1991-04-22,295,203,post,0.1772927309593585
1990-1991 recession,1990-1991,1991-04-23,296,204,post,0.13134750678343
1990-1991 recession,1990-1991,1991-04-24,297,205,post,-0.0647882041064887
1990-1991 recession,1990-1991,1991-04-25,298,206,post,-0.0014656569166398
1990-1991 recession,1990-1991,1991-04-26,299,207,post,-0.0421569479450727
1990-1991 recession,1990-1991,1991-04-29,302,208,post,0.1151023473073096
1990-1991 recession,1990-1991,1991-04-30,303,209,post,-0.0432564173121829
1990-1991 recession,1990-1991,1991-05-01,304,210,post,-0.1106818490805107
1990-1991 recession,1990-1991,1991-05-02,305,211,post,-0.1771712921383007
1990-1991 recession,1990-1991,1991-05-03,306,212,post,-0.5317587741289163
1990-1991 recession,1990-1991,1991-05-06,309,213,post,-0.4998238154859121
1990-1991 recession,1990-1991,1991-05-07,310,214,post,-0.4531056782005936
1990-1991 recession,1990-1991,1991-05-08,311,215,post,-0.6522853187570105
1990-1991 recession,1990-1991,1991-05-09,312,216,post,-0.4687721853418318
1990-1991 recession,1990-1991,1991-05-10,313,217,post,-0.3636749269613802
1990-1991 recession,1990-1991,1991-05-13,316,218,post,-0.5830204669058937
1990-1991 recession,1990-1991,1991-05-14,317,219,post,-0.5293314222956756
1990-1991 recession,1990-1991,1991-05-15,318,220,post,-0.6458936622717723
1990-1991 recession,1990-1991,1991-05-16,319,221,post,-0.6672257584281225
1990-1991 recession,1990-1991,1991-05-17,320,222,post,-0.7515133974491182
1990-1991 recession,1990-1991,1991-05-20,323,223,post,-0.3742457909431231
1990-1991 recession,1990-1991,1991-05-21,324,224,post,-0.2011937708325543
1990-1991 recession,1990-1991,1991-05-22,325,225,post,-0.1287002644682801
1990-1991 recession,1990-1991,1991-05-23,326,226,post,-0.0938418994819125
1990-1991 recession,1990-1991,1991-05-24,327,227,post,-0.0713831054046787
1990-1991 recession,1990-1991,1991-05-28,331,228,post,-0.1097594047271871
1990-1991 recession,1990-1991,1991-05-29,332,229,post,-0.1087741862666526
1990-1991 recession,1990-1991,1991-05-30,333,230,post,-0.2523764768203884
1990-1991 recession,1990-1991,1991-05-31,334,231,post,-0.6053190290667094
1990-1991 recession,1990-1991,1991-06-03,337,232,post,-0.4533183613132195
1990-1991 recession,1990-1991,1991-06-04,338,233,post,-0.7850962207826059
1990-1991 recession,1990-1991,1991-06-05,339,234,post,-0.7688903283705836
1990-1991 recession,1990-1991,1991-06-06,340,235,post,-0.4546781211799992
1990-1991 recession,1990-1991,1991-06-07,341,236,post,-0.4509455777918817
1990-1991 recession,1990-1991,1991-06-10,344,237,post,-0.321421282591196
1990-1991 recession,1990-1991,1991-06-11,345,238,post,-0.57747239370248
1990-1991 recession,1990-1991,1991-06-12,346,239,post,-0.7139353942774479
1990-1991 recession,1990-1991,1991-06-13,347,240,post,-0.6637020454854282
1990-1991 recession,1990-1991,1991-06-14,348,241,post,-0.6285520414299588
1990-1991 recession,1990-1991,1991-06-17,351,242,post,-0.6216835999608401
1990-1991 recession,1990-1991,1991-06-18,352,243,post,-0.4404076213723066
1990-1991 recession,1990-1991,1991-06-19,353,244,post,-0.2583138907226799
1990-1991 recession,1990-1991,1991-06-20,354,245,post,-0.7338577966489703
1990-1991 recession,1990-1991,1991-06-21,355,246,post,-0.7404254826341543
1990-1991 recession,1990-1991,1991-06-24,358,247,post,-0.5180847924459048
1990-1991 recession,1990-1991,1991-06-25,359,248,post,-0.4076390179091924
1990-1991 recession,1990-1991,1991-06-26,360,249,post,-0.3561186549615551
1990-1991 recession,1990-1991,1991-06-27,361,250,post,-0.3756057217349688
1990-1991 recession,1990-1991,1991-06-28,362,251,post,-0.2944374649553394
1990-1991 recession,1990-1991,1991-07-01,365,252,post,-0.0272801813059971
1990-1991 recession,1990-1991,1991-07-02,366,253,post,0.1390279729149143
1990-1991 recession,1990-1991,1991-07-03,367,254,post,0.0998533812827286
1990-1991 recession,1990-1991,1991-07-05,369,255,post,-0.0204545896547781
2001 recession,2001,2000-10-26,-126,-85,pre,-1.7346558484684664
2001 recession,2001,2000-10-27,-125,-84,pre,-1.8664365323922585
2001 recession,2001,2000-10-30,-122,-83,pre,-2.0268359880487252
2001 recession,2001,2000-10-31,-121,-82,pre,-2.401987703876406
2001 recession,2001,2000-11-01,-120,-81,pre,-2.2184113724817203
2001 recession,2001,2000-11-02,-119,-80,pre,-2.242684645731478
2001 recession,2001,2000-11-03,-118,-79,pre,-2.15845127464029
2001 recession,2001,2000-11-06,-115,-78,pre,-2.1080312641124777
2001 recession,2001,2000-11-07,-114,-77,pre,-2.1064274507553433
2001 recession,2001,2000-11-08,-113,-76,pre,-2.4549002195433856
2001 recession,2001,2000-11-09,-112,-75,pre,-2.149561696838911
2001 recession,2001,2000-11-10,-111,-74,pre,-1.888813591604766
2001 recession,2001,2000-11-13,-108,-73,pre,-2.5399247231975637
2001 recession,2001,2000-11-14,-107,-72,pre,-2.439035055563471
2001 recession,2001,2000-11-15,-106,-71,pre,-2.1493842852606853
2001 recession,2001,2000-11-16,-105,-70,pre,-1.9622399212463084
2001 recession,2001,2000-11-17,-104,-69,pre,-1.893553646958869
2001 recession,2001,2000-11-20,-101,-68,pre,-2.5526801447429284
2001 recession,2001,2000-11-21,-100,-67,pre,-2.3219088055623125
2001 recession,2001,2000-11-22,-99,-66,pre,-1.960020467313587
2001 recession,2001,2000-11-24,-97,-65,pre,-1.8339720570257656
2001 recession,2001,2000-11-27,-94,-64,pre,-1.938179109181681
2001 recession,2001,2000-11-28,-93,-63,pre,-1.9100127255499744
2001 recession,2001,2000-11-29,-92,-62,pre,-1.963734428465124
2001 recession,2001,2000-11-30,-91,-61,pre,-1.6626124864352003
2001 recession,2001,2000-12-01,-90,-60,pre,-1.0157419701683923
2001 recession,2001,2000-12-04,-87,-59,pre,-1.3191597296693085
2001 recession,2001,2000-12-05,-86,-58,pre,-0.9318767600602786
2001 recession,2001,2000-12-06,-85,-57,pre,-0.7654429585825813
2001 recession,2001,2000-12-07,-84,-56,pre,-0.7195808698134307
2001 recession,2001,2000-12-08,-83,-55,pre,-1.0173448072137574
2001 recession,2001,2000-12-11,-80,-54,pre,-0.905666634954882
2001 recession,2001,2000-12-12,-79,-53,pre,-1.0986505009109453
2001 recession,2001,2000-12-13,-78,-52,pre,-1.128710080460976
2001 recession,2001,2000-12-14,-77,-51,pre,-1.0129170690149472
2001 recession,2001,2000-12-15,-76,-50,pre,-1.4125275543785158
2001 recession,2001,2000-12-18,-73,-49,pre,-0.9957724221555934
2001 recession,2001,2000-12-19,-72,-48,pre,-1.0557350373713086
2001 recession,2001,2000-12-20,-71,-47,pre,-1.2894786528566151
2001 recession,2001,2000-12-21,-70,-46,pre,-1.5125152213392423
2001 recession,2001,2000-12-22,-69,-45,pre,-1.5570712381893543
2001 recession,2001,2000-12-26,-65,-44,pre,-1.7488162194629937
2001 recession,2001,2000-12-27,-64,-43,pre,-1.3691974276452057
2001 recession,2001,2000-12-28,-63,-42,pre,-1.2756613940904131
2001 recession,2001,2000-12-29,-62,-41,pre,-1.2212137709859925
2001 recession,2001,2001-01-02,-58,-40,pre,-0.9371548573726124
2001 recession,2001,2001-01-03,-57,-39,pre,-1.0469322346911796
2001 recession,2001,2001-01-04,-56,-38,pre,-1.2171985227535873
2001 recession,2001,2001-01-05,-55,-37,pre,-1.6309095460977971
2001 recession,2001,2001-01-08,-52,-36,pre,-1.2478663318097616
2001 recession,2001,2001-01-09,-51,-35,pre,-1.6132521067267114
2001 recession,2001,2001-01-10,-50,-34,pre,-1.269168829029873
2001 recession,2001,2001-01-11,-49,-33,pre,-1.15180382494782
2001 recession,2001,2001-01-12,-48,-32,pre,-1.3442935581784696
2001 recession,2001,2001-01-16,-44,-31,pre,-1.3425850466982474
2001 recession,2001,2001-01-17,-43,-30,pre,-1.8071410277362936
2001 recession,2001,2001-01-18,-42,-29,pre,-1.7865489907835816
2001 recession,2001,2001-01-19,-41,-28,pre,-1.647891895147802
2001 recession,2001,2001-01-22,-38,-27,pre,-1.6481763860158365
2001 recession,2001,2001-01-23,-37,-26,pre,-1.075823478306536
2001 recession,2001,2001-01-24,-36,-25,pre,-0.6232195491131166
2001 recession,2001,2001-01-25,-35,-24,pre,-0.4175067400549564
2001 recession,2001,2001-01-26,-34,-23,pre,-0.4956816141308525
2001 recession,2001,2001-01-29,-31,-22,pre,-0.6669908787925085
2001 recession,2001,2001-01-30,-30,-21,pre,-0.9321195844198348
2001 recession,2001,2001-01-31,-29,-20,pre,-0.7479237004683809
2001 recession,2001,2001-02-01,-28,-19,pre,-0.9753414553986584
2001 recession,2001,2001-02-02,-27,-18,pre,-1.1090821979030496
2001 recession,2001,2001-02-05,-24,-17,pre,-1.1813686758247195
2001 recession,2001,2001-02-06,-23,-16,pre,-1.1889226388010736
2001 recession,2001,2001-02-07,-22,-15,pre,-1.088668614680806
2001 recession,2001,2001-02-08,-21,-14,pre,-1.1174080564750548
2001 recession,2001,2001-02-09,-20,-13,pre,-0.9569712329101944
2001 recession,2001,2001-02-12,-17,-12,pre,-1.079003192273149
2001 recession,2001,2001-02-13,-16,-11,pre,-0.9129456687216913
2001 recession,2001,2001-02-14,-15,-10,pre,-0.6514059434622856
2001 recession,2001,2001-02-15,-14,-9,pre,-0.4881823752138917
2001 recession,2001,2001-02-16,-13,-8,pre,-0.7007556667078136
2001 recession,2001,2001-02-20,-9,-7,pre,-1.0648613992938856
2001 recession,2001,2001-02-21,-8,-6,pre,-0.9726784695597
2001 recession,2001,2001-02-22,-7,-5,pre,-1.1867214226150882
2001 recession,2001,2001-02-23,-6,-4,pre,-1.3949992689829704
2001 recession,2001,2001-02-26,-3,-3,pre,-1.3800046053150947
2001 recession,2001,2001-02-27,-2,-2,pre,-1.612832862471857
2001 recession,2001,2001-02-28,-1,-1,pre,-1.639785622972184
2001 recession,2001,2001-03-01,0,0,during,-1.458467374511177
2001 recession,2001,2001-03-02,1,1,during,-1.5911967650569547
2001 recession,2001,2001-03-05,4,2,during,-1.8367442929371165
2001 recession,2001,2001-03-06,5,3,during,-1.5414820009990629
2001 recession,2001,2001-03-07,6,4,during,-1.776324134775733
2001 recession,2001,2001-03-08,7,5,during,-1.460575117278001
2001 recession,2001,2001-03-09,8,6,during,-1.698908556707765
2001 recession,2001,2001-03-12,11,7,during,-1.1967841102683547
2001 recession,2001,2001-03-13,12,8,during,-1.2116780138486198
2001 recession,2001,2001-03-14,13,9,during,-1.314058031447652
2001 recession,2001,2001-03-15,14,10,during,-1.0235563340948954
2001 recession,2001,2001-03-16,15,11,during,-1.1388011476691795
2001 recession,2001,2001-03-19,18,12,during,-0.9719200354125292
2001 recession,2001,2001-03-20,19,13,during,-1.027414471309163
2001 recession,2001,2001-03-21,20,14,during,-0.7494605538379746
2001 recession,2001,2001-03-22,21,15,during,-1.1394519496350406
2001 recession,2001,2001-03-23,22,16,during,-1.142595589041798
2001 recession,2001,2001-03-26,25,17,during,-1.263111205807311
2001 recession,2001,2001-03-27,26,18,during,-1.096151300161603
2001 recession,2001,2001-03-28,27,19,during,-1.0236859499218958
2001 recession,2001,2001-03-29,28,20,during,-1.6163320191418475
2001 recession,2001,2001-03-30,29,21,during,-1.7234995588102011
2001 recession,2001,2001-04-02,32,22,during,-0.2208841755983852
2001 recession,2001,2001-04-03,33,23,during,-0.3857980270993232
2001 recession,2001,2001-04-04,34,24,during,-0.1600920384947455
2001 recession,2001,2001-04-05,35,25,during,-0.146639973739705
2001 recession,2001,2001-04-06,36,26,during,-0.4484252372008585
2001 recession,2001,2001-04-09,39,27,during,-0.6468221802280262
2001 recession,2001,2001-04-10,40,28,during,-0.3236845920704277
2001 recession,2001,2001-04-11,41,29,during,-0.3833665511651498
2001 recession,2001,2001-04-12,42,30,during,-0.603021482664522
2001 recession,2001,2001-04-16,46,31,during,-0.5714760185259633
2001 recession,2001,2001-04-17,47,32,during,-0.6727451566828897
2001 recession,2001,2001-04-18,48,33,during,-0.4822458218567885
2001 recession,2001,2001-04-19,49,34,during,-0.3415333504964883
2001 recession,2001,2001-04-20,50,35,during,-0.1927397750979425
2001 recession,2001,2001-04-23,53,36,during,-0.0804317102079418
2001 recession,2001,2001-04-24,54,37,during,-0.2485144778863753
2001 recession,2001,2001-04-25,55,38,during,-0.3779846617843352
2001 recession,2001,2001-04-26,56,39,during,-0.1486384602397983
2001 recession,2001,2001-04-27,57,40,during,-0.2989286448981849
2001 recession,2001,2001-04-30,60,41,during,-0.2659906044432936
2001 recession,2001,2001-05-01,61,42,during,-0.313255962370304
2001 recession,2001,2001-05-02,62,43,during,-0.1436066090991775
2001 recession,2001,2001-05-03,63,44,during,-0.0382323803082618
2001 recession,2001,2001-05-04,64,45,during,-0.0872883825760238
2001 recession,2001,2001-05-07,67,46,during,-0.0127899195519322
2001 recession,2001,2001-05-08,68,47,during,-0.1172551467326562
2001 recession,2001,2001-05-09,69,48,during,-0.2131879125121041
2001 recession,2001,2001-05-10,70,49,during,-0.2877270995996214
2001 recession,2001,2001-05-11,71,50,during,-0.2978614318547253
2001 recession,2001,2001-05-14,74,51,during,-0.3547444567443844
2001 recession,2001,2001-05-15,75,52,during,-0.1220333481247973
2001 recession,2001,2001-05-16,76,53,during,-0.0743586031623619
2001 recession,2001,2001-05-17,77,54,during,-0.0195095879429779
2001 recession,2001,2001-05-18,78,55,during,-0.0372432399143552
2001 recession,2001,2001-05-21,81,56,during,-0.0715151445322462
2001 recession,2001,2001-05-22,82,57,during,-0.1111125451130331
2001 recession,2001,2001-05-23,83,58,during,-0.4794973377089212
2001 recession,2001,2001-05-24,84,59,during,-0.3339149878148641
2001 recession,2001,2001-05-25,85,60,during,-0.1812372760950591
2001 recession,2001,2001-05-29,89,61,during,-0.1078524171413961
2001 recession,2001,2001-05-30,90,62,during,-0.3006958118558226
2001 recession,2001,2001-05-31,91,63,during,-0.1557399996449237
2001 recession,2001,2001-06-01,92,64,during,-0.0134784924300843
2001 recession,2001,2001-06-04,95,65,during,0.1158597592593496
2001 recession,2001,2001-06-05,96,66,during,-0.0147572089194708
2001 recession,2001,2001-06-06,97,67,during,-0.0184956118659731
2001 recession,2001,2001-06-07,98,68,during,-0.0886600578076554
2001 recession,2001,2001-06-08,99,69,during,-0.1444625408233844
2001 recession,2001,2001-06-11,102,70,during,-0.2388105680168065
2001 recession,2001,2001-06-12,103,71,during,-0.231942016355864
2001 recession,2001,2001-06-13,104,72,during,-0.0048069011022661
2001 recession,2001,2001-06-14,105,73,during,-0.2853935779141456
2001 recession,2001,2001-06-15,106,74,during,-0.6084402893655483
2001 recession,2001,2001-06-18,109,75,during,-0.6363206791745462
2001 recession,2001,2001-06-19,110,76,during,-0.5252305644362822
2001 recession,2001,2001-06-20,111,77,during,-0.5734563374583651
2001 recession,2001,2001-06-21,112,78,during,-0.4886161240589445
2001 recession,2001,2001-06-22,113,79,during,-0.7566788507651058
2001 recession,2001,2001-06-25,116,80,during,-1.0101264653689843
2001 recession,2001,2001-06-26,117,81,during,-1.115324462994451
2001 recession,2001,2001-06-27,118,82,during,-0.8537688697013461
2001 recession,2001,2001-06-28,119,83,during,-0.7699409703162969
2001 recession,2001,2001-06-29,120,84,during,-0.2273376857306471
2001 recession,2001,2001-07-02,123,85,during,-0.472634369697576
2001 recession,2001,2001-07-03,124,86,during,-0.5612481798370682
2001 recession,2001,2001-07-05,126,87,during,-0.8179562742860454
2001 recession,2001,2001-07-06,127,88,during,-0.6338442500962616
2001 recession,2001,2001-07-09,130,89,during,-0.7025700339555719
2001 recession,2001,2001-07-10,131,90,during,-0.9031221387710786
2001 recession,2001,2001-07-11,132,91,during,-0.6804070576421365
2001 recession,2001,2001-07-12,133,92,during,-0.4996607499117452
2001 recession,2001,2001-07-13,134,93,during,-0.4195383344997708
2001 recession,2001,2001-07-16,137,94,during,-0.5882141582266323
2001 recession,2001,2001-07-17,138,95,during,-0.4266148747455348
2001 recession,2001,2001-07-18,139,96,during,-0.4666619720874149
2001 recession,2001,2001-07-19,140,97,during,-0.5728727628726717
2001 recession,2001,2001-07-20,141,98,during,-0.5574182299488112
2001 recession,2001,2001-07-23,144,99,during,-0.3823594089829741
2001 recession,2001,2001-07-24,145,100,during,-0.1197082228354255
2001 recession,2001,2001-07-25,146,101,during,0.0883679203225603
2001 recession,2001,2001-07-26,147,102,during,0.1396477210407725
2001 recession,2001,2001-07-27,148,103,during,0.1638479963977148
2001 recession,2001,2001-07-30,151,104,during,0.2401194146334583
2001 recession,2001,2001-07-31,152,105,during,0.1217127958430403
2001 recession,2001,2001-08-01,153,106,during,0.1331388047431099
2001 recession,2001,2001-08-02,154,107,during,0.0717475325400919
2001 recession,2001,2001-08-03,155,108,during,-0.0583890594501303
2001 recession,2001,2001-08-06,158,109,during,-0.1238800283265818
2001 recession,2001,2001-08-07,159,110,during,-0.0091651160807235
2001 recession,2001,2001-08-08,160,111,during,-0.1342124255385395
2001 recession,2001,2001-08-09,161,112,during,-0.1412301064667389
2001 recession,2001,2001-08-10,162,113,during,-0.6698914374057973
2001 recession,2001,2001-08-13,165,114,during,-0.5778796156501205
2001 recession,2001,2001-08-14,166,115,during,-0.6364573983800035
2001 recession,2001,2001-08-15,167,116,during,-1.3446588696841593
2001 recession,2001,2001-08-16,168,117,during,-1.092481396874018
2001 recession,2001,2001-08-17,169,118,during,-0.9406191792361752
2001 recession,2001,2001-08-20,172,119,during,-0.7423291836710775
2001 recession,2001,2001-08-21,173,120,during,-0.9066845779667057
2001 recession,2001,2001-08-22,174,121,during,-0.8304758979558022
2001 recession,2001,2001-08-23,175,122,during,-0.9218540923973192
2001 recession,2001,2001-08-24,176,123,during,-0.4705857059098092
2001 recession,2001,2001-08-27,179,124,during,-0.5392430994968324
2001 recession,2001,2001-08-28,180,125,during,-0.4911897888486159
2001 recession,2001,2001-08-29,181,126,during,-0.4151788964790695
2001 recession,2001,2001-08-30,182,127,during,-0.2597299386620322
2001 recession,2001,2001-08-31,183,128,during,-0.4576828422307383
2001 recession,2001,2001-09-04,187,129,during,-0.3319384274002114
2001 recession,2001,2001-09-05,188,130,during,-0.4125395821451985
2001 recession,2001,2001-09-06,189,131,during,-0.451779936163253
2001 recession,2001,2001-09-07,190,132,during,-0.7151100608081968
2001 recession,2001,2001-09-10,193,133,during,-1.0414634900231607
2001 recession,2001,2001-09-17,200,134,during,-1.6594270034316416
2001 recession,2001,2001-09-18,201,135,during,-1.3599670898151903
2001 recession,2001,2001-09-19,202,136,during,-1.448868015302483
2001 recession,2001,2001-09-20,203,137,during,-1.9772990875930831
2001 recession,2001,2001-09-21,204,138,during,-1.5926165645011676
2001 recession,2001,2001-09-24,207,139,during,-1.5710674047218398
2001 recession,2001,2001-09-25,208,140,during,-1.8654898193208216
2001 recession,2001,2001-09-26,209,141,during,-1.6775529365209867
2001 recession,2001,2001-09-27,210,142,during,-1.640432711386022
2001 recession,2001,2001-09-28,211,143,during,-1.440886882113778
2001 recession,2001,2001-10-01,214,144,during,-1.4868176579997685
2001 recession,2001,2001-10-02,215,145,during,-1.4889976978722668
2001 recession,2001,2001-10-03,216,146,during,-1.3220997125698446
2001 recession,2001,2001-10-04,217,147,during,-1.2514900146848726
2001 recession,2001,2001-10-05,218,148,during,-1.636526028942234
2001 recession,2001,2001-10-08,221,149,during,-1.319226789751299
2001 recession,2001,2001-10-09,222,150,during,-0.9580831343950812
2001 recession,2001,2001-10-10,223,151,during,-0.6609747196440263
2001 recession,2001,2001-10-11,224,152,during,-0.2200680926959303
2001 recession,2001,2001-10-12,225,153,during,-0.2063876043042642
2001 recession,2001,2001-10-15,228,154,during,-0.3172314702377016
2001 recession,2001,2001-10-16,229,155,during,-0.4900165829926345
2001 recession,2001,2001-10-17,230,156,during,-0.6517387963520337
2001 recession,2001,2001-10-18,231,157,during,-0.4671254335297182
2001 recession,2001,2001-10-19,232,158,during,-0.3410893861354775
2001 recession,2001,2001-10-22,235,159,during,-0.290524631210072
2001 recession,2001,2001-10-23,236,160,during,-0.5315548265018435
2001 recession,2001,2001-10-24,237,161,during,-0.6863829591704314
2001 recession,2001,2001-10-25,238,162,during,-0.791750999244153
2001 recession,2001,2001-10-26,239,163,during,-0.4914458878131119
2001 recession,2001,2001-10-29,242,164,during,-0.4289263383842266
2001 recession,2001,2001-10-30,243,165,during,-0.5461453154133804
2001 recession,2001,2001-10-31,244,166,during,-0.1986240702578995
2001 recession,2001,2001-11-01,245,167,during,-0.1864952366115366
2001 recession,2001,2001-11-02,246,168,post,-0.3096168014871793
2001 recession,2001,2001-11-05,249,169,post,-0.3508277224499451
2001 recession,2001,2001-11-06,250,170,post,-0.435926993358095
2001 recession,2001,2001-11-07,251,171,post,-0.3603789080698632
2001 recession,2001,2001-11-08,252,172,post,-0.2563880367332371
2001 recession,2001,2001-11-09,253,173,post,-0.2423148079508102
2001 recession,2001,2001-11-12,256,174,post,-0.2314812075532838
2001 recession,2001,2001-11-13,257,175,post,-0.3675673983916786
2001 recession,2001,2001-11-14,258,176,post,-0.3080804841343432
2001 recession,2001,2001-11-15,259,177,post,-0.2773334760240977
2001 recession,2001,2001-11-16,260,178,post,-0.2521964653196763
2001 recession,2001,2001-11-19,263,179,post,0.0291326428727673
2001 recession,2001,2001-11-20,264,180,post,0.0908024706183337
2001 recession,2001,2001-11-21,265,181,post,0.0461109573564136
2001 recession,2001,2001-11-23,267,182,post,0.0724041717678186
2001 recession,2001,2001-11-26,270,183,post,-0.0557295689126164
2001 recession,2001,2001-11-27,271,184,post,-0.0568837681830875
2001 recession,2001,2001-11-28,272,185,post,-0.0378798695982409
2001 recession,2001,2001-11-29,273,186,post,-0.0486857066367943
2001 recession,2001,2001-11-30,274,187,post,-0.042805332764468
2001 recession,2001,2001-12-03,277,188,post,-0.0566526452013331
2001 recession,2001,2001-12-04,278,189,post,0.0031561594856057
2001 recession,2001,2001-12-05,279,190,post,0.0632397759831559
2001 recession,2001,2001-12-06,280,191,post,0.0435533510627735
2001 recession,2001,2001-12-07,281,192,post,-0.0342937385584031
2001 recession,2001,2001-12-10,284,193,post,0.1737728002751662
2001 recession,2001,2001-12-11,285,194,post,-0.2877759195199801
2001 recession,2001,2001-12-12,286,195,post,0.0428875320565246
2001 recession,2001,2001-12-13,287,196,post,0.0691215482409172
2001 recession,2001,2001-12-14,288,197,post,-0.0658969346720312
2001 recession,2001,2001-12-17,291,198,post,-0.4471322357815697
2001 recession,2001,2001-12-18,292,199,post,-1.0527935488442952
2001 recession,2001,2001-12-19,293,200,post,-1.2406958824686467
2001 recession,2001,2001-12-20,294,201,post,-0.9429610769728352
2001 recession,2001,2001-12-21,295,202,post,-0.3906686953264146
2001 recession,2001,2001-12-24,298,203,post,-0.5582851560644961
2001 recession,2001,2001-12-26,300,204,post,-0.3653525310644216
2001 recession,2001,2001-12-27,301,205,post,-0.4290497089020155
2001 recession,2001,2001-12-28,302,206,post,-0.5437252884443942
2001 recession,2001,2001-12-31,305,207,post,-0.7593754554178035
2001 recession,2001,2002-01-02,307,208,post,-0.5856294859509721
2001 recession,2001,2002-01-03,308,209,post,-0.5648247708650731
2001 recession,2001,2002-01-04,309,210,post,-0.4973816503471479
2001 recession,2001,2002-01-07,312,211,post,-0.5786590818720045
2001 recession,2001,2002-01-08,313,212,post,-0.819072605537966
2001 recession,2001,2002-01-09,314,213,post,-0.7145072529703818
2001 recession,2001,2002-01-10,315,214,post,-0.7268771048030213
2001 recession,2001,2002-01-11,316,215,post,-0.7131648359696442
2001 recession,2001,2002-01-14,319,216,post,-0.694495776291508
2001 recession,2001,2002-01-15,320,217,post,-0.3638652833706977
2001 recession,2001,2002-01-16,321,218,post,-0.3437421667101806
2001 recession,2001,2002-01-17,322,219,post,-0.3111969491520029
2001 recession,2001,2002-01-18,323,220,post,-0.1914514304705633
2001 recession,2001,2002-01-22,327,221,post,-0.1004733634415371
2001 recession,2001,2002-01-23,328,222,post,-0.536809753731669
2001 recession,2001,2002-01-24,329,223,post,-0.5283751239556558
2001 recession,2001,2002-01-25,330,224,post,-0.9045810297747854
2001 recession,2001,2002-01-28,333,225,post,-1.043163476040059
2001 recession,2001,2002-01-29,334,226,post,-0.8370127319924219
2001 recession,2001,2002-01-30,335,227,post,-0.6187161689058543
2001 recession,2001,2002-01-31,336,228,post,-0.559715051310586
2001 recession,2001,2002-02-01,337,229,post,-0.904405782950055
2001 recession,2001,2002-02-04,340,230,post,-0.906374851659519
2001 recession,2001,2002-02-05,341,231,post,-1.0085775853012076
2001 recession,2001,2002-02-06,342,232,post,-0.7287665948024742
2001 recession,2001,2002-02-07,343,233,post,-1.0194499351917758
2001 recession,2001,2002-02-08,344,234,post,-0.567669300100617
2001 recession,2001,2002-02-11,347,235,post,-0.7774023519627598
2001 recession,2001,2002-02-12,348,236,post,-0.6670573506999385
2001 recession,2001,2002-02-13,349,237,post,-0.2783034909517247
2001 recession,2001,2002-02-14,350,238,post,-0.4112363270233025
2001 recession,2001,2002-02-15,351,239,post,-0.3718409692237808
2001 recession,2001,2002-02-19,355,240,post,-0.4063685650509013
2001 recession,2001,2002-02-20,356,241,post,-0.5381070283223013
2001 recession,2001,2002-02-21,357,242,post,-0.7622267931208174
2001 recession,2001,2002-02-22,358,243,post,-0.9290003953522716
2001 recession,2001,2002-02-25,361,244,post,-0.4383459188701145
2001 recession,2001,2002-02-26,362,245,post,-0.7441950378657332
2001 recession,2001,2002-02-27,363,246,post,-0.5866519725521163
2001 recession,2001,2002-02-28,364,247,post,-0.8203199928179279
2001 recession,2001,2002-03-01,365,248,post,-0.4557946328884285
2001 recession,2001,2002-03-04,368,249,post,-0.5524536044855066
2001 recession,2001,2002-03-05,369,250,post,-0.5880203384547278
2001 recession,2001,2002-03-06,370,251,post,-0.3429313020911904
2001 recession,2001,2002-03-07,371,252,post,-0.0770259131100012
Global Financial Crisis,2007-2009,2007-07-30,-124,-88,pre,0.1610922022544002
Global Financial Crisis,2007-2009,2007-07-31,-123,-87,pre,0.0851106196413148
Global Financial Crisis,2007-2009,2007-08-01,-122,-86,pre,0.2520876513459216
Global Financial Crisis,2007-2009,2007-08-02,-121,-85,pre,0.2474510396887486
Global Financial Crisis,2007-2009,2007-08-03,-120,-84,pre,0.1068766764212707
Global Financial Crisis,2007-2009,2007-08-06,-117,-83,pre,0.3011599353612483
Global Financial Crisis,2007-2009,2007-08-07,-116,-82,pre,0.4589502681586954
Global Financial Crisis,2007-2009,2007-08-08,-115,-81,pre,0.4496432628819165
Global Financial Crisis,2007-2009,2007-08-09,-114,-80,pre,0.458274428281591
Global Financial Crisis,2007-2009,2007-08-10,-113,-79,pre,0.4321275087339248
Global Financial Crisis,2007-2009,2007-08-13,-110,-78,pre,0.2715036020446276
Global Financial Crisis,2007-2009,2007-08-14,-109,-77,pre,0.189182018840363
Global Financial Crisis,2007-2009,2007-08-15,-108,-76,pre,0.3198636110252996
Global Financial Crisis,2007-2009,2007-08-16,-107,-75,pre,0.3244790352060797
Global Financial Crisis,2007-2009,2007-08-17,-106,-74,pre,0.4070203673581051
Global Financial Crisis,2007-2009,2007-08-20,-103,-73,pre,0.2304393935511532
Global Financial Crisis,2007-2009,2007-08-21,-102,-72,pre,0.1763715807491326
Global Financial Crisis,2007-2009,2007-08-22,-101,-71,pre,0.3378316056841799
Global Financial Crisis,2007-2009,2007-08-23,-100,-70,pre,0.3321629269567862
Global Financial Crisis,2007-2009,2007-08-24,-99,-69,pre,0.2615216893987725
Global Financial Crisis,2007-2009,2007-08-27,-96,-68,pre,0.2795900295491355
Global Financial Crisis,2007-2009,2007-08-28,-95,-67,pre,0.4573784455050795
Global Financial Crisis,2007-2009,2007-08-29,-94,-66,pre,0.4638317124161837
Global Financial Crisis,2007-2009,2007-08-30,-93,-65,pre,0.4673217614365105
Global Financial Crisis,2007-2009,2007-08-31,-92,-64,pre,0.4596365386259978
Global Financial Crisis,2007-2009,2007-09-04,-88,-63,pre,0.2680224738173974
Global Financial Crisis,2007-2009,2007-09-05,-87,-62,pre,0.2873108244692692
Global Financial Crisis,2007-2009,2007-09-06,-86,-61,pre,0.2807604572640755
Global Financial Crisis,2007-2009,2007-09-07,-85,-60,pre,0.3156643360406175
Global Financial Crisis,2007-2009,2007-09-10,-82,-59,pre,0.3268649158150758
Global Financial Crisis,2007-2009,2007-09-11,-81,-58,pre,0.1752300464553318
Global Financial Crisis,2007-2009,2007-09-12,-80,-57,pre,0.1254628698006735
Global Financial Crisis,2007-2009,2007-09-13,-79,-56,pre,0.1333679802136482
Global Financial Crisis,2007-2009,2007-09-14,-78,-55,pre,0.0922413505876784
Global Financial Crisis,2007-2009,2007-09-17,-75,-54,pre,0.1176599908661671
Global Financial Crisis,2007-2009,2007-09-18,-74,-53,pre,0.2362488920606618
Global Financial Crisis,2007-2009,2007-09-19,-73,-52,pre,0.1034116510966642
Global Financial Crisis,2007-2009,2007-09-20,-72,-51,pre,0.255292852909447
Global Financial Crisis,2007-2009,2007-09-21,-71,-50,pre,0.2151021096281441
Global Financial Crisis,2007-2009,2007-09-24,-68,-49,pre,0.2188877098256955
Global Financial Crisis,2007-2009,2007-09-25,-67,-48,pre,0.2031372042519608
Global Financial Crisis,2007-2009,2007-09-26,-66,-47,pre,0.1944184448648405
Global Financial Crisis,2007-2009,2007-09-27,-65,-46,pre,0.2014883639789355
Global Financial Crisis,2007-2009,2007-09-28,-64,-45,pre,0.218173168250719
Global Financial Crisis,2007-2009,2007-10-01,-61,-44,pre,0.1837454654450088
Global Financial Crisis,2007-2009,2007-10-02,-60,-43,pre,0.0921993446849554
Global Financial Crisis,2007-2009,2007-10-03,-59,-42,pre,0.0380307822533188
Global Financial Crisis,2007-2009,2007-10-04,-58,-41,pre,0.0507156814718842
Global Financial Crisis,2007-2009,2007-10-05,-57,-40,pre,0.1507081378630836
Global Financial Crisis,2007-2009,2007-10-08,-54,-39,pre,0.1304206076424509
Global Financial Crisis,2007-2009,2007-10-09,-53,-38,pre,0.1241554557181721
Global Financial Crisis,2007-2009,2007-10-10,-52,-37,pre,0.1426297330081401
Global Financial Crisis,2007-2009,2007-10-11,-51,-36,pre,0.1686542170556037
Global Financial Crisis,2007-2009,2007-10-12,-50,-35,pre,0.1600192596001129
Global Financial Crisis,2007-2009,2007-10-15,-47,-34,pre,-0.0090002546159963
Global Financial Crisis,2007-2009,2007-10-16,-46,-33,pre,0.0033249166730247
Global Financial Crisis,2007-2009,2007-10-17,-45,-32,pre,0.0967471827626494
Global Financial Crisis,2007-2009,2007-10-18,-44,-31,pre,0.1535435033807134
Global Financial Crisis,2007-2009,2007-10-19,-43,-30,pre,0.0352791844567405
Global Financial Crisis,2007-2009,2007-10-22,-40,-29,pre,-0.0178771790200806
Global Financial Crisis,2007-2009,2007-10-23,-39,-28,pre,-0.0393716593111528
Global Financial Crisis,2007-2009,2007-10-24,-38,-27,pre,0.059309883364248
Global Financial Crisis,2007-2009,2007-10-25,-37,-26,pre,0.0901803967189236
Global Financial Crisis,2007-2009,2007-10-26,-36,-25,pre,0.0495504148507895
Global Financial Crisis,2007-2009,2007-10-29,-33,-24,pre,-0.015324204594996
Global Financial Crisis,2007-2009,2007-10-30,-32,-23,pre,0.0964344428845216
Global Financial Crisis,2007-2009,2007-10-31,-31,-22,pre,-0.0057806765322369
Global Financial Crisis,2007-2009,2007-11-01,-30,-21,pre,0.1074211855839739
Global Financial Crisis,2007-2009,2007-11-02,-29,-20,pre,-0.0240231092083891
Global Financial Crisis,2007-2009,2007-11-05,-26,-19,pre,0.1910681047804873
Global Financial Crisis,2007-2009,2007-11-06,-25,-18,pre,0.2197005948187977
Global Financial Crisis,2007-2009,2007-11-07,-24,-17,pre,0.2284263602666375
Global Financial Crisis,2007-2009,2007-11-08,-23,-16,pre,0.3154427915953011
Global Financial Crisis,2007-2009,2007-11-09,-22,-15,pre,0.4582994758228543
Global Financial Crisis,2007-2009,2007-11-12,-19,-14,pre,0.1550801758629542
Global Financial Crisis,2007-2009,2007-11-13,-18,-13,pre,0.4449420468421906
Global Financial Crisis,2007-2009,2007-11-14,-17,-12,pre,0.170729011560324
Global Financial Crisis,2007-2009,2007-11-15,-16,-11,pre,0.296569546653144
Global Financial Crisis,2007-2009,2007-11-16,-15,-10,pre,0.3042849526420517
Global Financial Crisis,2007-2009,2007-11-19,-12,-9,pre,0.252232540489517
Global Financial Crisis,2007-2009,2007-11-20,-11,-8,pre,0.235192063556953
Global Financial Crisis,2007-2009,2007-11-21,-10,-7,pre,0.1323655748529269
Global Financial Crisis,2007-2009,2007-11-23,-8,-6,pre,0.1503565099056423
Global Financial Crisis,2007-2009,2007-11-26,-5,-5,pre,0.1512817682298466
Global Financial Crisis,2007-2009,2007-11-27,-4,-4,pre,-0.096800899255595
Global Financial Crisis,2007-2009,2007-11-28,-3,-3,pre,0.0013066375977688
Global Financial Crisis,2007-2009,2007-11-29,-2,-2,pre,0.1503057851034992
Global Financial Crisis,2007-2009,2007-11-30,-1,-1,pre,0.0245190608989072
Global Financial Crisis,2007-2009,2007-12-03,2,0,during,0.3867233469036182
Global Financial Crisis,2007-2009,2007-12-04,3,1,during,0.1669882336295253
Global Financial Crisis,2007-2009,2007-12-05,4,2,during,0.4277795686457731
Global Financial Crisis,2007-2009,2007-12-06,5,3,during,0.4236389297029514
Global Financial Crisis,2007-2009,2007-12-07,6,4,during,0.4192159966115304
Global Financial Crisis,2007-2009,2007-12-10,9,5,during,0.3371155490957755
Global Financial Crisis,2007-2009,2007-12-11,10,6,during,0.3442441660759799
Global Financial Crisis,2007-2009,2007-12-12,11,7,during,0.334778522974323
Global Financial Crisis,2007-2009,2007-12-13,12,8,during,0.4489553195431265
Global Financial Crisis,2007-2009,2007-12-14,13,9,during,0.3013689441865251
Global Financial Crisis,2007-2009,2007-12-17,16,10,during,0.2781627452438919
Global Financial Crisis,2007-2009,2007-12-18,17,11,during,0.2473376410450184
Global Financial Crisis,2007-2009,2007-12-19,18,12,during,0.2450905298482992
Global Financial Crisis,2007-2009,2007-12-20,19,13,during,0.2613513967864319
Global Financial Crisis,2007-2009,2007-12-21,20,14,during,0.2460531712017419
Global Financial Crisis,2007-2009,2007-12-24,23,15,during,0.373199539167826
Global Financial Crisis,2007-2009,2007-12-26,25,16,during,0.2401097170010556
Global Financial Crisis,2007-2009,2007-12-27,26,17,during,0.2258731008760932
Global Financial Crisis,2007-2009,2007-12-28,27,18,during,0.3778604462670578
Global Financial Crisis,2007-2009,2007-12-31,30,19,during,0.1276940324057661
Global Financial Crisis,2007-2009,2008-01-02,32,20,during,0.0683737783454737
Global Financial Crisis,2007-2009,2008-01-03,33,21,during,0.2315739985753135
Global Financial Crisis,2007-2009,2008-01-04,34,22,during,0.1968911394542007
Global Financial Crisis,2007-2009,2008-01-07,37,23,during,0.1320477410831456
Global Financial Crisis,2007-2009,2008-01-08,38,24,during,0.0538496689755333
Global Financial Crisis,2007-2009,2008-01-09,39,25,during,-0.0065713553149522
Global Financial Crisis,2007-2009,2008-01-10,40,26,during,0.0464193547584287
Global Financial Crisis,2007-2009,2008-01-11,41,27,during,0.273931523523789
Global Financial Crisis,2007-2009,2008-01-14,44,28,during,0.3565995690533176
Global Financial Crisis,2007-2009,2008-01-15,45,29,during,0.194454561838569
Global Financial Crisis,2007-2009,2008-01-16,46,30,during,-0.1289287793243073
Global Financial Crisis,2007-2009,2008-01-17,47,31,during,-0.0544549186613399
Global Financial Crisis,2007-2009,2008-01-18,48,32,during,-0.0566163765167941
Global Financial Crisis,2007-2009,2008-01-22,52,33,during,-0.2630263925423704
Global Financial Crisis,2007-2009,2008-01-23,53,34,during,0.11123773092643
Global Financial Crisis,2007-2009,2008-01-24,54,35,during,-0.1346603384478643
Global Financial Crisis,2007-2009,2008-01-25,55,36,during,-0.1330816387707268
Global Financial Crisis,2007-2009,2008-01-28,58,37,during,-0.1065936724292306
Global Financial Crisis,2007-2009,2008-01-29,59,38,during,-0.3247655208506669
Global Financial Crisis,2007-2009,2008-01-30,60,39,during,-0.1481712571081395
Global Financial Crisis,2007-2009,2008-01-31,61,40,during,-0.3181347527328965
Global Financial Crisis,2007-2009,2008-02-01,62,41,during,-0.0733215188674414
Global Financial Crisis,2007-2009,2008-02-04,65,42,during,-0.0646778147616301
Global Financial Crisis,2007-2009,2008-02-05,66,43,during,0.0823531563953178
Global Financial Crisis,2007-2009,2008-02-06,67,44,during,0.0045647666174982
Global Financial Crisis,2007-2009,2008-02-07,68,45,during,0.1468005489519183
Global Financial Crisis,2007-2009,2008-02-08,69,46,during,-0.0806059481545095
Global Financial Crisis,2007-2009,2008-02-11,72,47,during,-0.1164496678220454
Global Financial Crisis,2007-2009,2008-02-12,73,48,during,0.0996040987221605
Global Financial Crisis,2007-2009,2008-02-13,74,49,during,0.0338526420827962
Global Financial Crisis,2007-2009,2008-02-14,75,50,during,0.152147278268632
Global Financial Crisis,2007-2009,2008-02-15,76,51,during,0.0207540535449446
Global Financial Crisis,2007-2009,2008-02-19,80,52,during,0.2570772064868439
Global Financial Crisis,2007-2009,2008-02-20,81,53,during,0.2010619582424448
Global Financial Crisis,2007-2009,2008-02-21,82,54,during,0.096221197730758
Global Financial Crisis,2007-2009,2008-02-22,83,55,during,0.1675129235397613
Global Financial Crisis,2007-2009,2008-02-25,86,56,during,0.0445739486499963
Global Financial Crisis,2007-2009,2008-02-26,87,57,during,0.0957951850760756
Global Financial Crisis,2007-2009,2008-02-27,88,58,during,-0.0378516715887065
Global Financial Crisis,2007-2009,2008-02-28,89,59,during,-0.0252968875123762
Global Financial Crisis,2007-2009,2008-02-29,90,60,during,0.0295998599729505
Global Financial Crisis,2007-2009,2008-03-03,93,61,during,0.1456484408151744
Global Financial Crisis,2007-2009,2008-03-04,94,62,during,0.1587287877079362
Global Financial Crisis,2007-2009,2008-03-05,95,63,during,0.1211681034660541
Global Financial Crisis,2007-2009,2008-03-06,96,64,during,0.1902445211313666
Global Financial Crisis,2007-2009,2008-03-07,97,65,during,0.2092329599709752
Global Financial Crisis,2007-2009,2008-03-10,100,66,during,0.0352804373261089
Global Financial Crisis,2007-2009,2008-03-11,101,67,during,0.2785833550539069
Global Financial Crisis,2007-2009,2008-03-12,102,68,during,0.3166076665363423
Global Financial Crisis,2007-2009,2008-03-13,103,69,during,0.0918540197569815
Global Financial Crisis,2007-2009,2008-03-14,104,70,during,0.0690100485916654
Global Financial Crisis,2007-2009,2008-03-17,107,71,during,-0.1166020261435261
Global Financial Crisis,2007-2009,2008-03-18,108,72,during,-0.1754533638688897
Global Financial Crisis,2007-2009,2008-03-19,109,73,during,-0.1173214142378729
Global Financial Crisis,2007-2009,2008-03-20,110,74,during,-0.1684993399117361
Global Financial Crisis,2007-2009,2008-03-24,114,75,during,-0.1105100682903481
Global Financial Crisis,2007-2009,2008-03-25,115,76,during,-0.1450877892475084
Global Financial Crisis,2007-2009,2008-03-26,116,77,during,-0.1659120015959386
Global Financial Crisis,2007-2009,2008-03-27,117,78,during,-0.2488415656095802
Global Financial Crisis,2007-2009,2008-03-28,118,79,during,-0.0973580014008099
Global Financial Crisis,2007-2009,2008-03-31,121,80,during,-0.1335840615158882
Global Financial Crisis,2007-2009,2008-04-01,122,81,during,-0.1572970896358193
Global Financial Crisis,2007-2009,2008-04-02,123,82,during,-0.1900799660240606
Global Financial Crisis,2007-2009,2008-04-03,124,83,during,0.0566770069212792
Global Financial Crisis,2007-2009,2008-04-04,125,84,during,-0.129034429352202
Global Financial Crisis,2007-2009,2008-04-07,128,85,during,0.085789390963444
Global Financial Crisis,2007-2009,2008-04-08,129,86,during,0.1610630501452804
Global Financial Crisis,2007-2009,2008-04-09,130,87,during,0.2009918202040083
Global Financial Crisis,2007-2009,2008-04-10,131,88,during,0.213871903907607
Global Financial Crisis,2007-2009,2008-04-11,132,89,during,0.2297598198644085
Global Financial Crisis,2007-2009,2008-04-14,135,90,during,0.2766260233911205
Global Financial Crisis,2007-2009,2008-04-15,136,91,during,0.2961521506496164
Global Financial Crisis,2007-2009,2008-04-16,137,92,during,0.0966318662839258
Global Financial Crisis,2007-2009,2008-04-17,138,93,during,0.094693352542946
Global Financial Crisis,2007-2009,2008-04-18,139,94,during,0.1461854196313711
Global Financial Crisis,2007-2009,2008-04-21,142,95,during,0.2356232639367829
Global Financial Crisis,2007-2009,2008-04-22,143,96,during,0.3472709735368662
Global Financial Crisis,2007-2009,2008-04-23,144,97,during,0.4281399331549346
Global Financial Crisis,2007-2009,2008-04-24,145,98,during,0.2721001730526319
Global Financial Crisis,2007-2009,2008-04-25,146,99,during,0.0631357571098842
Global Financial Crisis,2007-2009,2008-04-28,149,100,during,0.1660799703434264
Global Financial Crisis,2007-2009,2008-04-29,150,101,during,0.1439685086485706
Global Financial Crisis,2007-2009,2008-04-30,151,102,during,0.1282678864592527
Global Financial Crisis,2007-2009,2008-05-01,152,103,during,0.1373358382165261
Global Financial Crisis,2007-2009,2008-05-02,153,104,during,0.1455064357734467
Global Financial Crisis,2007-2009,2008-05-05,156,105,during,0.0755808821732892
Global Financial Crisis,2007-2009,2008-05-06,157,106,during,0.0471411131011817
Global Financial Crisis,2007-2009,2008-05-07,158,107,during,0.1205072474391739
Global Financial Crisis,2007-2009,2008-05-08,159,108,during,0.2726399229901067
Global Financial Crisis,2007-2009,2008-05-09,160,109,during,0.472204759267961
Global Financial Crisis,2007-2009,2008-05-12,163,110,during,0.3497434456185663
Global Financial Crisis,2007-2009,2008-05-13,164,111,during,0.4689418681572951
Global Financial Crisis,2007-2009,2008-05-14,165,112,during,0.4659809560097153
Global Financial Crisis,2007-2009,2008-05-15,166,113,during,0.4588583382815693
Global Financial Crisis,2007-2009,2008-05-16,167,114,during,0.4489356335207651
Global Financial Crisis,2007-2009,2008-05-19,170,115,during,0.2929148752843288
Global Financial Crisis,2007-2009,2008-05-20,171,116,during,0.2843361232016795
Global Financial Crisis,2007-2009,2008-05-21,172,117,during,0.375533962641439
Global Financial Crisis,2007-2009,2008-05-22,173,118,during,0.3078984541053602
Global Financial Crisis,2007-2009,2008-05-23,174,119,during,0.2596411406901008
Global Financial Crisis,2007-2009,2008-05-27,178,120,during,0.2301857002290575
Global Financial Crisis,2007-2009,2008-05-28,179,121,during,0.2926944457311066
Global Financial Crisis,2007-2009,2008-05-29,180,122,during,0.2374576181754476
Global Financial Crisis,2007-2009,2008-05-30,181,123,during,0.1688964937853783
Global Financial Crisis,2007-2009,2008-06-02,184,124,during,0.2677320916216626
Global Financial Crisis,2007-2009,2008-06-03,185,125,during,0.2925167427667041
Global Financial Crisis,2007-2009,2008-06-04,186,126,during,0.3008223897148068
Global Financial Crisis,2007-2009,2008-06-05,187,127,during,0.221798063863145
Global Financial Crisis,2007-2009,2008-06-06,188,128,during,0.2078170662537354
Global Financial Crisis,2007-2009,2008-06-09,191,129,during,0.2280303094737163
Global Financial Crisis,2007-2009,2008-06-10,192,130,during,0.2057016273623643
Global Financial Crisis,2007-2009,2008-06-11,193,131,during,0.2652987631484255
Global Financial Crisis,2007-2009,2008-06-12,194,132,during,0.2849011739994654
Global Financial Crisis,2007-2009,2008-06-13,195,133,during,0.4010083947384871
Global Financial Crisis,2007-2009,2008-06-16,198,134,during,0.4391471560026438
Global Financial Crisis,2007-2009,2008-06-17,199,135,during,0.3725763449037035
Global Financial Crisis,2007-2009,2008-06-18,200,136,during,0.3025605432028739
Global Financial Crisis,2007-2009,2008-06-19,201,137,during,0.2679849622818984
Global Financial Crisis,2007-2009,2008-06-20,202,138,during,0.1724805492362121
Global Financial Crisis,2007-2009,2008-06-23,205,139,during,0.1906704601224838
Global Financial Crisis,2007-2009,2008-06-24,206,140,during,0.0741690849403803
Global Financial Crisis,2007-2009,2008-06-25,207,141,during,-0.0914290430578588
Global Financial Crisis,2007-2009,2008-06-26,208,142,during,-0.0813582259631838
Global Financial Crisis,2007-2009,2008-06-27,209,143,during,-0.0485353181031328
Global Financial Crisis,2007-2009,2008-06-30,212,144,during,-0.1502421118381885
Global Financial Crisis,2007-2009,2008-07-01,213,145,during,0.1114170157509011
Global Financial Crisis,2007-2009,2008-07-02,214,146,during,0.2723083949053842
Global Financial Crisis,2007-2009,2008-07-03,215,147,during,0.3077782709874951
Global Financial Crisis,2007-2009,2008-07-07,219,148,during,0.4496234420566507
Global Financial Crisis,2007-2009,2008-07-08,220,149,during,0.4261787337047337
Global Financial Crisis,2007-2009,2008-07-09,221,150,during,0.3443214158114656
Global Financial Crisis,2007-2009,2008-07-10,222,151,during,0.3163521558671317
Global Financial Crisis,2007-2009,2008-07-11,223,152,during,0.215282383087991
Global Financial Crisis,2007-2009,2008-07-14,226,153,during,0.2219911156450152
Global Financial Crisis,2007-2009,2008-07-15,227,154,during,0.3388024672989233
Global Financial Crisis,2007-2009,2008-07-16,228,155,during,0.2896443237790159
Global Financial Crisis,2007-2009,2008-07-17,229,156,during,-0.0629465813738711
Global Financial Crisis,2007-2009,2008-07-18,230,157,during,0.1355116794492225
Global Financial Crisis,2007-2009,2008-07-21,233,158,during,0.3130540900999324
Global Financial Crisis,2007-2009,2008-07-22,234,159,during,0.174732506629838
Global Financial Crisis,2007-2009,2008-07-23,235,160,during,0.3086973762416912
Global Financial Crisis,2007-2009,2008-07-24,236,161,during,0.2242454596598343
Global Financial Crisis,2007-2009,2008-07-25,237,162,during,0.2101347013559934
Global Financial Crisis,2007-2009,2008-07-28,240,163,during,0.1109811298657585
Global Financial Crisis,2007-2009,2008-07-29,241,164,during,0.2685591738051441
Global Financial Crisis,2007-2009,2008-07-30,242,165,during,0.1958952312671424
Global Financial Crisis,2007-2009,2008-07-31,243,166,during,0.3409993756700898
Global Financial Crisis,2007-2009,2008-08-01,244,167,during,0.4459598794424367
Global Financial Crisis,2007-2009,2008-08-04,247,168,during,0.4174420796961131
Global Financial Crisis,2007-2009,2008-08-05,248,169,during,0.4138173630218811
Global Financial Crisis,2007-2009,2008-08-06,249,170,during,0.2302764266645731
Global Financial Crisis,2007-2009,2008-08-07,250,171,during,0.2219004154745896
Global Financial Crisis,2007-2009,2008-08-08,251,172,during,0.3003094191864204
Global Financial Crisis,2007-2009,2008-08-11,254,173,during,0.287463872756903
Global Financial Crisis,2007-2009,2008-08-12,255,174,during,0.2780730814990424
Global Financial Crisis,2007-2009,2008-08-13,256,175,during,0.2427145685914316
Global Financial Crisis,2007-2009,2008-08-14,257,176,during,0.1907519548316361
Global Financial Crisis,2007-2009,2008-08-15,258,177,during,0.1966902997902609
Global Financial Crisis,2007-2009,2008-08-18,261,178,during,0.2042398989895751
Global Financial Crisis,2007-2009,2008-08-19,262,179,during,0.2327516934158324
Global Financial Crisis,2007-2009,2008-08-20,263,180,during,0.2056915056328517
Global Financial Crisis,2007-2009,2008-08-21,264,181,during,0.2348258963542008
Global Financial Crisis,2007-2009,2008-08-22,265,182,during,0.2511913876090951
Global Financial Crisis,2007-2009,2008-08-25,268,183,during,0.2749917426132292
Global Financial Crisis,2007-2009,2008-08-26,269,184,during,0.2727377600018156
Global Financial Crisis,2007-2009,2008-08-27,270,185,during,0.2784035314321292
Global Financial Crisis,2007-2009,2008-08-28,271,186,during,0.2977130643911428
Global Financial Crisis,2007-2009,2008-08-29,272,187,during,0.2995138773729496
Global Financial Crisis,2007-2009,2008-09-02,276,188,during,0.2693419721827514
Global Financial Crisis,2007-2009,2008-09-03,277,189,during,0.2675071604603137
Global Financial Crisis,2007-2009,2008-09-04,278,190,during,0.2597558436048641
Global Financial Crisis,2007-2009,2008-09-05,279,191,during,0.2511922994111321
Global Financial Crisis,2007-2009,2008-09-08,282,192,during,0.2859846868849672
Global Financial Crisis,2007-2009,2008-09-09,283,193,during,0.260374581264275
Global Financial Crisis,2007-2009,2008-09-10,284,194,during,0.1659583354226762
Global Financial Crisis,2007-2009,2008-09-11,285,195,during,0.14382378799834
Global Financial Crisis,2007-2009,2008-09-12,286,196,during,0.2753097504786155
Global Financial Crisis,2007-2009,2008-09-15,289,197,during,0.3395648496378595
Global Financial Crisis,2007-2009,2008-09-16,290,198,during,0.3122747268819777
Global Financial Crisis,2007-2009,2008-09-17,291,199,during,0.3361320391662127
Global Financial Crisis,2007-2009,2008-09-18,292,200,during,0.4378783202982896
Global Financial Crisis,2007-2009,2008-09-19,293,201,during,0.2798051527359638
Global Financial Crisis,2007-2009,2008-09-22,296,202,during,0.3815091184728272
Global Financial Crisis,2007-2009,2008-09-23,297,203,during,0.3875482785509577
Global Financial Crisis,2007-2009,2008-09-24,298,204,during,0.264038104868954
Global Financial Crisis,2007-2009,2008-09-25,299,205,during,0.3556395716802292
Global Financial Crisis,2007-2009,2008-09-26,300,206,during,0.3296195557028732
Global Financial Crisis,2007-2009,2008-09-29,303,207,during,0.4748006712855311
Global Financial Crisis,2007-2009,2008-09-30,304,208,during,0.3332991459493297
Global Financial Crisis,2007-2009,2008-10-01,305,209,during,0.4871389708237309
Global Financial Crisis,2007-2009,2008-10-02,306,210,during,0.3942017598535626
Global Financial Crisis,2007-2009,2008-10-03,307,211,during,0.5279551303713065
Global Financial Crisis,2007-2009,2008-10-06,310,212,during,0.4083641920960559
Global Financial Crisis,2007-2009,2008-10-07,311,213,during,0.5475016747799442
Global Financial Crisis,2007-2009,2008-10-08,312,214,during,0.5272918936356492
Global Financial Crisis,2007-2009,2008-10-09,313,215,during,0.4731679826522379
Global Financial Crisis,2007-2009,2008-10-10,314,216,during,0.2602919180707012
Global Financial Crisis,2007-2009,2008-10-13,317,217,during,-0.075370987514144
Global Financial Crisis,2007-2009,2008-10-14,318,218,during,0.1974472692666248
Global Financial Crisis,2007-2009,2008-10-15,319,219,during,0.2712938679260527
Global Financial Crisis,2007-2009,2008-10-16,320,220,during,0.1389345838044653
Global Financial Crisis,2007-2009,2008-10-17,321,221,during,0.3226947483731325
Global Financial Crisis,2007-2009,2008-10-20,324,222,during,0.2943539732758758
Global Financial Crisis,2007-2009,2008-10-21,325,223,during,0.2660564331752146
Global Financial Crisis,2007-2009,2008-10-22,326,224,during,0.2712760813629953
Global Financial Crisis,2007-2009,2008-10-23,327,225,during,0.2178907198603541
Global Financial Crisis,2007-2009,2008-10-24,328,226,during,0.1229829308772589
Global Financial Crisis,2007-2009,2008-10-27,331,227,during,-0.0450387422811237
Global Financial Crisis,2007-2009,2008-10-28,332,228,during,0.1479066020000232
Global Financial Crisis,2007-2009,2008-10-29,333,229,during,0.1473887637570871
Global Financial Crisis,2007-2009,2008-10-30,334,230,during,0.0334268785582479
Global Financial Crisis,2007-2009,2008-10-31,335,231,during,0.0105300164095629
Global Financial Crisis,2007-2009,2008-11-03,338,232,during,0.183966671459998
Global Financial Crisis,2007-2009,2008-11-04,339,233,during,0.1758202081328058
Global Financial Crisis,2007-2009,2008-11-05,340,234,during,0.2045724078236223
Global Financial Crisis,2007-2009,2008-11-06,341,235,during,0.0604770490896217
Global Financial Crisis,2007-2009,2008-11-07,342,236,during,0.1943106898292536
Global Financial Crisis,2007-2009,2008-11-10,345,237,during,0.1603849680040431
Global Financial Crisis,2007-2009,2008-11-11,346,238,during,0.1405422099699014
Global Financial Crisis,2007-2009,2008-11-12,347,239,during,0.0583768703335968
Global Financial Crisis,2007-2009,2008-11-13,348,240,during,0.1050555535544123
Global Financial Crisis,2007-2009,2008-11-14,349,241,during,0.1207914453802672
Global Financial Crisis,2007-2009,2008-11-17,352,242,during,0.1372757892154365
Global Financial Crisis,2007-2009,2008-11-18,353,243,during,0.1676965888785178
Global Financial Crisis,2007-2009,2008-11-19,354,244,during,0.1892849222816616
Global Financial Crisis,2007-2009,2008-11-20,355,245,during,0.2452791615943212
Global Financial Crisis,2007-2009,2008-11-21,356,246,during,0.1085706978939798
Global Financial Crisis,2007-2009,2008-11-24,359,247,during,0.0767328307297042
Global Financial Crisis,2007-2009,2008-11-25,360,248,during,0.1702304188567927
Global Financial Crisis,2007-2009,2008-11-26,361,249,during,0.2633157965381348
Global Financial Crisis,2007-2009,2008-11-28,363,250,during,0.2237515531867524
Global Financial Crisis,2007-2009,2008-12-01,366,251,during,0.2368464604182898
Global Financial Crisis,2007-2009,2008-12-02,367,252,during,0.2768090763713155
Global Financial Crisis,2007-2009,2008-12-03,368,253,during,0.2821450442359717
Global Financial Crisis,2007-2009,2008-12-04,369,254,during,0.3309033529849046
Global Financial Crisis,2007-2009,2008-12-05,370,255,during,0.4917969660660887
Global Financial Crisis,2007-2009,2008-12-08,373,256,during,0.3791815295626508
Global Financial Crisis,2007-2009,2008-12-09,374,257,during,0.3576020118915815
Global Financial Crisis,2007-2009,2008-12-10,375,258,during,0.3675966939169638
Global Financial Crisis,2007-2009,2008-12-11,376,259,during,0.408158263271252
Global Financial Crisis,2007-2009,2008-12-12,377,260,during,0.4027034501536629
Global Financial Crisis,2007-2009,2008-12-15,380,261,during,0.3874505312055755
Global Financial Crisis,2007-2009,2008-12-16,381,262,during,0.4234908632119575
Global Financial Crisis,2007-2009,2008-12-17,382,263,during,0.4112781870629599
Global Financial Crisis,2007-2009,2008-12-18,383,264,during,0.4029413139292978
Global Financial Crisis,2007-2009,2008-12-19,384,265,during,0.5271156679065222
Global Financial Crisis,2007-2009,2008-12-22,387,266,during,0.3865109637509287
Global Financial Crisis,2007-2009,2008-12-23,388,267,during,0.3662180504072653
Global Financial Crisis,2007-2009,2008-12-24,389,268,during,0.3423147048722052
Global Financial Crisis,2007-2009,2008-12-26,391,269,during,0.3447158183550353
Global Financial Crisis,2007-2009,2008-12-29,394,270,during,0.3300698378614904
Global Financial Crisis,2007-2009,2008-12-30,395,271,during,0.4597826567065823
Global Financial Crisis,2007-2009,2008-12-31,396,272,during,0.2275565512067467
Global Financial Crisis,2007-2009,2009-01-02,398,273,during,0.3611307323835551
Global Financial Crisis,2007-2009,2009-01-05,401,274,during,0.3479043211440832
Global Financial Crisis,2007-2009,2009-01-06,402,275,during,0.3982575590468447
Global Financial Crisis,2007-2009,2009-01-07,403,276,during,0.1481647170096196
Global Financial Crisis,2007-2009,2009-01-08,404,277,during,0.0620170415433629
Global Financial Crisis,2007-2009,2009-01-09,405,278,during,-0.0612782932671184
Global Financial Crisis,2007-2009,2009-01-12,408,279,during,-0.0406593140298233
Global Financial Crisis,2007-2009,2009-01-13,409,280,during,0.1994889731678716
Global Financial Crisis,2007-2009,2009-01-14,410,281,during,0.0593698765468935
Global Financial Crisis,2007-2009,2009-01-15,411,282,during,0.2390869075691173
Global Financial Crisis,2007-2009,2009-01-16,412,283,during,0.2392474325566649
Global Financial Crisis,2007-2009,2009-01-20,416,284,during,0.2792178528145991
Global Financial Crisis,2007-2009,2009-01-21,417,285,during,0.3253166512090958
Global Financial Crisis,2007-2009,2009-01-22,418,286,during,0.0906916915381428
Global Financial Crisis,2007-2009,2009-01-23,419,287,during,-0.0230099806273831
Global Financial Crisis,2007-2009,2009-01-26,422,288,during,0.3027620749241756
Global Financial Crisis,2007-2009,2009-01-27,423,289,during,0.1403446896027725
Global Financial Crisis,2007-2009,2009-01-28,424,290,during,-0.021059302970013
Global Financial Crisis,2007-2009,2009-01-29,425,291,during,0.2722468375971528
Global Financial Crisis,2007-2009,2009-01-30,426,292,during,0.0100848548025353
Global Financial Crisis,2007-2009,2009-02-02,429,293,during,0.0210847895171233
Global Financial Crisis,2007-2009,2009-02-03,430,294,during,-0.0318881572588323
Global Financial Crisis,2007-2009,2009-02-04,431,295,during,-0.1163764106878238
Global Financial Crisis,2007-2009,2009-02-05,432,296,during,-0.023968919416303
Global Financial Crisis,2007-2009,2009-02-06,433,297,during,-0.0477344876601267
Global Financial Crisis,2007-2009,2009-02-09,436,298,during,0.0029418026793426
Global Financial Crisis,2007-2009,2009-02-10,437,299,during,-0.0334864845198754
Global Financial Crisis,2007-2009,2009-02-11,438,300,during,0.1893638671951426
Global Financial Crisis,2007-2009,2009-02-12,439,301,during,0.2153951165264779
Global Financial Crisis,2007-2009,2009-02-13,440,302,during,0.2364414411476238
Global Financial Crisis,2007-2009,2009-02-17,444,303,during,0.2969940075936887
Global Financial Crisis,2007-2009,2009-02-18,445,304,during,0.4162832310060754
Global Financial Crisis,2007-2009,2009-02-19,446,305,during,0.294025997483608
Global Financial Crisis,2007-2009,2009-02-20,447,306,during,0.3432852428669023
Global Financial Crisis,2007-2009,2009-02-23,450,307,during,0.2382298031494107
Global Financial Crisis,2007-2009,2009-02-24,451,308,during,0.3253146272982581
Global Financial Crisis,2007-2009,2009-02-25,452,309,during,0.3118311490574618
Global Financial Crisis,2007-2009,2009-02-26,453,310,during,0.4058095452886945
Global Financial Crisis,2007-2009,2009-02-27,454,311,during,0.2740744518984563
Global Financial Crisis,2007-2009,2009-03-02,457,312,during,0.1775868886481325
Global Financial Crisis,2007-2009,2009-03-03,458,313,during,0.295894032587319
Global Financial Crisis,2007-2009,2009-03-04,459,314,during,0.4730217753440626
Global Financial Crisis,2007-2009,2009-03-05,460,315,during,0.2689000638327562
Global Financial Crisis,2007-2009,2009-03-06,461,316,during,0.3656026978784262
Global Financial Crisis,2007-2009,2009-03-09,464,317,during,0.4363358903076728
Global Financial Crisis,2007-2009,2009-03-10,465,318,during,0.3316841625484167
Global Financial Crisis,2007-2009,2009-03-11,466,319,during,0.2368513775405614
Global Financial Crisis,2007-2009,2009-03-12,467,320,during,0.2155762877716018
Global Financial Crisis,2007-2009,2009-03-13,468,321,during,0.1700086569329761
Global Financial Crisis,2007-2009,2009-03-16,471,322,during,0.1898609549112175
Global Financial Crisis,2007-2009,2009-03-17,472,323,during,0.2031457087747878
Global Financial Crisis,2007-2009,2009-03-18,473,324,during,0.3101027846744937
Global Financial Crisis,2007-2009,2009-03-19,474,325,during,0.3045702931797677
Global Financial Crisis,2007-2009,2009-03-20,475,326,during,0.2808563106685834
Global Financial Crisis,2007-2009,2009-03-23,478,327,during,0.3659507654826932
Global Financial Crisis,2007-2009,2009-03-24,479,328,during,0.3674948662262239
Global Financial Crisis,2007-2009,2009-03-25,480,329,during,0.3643775765157404
Global Financial Crisis,2007-2009,2009-03-26,481,330,during,0.3703603420651291
Global Financial Crisis,2007-2009,2009-03-27,482,331,during,0.4799554375351395
Global Financial Crisis,2007-2009,2009-03-30,485,332,during,0.3587486562399328
Global Financial Crisis,2007-2009,2009-03-31,486,333,during,0.3618064258549006
Global Financial Crisis,2007-2009,2009-04-01,487,334,during,0.3594794256257428
Global Financial Crisis,2007-2009,2009-04-02,488,335,during,0.4023089326692847
Global Financial Crisis,2007-2009,2009-04-03,489,336,during,0.414440219145696
Global Financial Crisis,2007-2009,2009-04-06,492,337,during,0.4062209414947709
Global Financial Crisis,2007-2009,2009-04-07,493,338,during,0.4188206448311781
Global Financial Crisis,2007-2009,2009-04-08,494,339,during,0.5320894368500837
Global Financial Crisis,2007-2009,2009-04-09,495,340,during,0.4185312509086428
Global Financial Crisis,2007-2009,2009-04-13,499,341,during,0.4191027403431216
Global Financial Crisis,2007-2009,2009-04-14,500,342,during,0.4083437760664661
Global Financial Crisis,2007-2009,2009-04-15,501,343,during,0.3664438859065556
Global Financial Crisis,2007-2009,2009-04-16,502,344,during,0.4790819920868167
Global Financial Crisis,2007-2009,2009-04-17,503,345,during,0.3694612013799943
Global Financial Crisis,2007-2009,2009-04-20,506,346,during,0.2093131892519388
Global Financial Crisis,2007-2009,2009-04-21,507,347,during,0.3290146339546549
Global Financial Crisis,2007-2009,2009-04-22,508,348,during,0.1777114722893758
Global Financial Crisis,2007-2009,2009-04-23,509,349,during,0.304383021526487
Global Financial Crisis,2007-2009,2009-04-24,510,350,during,0.3087890784065529
Global Financial Crisis,2007-2009,2009-04-27,513,351,during,0.2647868139116304
Global Financial Crisis,2007-2009,2009-04-28,514,352,during,0.1860004255090198
Global Financial Crisis,2007-2009,2009-04-29,515,353,during,0.2138933341920721
Global Financial Crisis,2007-2009,2009-04-30,516,354,during,0.426773375422071
Global Financial Crisis,2007-2009,2009-05-01,517,355,during,0.4308465516170834
Global Financial Crisis,2007-2009,2009-05-04,520,356,during,0.4434345721676876
Global Financial Crisis,2007-2009,2009-05-05,521,357,during,0.4347006178346439
Global Financial Crisis,2007-2009,2009-05-06,522,358,during,0.4520371265749618
Global Financial Crisis,2007-2009,2009-05-07,523,359,during,0.3007730788860585
Global Financial Crisis,2007-2009,2009-05-08,524,360,during,0.3310662086925283
Global Financial Crisis,2007-2009,2009-05-11,527,361,during,0.3569448638980276
Global Financial Crisis,2007-2009,2009-05-12,528,362,during,0.3820730479782814
Global Financial Crisis,2007-2009,2009-05-13,529,363,during,0.5055759723251996
Global Financial Crisis,2007-2009,2009-05-14,530,364,during,0.4974026023105475
Global Financial Crisis,2007-2009,2009-05-15,531,365,during,0.5312331948929483
Global Financial Crisis,2007-2009,2009-05-18,534,366,during,0.5264356452593691
Global Financial Crisis,2007-2009,2009-05-19,535,367,during,0.3923250065136144
Global Financial Crisis,2007-2009,2009-05-20,536,368,during,0.2622727257404901
Global Financial Crisis,2007-2009,2009-05-21,537,369,during,0.2819706627663163
Global Financial Crisis,2007-2009,2009-05-22,538,370,during,0.2781850420844508
Global Financial Crisis,2007-2009,2009-05-26,542,371,during,0.3889472645542657
Global Financial Crisis,2007-2009,2009-05-27,543,372,during,0.1378738602705312
Global Financial Crisis,2007-2009,2009-05-28,544,373,during,0.4989233463658549
Global Financial Crisis,2007-2009,2009-05-29,545,374,during,0.3745579597739684
Global Financial Crisis,2007-2009,2009-06-01,548,375,during,0.509398890374198
Global Financial Crisis,2007-2009,2009-06-02,549,376,post,0.5109380643712275
Global Financial Crisis,2007-2009,2009-06-03,550,377,post,0.4898049798618981
Global Financial Crisis,2007-2009,2009-06-04,551,378,post,0.4273496325944996
Global Financial Crisis,2007-2009,2009-06-05,552,379,post,0.4372800773530484
Global Financial Crisis,2007-2009,2009-06-08,555,380,post,0.3022915685298444
Global Financial Crisis,2007-2009,2009-06-09,556,381,post,0.2431357795102556
Global Financial Crisis,2007-2009,2009-06-10,557,382,post,0.2619728316607882
Global Financial Crisis,2007-2009,2009-06-11,558,383,post,0.3010172742444109
Global Financial Crisis,2007-2009,2009-06-12,559,384,post,0.34557767637424
Global Financial Crisis,2007-2009,2009-06-15,562,385,post,0.3029834496595968
Global Financial Crisis,2007-2009,2009-06-16,563,386,post,0.3333467237903277
Global Financial Crisis,2007-2009,2009-06-17,564,387,post,0.3033701339652703
Global Financial Crisis,2007-2009,2009-06-18,565,388,post,0.2744115525225819
Global Financial Crisis,2007-2009,2009-06-19,566,389,post,0.3583146898753189
Global Financial Crisis,2007-2009,2009-06-22,569,390,post,0.2388747450113249
Global Financial Crisis,2007-2009,2009-06-23,570,391,post,0.3540909588080434
Global Financial Crisis,2007-2009,2009-06-24,571,392,post,0.3517373650708547
Global Financial Crisis,2007-2009,2009-06-25,572,393,post,0.3794864193439654
Global Financial Crisis,2007-2009,2009-06-26,573,394,post,0.3055300697223433
Global Financial Crisis,2007-2009,2009-06-29,576,395,post,0.2772603897930494
Global Financial Crisis,2007-2009,2009-06-30,577,396,post,0.1667299868966529
Global Financial Crisis,2007-2009,2009-07-01,578,397,post,0.2459612189519457
Global Financial Crisis,2007-2009,2009-07-02,579,398,post,0.114925249049967
Global Financial Crisis,2007-2009,2009-07-06,583,399,post,0.17631269957692
Global Financial Crisis,2007-2009,2009-07-07,584,400,post,0.1310214951919595
Global Financial Crisis,2007-2009,2009-07-08,585,401,post,0.2504033043995881
Global Financial Crisis,2007-2009,2009-07-09,586,402,post,0.2492520293849756
Global Financial Crisis,2007-2009,2009-07-10,587,403,post,0.2454428030512306
Global Financial Crisis,2007-2009,2009-07-13,590,404,post,0.2746738894319849
Global Financial Crisis,2007-2009,2009-07-14,591,405,post,0.2724721737669823
Global Financial Crisis,2007-2009,2009-07-15,592,406,post,0.2348724956911419
Global Financial Crisis,2007-2009,2009-07-16,593,407,post,0.211321751715309
Global Financial Crisis,2007-2009,2009-07-17,594,408,post,0.1703685000016643
Global Financial Crisis,2007-2009,2009-07-20,597,409,post,0.1464298900654972
Global Financial Crisis,2007-2009,2009-07-21,598,410,post,0.4245922564578419
Global Financial Crisis,2007-2009,2009-07-22,599,411,post,0.2862566517692263
Global Financial Crisis,2007-2009,2009-07-23,600,412,post,0.4598948994935856
Global Financial Crisis,2007-2009,2009-07-24,601,413,post,0.4202430932246045
Global Financial Crisis,2007-2009,2009-07-27,604,414,post,0.4559731237755914
Global Financial Crisis,2007-2009,2009-07-28,605,415,post,0.4382008438957571
Global Financial Crisis,2007-2009,2009-07-29,606,416,post,0.4763178193675529
Global Financial Crisis,2007-2009,2009-07-30,607,417,post,0.4756239571895168
Global Financial Crisis,2007-2009,2009-07-31,608,418,post,0.4330088958976358
Global Financial Crisis,2007-2009,2009-08-03,611,419,post,0.4546489539868048
Global Financial Crisis,2007-2009,2009-08-04,612,420,post,0.4742665212358413
Global Financial Crisis,2007-2009,2009-08-05,613,421,post,0.2197471502797145
Global Financial Crisis,2007-2009,2009-08-06,614,422,post,-0.0530483050888689
Global Financial Crisis,2007-2009,2009-08-07,615,423,post,0.1043244199711915
Global Financial Crisis,2007-2009,2009-08-10,618,424,post,0.2076665880330397
Global Financial Crisis,2007-2009,2009-08-11,619,425,post,0.0968945877860333
Global Financial Crisis,2007-2009,2009-08-12,620,426,post,0.2098189111296885
Global Financial Crisis,2007-2009,2009-08-13,621,427,post,0.3081354778103932
Global Financial Crisis,2007-2009,2009-08-14,622,428,post,0.1419413548115944
Global Financial Crisis,2007-2009,2009-08-17,625,429,post,0.2044472974554261
Global Financial Crisis,2007-2009,2009-08-18,626,430,post,0.1005667291153574
Global Financial Crisis,2007-2009,2009-08-19,627,431,post,0.0356585132433568
Global Financial Crisis,2007-2009,2009-08-20,628,432,post,-0.0031334912958888
Global Financial Crisis,2007-2009,2009-08-21,629,433,post,0.047297940154446
Global Financial Crisis,2007-2009,2009-08-24,632,434,post,0.0269584111770877
Global Financial Crisis,2007-2009,2009-08-25,633,435,post,0.0251748816704528
Global Financial Crisis,2007-2009,2009-08-26,634,436,post,-0.056891987524833
Global Financial Crisis,2007-2009,2009-08-27,635,437,post,-0.0322580041593238
Global Financial Crisis,2007-2009,2009-08-28,636,438,post,-0.0727115535584229
Global Financial Crisis,2007-2009,2009-08-31,639,439,post,-0.1740989886545256
Global Financial Crisis,2007-2009,2009-09-01,640,440,post,-0.1964609533181044
Global Financial Crisis,2007-2009,2009-09-02,641,441,post,-0.2333807359127581
Global Financial Crisis,2007-2009,2009-09-03,642,442,post,-0.3536230067022572
Global Financial Crisis,2007-2009,2009-09-04,643,443,post,-0.3689858839432754
Global Financial Crisis,2007-2009,2009-09-08,647,444,post,-0.2623879804553648
Global Financial Crisis,2007-2009,2009-09-09,648,445,post,-0.1677413942214019
Global Financial Crisis,2007-2009,2009-09-10,649,446,post,-0.1179274725363378
Global Financial Crisis,2007-2009,2009-09-11,650,447,post,-0.3450957623896857
Global Financial Crisis,2007-2009,2009-09-14,653,448,post,-0.0089785233511354
Global Financial Crisis,2007-2009,2009-09-15,654,449,post,0.092022827462155
Global Financial Crisis,2007-2009,2009-09-16,655,450,post,-0.0574529555605746
Global Financial Crisis,2007-2009,2009-09-17,656,451,post,0.1623026856544129
Global Financial Crisis,2007-2009,2009-09-18,657,452,post,-0.0151313683842918
Global Financial Crisis,2007-2009,2009-09-21,660,453,post,0.0719955739661997
Global Financial Crisis,2007-2009,2009-09-22,661,454,post,0.0432072407159996
Global Financial Crisis,2007-2009,2009-09-23,662,455,post,0.0866359974841995
Global Financial Crisis,2007-2009,2009-09-24,663,456,post,0.017293588066612
Global Financial Crisis,2007-2009,2009-09-25,664,457,post,0.1114194511035942
Global Financial Crisis,2007-2009,2009-09-28,667,458,post,0.2494895302811127
Global Financial Crisis,2007-2009,2009-09-29,668,459,post,0.3859124688613385
Global Financial Crisis,2007-2009,2009-09-30,669,460,post,0.392329455248507
Global Financial Crisis,2007-2009,2009-10-01,670,461,post,0.3034967801855016
Global Financial Crisis,2007-2009,2009-10-02,671,462,post,0.20394424976805
Global Financial Crisis,2007-2009,2009-10-05,674,463,post,0.3058794664687614
COVID recession,2020,2019-09-30,-124,-86,pre,0.1393526737547651
COVID recession,2020,2019-10-01,-123,-85,pre,0.1421028650845826
COVID recession,2020,2019-10-02,-122,-84,pre,0.2141525643173438
COVID recession,2020,2019-10-03,-121,-83,pre,0.2030029100994052
COVID recession,2020,2019-10-04,-120,-82,pre,0.1649970674953458
COVID recession,2020,2019-10-07,-117,-81,pre,0.0762465737394346
COVID recession,2020,2019-10-08,-116,-80,pre,-0.012712164241846
COVID recession,2020,2019-10-09,-115,-79,pre,0.0202909501678549
COVID recession,2020,2019-10-10,-114,-78,pre,-0.0027596169571805
COVID recession,2020,2019-10-11,-113,-77,pre,-0.0895107869357711
COVID recession,2020,2019-10-14,-110,-76,pre,-0.0610359110851913
COVID recession,2020,2019-10-15,-109,-75,pre,-0.0750654220655036
COVID recession,2020,2019-10-16,-108,-74,pre,-0.1024787233116242
COVID recession,2020,2019-10-17,-107,-73,pre,-0.1868372492908291
COVID recession,2020,2019-10-18,-106,-72,pre,-0.1309321904015106
COVID recession,2020,2019-10-21,-103,-71,pre,-0.2873383687098881
COVID recession,2020,2019-10-22,-102,-70,pre,-0.264694573502698
COVID recession,2020,2019-10-23,-101,-69,pre,-0.3440343778815343
COVID recession,2020,2019-10-24,-100,-68,pre,-0.3786153417905924
COVID recession,2020,2019-10-25,-99,-67,pre,-0.4175541836996745
COVID recession,2020,2019-10-28,-96,-66,pre,-0.2610671426599221
COVID recession,2020,2019-10-29,-95,-65,pre,-0.5904099127051243
COVID recession,2020,2019-10-30,-94,-64,pre,-0.5875054213462638
COVID recession,2020,2019-10-31,-93,-63,pre,-1.002497170882152
COVID recession,2020,2019-11-01,-92,-62,pre,-1.0748514957215105
COVID recession,2020,2019-11-04,-89,-61,pre,-0.9422947043590622
COVID recession,2020,2019-11-05,-88,-60,pre,-1.1695889997008384
COVID recession,2020,2019-11-06,-87,-59,pre,-1.1649760089294097
COVID recession,2020,2019-11-07,-86,-58,pre,-0.9300936564042904
COVID recession,2020,2019-11-08,-85,-57,pre,-0.7564607168354941
COVID recession,2020,2019-11-11,-82,-56,pre,-0.8248083376219973
COVID recession,2020,2019-11-12,-81,-55,pre,-1.0042913979127406
COVID recession,2020,2019-11-13,-80,-54,pre,-0.8458049091335218
COVID recession,2020,2019-11-14,-79,-53,pre,-0.9254197061182706
COVID recession,2020,2019-11-15,-78,-52,pre,-0.7033367042749259
COVID recession,2020,2019-11-18,-75,-51,pre,-0.7962622771615598
COVID recession,2020,2019-11-19,-74,-50,pre,-0.9325610868676236
COVID recession,2020,2019-11-20,-73,-49,pre,-0.6952250763314914
COVID recession,2020,2019-11-21,-72,-48,pre,-0.6317937406565257
COVID recession,2020,2019-11-22,-71,-47,pre,-0.7384329689198148
COVID recession,2020,2019-11-25,-68,-46,pre,-0.7438538463477963
COVID recession,2020,2019-11-26,-67,-45,pre,-0.7367832148548542
COVID recession,2020,2019-11-27,-66,-44,pre,-0.7483736999879593
COVID recession,2020,2019-11-29,-64,-43,pre,-0.7603603732226487
COVID recession,2020,2019-12-02,-61,-42,pre,-0.8133462371910897
COVID recession,2020,2019-12-03,-60,-41,pre,-0.5389651709517015
COVID recession,2020,2019-12-04,-59,-40,pre,-0.5629192926228733
COVID recession,2020,2019-12-05,-58,-39,pre,-0.3886434641492806
COVID recession,2020,2019-12-06,-57,-38,pre,-0.436431968530598
COVID recession,2020,2019-12-09,-54,-37,pre,-0.60698517152446
COVID recession,2020,2019-12-10,-53,-36,pre,-0.6521891657289224
COVID recession,2020,2019-12-11,-52,-35,pre,-0.6633040105274001
COVID recession,2020,2019-12-12,-51,-34,pre,-0.7655013638902056
COVID recession,2020,2019-12-13,-50,-33,pre,-0.9399403052130276
COVID recession,2020,2019-12-16,-47,-32,pre,-1.0286078026052925
COVID recession,2020,2019-12-17,-46,-31,pre,-1.057422629499002
COVID recession,2020,2019-12-18,-45,-30,pre,-0.8122006079799844
COVID recession,2020,2019-12-19,-44,-29,pre,-1.053272762043831
COVID recession,2020,2019-12-20,-43,-28,pre,-1.0099492017809195
COVID recession,2020,2019-12-23,-40,-27,pre,-1.100599592610322
COVID recession,2020,2019-12-24,-39,-26,pre,-0.9408657943598376
COVID recession,2020,2019-12-26,-37,-25,pre,-0.9330109351219622
COVID recession,2020,2019-12-27,-36,-24,pre,-0.7583993069261058
COVID recession,2020,2019-12-30,-33,-23,pre,-0.509286527879681
COVID recession,2020,2019-12-31,-32,-22,pre,-0.4898164106048437
COVID recession,2020,2020-01-02,-30,-21,pre,-0.8293606875930232
COVID recession,2020,2020-01-03,-29,-20,pre,-1.2091518557722942
COVID recession,2020,2020-01-06,-26,-19,pre,-1.4378129122345922
COVID recession,2020,2020-01-07,-25,-18,pre,-1.4718778499826035
COVID recession,2020,2020-01-08,-24,-17,pre,-1.5423168465192032
COVID recession,2020,2020-01-09,-23,-16,pre,-1.6368053794848123
COVID recession,2020,2020-01-10,-22,-15,pre,-1.571527989907547
COVID recession,2020,2020-01-13,-19,-14,pre,-1.1260752321469982
COVID recession,2020,2020-01-14,-18,-13,pre,-1.21648449963729
COVID recession,2020,2020-01-15,-17,-12,pre,-1.099917275457336
COVID recession,2020,2020-01-16,-16,-11,pre,-1.0583350988703486
COVID recession,2020,2020-01-17,-15,-10,pre,-0.9659069391132504
COVID recession,2020,2020-01-21,-11,-9,pre,-1.1783928878809593
COVID recession,2020,2020-01-22,-10,-8,pre,-0.8270388113851052
COVID recession,2020,2020-01-23,-9,-7,pre,-0.9685963265775316
COVID recession,2020,2020-01-24,-8,-6,pre,-0.6523331033384946
COVID recession,2020,2020-01-27,-5,-5,pre,-0.4351391751618452
COVID recession,2020,2020-01-28,-4,-4,pre,-0.454468159572228
COVID recession,2020,2020-01-29,-3,-3,pre,-0.943578591357616
COVID recession,2020,2020-01-30,-2,-2,pre,-0.3088567795626573
COVID recession,2020,2020-01-31,-1,-1,pre,-0.1810257340553002
COVID recession,2020,2020-02-03,2,0,during,0.0460915683906999
COVID recession,2020,2020-02-04,3,1,during,0.0710508302795538
COVID recession,2020,2020-02-05,4,2,during,-0.1370173134469731
COVID recession,2020,2020-02-06,5,3,during,-0.1163545829444429
COVID recession,2020,2020-02-07,6,4,during,-0.1251951821546141
COVID recession,2020,2020-02-10,9,5,during,-0.2884808856451692
COVID recession,2020,2020-02-11,10,6,during,-0.0249614468435201
COVID recession,2020,2020-02-12,11,7,during,-0.058831570460236
COVID recession,2020,2020-02-13,12,8,during,-0.1569494696717459
COVID recession,2020,2020-02-14,13,9,during,-0.1108213683624679
COVID recession,2020,2020-02-18,17,10,during,0.0772724756509489
COVID recession,2020,2020-02-19,18,11,during,0.1823315952772183
COVID recession,2020,2020-02-20,19,12,during,0.07740748759962
COVID recession,2020,2020-02-21,20,13,during,0.2659942331101283
COVID recession,2020,2020-02-24,23,14,during,0.2594487225068433
COVID recession,2020,2020-02-25,24,15,during,-0.0174378415292808
COVID recession,2020,2020-02-26,25,16,during,-0.1474060034388788
COVID recession,2020,2020-02-27,26,17,during,-0.209044825726627
COVID recession,2020,2020-02-28,27,18,during,-0.0219478371970668
COVID recession,2020,2020-03-02,30,19,during,-0.0626493247021622
COVID recession,2020,2020-03-03,31,20,during,-0.3827317148001258
COVID recession,2020,2020-03-04,32,21,during,-0.2723212587390496
COVID recession,2020,2020-03-05,33,22,during,-0.2182190157139375
COVID recession,2020,2020-03-06,34,23,during,-0.0256904452449433
COVID recession,2020,2020-03-09,37,24,during,0.1498685254826045
COVID recession,2020,2020-03-10,38,25,during,0.3757952184164727
COVID recession,2020,2020-03-11,39,26,during,0.3346771106594944
COVID recession,2020,2020-03-12,40,27,during,0.1614884394008351
COVID recession,2020,2020-03-13,41,28,during,0.1388566226485244
COVID recession,2020,2020-03-16,44,29,during,0.154186108448202
COVID recession,2020,2020-03-17,45,30,during,0.320534461488377
COVID recession,2020,2020-03-18,46,31,during,0.255362057931301
COVID recession,2020,2020-03-19,47,32,during,0.4115429733262933
COVID recession,2020,2020-03-20,48,33,during,0.171823339045887
COVID recession,2020,2020-03-23,51,34,during,0.202128938943367
COVID recession,2020,2020-03-24,52,35,during,0.329709736055746
COVID recession,2020,2020-03-25,53,36,during,0.3644624991259408
COVID recession,2020,2020-03-26,54,37,during,0.3064658534342255
COVID recession,2020,2020-03-27,55,38,during,0.3708243809349781
COVID recession,2020,2020-03-30,58,39,during,0.4013433664923099
COVID recession,2020,2020-03-31,59,40,during,0.3679119201361599
COVID recession,2020,2020-04-01,60,41,during,0.3697239969226785
COVID recession,2020,2020-04-02,61,42,post,0.3838111678146765
COVID recession,2020,2020-04-03,62,43,post,0.3240434952924687
COVID recession,2020,2020-04-06,65,44,post,0.3173336822124354
COVID recession,2020,2020-04-07,66,45,post,0.1681162294172943
COVID recession,2020,2020-04-08,67,46,post,0.1843084542986032
COVID recession,2020,2020-04-09,68,47,post,0.1459523282042843
COVID recession,2020,2020-04-13,72,48,post,0.1385533919071886
COVID recession,2020,2020-04-14,73,49,post,0.1598784091074095
COVID recession,2020,2020-04-15,74,50,post,0.1539820107552328
COVID recession,2020,2020-04-16,75,51,post,0.131049209490024
COVID recession,2020,2020-04-17,76,52,post,0.122965938924161
COVID recession,2020,2020-04-20,79,53,post,-0.1714716418135683
COVID recession,2020,2020-04-21,80,54,post,-0.1862910564583952
COVID recession,2020,2020-04-22,81,55,post,-0.0559110345424504
COVID recession,2020,2020-04-23,82,56,post,-0.0599229148146279
COVID recession,2020,2020-04-24,83,57,post,-0.0695577494700197
COVID recession,2020,2020-04-27,86,58,post,0.017627328035275
COVID recession,2020,2020-04-28,87,59,post,-0.2224078007988638
COVID recession,2020,2020-04-29,88,60,post,-0.1785147796514382
COVID recession,2020,2020-04-30,89,61,post,-0.0055243686519671
COVID recession,2020,2020-05-01,90,62,post,0.0044523750233871
COVID recession,2020,2020-05-04,93,63,post,-0.0460579703494634
COVID recession,2020,2020-05-05,94,64,post,0.061136999613032
COVID recession,2020,2020-05-06,95,65,post,0.018216282771287
COVID recession,2020,2020-05-07,96,66,post,-0.0062829574310211
COVID recession,2020,2020-05-08,97,67,post,-0.0626922469426954
COVID recession,2020,2020-05-11,100,68,post,-0.0649573590810516
COVID recession,2020,2020-05-12,101,69,post,-0.0953239498808062
COVID recession,2020,2020-05-13,102,70,post,-0.1047267770987552
COVID recession,2020,2020-05-14,103,71,post,-0.0773021904709939
COVID recession,2020,2020-05-15,104,72,post,-0.0655230137091554
COVID recession,2020,2020-05-18,107,73,post,0.0445709187021889
COVID recession,2020,2020-05-19,108,74,post,-0.0511463776805424
COVID recession,2020,2020-05-20,109,75,post,-0.0440543390283514
COVID recession,2020,2020-05-21,110,76,post,-0.0325647998544949
COVID recession,2020,2020-05-22,111,77,post,-0.1944404377369323
COVID recession,2020,2020-05-26,115,78,post,-0.0326643917139169
COVID recession,2020,2020-05-27,116,79,post,-0.0228988108549522
COVID recession,2020,2020-05-28,117,80,post,-0.0616678219982692
COVID recession,2020,2020-05-29,118,81,post,-0.0018184011516982
COVID recession,2020,2020-06-01,121,82,post,0.1463713346303286
COVID recession,2020,2020-06-02,122,83,post,0.1438072661665309
COVID recession,2020,2020-06-03,123,84,post,0.1388449854581515
COVID recession,2020,2020-06-04,124,85,post,0.3023376238258813
COVID recession,2020,2020-06-05,125,86,post,0.3002882924898759
COVID recession,2020,2020-06-08,128,87,post,0.149055523749348
COVID recession,2020,2020-06-09,129,88,post,0.2041259852580311
COVID recession,2020,2020-06-10,130,89,post,0.187294016341575
COVID recession,2020,2020-06-11,131,90,post,0.2098226245306612
COVID recession,2020,2020-06-12,132,91,post,0.291130294342826
COVID recession,2020,2020-06-15,135,92,post,0.3722350357751423
COVID recession,2020,2020-06-16,136,93,post,0.4481768332521434
COVID recession,2020,2020-06-17,137,94,post,0.4846563520046329
COVID recession,2020,2020-06-18,138,95,post,0.3467229463077209
COVID recession,2020,2020-06-19,139,96,post,0.3344484836407025
COVID recession,2020,2020-06-22,142,97,post,0.1719616983308426
COVID recession,2020,2020-06-23,143,98,post,0.278250622675549
COVID recession,2020,2020-06-24,144,99,post,0.2881052953259185
COVID recession,2020,2020-06-25,145,100,post,0.2453824350851016
COVID recession,2020,2020-06-26,146,101,post,0.1760915341274961
COVID recession,2020,2020-06-29,149,102,post,0.3215948833186033
COVID recession,2020,2020-06-30,150,103,post,0.4173301570994483
COVID recession,2020,2020-07-01,151,104,post,0.2915902205808406
COVID recession,2020,2020-07-02,152,105,post,0.2828168050094645
COVID recession,2020,2020-07-06,156,106,post,0.2882375033987875
COVID recession,2020,2020-07-07,157,107,post,0.1356198059426684
COVID recession,2020,2020-07-08,158,108,post,0.3367061061479565
COVID recession,2020,2020-07-09,159,109,post,0.2531663739506546
COVID recession,2020,2020-07-10,160,110,post,-0.0012834980434715
COVID recession,2020,2020-07-13,163,111,post,0.0123304608416746
COVID recession,2020,2020-07-14,164,112,post,0.1508096390493624
COVID recession,2020,2020-07-15,165,113,post,0.1141379678190694
COVID recession,2020,2020-07-16,166,114,post,-0.0089511936768512
COVID recession,2020,2020-07-17,167,115,post,0.0349355126398551
COVID recession,2020,2020-07-20,170,116,post,0.0572719797430221
COVID recession,2020,2020-07-21,171,117,post,0.0773250957053691
COVID recession,2020,2020-07-22,172,118,post,-0.2426305448562585
COVID recession,2020,2020-07-23,173,119,post,-0.0890303513545655
COVID recession,2020,2020-07-24,174,120,post,-0.3865663172123068
COVID recession,2020,2020-07-27,177,121,post,-0.2474626662295123
COVID recession,2020,2020-07-28,178,122,post,-0.3464020177942549
COVID recession,2020,2020-07-29,179,123,post,-0.0914925621485866
COVID recession,2020,2020-07-30,180,124,post,-0.0273374627631159
COVID recession,2020,2020-07-31,181,125,post,0.0252349542172326
COVID recession,2020,2020-08-03,184,126,post,0.0097644669878838
COVID recession,2020,2020-08-04,185,127,post,-0.0911878656039674
COVID recession,2020,2020-08-05,186,128,post,-0.024144847695479
